year,region,round,high_bracket_team,low_bracket_team,high_bracket_seed,low_bracket_seed,win,5man_bpm,3man_bpm,wab,kenpom_rtg,torvik_rtg,5man_prpg,3man_prpg,5man_dprpg,3man_dprpg,size,height,experience,bench,raw_tempo,adj_tempo,3pr,3prd,off_dunk_share,off_close2_share,off_far2_share,off_3pt_share,def_dunk_share,def_close2_share,def_far2_share,def_3pt_share,5man_obpm,3man_obpm,kenpom_off,torvik_off,efg_pct,2p_pct,3p_pct,ft_pct,ftr,tor,orb_pct,ast_pct,blk_pct,off_dunk_fg_pct,off_close2_fg_pct,off_far2_fg_pct,off_3pt_fg_pct,5man_dbpm,3man_dbpm,kenpom_def,torvik_def,efgd_pct,2pd_pct,3pd_pct,ftd_pct,ftrd,tord,drb_pct,astd_pct,blked_pct,def_dunk_fg_pct,def_close2_fg_pct,def_far2_fg_pct,def_3pt_fg_pct,net_efg_margin,net_turnover_margin,net_rebounding_margin,net_ftr_margin,rim_efficiency,perimeter_efficiency,three_point_volume_efficiency,shot_quality_variance,rim_to_three_ratio,mid_range_reliance,paint_touch_rate,top5_scoring_concentration,top5_rebounding_concentration,top5_def_rebounding_concentration,bench_scoring_ratio,rotation_balance,tempo_advantage,effective_possession_rate,offensive_versatility_score,size_speed_index,assist_to_usage_ratio,free_throw_advantage,block_efficiency,experience_weighted_production,four_factors_composite,elite_outcome_probability,offense_defense_balance,shooting_variance_resilience,lineup_depth_quality,def_net_efg_margin,def_net_turnover_margin,def_net_rebounding_margin,def_net_ftr_margin,def_rim_efficiency,def_perimeter_efficiency,def_three_point_volume_efficiency,def_shot_quality_variance,def_rim_to_three_ratio,def_mid_range_reliance,def_paint_touch_rate,def_effective_possession_rate,defensive_versatility_score,def_size_speed_index,def_assist_suppression,def_free_throw_advantage,def_block_efficiency,def_experience_impact,def_four_factors_composite,def_lineup_depth_quality
2015,Region 1,First Round,2015 Kentucky,2015 Hampton,1,16,1,54.1,34,25.3036991,45.94466,0.72005823,5,2.5,-15.7,-9.1,3.43,7.8,-1.26,4.7,-5.3,-5.8,-41.6,-35.7,9.8,-2,5.3,-3.2,-0.4,-1.7,3.6,-2.1,28.4,18,16.719,16.1122251,5.3,7.2,0.6,3.5,-2.1,3.7,9.5,11.6,8.3,0.5,16.2,0.5,1,23.3,16.2,12.2031,10.640777,6.1,6.8,3,0.2,11.8,1.3,-1.2,6.4,5,-3.2,2.4,8.8,3.6,-16.2,-121.2,-64.3,-35.3,19.8747,-19.5443,-10.5392,1.14295742,0.44506051,-22.7,-12.6,0,0.01,0.01,4.7,0.31213059,-5.8,32.5513,4.01585131,5.00578,-1.9590201,1904.71,-8.1279764,29.804,15.55,1,0.37773251,-0.888481,-10.4,16.2,121.2,64.3,35.3,-6.0239,25.6722,12.2894,4.28442599,0.01816027,17.6,19.7,-23.2656,-5.2477331,5.00578,3.07024614,-1904.71,4.99915485,18.017,-5.115,-7.1
2015,Region 1,First Round,2015 Cincinnati,2015 Purdue,8,9,1,1.7,1.7,-2.064611,0.2686,-0.0195157,-4.7,-2.3,-6.6,-3.2,-0.9,-2.18,0.24,-0.51,-5.7,-4.8,-38.4,-34.3,2,3.3,-2.6,-0.7,0.1,4.9,-5.9,0.9,-2.6,2.2,11.5094,11.8540182,4.9,8.2,-1.7,-2.3,-0.7,-3.5,6.2,1.6,6.8,3.6,4.8,7.2,-2.1,1.7,-0.5,16.7195,17.6683706,6.2,9,0.6,3.6,17.1,0.3,-4.5,7,6.1,5.9,17.6,3.1,0.8,-8.9,-120.6,-63.7,-55.8,14.8537,-24.2944,-10.0208,0.5446152,0.20572439,-23.6,-22.3,-0.01,0.01,-0.01,-0.51,2.44101441,-4.8,29.9638,3.83437167,-1.48132,-1.7586387,977.06,-6.298063,-0.432,11.27,0,-0.5112226,-0.5834377,4.8,8.9,120.6,63.7,55.8,-7.9392,19.8284,12.0825,-3.0351681,0.11753168,12.9,16.8,-29.2935,-0.9249893,-1.48132,1.39970616,-977.06,5.74245431,5.328,-9.09,-2.2
2015,Region 1,First Round,2015 West Virginia,2015 Buffalo,5,12,1,4.4,0.9,4.91367355,6.4141,0.10172212,-5.8,-3.6,-2.9,0.1,-0.39,1.3,-0.38,13.3,0.2,-0.1,-28.1,-38,-0.5,-2.8,7.4,-4.5,1,-1.6,0,1.7,6.7,5.5,14.2475,12.9008445,-1.9,-2,-1.1,-0.2,6.6,1.1,10.5,7.9,0.8,2.5,-2.7,2.1,-1.3,-3.4,-4.6,16.8447,15.9655838,-4,-4,-2.5,3.5,-13.6,11.8,-3.6,-2.2,1.4,-3.3,-2.2,-6.9,-2.3,-3.7,-116.9,-62.9,-27.6,5.7762,-19.6299,-14.912,0.94746704,0.05349008,-3.6,-17.3,1.42E-14,-1.42E-14,-1.42E-14,13.3,3.39010133,-0.1,27.6888,3.44160207,0.89858,-2.2946286,2102.57,-8.023287,6.984,11.645,0,-0.2899267,-1.3259347,-1.2,3.7,116.9,62.9,27.6,-15.877,19.9902,9.9867,-0.8713586,-0.1035253,7,3.2,-27.2628,-3.9647878,0.89858,1.8336668,-2102.57,9.88690655,-8.766,-14.78,-1.2
2015,Region 1,First Round,2015 Maryland,2015 Valparaiso,4,13,1,8.9,4.7,6.43173262,5.2227,0.08375049,-2.2,1,-8.2,-5.1,0.88,1.58,0.12,-0.67,1.6,1.4,-24.9,-29.2,4.3,3.2,-4.7,1.6,-1,-7.7,4.7,3.2,-3.5,7,15.4656,15.5756901,6,5.7,4.2,5.8,11.8,0.2,1.6,-7,2.4,-9.5,8.3,-0.2,4,7.5,-2.5,11.6962,11.1759977,6,3.9,6.9,2.7,8.8,-1.8,-4.6,3.5,3.1,5.3,1.4,1.9,6.8,-7.4,-126.6,-77.8,-58.2,13.6382,-24.4773,-10.264,-4.742144,0.15926408,-14.5,-31.1,-1.42E-14,0.01,-1.42E-14,-0.67,-1.1986903,1.4,31.2858,6.71388198,1.05358,-1.7368265,1412.81,-6.9096124,-3.566,10.97,0,0.35724142,-2.6713444,10.5,7.4,126.6,77.8,58.2,-13.3143,25.0491,12.1624,-0.2389298,-0.3396851,11.9,23.1,-32.1368,-7.3566084,1.05358,2.19992599,-1412.81,7.63312287,12.33,-10.23,-10
2015,Region 1,First Round,2015 Butler,2015 Texas,6,11,1,7.5,4.3,2.58607023,-0.4917,-0.0001062,-2.3,-0.6,-11.1,-7.9,-0.35,-3.69,0.36,-19.22,1.5,1.2,-40.1,-32.1,-0.9,7.7,-5.6,-2.1,-6.3,3.2,-3.4,0,4.3,0.7,17.795,17.112634,6.9,9.4,1,1.9,6.3,-3.2,6.5,-2.7,-0.1,21.2,9.7,3.6,0.9,5.1,3.6,21.9501,20.9622193,2.5,1.3,3.3,4.5,3.6,-0.7,-13.1,5,9.2,-9.5,3.6,1.3,3.1,-12.4,-129.1,-72.6,-55.1,10.4954,-27.7153,-9.9547,8.85251,0.31389217,-27.8,-28.4,0,0,0.01,-19.22,-1.8918679,1.2,32.349,9.31724714,-2.32293,-1.9075219,1053.87,-4.4290239,11.617,11.125,0,-0.3897687,-4.4952915,-3.6,12.4,129.1,72.6,55.1,-13.2419,20.5709,12.0373,4.93095381,-0.0909064,18.6,23.9,-29.2717,-8.1641535,-2.32293,2.19090621,-1053.87,10.2483524,14.109,-11.845,-1.5
2015,Region 1,First Round,2015 Notre Dame,2015 Northeastern,3,14,1,20.9,12.9,12.6873462,19.24985,0.27222545,6.2,5.4,-6.9,-3.5,-0.5,-0.53,-0.04,-1.58,0.6,0.4,-32.3,-36.6,6.1,-2.2,-6.7,9,-1.4,-14.9,13.9,1,22.4,16.9,21.552,23.4497108,9,9.7,4.8,5.3,12.4,1.2,2.5,5.1,-0.8,-4,8.1,7.7,4.5,2.5,-3.9,7.34,6.80711105,6.5,5.5,5.9,2.2,18.9,-4,2,8.7,2.9,-5.3,-1,3.3,6,10.9,-131.2,-85.1,-72.7,17.756,-13.5366,-4.1619,-4.362234,-0.2824863,0.5,-3.3,-0.01,0.01,0.02,-1.58,1.26733469,0.4,42.2992,1.76207391,-0.34025,-1.7104605,1158.13,-9.2869053,39.54,15.55,2,1.33773305,0.42942566,-5.5,-10.9,131.2,85.1,72.7,-20.1545,23.9431,9.458,4.80803707,-0.57323,7.3,9.1,-33.885,0.51054515,-0.34025,2.68707512,-1158.13,10.1450736,4.121,-10.805,-6.4
2015,Region 1,First Round,2015 Wichita St.,2015 Indiana,7,10,1,17.3,10.9,4.79476592,7.8481,0.09236405,2.7,3.1,-2.4,0.5,-0.27,-0.48,0.76,-1.56,-5.9,-4.9,-34,-30.7,0.5,-6.5,2.2,4.3,-2.8,-8.9,17.9,-9,19.2,18.4,9.484,10.6657355,0.2,-2.1,3.1,2.3,3.3,0.9,3.5,8.6,-0.8,-7.2,-1.5,0.7,2.7,-1,-7.4,25.9785,27.2303405,9.4,8.2,5.9,3.4,-4.1,4.5,-8.3,6.8,-2,6.8,5,0.5,5.4,1,-130,-71.6,-63,11.3813,-15.9968,-8.2405,-4.1751701,-0.3575504,-14,-15.4,0,0,0.01,-1.56,0.62463431,-4.9,35.0241,3.24554875,-0.23633,-2.3259514,524.16,-11.027292,35.612,13.48,-2,-1.6054442,0.38043084,-0.8,-1,130,71.6,63,-14.7754,22.3455,3.633,-1.9590076,-0.0414848,11.7,20.3,-33.4266,-8.6903403,-0.23633,3.02409989,-524.16,8.0267161,12.32,-12.33,-6.4
2015,Region 1,First Round,2015 Kansas,2015 New Mexico St.,2,15,1,9.2,4.6,12.9978808,16.7366,0.25409053,-4.4,-0.8,-5.3,-3.7,0.09,-1.86,-0.65,2.93,4,3.1,-48.2,-42.8,3.1,-2.4,-2.5,5,-1.4,-8.2,1.6,6.6,5.3,4.9,14.4513,15.1743861,3.4,0.1,8,2.6,10.5,1.4,4.2,5.3,7,-7,-1.8,1.8,7.1,4.3,-0.3,16.2957,13.3587379,6.6,6.2,5.4,3.8,11.2,-4.4,-7.7,1.2,-3.9,16.8,5.9,2.7,4.7,-9.4,-121,-63.1,-46.1,11.9382,-18.6352,-5.4605,-5.484995,-0.3143456,-21.7,-8.5,-0.01,-0.01,0.01,2.93,0.88522579,3.1,28.7932,6.23501037,-1.15909,-1.6358183,2000.02,-10.215523,-0.189,10.345,1,-0.2247621,5.27169138,-0.4,9.4,121,63.1,46.1,-16.0379,24.4319,12.7252,-6.0348064,-0.6978464,17.4,11.6,-30.101,-8.3298965,-1.15909,2.0580582,-2000.02,6.75335484,-2.329,-11.61,-4.6
2015,Region 4,First Round,2015 Wisconsin,2015 Coastal Carolina,1,16,1,39.5,26,16.0929359,31.904,0.43556256,11.8,9.3,-13.2,-7.9,3.31,7.23,0.15,-7.31,-5.5,-4.6,-23.6,-39.1,3,3.6,-1.3,-2.3,1.1,1.7,6.3,-8,32.4,24.2,23.012,23.567198,7.5,10,2.2,5.3,0,4.6,4.3,-3.3,1.6,-2.5,10.1,5.6,2.7,13.1,1.9,12.1336,12.0795362,3.2,4.2,-0.6,2.2,18.5,-1.1,-11.5,5.7,4.2,-7.8,-0.6,5.7,-1.7,-1.7,-136.1,-81.6,-68.1,15.0782,-20.7891,-12.6007,-2.345079,0.22801004,-10.5,-27.8,0,-0.01,0,-7.31,-0.636515,-4.6,38.8366,4.20651619,4.38767,-2.009579,1115.65,-9.0498419,67.437,14.87,1,0.92494792,-0.2049939,-8.2,1.7,136.1,81.6,68.1,-6.008,16.5858,3.9385,4.52135732,0.41558973,29.3,30.8,-32.1167,-11.078274,4.38767,4.22284302,-1115.65,10.117843,28.028,-11.42,-11.2
2015,Region 4,First Round,2015 Oregon,2015 Oklahoma St.,8,9,1,-6.5,-2.7,2.90912624,-2.9945,-0.0370216,-5.5,-1.2,-0.6,-1.4,0.64,-2.67,-0.6,0.76,3.7,3,-34.1,-29,2,-1.5,-0.4,1.9,-5.4,5.5,0.3,-5.7,-0.7,2.8,18.8112,17.8604179,6.1,7.1,2.4,8.3,-12.9,4.2,-2.5,-1.8,-0.6,2.4,9,4.5,2.2,-5.8,-5.6,10.552,10.2033739,2.3,2.2,1.3,3.5,4.4,-1.8,4.8,2.7,7.3,-1.8,4.4,0.8,1.5,-4,-126.4,-77.7,-53.1,13.1209,-18.8409,-8.4814,-0.0823955,-0.0557961,-17,-18.5,-0.01,-0.02,0,0.76,3.08785543,3,31.795,1.84820968,-1.77723,-1.8982127,1377.68,-6.1392259,-7.513,9.975,0,0.87735981,0.09911462,3.5,4,126.4,77.7,53.1,-11.626,18.3088,8.7114,1.04512907,0.16845917,14.7,24.5,-32.0118,0.03152242,-1.77723,2.42955281,-1377.68,8.62228225,-16.402,-10.6,0.2
2015,Region 4,First Round,2015 Arkansas,2015 Wofford,5,12,1,13.8,7.4,3.33230549,10.57888,0.20892724,-1.2,0.4,-5.2,-2.9,2.12,5.02,-0.06,4.99,8.1,8.6,-37.1,-35.8,3.8,-0.6,0.9,-0.2,2.5,3.4,-1.4,-2,14.5,11.5,16.4295,16.1456189,3.3,1.8,4.2,1.6,0.8,3.5,7.9,15.9,2.6,-3.2,3.4,0.7,4,-0.4,-4.2,6.945,5.48054317,3,2.9,1.8,-2.3,-0.5,5.3,4.9,5,0.4,5.8,4.9,2.7,1.6,-2.7,-123.4,-73.2,-49.7,14.4714,-21.5924,-10.7744,-2.2252795,0.11006064,-25.9,-27,0.01,1.42E-14,-0.01,4.99,-1.6765128,8.6,31.1937,4.35614321,3.25586,-2.5336352,1703.27,-12.068797,24.223,12.315,2,0.92770789,1.96685908,-3,2.7,123.4,73.2,49.7,-7.95,17.9371,8,-1.7864517,0.26072473,14,19.9,-31.0568,1.84319536,3.25586,2.19983512,-1703.27,7.4784128,-1.096,-10.6,-3.8
2015,Region 4,First Round,2015 North Carolina,2015 Harvard,4,13,1,21.7,10.4,7.46443476,15.05436,0.25371586,-1.1,2,-8.6,-3.6,0.86,1.95,-0.89,5.89,8.5,8.4,-45.1,-36.4,5,-4,13.3,-9.3,0.6,-4.3,-6.2,10.4,16.8,12,22.9768,24.4347243,5.3,7.2,1.1,2.7,1.6,1.7,12.1,9.1,3.8,2.4,14.9,3.4,1.6,8,-1.6,9.5611,9.23683089,2,0.1,4.3,2.8,1.4,-0.9,-1.8,4.4,4.5,1.5,-2.5,2.3,4.5,-9.9,-125.4,-69.5,-55.6,12.7111,-16.2625,-12.8633,0.47073934,0.6162482,-19.9,-12.4,0,0.01,-0.02,5.89,1.69508875,8.4,31.3191,4.26893064,1.37814,-1.8365354,1086.91,-6.9386338,15.511,12.065,2,1.26812287,-1.5918502,-4.8,9.9,125.4,69.5,55.6,-10.3021,23.6997,16.6875,1.21400173,-0.5224734,23,24.3,-28.7183,-3.0708685,1.37814,1.91962142,-1086.91,7.54697298,3.538,-9.765,-9.6
2015,Region 4,First Round,2015 Xavier,2015 Mississippi,6,11,1,3.7,0.4,1.82088722,4.225,0.0696897,-1.7,0.6,-3.5,-2.2,0.14,0.51,-0.68,-6.96,-0.6,-0.4,-27.5,-29.7,0.3,9.1,-2.1,-7,-1.8,0.8,-4.9,4,8.2,5,15.142,15.9318789,6.1,10,0,4.1,-3.1,0.9,-0.4,0,-1.1,-8.6,6.1,10.6,-0.6,-6.5,-4.6,17.9367,16.5724156,-2,-2,-1.2,10.7,3.1,2.3,-7.9,-2.1,1.2,0.3,-3.3,1.3,-1.3,-1.7,-127,-74.9,-48.8,16.1465,-23.7047,-14.1662,-6.0039801,0.4822642,-3.7,-15.4,0.01,0,1.42E-14,-6.96,1.54771602,-0.4,33.4241,0.12033669,0.3278,-1.4166807,1663.43,-7.9963423,9.12,12.55,-2,-0.3203676,2.80750241,-3.2,1.7,127,74.9,48.8,-10.541,19.586,13.3113,0.02677731,-0.1481182,17.1,26.6,-30.4926,-6.6455138,0.3278,1.89510597,-1663.43,10.7184483,-18.096,-12.7,1.9
2015,Region 4,First Round,2015 Baylor,2015 Georgia St.,3,14,0,22.2,14.6,7.39197042,13.70423,0.1632125,1.5,0.6,-10.7,-4.5,-0.44,1.28,-0.35,-0.58,-1.6,-1.3,-24.8,-36.7,1.7,4.7,3.9,-8.5,0,-12.4,4.1,8.2,14.4,13.6,16.505,17.3058348,4.8,3.8,5.6,-4.1,-0.6,3.2,7.3,-3.6,4.8,6.2,6.7,-1.5,5.2,11.6,0.8,16.7507,16.3163011,6.1,6.9,2.1,8.7,6,3.1,1.2,-18,2.8,4.9,5.3,3.3,2.7,-7.5,-121.5,-61.5,-51,11.512,-23.1014,-15.1636,2.3994695,0.43394147,-2.3,-13.8,0.01,-0.01,0.01,-0.58,0.11636546,-1.3,27.4992,7.14694655,0.80994,-1.4669715,1250.72,-6.7059181,24.513,10.51,2,-0.0967817,0.23859949,-0.8,7.5,121.5,61.5,51,-20.193,26.793,16.2884,-1.0441782,-0.7463415,16.3,16,-32.7133,-5.9341654,0.80994,0.85696775,-1250.72,7.80828095,20.047,-10.435,-10.8
2015,Region 4,First Round,2015 VCU,2015 Ohio St.,7,10,0,-9.8,-3.3,0.75363544,-4.4909,-0.0685771,-7.7,-2.6,-0.5,-0.3,-1.06,-2.61,-0.21,9.61,0.5,0.8,-22.2,-32.6,-0.7,-4.5,2.3,2.2,-3.8,1.4,-4.5,3.1,2.3,5.4,16.3142,16.1627899,2.2,1.4,2.4,-4.1,10.1,6.4,0.3,-6.6,5.4,5.6,0.3,5.6,2.1,-2.9,-8.6,21.2077,20.2139008,5.2,5.8,2.8,-1.8,-2.9,6.8,-3.3,-1.2,5.3,-1.6,11.3,0.7,2.6,-0.8,-121.4,-72,-62.6,6.4164,-19.5725,-11.8749,0.66635764,-0.1923311,-5.7,-20.4,0,0.01,-1.42E-14,9.61,1.4274144,0.8,29.337,5.15446746,-1.75338,-1.8462714,725.74,-6.1655184,0.593,8.505,0,-0.4638326,-1.1157638,3.1,0.8,121.4,72,62.6,-17.0175,16.8505,11.1856,0.7571389,-0.1964291,8.1,9.6,-33.1684,-3.3825096,-1.75338,2.03769071,-725.74,6.97472225,-7.202,-12.855,-5.7
2015,Region 4,First Round,2015 Arizona,2015 Texas Southern,2,15,1,36.8,25.9,13.2436455,36.1831,0.60589767,5.2,5,-14.7,-9.5,1.86,5.09,-0.82,-2.84,2.3,3.2,-45.7,-37.2,4.1,-0.8,3.2,-2.4,0.3,-9.2,9,0.1,20.7,18,11.309,9.0928697,4.7,5.4,1.8,5.5,14.5,2,-0.1,5.2,-0.3,5.9,9.1,1.5,1.7,12.7,7.9,17.1367,14.7057316,5.1,8,-0.8,-3,10.2,1.2,-11.7,-2.4,1.4,7,2.1,5.6,-1.3,-3.8,-123.6,-75.4,-37.5,14.902,-14.6192,-9.2691,2.45709663,0.26099179,-23.8,-15.1,-0.01,0.01,0.01,-2.84,-0.7771002,3.2,35.0931,0.86992459,3.35017,-1.9386713,2009.19,-11.51301,33.588,14.085,-1,-0.7079308,2.0999225,-2.7,3.8,123.6,75.4,37.5,-12.4509,26.0064,10.7738,-2.2847545,-0.2864431,25.4,31.5,-27.8167,-9.2223377,3.35017,2.48053068,-2009.19,9.09934142,13.22,-11.99,-4.8
2015,Region 2,First Round,2015 Villanova,2015 Lafayette,1,16,1,28.8,20.6,18.0235289,32.71494,0.54072298,7.5,5,-3.9,-1.9,0.6,-1.08,-0.2,5.47,0.5,-0.4,-19.9,-32.1,4.9,-3.3,-2.3,5.6,3.6,1,2.2,-3.2,24.3,20.9,8.023,6.9541815,2.4,2.3,1.3,2.7,14.8,0.3,-1.7,11.2,2.3,4.8,5.1,-2.6,0.8,-1.8,-0.2,21.1747,19.2130744,10.8,7.8,10.6,9,0.7,4.8,3.5,4.5,-1.6,-5.6,8,6.3,10.4,10,-127.9,-74.2,-68.7,13.5885,-12.7873,-6.3776,2.91013475,-0.0952108,-5.1,-23,0.01,-0.01,0,5.47,3.59491595,-0.4,38.1603,-3.1787171,-0.70468,-2.0617027,1016.73,-12.752041,47.007,15.065,0,-0.5381972,-4.4009956,-3.4,-10,127.9,74.2,68.7,-4.2906,15.097,7.9004,6.5267915,0.23520783,16.6,29.6,-34.9588,-0.8039212,-0.70468,2.08863603,-1016.73,8.29769873,-6.402,-9.565,1.6
2015,Region 2,First Round,2015 NC St.,2015 LSU,8,9,1,-4.9,1.4,0.5845754,1.4197,0.02827224,-9,-1.5,-0.9,-2.3,-0.04,-2.09,0.12,10.79,-5.3,-5.4,-38.7,-40.2,2.3,-4.7,1.8,2.9,-2,-5.5,2.6,3,4,5.5,19.2014,19.6299391,5,3.8,4.8,2.3,6.1,3,1.1,-0.5,4.8,-4.5,2.8,6,4.8,-6.9,-4.3,10.1053,9.80722222,5,6.7,0.7,-1.4,-0.7,-5.1,-3.5,6.2,3.9,5.1,10.2,-0.5,1,-9.8,-128.7,-68.4,-66.4,9.2496,-19.1495,-8.7509,-4.5830188,-0.2023933,-21.4,-19.2,0.01,0.02,0,10.79,-0.7867753,-5.4,30.928,6.77759982,-1.52489,-2.0234812,450.88,-6.3625429,6.32,8.965,0,0.91012323,3.76648683,1.5,9.8,128.7,68.4,66.4,-15.576,23.5881,11.4418,-2.7000452,-0.3949312,17.2,14.7,-31.7545,-1.7261225,-1.52489,2.27954229,-450.88,6.45630101,-7.719,-10.25,2.6
2015,Region 2,First Round,2015 Northern Iowa,2015 Wyoming,5,12,1,14.6,8.9,6.9100575,14.54666,0.27859899,-6.7,-3.5,-5.5,-1.8,-0.12,-1.76,-0.16,13.53,-1,-0.6,-24.8,-22.2,-0.1,14.5,-19.2,4.7,-14.2,-6.6,8.7,-2.1,7.1,6,17.0959,16.4353914,9.5,9.9,5.3,2.8,13.5,0.1,0,5,-0.6,13.1,-1.9,4.7,4.9,6.9,2.9,10.2588,10.5438397,7,10.8,0.7,-0.6,14.3,0.6,4.8,18.9,0.4,9.7,16.1,-2.5,0.5,0.1,-125.9,-97.2,-65.4,18.4419,-26.584,-7.035,2.80538672,0.2755637,-17.6,-34.6,0.01,-1.42E-14,-0.01,13.53,-0.9706592,-0.6,36.4367,1.77596497,-1.03626,-2.084336,1522.71,-10.404716,14.136,12.17,2,0.63721895,3.8083797,-1.1,-0.1,125.9,97.2,65.4,-28.6469,27.8985,12.6941,-6.629007,-0.4805101,14.3,22.2,-31.7616,5.75833237,-1.03626,2.09221726,-1522.71,11.224301,14.024,-8.575,-4
2015,Region 2,First Round,2015 Louisville,2015 UC Irvine,4,13,1,10.4,11.2,9.97472337,13.56552,0.21844874,-3.7,1.7,-10.6,-8.7,-0.6,-2.08,-0.57,-7.23,2.2,1.9,-38.3,-38.1,5.5,0.9,-3.5,2.8,0.6,0.6,-1.8,1.2,-0.6,8.9,9.6418,10.5965589,3.1,6.6,-3.2,-3.8,2.7,-0.5,4.4,-1.5,7.1,16.4,12.8,-0.5,-2.8,9.8,2.4,17.642,18.4135224,7.3,4.4,9,3.1,-3.7,3.8,1.1,1,5,0.9,0.5,8.5,8.1,-13.4,-125.1,-73.5,-59.4,13.6541,-22.5566,-9.4616,9.07192943,0.09559812,-27.5,-24,1.42E-14,0.01,0,-7.23,-3.8619994,1.9,29.7247,3.95168025,-1.28084,-2.2052648,475.88,-7.5318877,-5.778,10.34,0,-0.7610031,-5.4817423,9.5,13.4,125.1,73.5,59.4,-9.132,20.195,10.3516,3.77021334,-0.0089922,25.4,23.6,-29.2352,-3.6447935,-1.28084,1.81667556,-475.88,6.15334981,9.919,-7.325,-7.4
2015,Region 2,First Round,2015 Providence,2015 Dayton,6,11,0,6.1,6.8,2.64963377,3.6817,0.08731007,-5.6,-1.6,-6.7,-4.6,2.6,7.74,-0.11,7.82,1.3,1.8,-38.8,-26.8,1.7,8,-3.6,-4.4,-1.5,4.9,-2.8,-1.9,5.2,4.7,17.8568,16.9617697,1.3,2.3,-0.8,3,10.5,3.2,7.3,2.8,1.9,7.9,-1.3,1.9,-1.2,3.5,2.1,13.5959,12.4955053,4.7,5.9,1.8,-0.5,10.1,1.9,5.3,6.6,-0.7,-8,8.1,6.1,2.4,-3.2,-123.5,-83,-40.2,16.4431,-25.7095,-13.468,3.08767522,0.49844992,-17.8,-18.1,-1.42E-14,0.01,0.01,7.82,0.37894554,1.8,28.7809,3.19838109,5.04018,-1.828745,2149.38,-12.114522,6.567,10.975,1,0.40837525,-2.0914216,-0.5,3.2,123.5,83,40.2,-11.6743,17.8388,10.5747,5.04397373,0.14613713,7,20,-33.1773,3.41371722,5.04018,1.78793036,-2149.38,6.69002163,4.224,-12.99,-1.4
2015,Region 2,First Round,2015 Oklahoma,2015 Albany,3,14,1,22.6,14,7.24188115,21.06779,0.3629631,-0.2,0.7,-12.4,-6.1,0.01,1.5,0.16,-4.87,7,6.6,-24.8,-32.2,5.2,-1.7,9.4,-7.7,3.2,-13.2,13.1,0.1,12.6,12,8.354,7.8778902,-0.2,2.5,-2.2,3.7,2.3,2.6,5.4,-6.2,2.5,6.5,7.7,-0.1,-2.1,8,1.9,18.7776,17.4549872,6.4,5.7,5.1,10.7,11,1.2,-1,-1.7,-4.6,-8.7,-0.5,3.9,3.9,-7.2,-122.8,-79.6,-68.1,11.6435,-19.6588,-14.9809,3.95343183,0.30252344,-8.4,-23.5,0,0.01,0,-4.87,1.22318969,6.6,30.425,6.35857296,0.95682,-1.7502592,877.86,-15.853492,23.348,10.645,1,-1.0716801,-3.8507513,-0.6,7.2,122.8,79.6,68.1,-10.288,27.1809,11.147,5.93041381,-0.2945537,6.1,18.8,-29.2084,-6.3786947,0.95682,2.28772507,-877.86,6.89820142,15.792,-8.24,-6.1
2015,Region 2,First Round,2015 Michigan St.,2015 Georgia,7,10,1,17.3,7,1.44881266,5.5276,0.07874494,1.5,2.7,-5.6,-5.9,-0.75,-1.18,-0.02,2.58,-1.6,-0.6,-29.9,-33.4,6.2,4.7,-4.2,-0.3,-0.9,-4,1.1,2.9,17.3,9.8,21.8428,21.6181852,9.6,8.6,7.6,-7,-2.4,-1.1,5.7,17.8,2.6,4.7,10.5,1.7,7.5,-0.9,-2.8,14.472,15.2896379,3.2,3.6,2.1,-2.8,10.1,-2.3,-6.3,4.9,5.3,12.7,6.1,-1.7,2.8,-7.4,-129,-78.2,-48.3,17.3046,-24.0189,-10.8117,0.66608142,0.31850952,-22.6,-30.7,0.01,0,0.01,2.58,-1.4158305,-0.6,34.7954,1.9600467,-0.75818,-1.97803,1598.31,-6.9522817,31.895,11.595,2,0.70535287,4.83651873,-7.5,7.4,129,78.2,48.3,-12.6598,26.0775,12.6534,-5.8312829,-0.2590523,15.9,21.9,-30.2313,-5.0635,-0.75818,2.09935127,-1598.31,6.88125727,-1.941,-12.85,-1.9
2015,Region 2,First Round,2015 Virginia,2015 Belmont,2,15,1,21,14.3,14.3423871,29.39335,0.44779665,0.3,2,-9.5,-4.3,1.8,2.67,0.16,2.71,-8.9,-9.2,-35.8,-15.5,3.1,3.8,5.3,-9.1,1,-2.9,14.3,-11.3,8.5,12.1,7.699,6.7629842,-0.1,-1.1,1.8,1.7,6.5,2.6,4.5,2.9,1.1,0.4,0.6,-2.6,0.8,11.2,2.3,24.6858,23.999265,14.8,16.8,7.6,4.3,5.1,-2.2,-4.9,9,-1.7,7.8,12.8,11.5,6.8,0.7,-126.8,-83,-77.2,19.4525,-21.7166,-14.3296,0.70276051,0.58630831,-16.9,-18.9,0.01,0.01,0.01,2.71,-0.5005649,-9.2,33.8499,4.3332167,1.61917,-1.7309752,78.91,-16.073903,14.521,12.485,-2,-1.833244,-2.1309224,3.6,-0.7,126.8,83,77.2,-10.255,23.3653,7.3168,0.41114078,0.193009,-0.3,25.9,-34.4782,-3.4740531,1.61917,2.38713964,-78.91,6.81932865,20.352,-9.795,-8.9
2015,Region 3,First Round,2015 Duke,2015 Robert Morris,1,16,1,33.5,14.9,18.8539377,30.84969,0.54682344,8.4,7.6,-12.7,-5.8,0.66,3.81,-0.43,-8.09,-0.1,0.7,-29.3,-41.4,3.1,2.9,0.1,-3,1.4,2.6,0.3,-2.8,26.5,17.3,20.384,21.8586485,8.5,8.8,5.2,2.9,2.6,4.9,1.6,-7.2,-0.3,9.3,9.9,2.6,4.5,9.1,-2.4,7.3817,6.81613546,3.1,0.5,6,1.8,11.1,-1.8,-1.1,2.8,-0.1,-8.1,-2.5,5.3,6.1,3.2,-122.3,-65.5,-61.3,20.6706,-19.815,-11.0952,3.14268613,0.28696944,-1.9,-7,0,0.01,-0.01,-8.09,2.1563852,0.7,36.1436,4.56556744,2.53955,-1.2161765,956.06,-10.841281,28.219,14.485,2,1.18291851,-2.6078818,-9.2,-3.2,122.3,65.5,61.3,-7.0353,17.2349,7.5958,6.59079764,0.26664366,22.1,21.4,-30.3113,-5.5261897,2.53955,2.47519203,-956.06,10.1995699,8.141,-8.715,-11.5
2015,Region 3,First Round,2015 San Diego St.,2015 St. John's,8,9,1,8,-0.9,-0.7045958,1.8953,0.01218156,-9.9,-7.2,-6.1,-1.9,1.66,2.87,-0.54,15.04,-7.1,-5.7,-34.1,-37.2,-1.2,-1.4,6.5,-5,-1.1,2.3,-3.7,1.4,-0.4,-2.2,8.5992,8.67948938,0.6,1.3,-0.3,-2.3,3.6,0.9,0.5,-9.7,5.8,1.8,4.1,1,-0.6,9.4,1.5,21.9421,22.7572009,6.6,6.7,4.5,-0.5,9.5,5.8,2.4,2.7,6.6,1.3,5.3,8.7,3.9,-15.2,-124.7,-70.7,-68.3,8.8995,-23.1089,-14.2024,1.10398684,0.09081606,-21.7,-26,0,-0.01,0.01,15.04,0.94267711,-5.7,27.5033,5.70970119,1.7895,-2.1514248,214.92,-5.1595047,-3.968,8.015,0,-1.2320176,-1.1626511,-1.8,15.2,124.7,70.7,68.3,-9.4122,21.9872,11.651,2.22125557,-0.011681,27.9,30,-29.2404,-3.0055292,1.7895,2.25839864,-214.92,6.06333501,12.842,-6.455,-7.9
2015,Region 3,First Round,2015 Utah,2015 Stephen F. Austin,5,12,1,21.1,9.3,2.17782841,12.8929,0.1521784,2.8,3,-8.9,-2.4,2.48,6.8,-0.23,-1.21,-5.2,-5,-34.4,-35.5,1.8,-12.5,3.1,9.5,-0.8,-8.1,15.4,-7.3,14.1,12.9,15.949,16.1723624,6.8,4.6,6.6,0.6,-6.2,6.6,1.4,10.1,3.7,6.2,9.6,1.5,6.3,5.6,-3.7,24.9641,22.7206594,13.5,14.7,6.5,5.9,7.9,-2,-9.6,21.2,-1,11.2,13,7,6.1,3.3,-119.2,-73,-31.3,5.7407,-9.1062,-3.5377,1.39957928,-0.7467387,-3.9,-9.5,-1.42E-14,-1.42E-14,-0.01,-1.21,3.10820929,-5,33.2104,2.07430694,4.343,-1.8749199,2415.99,-9.444056,19.762,15.26,-2,-0.9652894,1.7053925,-1.2,-3.3,119.2,73,31.3,-14.6867,23.2506,6.5066,-2.3968624,0.0005232,13,19.5,-34.3055,-2.8974748,4.343,2.29734902,-2415.99,6.53233374,5.874,-13.365,-9.3
2015,Region 3,First Round,2015 Georgetown,2015 Eastern Washington,4,13,1,15.9,9.3,5.89086099,16.60203,0.30037641,1.3,2.5,-2.1,0.5,0.97,3.96,-0.26,10.59,-3.7,-3.9,-33.4,-21.7,2.6,0.3,2.3,-2.6,0.6,-3.7,11.5,-7.8,18.9,14.8,3.969,3.9748063,-1.1,1.4,-3.7,-1.5,9,-1.5,3.7,-3.3,2.8,-2.8,2.7,1.6,-3.4,-2.2,-5.4,18.568,17.6535112,8.8,9.6,3.7,0.7,-8.3,4.7,2,-7,2,11,5.8,5.5,3.1,4.9,-126.6,-74.5,-41.3,13.7129,-16.4991,-10.0958,-0.6889597,0.18688237,-3.7,-9.9,-0.01,0,1.42E-14,10.59,-1.1776849,-3.9,32.6312,2.45628549,2.61789,-1.9750801,2157.26,-7.01663,31.984,14.555,-1,-1.716927,0.7197974,-4.1,-4.9,126.6,74.5,41.3,-11.2204,19.3512,5.6321,-3.0738661,0.13441519,-1.1,15.7,-35.591,-2.9585556,2.61789,1.85674966,-2157.26,6.04648402,-6.728,-13.2,-3.2
2015,Region 3,First Round,2015 SMU,2015 UCLA,6,11,0,6.6,3.7,3.34523156,3.9026,0.05389339,-4.5,-3.6,-1.3,1.3,-0.9,-0.47,0.8,11.95,-4.5,-3.2,-38,-25,4.2,7,8.4,-15.4,-1.3,-10.3,-6.5,16.8,8.9,8.2,15.3925,14.2510447,3.7,6.2,0.5,0.5,11.4,-1.2,8.8,4.7,6,0.7,6.6,6.1,0.8,-2.6,-4.4,16.7793,15.6330544,3.9,4.1,4.1,-0.4,5.1,2.5,-4.5,-7.5,2,-0.1,5.9,1.5,4.2,-4,-124.3,-71.9,-55.7,18.8243,-21.4272,-16.3856,-0.9638553,1.13586465,-17.6,-13.6,0.01,-0.01,0.01,11.95,-1.512546,-3.2,32.5867,3.14511629,-0.41779,-1.5882669,1342.33,-8.3642228,24.031,14.17,1,-0.1585162,3.47329886,-0.7,4,124.3,71.9,55.7,-15.9122,27.635,20.1666,1.22428921,-0.7918594,13.9,27,-29.855,-7.8065412,-0.41779,1.2853441,-1342.33,6.39643041,6.266,-9.61,-1.8
2015,Region 3,First Round,2015 Iowa St.,2015 UAB,3,14,0,21.7,11.5,14.0285318,20.20321,0.36770939,4.2,4,-11.1,-6,0.79,-1.5,1.15,-7.79,4.4,4.5,-31,-35.5,2.6,-7.8,2.7,5,-1.9,-11.9,7.6,4.3,19.4,11,18.408,17.6818908,7.5,7.7,4.8,1.2,3.3,4,-4.6,9.1,-0.6,-1.3,10.6,6,4.1,10.3,0.6,7.45,5.13105652,-0.1,1.5,-2,0.7,12.9,-1.9,-4.8,3.5,4.5,-3.7,-8.7,4.2,-1.2,-2.4,-125.5,-75.2,-67,11.3968,-14.2935,-8.2706,-2.276177,-0.341675,-6.9,-11.4,0.01,0.02,0,-7.79,1.56531168,4.5,35.603,-2.2163319,-0.99405,-1.7747454,1240.92,-6.5628773,38.376,11.665,1,1.03625745,1.00813209,-8.4,2.4,125.5,75.2,67,-15.5355,26.7175,12.3797,2.93402206,-0.5846945,20.6,25.4,-28.4103,-1.5599315,-0.99405,2.02759671,-1240.92,9.52982296,22.222,-8.74,-9.7
2015,Region 3,First Round,2015 Iowa,2015 Davidson,7,10,1,-1.9,2.2,0.1532231,1.4322,0.05507738,-2.2,1.2,3.2,2.1,3.04,5.13,0.79,8.6,-2.9,-2.7,-36.2,-17.8,3.8,-8,10.5,-2.5,1.6,-5.7,14.8,-9.1,8.2,14.3,9.697,10.7286831,-1.3,-4.4,3.4,10.8,4.2,-0.1,5.7,10.3,1,-2.2,3.3,-4.7,3.3,-10.7,-12,25.3725,26.6903773,10.9,10.4,6.9,-0.1,-0.2,5,0.7,7.3,-1.8,0.3,1.6,8.2,6.1,-2,-131.7,-73.8,-66.8,10.7572,-16.3266,-12.8334,-0.5612504,-0.0324971,-21.1,-20,0.02,0.02,0,8.6,-0.1750871,-2.7,30.6771,2.49666448,3.3237,-2.7161297,538.26,-11.559573,22.674,12.475,-2,-1.6868977,-2.840124,6.1,2,131.7,73.8,66.8,-11.9014,23.6863,7.0359,3.49352564,0.08339885,8.8,32.5,-37.3963,-0.5125816,3.3237,1.93012571,-538.26,6.78527117,-1.405,-10.63,-1.3
2015,Region 3,First Round,2015 Gonzaga,2015 North Dakota St.,2,15,1,32.7,20.8,11.565677,28.322536,0.46198919,2.6,3.7,-11.2,-4.6,1.61,8.41,0.8,4.72,3.6,3.9,-34.9,-34.1,0.1,4.1,-3.4,-0.8,-0.7,-0.3,5.6,-5.2,19.8,18.9,19.841,19.5148015,10.6,12.7,4.4,-5.8,9.1,0.3,10.5,6.9,0.9,9.9,15.6,6.8,3.9,19.2,1.7,9.6842,7.63654752,5.6,3.7,5.5,3.3,4.6,1.7,2.1,-2,4.5,-0.2,2.7,3.6,5.6,-1,-133.6,-87.6,-63.1,12.5058,-16.1181,-8.1655,2.8534582,0.15464358,-22.2,-30,0,0.01,-0.01,4.72,-1.2902963,3.9,40.2156,6.06088117,5.37,-2.4089158,1116.51,-8.646634,45.374,16.72,1,0.90794187,5.37866845,-0.9,1,133.6,87.6,63.1,-6.0702,21.3838,6.8244,2.25160581,0.12181305,26.2,36.6,-31.4508,-5.8132241,5.37,2.8657784,-1116.51,11.1974205,40.576,-8.495,-17.5
2016,Region 1,First Round,2016 Kansas,2016 Austin Peay,1,16,1,35.3,18.9,22.5941041,34.90334,0.63402187,7.3,6.1,-10.6,-5.2,0.87,3.32,0.19,0.21,-1.1,-0.3,-26.5,-35.8,2.3,0.7,5.2,-5.9,-2,-7.3,6.2,1.2,28.4,18.7,11.275,12.1738056,2.3,-0.7,5.8,0.1,7.9,1,2.5,2,2.8,-10.3,0.9,1.5,4.2,12.9,0.1,13.43,10.4768995,6.2,7.9,1.9,-4.9,9.3,-1.3,-3,1.7,-1.1,3.7,8.7,0.7,2.6,6.3,-123.9,-77.5,-46.2,17.3083,-14.7275,-10.7959,-5.9136782,0.28573657,-6.4,-13.4,0,-0.01,0.01,0.21,4.1463079,-0.3,37.2266,3.8784284,2.33236,-1.6301032,2071.67,-11.912572,51.703,15.665,2,-0.4411214,4.83751191,-9.7,-6.3,123.9,77.5,46.2,-15.5212,24.1478,10.9836,-1.28906,-0.3394236,15,16.9,-30.5463,-4.2328506,2.33236,2.26117856,-2071.67,8.85714752,25.096,-12,-12.8
2016,Region 1,First Round,2016 Colorado,2016 Connecticut,8,9,0,-7.5,-1.7,-0.5051436,-5.1615,-0.0694029,-8.1,-2.5,-1.3,-1.5,0.06,0.39,-0.2,7.05,4.6,3,-30.9,-37.5,0.1,5,-0.8,-4.2,-4.9,5,-0.3,-4.9,-6.2,1,15.886,14.4650837,4.2,2.4,6.2,7.9,5.5,-0.7,5.8,0.8,2.6,10.2,0.2,1.4,6.1,-3.8,-2.6,16.4562,15.018353,5.1,6.5,0.9,10.8,-5.8,-1.1,-4.5,10.3,2.9,5.7,9.3,3.3,1.2,-8.5,-131.2,-82.1,-60.3,9.7593,-24.4534,-12.0148,3.08116811,0.29460032,-13,-20.3,0,0,0.01,7.05,-1.1219557,3,29.201,8.10287936,0.33621,-2.241355,974.84,-6.3525191,-13.874,10.15,2,-0.0451013,-2.8046628,7.2,8.5,131.2,82.1,60.3,-10.8699,15.2317,6.3331,-1.8184784,0.22307344,14.9,12.9,-35.2426,-4.4485397,0.33621,2.44636645,-974.84,7.37907657,-9.426,-12.265,1.2
2016,Region 1,First Round,2016 Maryland,2016 South Dakota St.,5,12,1,12.7,5.1,5.03850626,11.13178,0.13942009,2.9,2.3,-5.5,-2.4,2.39,5.16,-0.12,-5.76,-1.6,-1.3,-29.9,-27.6,7.9,0.9,-6.5,5.6,3.8,-1.5,3.6,-2,19.6,12.2,15.049,14.4489422,7.9,8.4,4.5,3.8,-4,-2,4.7,5.6,3.6,-4.1,10.9,3.7,2.8,-3.6,-7.1,15.2454,14.0799463,4.7,4,3.9,4.2,13.7,-0.6,-2.9,-3.2,-2.7,7,-4,11,3.9,1.4,-130.2,-82.4,-57.1,19.663,-18.7409,-7.944,-2.569854,0.07266548,-14.3,-20.8,0,-0.01,0.01,-5.76,3.78176081,-1.3,36.0371,4.06800922,3.51465,-2.4481658,1846.78,-15.563704,34.728,14.52,2,-0.0851084,1.29412905,-7.4,-1.4,130.2,82.4,57.1,-7.0608,20.5955,10.4047,0.49961226,0.12019845,11.6,26.5,-33.8161,-6.9569458,3.51465,2.22061646,-1846.78,6.47877447,-8.148,-11.545,-3.5
2016,Region 1,First Round,2016 California,2016 Hawaii,4,13,0,-1.8,-3.6,1.34124315,7.9036,0.11407504,-6.3,-2,-4.1,-1.2,1.82,2.82,-0.71,-1.58,-3.1,-2.6,-32.7,-33.9,2.8,8.2,-8.2,-0.1,-2.6,2.7,9.7,-12.3,-1.5,2.4,16.3949,16.6499235,7.6,7.2,5.6,-5.1,2.3,2.4,5.7,-0.1,3.5,2.5,3.5,1.8,6.3,2.7,-6,14.9805,14.2602645,8.5,13.7,-2.3,-2,9.1,-4.3,-5.2,12.9,2.6,-3.5,10.1,12.5,-2.6,-6.1,-130.1,-84.3,-35.6,17.6772,-26.4558,-11.3932,-0.753814,0.33012645,-19.8,-26.6,1.42E-14,-1.42E-14,-0.01,-1.58,0.3630739,-2.6,32.3476,7.49068262,1.89544,-2.2023285,2280.31,-8.763372,-8.408,12.885,0,0.11856197,0.49824986,3.9,6.1,130.1,84.3,35.6,-11.6447,20.7718,4.6863,3.33631245,0.45642509,19.7,24.7,-34.944,-0.365571,1.89544,2.25274295,-2280.31,8.19300516,-2.999,-14.04,-8.7
2016,Region 1,First Round,2016 Arizona,2016 Wichita St.,6,11,0,-3.9,-7.9,3.19129435,0.7323,-0.0143427,-1,-1.9,-6.8,-2.1,1.34,4.74,0.15,-6.06,3.8,2.3,-33.7,-30.3,6.8,6.7,0.8,-7.5,-0.6,-2.6,9.4,-6.8,0.1,-1.4,26.7762,26.0727161,9.3,10.5,5.6,0.4,-1.3,5.3,11.5,2.6,3,2.2,11.1,6.9,5.4,1.4,-6.5,16.2579,15.7777118,3.3,4.3,0.8,0.4,8.6,1.4,-7,8.7,3.5,3.8,-0.4,2.8,0.8,-5.8,-127.9,-84.5,-43.5,19.671,-23.8566,-13.6615,-1.4550173,0.68915957,-16.6,-19.1,-1.42E-14,1.42E-14,0,-6.06,-0.8976535,2.3,31.2938,9.76996228,3.28431,-2.8299687,2321.61,-7.7042091,2.737,14.77,1,1.01636963,1.6906769,-1.5,5.8,127.9,84.5,43.5,-12.165,23.8354,9.1342,-0.7321483,0.11671715,17.6,26.4,-33.5598,-3.6433546,3.28431,2.12526393,-2321.61,7.92419741,4.703,-12.06,-7.9
2016,Region 1,First Round,2016 Miami FL,2016 Buffalo,3,14,1,14.9,8.4,12.5154895,20.13681,0.37480939,2.5,3.5,-8.6,-4.2,0.57,4.26,0.77,-4.6,-6.2,-5.7,-30,-33.2,4.5,-3.8,5.5,-1.8,1.1,-7.1,13.9,-6.8,11.5,10.1,16.018,16.3351898,4.1,4.6,2.2,3.6,2.9,1.7,1.9,-2,0.4,-4.6,6.4,5.9,3.2,0.8,-1.7,9.5415,8.88017435,1.6,2.3,-0.1,0.2,12.9,-1.4,-3,2.4,1.7,-2.5,0.6,-5.4,-0.7,1.3,-129.9,-79.5,-52.4,14.1784,-15.2964,-10.7424,-3.9441911,0.08593798,-4.3,-11.5,0,-0.01,0.01,-4.6,-1.3392457,-5.7,36.3906,3.48161714,2.91915,-1.9985232,2081.72,-10.057341,28.148,15,0,0.56615938,4.59015201,-1.4,-1.3,129.9,79.5,52.4,-12.9627,23.3692,7.406,-0.4188013,0.0738089,6.9,15.8,-31.1256,-4.5582067,2.91915,2.77177455,-2081.72,10.2003885,7.012,-11.115,-2.5
2016,Region 1,First Round,2016 Iowa,2016 Temple,7,10,1,14.4,10.7,2.05699571,13.00845,0.19446347,-1.5,0.1,-8.6,-3.9,0.96,4.24,0.05,1.64,3.3,3.3,-33,-23.5,-0.3,-5.8,2.6,3.3,3.3,4.2,-5.1,0.9,6.5,8.3,18.0268,17.9726166,5.1,2.2,6.8,-2.1,4.8,1.6,2.5,7.7,3.2,-9.1,7.5,0.8,6.3,11.4,2.6,11.6769,11.5298844,-0.5,-3.5,3,0.3,1.9,5.2,2.4,1.5,0.3,5,-5.9,1.5,2.4,-7.2,-135.8,-77.5,-85.7,7.5527,-17.8893,-8.8411,-5.1196224,-0.2861401,-18.6,-26.9,-1.42E-14,-0.01,2.84E-14,1.64,-0.8572612,3.3,35.1822,3.34541636,2.97229,-2.9123148,12.58,-11.449881,14.295,11.3,2,0.58918391,4.87272736,1.8,7.2,135.8,77.5,85.7,-6.6666,21.5365,13.7083,-0.8427646,0.17640367,14.9,30.7,-30.5333,-1.6099054,2.97229,2.46392458,-12.58,7.13971574,24.417,-6.935,-8.8
2016,Region 1,First Round,2016 Villanova,2016 UNC Asheville,2,15,1,30.3,20.1,15.0988252,22.53517,0.41157686,0.7,0.5,-11.2,-6.6,1.31,4.89,0.56,5.37,-2.8,-3.8,-20.7,-32.4,4.7,-8.9,2.2,6.8,1.1,-7,-0.2,7.4,19.5,11.8,18.9824,19.4673783,5.6,4.7,5.6,7.1,0.9,6,-0.8,16.5,3.4,-2.3,11.5,1.1,6.6,16.9,8.4,11.977,10.7211354,3.6,6.7,-1.3,3.8,11,1.8,-2.9,-11,2,7,2.7,7.3,-1.7,-0.8,-122.2,-81.7,-58.5,14.0823,-13.0759,-9.9292,-2.4893967,-0.2940687,-0.4,-15.4,1.42E-14,-0.02,0.01,5.37,0.03545427,-3.8,33.9036,-0.6983152,3.46729,-2.2372855,1367.49,-10.542441,35.529,11.495,0,0.62573464,2.57419638,-7.7,0.8,122.2,81.7,58.5,-10.9144,23.9473,15.1629,-2.0912503,-0.4195504,14.2,25.9,-29.6638,-5.3367112,3.46729,2.00685799,-1367.49,9.51334123,29.235,-10.38,-8.5
2016,Region 4,First Round,2016 Oregon,2016 Holy Cross,1,16,1,32.4,19,20.9676971,34.2726,0.66557002,8.6,5.6,-12.8,-5.8,1.85,1.88,-0.03,-0.84,4.8,4.5,-24.9,-25.8,5.3,-0.5,7,-6.4,5.9,-1.4,8.3,-6.9,21.9,17.3,11.105,10.1167037,-0.9,0,-1.4,-0.8,6.4,3.7,5,-9.4,5.9,-6.8,3.9,-2,-1.3,13.7,1.6,0.1914,0.3789471,-1.1,0.9,-3.7,-1,3.8,4,7.7,9,-0.3,8.9,-2.8,2.2,-3.6,2.4,-126.5,-80.9,-57.6,17.8188,-16.9768,-14.4008,-1.9069779,0.3397025,3.8,-7.4,0.01,0.01,-1.42E-14,-0.84,-0.6241067,4.5,34.4151,5.37926571,1.27163,-1.823204,1531.6,-11.156738,35.553,15.225,2,0.98914685,3.28911401,-4.6,-2.4,126.5,80.9,57.6,-5.0545,20.5463,8.3586,-4.3642032,0.3377601,-2.7,12.7,-29.4426,6.73912431,1.27163,2.08611465,-1531.6,5.9047731,22.257,-8.18,-12.1
2016,Region 4,First Round,2016 Saint Joseph's,2016 Cincinnati,8,9,1,-0.6,1,3.20288697,-2.5235,-0.0162479,-4.2,-1.1,-4.4,-2.1,-0.62,-2.8,-0.13,-3.82,4.7,5,-29.3,-22.3,2.3,1.6,-2,0.4,-3.2,3,-7.8,4.9,-0.7,3.1,20.5595,20.2614043,6,11.6,-2.9,3.6,10.8,6.3,-2.3,4.7,0.7,6.3,15.9,3.9,-3,4.9,-2.3,11.2362,12.606444,1.1,-1.4,3.5,1.3,9,-0.2,-11,10.4,8.6,4.2,6.8,-5.8,3.7,-6.5,-132.5,-78.5,-77.4,10.1617,-20.8245,-11.024,3.36864741,0.09727505,-9,-20.7,0,0.01,0.02,-3.82,-2.9792982,5,32.6959,-1.7469917,-1.9126,-2.3375338,352.33,-5.7965023,-2.995,9.145,-1,0.93715109,1.58356817,3.8,6.5,132.5,78.5,77.4,-10.5652,20.5633,15.8567,-2.7061274,-0.1238531,7.4,26.4,-32.5238,-5.3682538,-1.9126,2.76031914,-352.33,9.84009399,7.575,-11.51,-7.2
2016,Region 4,First Round,2016 Baylor,2016 Yale,5,12,0,1.5,-2.9,3.38359745,6.0887,0.0645029,-2.2,-2.7,-4.4,-1,-0.11,1.57,-0.39,-0.92,0.2,0.5,-37,-35.4,2.8,3.3,2.5,-5.8,-0.9,-6.1,3.4,2.7,2.3,1.3,23.0723,22.5214858,5.4,4.4,5.6,3.3,5.4,-0.7,16.2,14.2,1.8,-2.2,10,-2,4.7,1.2,-4.4,10.6693,8.84747136,1.5,2.4,0,-3.4,4,-0.3,-10.4,-15.3,3.1,4,-2.8,4.4,-0.9,1.5,-123,-67.8,-46.8,11.2518,-19.0286,-12.4249,-1.6438435,0.43532173,-14.7,-19.3,-1.42E-14,-0.01,-0.01,-0.92,-1.7351789,0.5,32.1553,6.77140748,1.05166,-1.7118366,1781.38,-7.0751909,-0.941,14.115,1,1.24160851,-2.5579097,-1,-1.5,123,67.8,46.8,-14.94,18.4154,10.1318,-0.7810837,-0.3193328,17.8,19.6,-32.2455,-10.819922,1.05166,0.7296387,-1781.38,8.01350072,-1.176,-15.535,-5.6
2016,Region 4,First Round,2016 Duke,2016 UNC Wilmington,4,13,1,19.9,10.9,4.81244552,12.79465,0.21249983,8.2,5.4,-8.3,-4.1,2.63,5.25,-0.55,-9.84,-2.1,-2.5,-31.3,-37.6,5.3,0,-11.2,11.2,5.5,5.2,-1.2,-4,20.5,14.9,20.994,20.8922265,6.6,5.2,4.6,1.5,-14.1,5.8,4.1,2,1.6,-5.4,-0.6,5.3,4.7,3.2,-4.1,10.3182,10.1246415,1.8,2.3,0.2,2,10.5,1.7,2.4,-5,1.2,0.6,3.5,3.3,0.5,1.4,-131.9,-69.5,-44.2,16.4466,-19.5834,-3.6102,-4.9931532,-0.2289059,-14.8,-21.1,1.42E-14,-0.01,1.42E-14,-9.84,-1.7624737,-2.5,35.388,6.46929016,3.627,-2.7019881,1733.43,-8.4219009,19.915,16.715,2,1.05317996,0.81497573,-5.6,-1.4,131.9,69.5,44.2,-8.538,16.8527,7.944,0.42172777,0.50585056,14.6,17.5,-34.0518,-1.7432698,3.627,2.72696038,-1733.43,9.39752535,-0.678,-10.53,-7.3
2016,Region 4,First Round,2016 Texas,2016 Northern Iowa,6,11,0,2.5,-1.2,5.0535087,7.0116,0.08372068,-6.4,-2.1,-0.3,0.4,0.16,3.62,-0.25,13.86,3.2,2.9,-25.1,-25.1,5.3,6.8,-4,-2.9,1.9,8,1.9,-9.9,-2.1,3.3,14.6171,13.8984709,0.7,0,1.3,-5.8,16.1,3.3,3.5,-5.8,2.3,-11.6,-2.7,-1.5,1.7,2.7,-4.3,12.5834,13.5431989,5.8,5.9,2.9,5.9,-4.7,3.3,14.5,3.2,-1.1,-2.8,6.4,7.8,2.6,-1.3,-132.2,-92,-66.4,15.3058,-23.3866,-14.0874,-5.4824666,0.40021475,-8.4,-23.5,0,0.01,0.01,13.86,-0.845846,2.9,32.096,6.61141373,2.3728,-2.5674063,1090.64,-11.527216,-6.566,10.83,0,0.17976744,1.17216984,5.4,1.3,132.2,92,66.4,-6.6307,16.7132,5.5668,3.45000009,0.51669396,12.1,29.3,-35.4859,6.75607207,2.3728,2.78526099,-1090.64,7.90471951,3.092,-9.54,-7
2016,Region 4,First Round,2016 Texas A&M,2016 Green Bay,3,14,1,18.5,10.7,9.51172116,17.81685,0.34963966,0.9,0.1,-8.6,-3.7,1.47,2.56,-0.25,3.59,-8.5,-9.1,-29.1,-29.5,4.3,0.7,-4.1,3.5,2,-11.9,3.2,8.8,12,9.3,9.923,9.2400783,0.2,1.2,-1.3,-4.3,2.1,3.7,3.2,13.1,0.5,-3,3.8,-5.7,-2.2,7.8,1.3,15.8722,14.7647187,2.8,3.1,2.1,0,9.8,5.3,-1.3,-8.2,1.8,5.1,-2.9,2.5,1.7,-0.4,-125.4,-71.9,-52.5,16.7604,-19.0965,-8.8409,1.10437009,0.01195254,0.9,-6.8,0,-1.42E-14,0.01,3.59,-3.2246058,-9.1,32.36,-1.7288064,1.82435,-2.3841863,1142.97,-7.9410591,21.465,13.09,0,-0.6962797,-0.376127,-2.7,0.4,125.4,71.9,52.5,-15.4697,27.8287,15.8234,-0.9167567,-0.555083,9.4,21.3,-31.0595,-5.9218426,1.82435,1.93954445,-1142.97,8.12068407,12.546,-11.125,-6.5
2016,Region 4,First Round,2016 Oregon St.,2016 VCU,7,10,0,-7,-1.1,0.29480321,-3.7781,-0.0925695,-6.7,-2.1,-2.8,0,1.42,4.71,-0.48,1.3,-1.3,-2.3,-38.3,-28.2,1.6,1.4,-2.8,1.4,2.8,-0.9,-4.6,5.5,1.9,5,16.067,15.982384,0.9,-1.3,3.7,0.5,0.2,5.1,1.6,-0.4,-0.2,5.7,-1.8,-3.4,3.7,-5.3,-6,12.5848,13.2327502,1.5,0.1,2.8,0,-7,3.3,-1,-7.2,0.1,4.1,-0.3,3.2,2.7,-0.8,-125.6,-77.2,-54.2,12.8646,-18.4825,-8.2331,2.51996128,0.02817384,-7.4,-5.8,0.01,0,1.42E-14,1.3,-1.492939,-2.3,30.3478,4.51969997,3.23224,-2.2328181,839.12,-8.912551,-0.301,11.335,2,0.36226006,-0.6157751,3.1,0.8,125.6,77.2,54.2,-13.0141,20.2024,14.573,-0.3030043,-0.1357144,3,10.9,-32.7872,-5.2494159,3.23224,1.8204817,-839.12,9.2735756,-14.485,-12.135,-0.7
2016,Region 4,First Round,2016 Oklahoma,2016 Cal St. Bakersfield,2,15,1,23.7,12.7,11.2617787,18.35029,0.2302359,2.5,2.1,-12.1,-5.2,1.5,3.56,0.38,-7.99,3.2,2.6,-26.2,-38,4.7,-8.6,1.1,7.5,1.6,-8.4,0,8.5,10.9,9.6,20.4136,22.0759978,9.8,5.5,10,5.1,-8.4,3.8,0.9,5.1,4.8,-7.7,13.2,-1.7,8.8,5.9,3.1,10.9343,10.3768511,2.9,4.4,0.6,-2.7,11.2,-0.5,-4.2,16,4.9,9.8,3.1,0.9,0.6,-5.1,-124.5,-76.1,-58.6,5.4161,-13.4345,-4.9358,-4.525356,-0.3428026,-2.1,-14.9,0,0,0.01,-7.99,-1.8450339,2.6,32.6346,5.13402917,2.46772,-2.2620505,738.09,-6.3915854,27.192,11.25,1,0.88029877,3.67185471,-1.3,5.1,124.5,76.1,58.6,-10.9617,23.285,14.3075,-4.2232155,-0.6068336,7,12.4,-30.9431,-2.0216162,2.46772,2.49403273,-738.09,6.99595058,13.998,-10.065,-2.8
2016,Region 2,First Round,2016 North Carolina,2016 Florida Gulf Coast,1,16,1,35.9,20.2,16.8009877,29.42813,0.46229755,5.1,2.5,-11.3,-4.8,0.43,2.42,0.52,0.68,1.7,4.6,-36.6,-40,3.6,-6.4,15.9,-9.4,-0.7,-18.2,7.3,11,19.6,15.5,16.832,17.0714016,4,4.9,0.4,4.3,-3.9,0.8,12.3,11.3,4,4.9,13.4,4.7,1.4,17.8,4.8,9.8161,8.04419781,3.8,7.2,-1.4,-5.4,6.7,1.7,-1.6,0,4.1,5.3,1.7,4.2,-2,-1.2,-132.9,-71.3,-65.6,11.9773,-14.9831,-16.2682,1.65873897,0.33870553,-8.9,-10.8,1.42E-14,-1.42E-14,0,0.68,-1.2994464,4.6,35.6688,3.70422146,1.79566,-2.4054111,659.18,-8.6236037,39.692,14.885,3,0.57718015,-0.6294535,-4.1,1.2,132.9,71.3,65.6,-19.5669,26.8827,14.3292,-1.9822934,-1.168054,15.3,16.5,-32.7636,-3.6986977,1.79566,2.98040553,-659.18,8.15925798,33.086,-10.8,-13
2016,Region 2,First Round,2016 USC,2016 Providence,8,9,0,-2,-4.6,-3.1215393,1.1916,0.02041738,-5,-4.2,-2.7,0.8,0.74,3.86,0.12,3.99,3.1,2.8,-34,-28.7,3,4.2,-3.3,-0.8,-1.3,3.7,-1.1,-2.6,3.9,1.3,18.1735,18.6718982,3.2,0,6.4,-3.9,7.5,4.2,2.2,0.1,3.9,-7.3,-0.5,-2.9,6.3,-2.5,-5.8,10.205,10.9081069,0.8,1.4,-0.2,2.6,9.2,0.6,1,12.7,-0.2,1.9,7.8,-4.4,-0.4,-3.8,-129.6,-74.6,-70.7,17.2726,-20.1016,-9.9409,-4.1771191,0.25268272,-12.7,-13.2,-0.01,-0.01,-1.42E-14,3.99,6.16098201,2.8,32.8216,5.96471714,2.81934,-2.3763603,953.02,-9.771791,5.991,10.925,1,0.80611835,2.89069542,-2.6,3.8,129.6,74.6,70.7,-8.5187,19.8839,11.4856,-2.5990414,0.14935024,9.1,18.4,-31.3534,3.07256665,2.81934,2.21749724,-953.02,7.0324205,-2.009,-9.59,-3.3
2016,Region 2,First Round,2016 Indiana,2016 Chattanooga,5,12,1,18,10.3,2.74795407,15.37786,0.2582662,1.5,3.1,-5.6,-3.5,0.39,1.74,-0.55,5.76,1.4,2.2,-22.8,-31.5,3.8,5.2,-10,4.8,-5.8,0.9,4.6,-5.7,16,10.3,21.1166,19.8525974,8.8,6.1,8.5,5.2,2.5,0.5,8.8,5,-0.9,3.8,3.6,-0.2,7.8,5.2,0.2,9.0971,7.88751714,2.3,1.7,1.8,6.7,12.7,1,-3.7,8.7,4.6,-1.6,3.4,-3.1,1.4,9.7,-123.1,-72.3,-64.6,21.1462,-18.0396,-6.9608,0.01002185,0.08578615,2.8,-8.4,0.01,0,0,5.76,-1.3749191,2.2,36.8066,7.14360329,1.18206,-2.1354312,848.13,-6.5391096,26.13,14.71,3,1.16772448,2.19571073,-5.7,-9.7,123.1,72.3,64.6,-16.0242,17.8995,7.4234,0.04776834,0.07870626,4.8,9.3,-32.9833,-3.0118143,1.18206,1.9777705,-848.13,8.96869696,7.89,-12.755,-5
2016,Region 2,First Round,2016 Kentucky,2016 Stony Brook,4,13,1,22,14,5.98289765,16.66187,0.24761674,1.6,4.4,-5.5,-1.3,0.02,3.77,-1.31,4.72,0.5,0.4,-33.7,-40.9,9.3,-3.6,7.1,-3.4,1.6,-7.4,6.6,0.8,20,18.2,23.5647,23.5721233,6.4,7.6,2.8,-2.7,10.7,2.4,12,2.9,7.6,7.8,15.3,1.5,2.5,7.9,-4,10.1728,10.2478965,8.3,8.9,4.5,-3.1,-8.9,0.7,-2.7,18.2,4.8,10.7,7.4,3.7,4.6,-0.9,-130.3,-70.3,-60.2,15.3866,-15.4599,-11.3236,3.431835,0.30947624,-13.7,-15.5,-0.02,-0.01,0,4.72,3.35553228,0.4,35.3048,8.93828783,2.55992,-2.4312385,923.43,-7.4669982,11.471,14.035,0,1.2939536,1.19148357,-1.8,0.9,130.3,70.3,60.2,-12.1515,22.8579,9.2368,-3.1322194,-0.2406059,12,10.6,-34.1867,-2.0962441,2.55992,3.0272505,-923.43,6.52292893,-0.669,-12.09,-11.9
2016,Region 2,First Round,2016 Notre Dame,2016 Michigan,6,11,1,-4.4,-1,1.44129579,1.4275,-0.0081936,-0.1,1.5,-0.4,-0.8,-0.22,0.37,0.3,-8.67,-0.6,-0.6,-28.8,-21.3,-1.1,9.3,-7.2,-2.1,-1.8,2.2,7.6,-9.9,3.9,7.7,19.15,18.68871,2.3,1.8,2.2,0.6,6.4,2.9,6.5,-4,0.3,-3.2,-4.3,2,2.7,-8.5,-8.7,11.385,11.2358046,5.8,7.4,0.8,1.9,1.5,0.1,6.9,4.6,-2.3,3.2,8.8,0.1,1.1,8.9,-138,-85.2,-84.7,18.8739,-21.3618,-10.941,-2.9537879,0.29994473,-10.8,-19.4,-1.42E-14,0.01,-0.02,-8.67,-0.6110885,-0.6,36.9444,6.66247326,0.23549,-2.5740951,508.44,-15.211595,9.588,14.055,-1,0.85812887,0.82328165,3.8,-8.9,138,85.2,84.7,-11.7296,17.6537,4.8724,-1.9245652,0.2513325,7,25.8,-39.3966,3.93119116,0.23549,2.5473333,-508.44,9.20652596,-11.17,-11.22,-0.2
2016,Region 2,First Round,2016 West Virginia,2016 Stephen F. Austin,3,14,0,2.2,-4.6,8.38000158,11.5096,0.17286993,-6.1,-2.7,-5.8,-1.7,2.27,4.69,-0.45,6.05,1.7,2.5,-38.8,-27.5,1.3,0.1,0,-0.1,2.3,7.1,-6.5,-0.5,-2.1,-0.8,19.4564,17.8496986,0.6,1.2,-0.3,-0.1,6,6.3,12.2,1.9,1.2,7.7,2.8,-3.2,-0.3,4.1,-3.6,20.8636,18.2519083,6.7,6.9,4.3,3.1,-20.9,7.3,-6.3,13.8,0.5,-0.8,10.2,8.5,3.7,4.1,-110.8,-67.7,-25.1,12.8697,-18.1674,-10.6854,4.44612569,0.05093385,-1.6,-1.2,0.01,-1.42E-14,0,6.05,4.00319652,2.5,27.3072,5.74775256,3.24846,-1.8932281,2342.91,-9.9208616,-8.607,13.915,-1,-0.1758035,-5.2823307,1.3,-4.1,110.8,67.7,25.1,-8.2898,14.191,10.7724,2.63280231,0.2721563,4.9,15.8,-32.343,-1.4905894,3.24846,1.65119549,-2342.91,11.1579779,2.822,-15.36,-7.7
2016,Region 2,First Round,2016 Wisconsin,2016 Pittsburgh,7,10,1,-2.3,-1.3,-1.2845148,0.1638,-0.0273016,-1.2,-1.3,-5,-0.5,-0.56,-0.6,-0.72,-13.28,-2.3,-2.4,-31.9,-39.9,-1.4,-4.1,4.1,-0.2,-1.7,0.9,0.8,-1.7,1.8,3.9,12.4863,11.93667,-1.5,-2.1,0,4.3,7.1,0.1,6.1,-5.5,0,-5.4,0.6,-1.4,-0.5,-2.4,-5.2,20.0802,19.6855397,2.8,5.6,-2.9,5.1,2.3,1.4,-9.2,16.1,0.2,1.2,4.7,6.5,-2.3,-0.7,-129.7,-73.3,-56.8,7.126,-17.203,-10.2866,-1.9195735,-0.1537085,-14.3,-21.9,-1.42E-14,0,0,-13.28,-0.2166377,-2.4,32.2055,7.86715394,-0.426,-1.9834382,1391.42,-9.6393958,-3.69,13.34,-1,-0.7803805,0.16780444,2.1,0.7,129.7,73.3,56.8,-10.0472,16.7292,7.4103,0.22863746,0.04670876,23.8,23.4,-32.6918,-1.1237497,-0.426,2.37049137,-1391.42,10.5783652,-14.4,-13.345,-2.8
2016,Region 2,First Round,2016 Xavier,2016 Weber St.,2,15,1,19.5,11.8,11.229992,18.96854,0.3305001,-0.8,0.6,-8.2,-3.5,1.15,1.23,0.14,0.45,4.3,4.7,-37.9,-17.5,5.4,-1.6,-5.3,6.9,-7.9,-2.6,4,-1.4,14.1,11.2,16.245,17.4832361,4.3,4.9,1,6.2,14.1,-2,10.5,18.5,3.9,2,6.2,1.5,0.8,13.3,0.6,8.2072,8.35560012,7,7.1,4.5,-2.7,12.2,-0.3,0.3,-3.2,-1.2,-1,4.7,6.2,4.5,1.5,-127.9,-86.8,-47.3,10.744,-16.0053,-5.1044,0.5231789,-0.1935531,-13.9,-14.2,-0.02,-1.42E-14,0.01,0.45,-0.5604373,4.7,34.3035,4.8808658,0.90943,-2.2376179,1992.33,-12.429274,21.559,14.085,0,0.74491083,-1.2219335,-2.9,-1.5,127.9,86.8,47.3,-19.7916,20.9275,13.0705,2.74482613,-0.2221292,4.6,20.5,-33.9773,-1.9902325,0.90943,1.93757901,-1992.33,10.4017228,20.405,-13.435,-12.7
2016,Region 3,First Round,2016 Virginia,2016 Hampton,1,16,1,39.1,24.9,14.7967495,35.90399,0.68328777,6.5,4.8,-10.9,-6.5,1.86,2.92,-0.31,1.97,-10.7,-10.5,-39.3,-28,4.7,-2.8,7.4,-4.6,0.4,-8.7,6.7,2,21.2,17.4,13.663,12.5819216,6.4,4.7,7.3,2.7,-4,1.6,3.2,14.2,-0.5,5.8,10.7,3,6.5,11.1,7.5,8.6231,6.11514621,-1.5,1.1,-4,-4.2,8.3,0.8,-9,-0.5,3.2,-7.2,-2.8,-1.2,-4.1,-1.7,-129.2,-81.2,-55.5,16.9815,-16.2272,-10.4622,0.93765868,0.28137497,-13,-10.7,0,0.01,0.01,1.97,1.07038047,-10.5,37.2888,4.17119753,1.95412,-2.4014342,1437.96,-9.8980408,41.697,13.87,1,0.36716905,1.69255742,-3.8,1.7,129.2,81.2,55.5,-15.1466,27.3387,13.4183,2.01982228,-0.2971339,8.3,17.9,-28.1731,-6.8800391,1.95412,2.81139933,-1437.96,9.81474693,21.606,-11.865,-3.6
2016,Region 3,First Round,2016 Texas Tech,2016 Butler,8,9,0,-6,2.6,-0.8223105,-1.1253,-0.05751,-4.4,-0.7,3.5,1.5,0.24,2.17,-0.41,6.86,-3.2,-1.9,-32.7,-31.6,1.7,3.9,2,-5.8,0.7,0.1,-7.3,7.3,0,9.5,12.378,13.0859815,0.5,0.7,0.6,3.6,6.9,0.9,3.9,2.3,1.1,-2.2,0.6,-1,0.7,-9.8,-7,18.1968,19.3943868,3.2,2.8,3.5,2.7,6.9,4.4,-0.4,5.4,0.8,3.6,5.1,3.4,3.6,1.1,-130.3,-75.3,-48,15.8132,-21.6733,-13.4413,-0.8998379,0.37899136,-13.6,-19.8,-0.01,-0.01,-0.01,6.86,1.15702013,-1.9,31.6561,4.0074891,1.48435,-2.7300012,2288.28,-9.4721578,-4.346,13.32,-1,-0.6211561,-1.6116344,9.5,-1.1,130.3,75.3,48,-11.9599,19.0954,12.3872,-0.1607541,-0.2276638,11.3,20.6,-35.3052,-3.4649477,1.48435,2.42611111,-2288.28,7.64943803,-24.564,-13.355,2.8
2016,Region 3,First Round,2016 Purdue,2016 Little Rock,5,12,0,12.4,8,2.24684271,11.2674,0.14877077,-0.5,1,-9.3,-3.7,2.41,5,-0.83,1.47,3.8,4.9,-24.5,-32.3,4,-6,10.5,-4.4,1.8,-4.2,6,-2,6.1,6.4,21.3756,20.9857661,8.6,7.8,6.7,5.2,-3.2,3.9,5.2,12.2,3.9,5.7,16.9,3.9,5.8,4.3,1.5,16.5449,14.1410216,8.1,6.4,7.4,2.5,3.7,-2.1,-3.6,0.2,2,1,3.1,5.2,6.8,-4.5,-131.4,-84.4,-67.5,10.0433,-17.4835,-14.6396,1.59748694,0.05755693,-11.7,-27.8,-0.01,0.01,2.84E-14,1.47,-3.6225871,4.9,32.5539,1.87254371,3.4547,-2.2888051,871.81,-9.196342,1.968,11.845,-1,0.43586221,-1.0847079,0.3,4.5,131.4,84.4,67.5,-9.4137,23.1044,9.2984,2.42371564,-0.0113974,21,31.4,-36.3818,-6.1840306,3.4547,2.12749018,-871.81,7.831713,0.892,-10.84,-2.8
2016,Region 3,First Round,2016 Iowa St.,2016 Iona,4,13,1,16.3,4.7,6.87075629,13.2421,0.24538902,7.3,5.1,-4.5,-0.6,0.88,0.09,0.25,-10.64,-0.6,-0.3,-28.9,-20.1,6.6,-5,5.9,-1,0.2,-7.2,15.6,-8.4,17.8,14.8,18.265,17.6344856,8.3,10.9,2.5,1.1,-10.7,3.4,-4,-0.4,1.6,3.8,14.8,9.5,2.8,-0.4,-10.2,10.6444,10.030056,4.3,3.3,3.6,2.7,8.3,-0.5,1.3,10.6,3.7,1.2,-7.3,6,3.4,8.6,-129.9,-81.3,-81.6,14.4654,-12.8593,-9.5564,-0.4629444,0.08046331,-2.9,-10,0.01,-0.01,-0.01,-10.64,1.87686287,-0.3,37.721,-1.4782589,0.06534,-2.0082601,-219.3,-8.4420018,43.579,11.725,1,0.72310473,1.17281526,-3,-8.6,129.9,81.3,81.6,-15.4798,22.0464,7.4084,2.41854914,0.04266394,-1,18,-35.6957,1.11510393,0.06534,2.3654627,219.3,9.09007059,1.878,-10.89,-9.8
2016,Region 3,First Round,2016 Seton Hall,2016 Gonzaga,6,11,0,-0.7,0.5,3.09847673,-1.6065,-0.0110782,-5.3,-3.6,-2.7,0.4,-0.83,-4.54,-0.65,4.46,2.4,2.1,-37.3,-31,1,5.7,-2.6,-3.1,0.7,6,-3.4,-2.6,-2.7,5.1,14.2686,14.8038191,5.1,4.2,5,-4.1,12.3,-4.6,9.1,7.5,4.1,1.1,3.8,2.5,4.4,-8.9,-4.7,22.6759,24.4771115,10,10.3,6,8.1,2.2,2.7,-1.2,-1.3,-2.5,-3.2,15.4,6,6,-4.1,-129.9,-76.5,-61.5,11.0506,-23.2437,-12.5557,-1.0905277,0.34490755,-13,-18.3,0,-0.01,1.42E-14,4.46,0.25051201,2.1,32.2309,8.54325952,-3.08011,-2.7709611,1203.32,-12.354945,-13.868,11.675,0,-0.833712,-4.6011121,7.8,4.1,129.9,76.5,61.5,-4.0244,13.0684,9.0492,3.80564669,0.28357784,8.8,20.5,-35.6731,-3.7755331,-3.08011,1.93498273,-1203.32,7.62011085,-22.496,-11.995,4.2
2016,Region 3,First Round,2016 Utah,2016 Fresno St.,3,14,1,12,8.4,6.39020092,11.41428,0.22174015,1.8,1.6,-5.6,-2.3,0.38,2.87,-0.28,-6.18,-2.8,-2.9,-23.1,-37.9,-1.3,9,-7.1,-1.9,-3.1,1.3,-2.8,1.6,9.9,9.9,15.288,15.3367416,6.7,7.9,3.1,2.5,-8,3,0,3.3,2.3,-5,3,3.8,3.3,0.3,-1.7,9.5239,8.20668071,0.8,3,-2.5,-2.4,14.7,0.3,-2.3,8,0.6,8.2,9.1,-2.1,-2.7,-0.7,-131.3,-83.7,-53.7,19.7545,-24.357,-12.7548,-3.6922302,0.25939081,3.7,-9.5,0,-1.42E-14,0.01,-6.18,-1.5088932,-2.9,34.6624,0.36456113,1.90695,-2.4429023,1609.36,-8.2028357,17.575,14.55,0,0.54200258,2.90047827,1.78E-15,0.7,131.3,83.7,53.7,-10.4127,19.374,9.6419,-5.3190866,-0.1216407,21.4,23,-33.023,-4.1124524,1.90695,2.62693876,-1609.36,8.82884637,-1.273,-10.4,-2
2016,Region 3,First Round,2016 Dayton,2016 Syracuse,7,10,0,0.2,0.9,2.85048486,-2.5067,-0.0230184,-7.5,-3.3,-4.7,-2.5,-1.82,-1.17,-0.15,18.88,3.6,2.8,-24.9,-20.1,-1.9,0,4.6,-4.7,-5.8,-4.9,10.3,-5.3,2.3,3.3,11.427,12.1928977,4.5,3.3,4.3,0.6,11.6,1.8,-6.4,-8.2,3.8,3,4.7,4.4,3.8,-4.2,-2.4,17.7663,18.1881385,3.5,3.9,1.2,2.4,3,-0.4,-9.4,3.7,3.8,5.6,2.2,-2.2,1.1,-3.2,-124.4,-79.2,-61.6,13.6968,-22.2527,-15.4371,-0.4133059,0.08878839,-6.2,-17.3,0.01,0.01,0.01,18.88,0.87561555,2.8,31.409,1.72720447,-0.78325,-1.1738576,531.22,-7.5545899,2.193,9.23,-1,-0.607569,0.38912698,1,3.2,124.4,79.2,61.6,-16.1054,25.4919,8.8008,-3.0067806,-0.1463965,10.7,26.3,-31.6719,-5.8369254,-0.78325,1.65420431,-531.22,7.3408841,-8.382,-11.95,1.8
2016,Region 3,First Round,2016 Michigan St.,2016 Middle Tennessee,2,15,0,24.8,15.4,10.3391898,25.74662,0.34105717,3.4,4.2,-6.8,-3.4,0.49,1.48,0.07,8.03,-2.3,-1,-30.9,-31.8,6.8,-0.9,-1.2,2.1,-2.5,-1.5,4,-2.5,21.1,18.7,23.812,22.8602104,7.5,3.9,9.3,6.2,-12.8,1.9,11.7,22.1,5.7,2.6,2.8,4.9,7.9,1.3,-3.3,9.8032,7.38077449,9.2,6.9,8.7,-11,1.7,-3,-4,1.6,1.3,14.6,8.8,1,8.8,-1.1,-131.7,-84.9,-57.5,17.0252,-15.7212,-6.2475,-1.867367,0.09891377,-13.4,-18.3,0,0.01,0,8.03,-0.0319231,-1,36.209,2.83773109,1.01258,-2.1153449,590.15,-9.3909962,39.025,15.835,2,1.30055837,3.0598272,-2.4,1.1,131.7,84.9,57.5,-9.9838,22.5921,8.4275,-4.7120043,-0.0408802,20.2,29.2,-34.7396,-7.3557018,1.01258,2.30719933,-590.15,6.83400454,2.968,-11.165,-4.6
2017,Region 1,First Round,2017 Villanova,2017 Mount St. Mary's,1,16,1,27.9,20.3,18.7953278,35.01032,0.55579626,4.9,6.3,-12.2,-9.3,2.7,-0.22,0.28,-0.32,-2.8,-2.6,-28.3,-23,6.9,-15.4,-0.5,15.9,-0.6,-11.8,8.6,3.2,16.5,13.9,19.542,20.6375921,8.3,10.9,2.6,13.4,2,4.6,-4.9,9.3,1.3,7.8,14.6,7.5,2.8,11.6,6.4,7.0019,6.05604291,2.8,0.6,4.4,-3.7,11,1,4.6,-12.2,3.7,2.4,0.2,-8.9,4.7,6.5,-121.8,-85.3,-76.8,12.7507,-8.3819,-2.1496,2.22605311,-0.9025258,2.1,-3.1,-0.02,-0.04,0,-0.32,-1.6954385,-2.6,37.0623,-3.3576069,-0.13956,-2.2550645,496.86,-9.2990248,29.687,12.61,0,1.13734128,2.24822207,-2.6,-6.5,121.8,85.3,76.8,-15.2796,25.1779,14.4187,-1.8880103,-0.4123706,-0.6,17,-30.6434,-2.8681904,-0.13956,1.88532391,-496.86,10.0990075,20.384,-7.02,-5.2
2017,Region 1,First Round,2017 Wisconsin,2017 Virginia Tech,8,9,1,10.3,8.3,1.81607658,7.3531,0.09137049,1,2,-5,-2.4,0.96,1.86,0.3,4.73,-5.3,-5.6,-27.9,-26.7,0.5,0.6,-1.7,1,-3.4,-13.2,19.4,-6.1,11.5,11,11.17,12.0911879,0.8,1.7,-0.5,-7.1,5.1,-0.2,5.6,2.4,-2,-2.4,1.2,2,-0.4,-2.8,-2.7,26.0617,24.9594324,9.7,12.2,2.6,-0.4,14.1,2.7,2,9.6,-1.4,9.8,8.2,-0.7,2.8,6.9,-129.5,-85.8,-74.2,14.2006,-19.1354,-9.5484,-1.3803765,-0.0018183,-4.5,-15.1,-0.05,-0.09,-0.07,4.73,-0.1318192,-5.6,34.8638,4.64368296,1.25402,-2.30913,1021.83,-12.475839,25.425,12.645,-2,-1.5772851,1.2270558,-0.5,-6.9,129.5,85.8,74.2,-21.0498,24.1923,5.0231,-4.4822392,-0.2683647,6.6,18,-36.7087,0.80939113,1.25402,2.52598257,-1021.83,9.17213649,0.144,-12.08,0.1
2017,Region 1,First Round,2017 Virginia,2017 UNC Wilmington,5,12,1,4.9,4.6,3.27072586,14.2804,0.1737295,-3.2,-1,-0.8,-0.8,1.88,1.81,-0.52,14.57,-10.1,-11.1,-37.4,-18.5,0.7,-6.2,2.7,3.5,-2.4,3.2,-1.4,-1.8,3.8,8.1,8.367,9.5395349,-0.2,-4.2,5.6,0.1,-13.7,4.7,-0.1,9.3,6.3,-2.3,-9,3.2,4.9,-4.7,-3.5,30.6866,30.3272977,9.5,11.1,4.8,-1.5,-3.1,7.1,-8.3,1.4,0.8,2.7,15,8.3,4.5,6.9,-129.2,-85.8,-70,12.9285,-12.9639,-6.7305,-3.7643032,-0.3263705,-16.9,-17.5,0,1.42E-14,0,14.57,-1.2098047,-11.1,35.1269,2.03945745,1.28679,-3.0238903,219.39,-10.705869,3.588,13.17,0,-2.3693724,1.33250072,4.3,-6.9,129.2,85.8,70,-12.7334,17.9413,12.0109,1.24219329,0.06177402,4.6,23,-36.1242,-6.0727671,1.28679,2.52168973,-219.39,6.50029625,-18.044,-13.03,1.2
2017,Region 1,First Round,2017 Florida,2017 East Tennessee St.,4,13,1,15.6,13.5,6.92437938,14.9055,0.1924741,-2.8,-0.7,-7.3,-3.4,0.6,1.23,-0.52,0.72,-1,-1.2,-24.4,-33.3,4.8,0.6,2.1,-2.7,-4.6,-5,8.9,-3.9,6.3,7.8,19.3608,18.8903864,3,4.6,0.7,0.2,2.6,5.4,4.8,0.4,2.4,2.6,11.3,-3,0.4,10.3,5.6,18.5122,17.6723626,10.5,9.9,7.5,-0.9,9.9,0.5,-0.8,13.3,6.6,-7.4,7,6.3,7.7,1.7,-119.7,-81.8,-44.1,12.9153,-19.3362,-12.3138,2.5647632,0.21845999,-4.7,-18.2,0,-0.01,-0.02,0.72,1.30271841,-1.2,31.621,6.35187016,0.86952,-1.9658163,2336.83,-6.1311343,8.607,13.04,-2,0.04935335,-2.7551901,1.5,-1.7,119.7,81.8,44.1,-18.1002,20.343,8.3384,6.45866955,-0.1266408,4.9,7.8,-33.065,-2.3759762,0.86952,2.88708092,-2336.83,7.39711418,16.855,-12.07,-4.7
2017,Region 1,First Round,2017 SMU,2017 USC,6,11,0,15.6,8.5,5.13681623,12.9184,0.15881409,6.2,5.4,-6.2,-3.5,0.4,-2.5,0.82,-10.36,-7,-5.5,-27.2,-18.6,4.9,-2.4,2.4,0.1,-7.2,-15.2,6.3,9,12.5,13.4,19.905,19.1933922,5,4.4,4.1,-1.8,12.6,1,6.3,9,2.7,0.5,5.3,4.2,3.7,3.6,-4.9,17.6939,17.5256348,6.2,7,4.1,4.8,12.7,2.6,-4.5,0.4,5.1,2.1,-2.5,6.5,3.9,2,-131,-74.2,-77.9,13.729,-13.9082,-8.245,-1.5211772,0.06524271,-9.6,-15.7,-0.01,-0.03,-0.02,-10.36,-2.6584048,-5.5,36.347,2.44852619,-1.74325,-2.1966103,768.81,-6.5881529,33.383,13.33,1,0.14558448,1.6904943,0.9,-2,131,74.2,77.9,-24.2601,30.1737,17.5905,2.15755954,-0.7681225,6.1,20.6,-33.8148,-4.8504456,-1.74325,1.90738807,-768.81,7.87665395,20.088,-10.695,-8.5
2017,Region 1,First Round,2017 Baylor,2017 New Mexico St.,3,14,1,17.8,10.3,7.95346056,17.69317,0.2430775,1.7,2.1,-6.7,-2.5,1.15,2.31,0.13,-1.77,-4.8,-4.1,-32.9,-26.5,5.2,-1.3,1.1,0.2,-0.5,-6.2,10.3,-4.1,8.4,12.2,14.551,14.2502459,5.3,3.8,5.3,3.5,-1.1,-1.5,11.7,15.7,7.9,6.2,6.2,0.6,5.1,8.5,-2.1,17.771,16.4871933,7.6,10.3,2,-1.4,13.7,-2.8,-6.3,-2.1,-0.8,10,9.3,2.1,1.4,-1.9,-123.5,-66,-56,16.5762,-19.1664,-11.0767,1.65772482,0.11182932,-14.5,-17.1,-0.05,-0.08,-0.08,-1.77,-1.6085191,-4.1,31.6919,5.26934634,1.50016,-2.0989754,1544,-10.258948,17.019,12.83,0,-0.4265669,0.46967655,3.8,1.9,123.5,66,56,-15.1773,23.6645,10.6321,-4.2168481,-0.0657643,10.5,22.9,-33.1372,-4.2780304,1.50016,1.32492779,-1544,6.7291486,17.392,-12.485,-10.6
2017,Region 1,First Round,2017 South Carolina,2017 Marquette,7,10,1,1.3,3.4,1.08767311,-0.5409,-0.003079,2.1,3.6,-4.9,-2.8,0.52,0.55,-0.11,-5.08,-1.5,-1.9,-32.2,-25,-2.9,-1.2,2,-0.8,0.3,1.9,4.8,-6.7,6.8,14.1,2.175,3.5859712,-5.2,-5.2,-3.5,-0.5,4,-0.5,4.9,-8.7,0.1,-4.4,-8.2,-0.3,-3.4,-12.7,-10.8,32.4267,33.0696667,12.6,7.4,13.4,6.8,-15.6,7.4,4.3,12.6,0.2,9.5,10.5,2.7,12.3,1.2,-120.9,-78.4,-46.4,11.9676,-21.2549,-10.5564,-1.8968047,-0.0946762,-19,-24.5,-0.02,-0.04,-0.01,-5.08,-3.9742537,-1.9,28.9285,5.99714331,0.37748,-1.6595833,1711.57,-9.403525,10.08,12.415,-1,-3.0165996,-3.2930982,7.3,-1.2,120.9,78.4,46.4,-9.4879,16.6164,6.3477,-1.0956641,0.23300403,9.8,24.6,-34.2754,-0.4003146,0.37748,2.20082442,-1711.57,8.46020294,-22.815,-11.45,1.9
2017,Region 1,First Round,2017 Duke,2017 Troy,2,15,1,25.5,17,16.4245859,22.41299,0.39579671,9.1,8.7,-9.2,-4.7,2.04,1.89,-0.61,-7.02,0.5,0.2,-22.8,-31.4,3.4,-8.2,9.7,-1.6,3.4,1.3,10.1,-11.4,20.4,19.6,13.771,14.0747506,4.9,4.3,3.9,3.3,6.3,1.5,1.9,-2.9,1.1,-0.3,10,2.9,4.1,2.8,-2.7,13.9929,13.8658441,4.3,2,6,2.3,9.7,-0.4,-1.2,1.6,2.8,-4.6,-4.4,5.9,6,4,-131.3,-78.9,-57,8.9483,-12.3176,-11.6081,-1.3532726,-0.0786996,2.3,-15.4,-0.04,-0.01,-0.04,-7.02,1.73708972,0.2,37.0547,4.17109351,1.31348,-2.2581356,1957.5,-9.3353458,28.97,14.51,2,-0.2217782,-0.7230809,-0.8,-4,131.3,78.9,57,-9.6842,19.8727,6.309,5.56307504,0.56490613,5.7,13.7,-33.6532,-5.2317955,1.31348,2.71782525,-1957.5,8.85483459,-2.101,-11.985,-5.5
2017,Region 4,First Round,2017 Gonzaga,2017 South Dakota St.,1,16,1,40.9,22.7,17.4889344,34.38739,0.55133078,6.6,5.2,-10.4,-4.7,0.98,2.95,0.05,-4.03,1.6,3.2,-21.5,-22.2,2.2,6.1,6.9,-13.1,-1.8,-6.4,19.8,-13.4,23.2,16.7,8.595,8.0818714,4,6,0.9,1,11.1,0.4,1.1,-0.2,0.5,-4.9,4.9,3.3,1.2,15.3,6,23.1249,20.6488023,12.2,13.4,6.1,11.3,14.6,-0.6,-2,8.7,0.1,0.4,9.3,7.9,6.9,7.4,-131.8,-88.5,-68.1,17.8797,-16.8682,-16.4911,-2.9424266,0.54309862,-5.9,-24.5,-0.03,-1.42E-14,1.42E-14,-4.03,3.71751382,3.2,41.28,0.32807441,2.12546,-1.9266182,1435.74,-13.089258,42.236,16.765,2,-1.6498878,2.32386912,-6.5,-7.4,131.8,88.5,68.1,-9.7196,24.3804,6.5694,3.25696995,0.12953697,3.4,24,-33.6178,-3.4582703,2.12546,2.97448903,-1435.74,8.64308834,28.149,-9.55,-9.3
2017,Region 4,First Round,2017 Northwestern,2017 Vanderbilt,8,9,1,-2.5,-2.1,1.8752343,-0.7266,-0.0125109,-2.1,-1.4,-5.7,-2.4,-0.43,-1.81,-0.14,-0.41,-0.9,-0.3,-31,-17,0.6,-4.2,1.5,2.7,-3.8,3.9,10.1,-14.1,0.3,1.2,15.124,15.8941937,1.8,2.2,0.5,4.7,0.2,0.1,3.8,13.8,2.6,3.6,5.9,0.7,0.4,-4.4,-3.1,16.6252,18.0726866,6.3,4.4,4.2,10.9,-0.6,-0.3,5.7,2.4,-0.3,4.3,3.9,1.2,4.1,-4.1,-131.8,-86.3,-68.2,8.3314,-17.3043,-9.6366,1.63218819,-0.1876926,-19.9,-27.8,0.03,0.07,0.07,-0.41,-1.5186411,-0.3,33.4617,0.85587228,-1.21246,-2.1879806,819.23,-9.0232025,-0.932,11.035,0,-0.1468868,-0.9076814,0.9,4.1,131.8,86.3,68.2,-9.6923,19.5736,4.752,-0.8580703,0.3014165,8.5,28.9,-33.0091,0.83956191,-1.21246,2.28879361,-819.23,6.50817296,-9.104,-9.665,1.3
2017,Region 4,First Round,2017 Notre Dame,2017 Princeton,5,12,1,9.4,4.6,6.20917829,8.5937,0.13733233,1.5,1.6,-6.1,-3.5,0.59,0.32,0.06,-3.44,3.2,4.2,-21.9,-19.6,1.7,-3.7,-0.2,4,0.6,-2,13.3,-11.2,9.2,8.8,21.9948,22.927017,5.1,4.1,4.2,10,-3.5,6.7,2.7,9.6,1.1,-4.6,9.6,-2,4,1.8,-4,11.5987,11.6931215,4.5,2.3,4.4,0.6,-1.7,3.6,6.8,3.6,-1.5,6,-3.5,1.8,3.9,5.4,-131.5,-92.7,-88.6,7.3732,-14.3394,-8.369,-2.5651842,-0.1549117,-5.4,-23,-0.07,-0.1,-0.07,-3.44,0.47727979,4.2,35.9674,2.22751172,0.19568,-2.6724266,48.19,-9.2162229,19.828,12.06,1,1.02257383,0.55106896,-0.4,-5.4,131.5,92.7,88.6,-10.5907,19.4241,5.8338,-0.8767448,0.23773611,0.9,21.2,-35.78,1.77677836,0.19568,2.87109012,-48.19,9.03616745,4.356,-8.865,-5.8
2017,Region 4,First Round,2017 West Virginia,2017 Bucknell,4,13,1,15.4,9.5,8.30761524,18.08309,0.24162217,-1.9,-1,-7.5,-3.9,1.38,0.76,0.59,5.49,1.1,1.2,-35.2,-25.1,3.6,-3.8,2.7,1.2,1.9,2.9,-0.9,-2,4.5,6.2,16.114,16.5744867,3.8,4.1,2.1,2.1,5.5,2.8,10.3,8.4,5.3,-4.2,6.9,1.3,2,8.8,3.4,19.4009,17.7470152,6.7,8,2.8,0.4,-5,9.3,5.6,0.3,0.6,14.8,9.5,6,2.6,3.9,-116.5,-75.7,-49.7,10.0896,-16.3256,-8.8304,-2.3590337,-0.058055,-8.5,-12.2,-1.42E-14,-0.02,-0.02,5.49,2.04616471,1.2,32.8018,5.50941503,0.55208,-1.8941728,928.95,-9.172497,15.698,13.465,0,-0.3895844,-0.430497,1.7,-3.9,116.5,75.7,49.7,-7.3368,12.8609,8.9972,-5.0563341,0.19338823,-2.3,9.2,-30.5695,1.90581492,0.55208,2.04552667,-928.95,6.42468435,23.204,-10.705,-5.4
2017,Region 4,First Round,2017 Maryland,2017 Xavier,6,11,0,7.9,4,2.12593725,-0.4809,-0.0179848,0.4,1.9,-5.8,-1.1,-1.2,0.53,-0.53,0.38,-0.5,-0.1,-20,-31.1,2,1,-2.5,1.4,-3.2,-10.5,13.9,-3.4,10.7,11.5,14.1395,15.6658961,0.8,-1.6,2.9,0.2,4.9,-1.3,5.6,1.2,1.1,-7.7,2.6,-8.1,3.3,4.8,-7.7,16.0169,17.1405914,4.5,6.7,0,-1.6,9,-0.7,-2.9,11.2,-3.4,0.6,-1.5,6.2,0.6,3.1,-126.6,-76.9,-54.3,16.4681,-20.2667,-11.5989,-1.8970933,0.04107429,-3.9,-22.6,-0.07,-0.08,-0.05,0.38,-0.0131609,-0.1,33.9738,4.80841221,0.36321,-1.7017317,1537.91,-11.18312,9.604,14.5,0,-0.1950934,-1.2788957,0.8,-3.1,126.6,76.9,54.3,-18.7149,24.3629,9.1162,1.44665287,-0.2761693,8.7,15.5,-32.5333,-0.3892164,0.36321,2.11186626,-1537.91,7.49218277,0.475,-11.945,-12.5
2017,Region 4,First Round,2017 Florida St.,2017 Florida Gulf Coast,3,14,1,14.8,6.6,7.5188657,17.7266,0.29362324,0.2,1.2,-3.1,-1.2,2.28,2.34,-0.59,7.14,4.7,5.8,-30.7,-32.1,9.6,2.4,3.8,-6.2,-5.6,-9,5.2,3.8,12.8,10.1,12.191,12.1063683,4.8,3.8,4.2,0.6,2.9,1,4.4,0.2,6.3,-7.1,6.5,0.3,3.7,2.7,-3.5,15.5679,14.1788397,6.7,10.5,-0.4,-1.9,-3.3,1.7,-4.2,1.2,2.2,10.2,9.5,5,-1.3,4.5,-128.5,-71.4,-56.2,22.4397,-18.41,-15.0482,-3.8739736,0.61582659,1,1,0.03,0.03,0.02,7.14,0.54177915,5.8,36.3086,5.08180594,1.71276,-2.1905224,1131.34,-9.714103,14.466,14.555,0,-0.4656882,1.16281767,-2.7,-4.5,128.5,71.4,56.2,-21.7473,22.2176,12.5486,-4.3559911,-0.5910751,1.4,1.4,-33.8931,-2.3679408,1.71276,2.56569906,-1131.34,6.72162644,-3.528,-12.66,-6.2
2017,Region 4,First Round,2017 Saint Mary's,2017 VCU,7,10,1,9.9,5.4,2.55896433,10.3352,0.13464141,1.7,0.6,-9.3,-1.9,1.18,2.56,-0.18,-11.49,-8,-9,-27.1,-42.1,-0.1,-0.3,-9.7,10,-5.1,-8.5,10.2,-1.7,7.1,8,23.178,22.4359486,10.8,11,6.1,5.3,-13.2,3.7,5.9,17.5,-0.5,13.5,11.4,4.7,5.5,1.1,-2.7,15.7612,13.697981,5.9,6.4,3.1,2.1,10.8,-2.5,-10,14.8,3.1,0.4,10.6,-3.3,2.9,1.3,-128.4,-86.3,-71.8,9.8077,-15.2219,-4.4438,4.17621428,-0.3504222,2.3,-11.8,0.03,0.02,0.04,-11.49,-1.6006565,-9,36.7743,1.74122575,1.64468,-2.2524725,380.69,-8.5740497,12.114,13.565,2,0.69380462,4.09110045,0.9,-1.3,128.4,86.3,71.8,-15.2261,21.3826,9.7174,0.01542843,-0.3876341,17,14.6,-33.5139,-5.7270778,1.64468,2.64047495,-380.69,10.7774528,0.594,-11.465,-3.8
2017,Region 4,First Round,2017 Arizona,2017 North Dakota,2,15,1,25.4,14.2,13.1429641,23.053968,0.43115526,3.8,3.2,-10,-5.2,2.2,3.79,-0.69,7.93,-5.3,-5.4,-36.6,-33.3,5,1.2,0.3,-1.5,2.6,-1.8,-4.1,5.9,19.5,13.8,14.419,13.7020968,3.4,1.6,5,7.2,1.6,3,5.4,7.9,2.9,0.2,1.5,1.6,4.2,12.6,0.4,8.0122,7.74920649,6.3,3.7,7.8,4.2,7.4,-1,0,-0.6,-0.8,4.4,6.1,0.5,7.6,4.5,-126.6,-86.4,-53.8,16.4508,-16.1578,-8.9952,-1.3321775,0.26154969,-16.5,-16.6,0.03,0.06,0.04,7.93,0.14667343,-5.4,34.631,6.24984075,2.55064,-2.3179437,1689.28,-13.140939,20.574,15.49,0,0.56004519,1.36628745,-5.7,-4.5,126.6,86.4,53.8,-11.809,19.0938,13.2157,-0.2039856,-0.2005779,11.3,16.4,-34.0509,-3.6808069,2.55064,2.09528747,-1689.28,10.2716209,12.018,-10.97,-12.2
2017,Region 2,First Round,2017 Kansas,2017 UC Davis,1,16,1,31.3,19.6,18.3007879,30.72735,0.53088421,5.8,5.7,-13.6,-7.6,1.4,2.38,-0.39,-5.87,1.8,1.4,-28.2,-35.2,8.8,-0.4,0.9,-0.6,0.7,-2.6,-0.2,2.8,18.2,14.3,18.23,19.3664399,7.5,5.1,7.8,-4.2,3.2,1.9,6,1.2,2.4,-1.3,10.3,-1.7,7.7,15.7,5.3,2.9923,3.53257507,0.8,1.9,-0.6,-5,10.3,-1.6,0.8,2,0,1.8,-1.3,3.4,-1.2,0.9,-123.1,-77.4,-57.7,18.3192,-16.0498,-10.0609,-1.5923362,0.25284092,-2.5,-9.2,0.04,0.04,0.03,-5.87,1.57073608,1.4,35.4621,6.43292515,1.68602,-1.6051694,1228.83,-9.3405528,31.304,13.955,4,1.4458184,1.4395923,-3.9,-0.9,123.1,77.4,57.7,-8.1317,20.2736,11.2532,-0.2971387,-0.1538635,18.6,25.9,-29.172,-1.9548785,1.68602,2.11906099,-1228.83,7.75457667,29.509,-9.565,-10.4
2017,Region 2,First Round,2017 Miami FL,2017 Michigan St.,8,9,0,-1.7,-0.2,2.49717505,1.9849,0.04433587,-2.2,-0.8,-10.8,-5.1,2.16,2.09,0.34,-20.26,-3.4,-3.5,-34.6,-27.5,5.2,3.1,-3.1,-0.1,-2,-1.6,4.9,-3.3,-4.8,1.7,14.7924,16.1237243,4.9,6.4,1.2,-0.4,-0.8,-3.5,6.4,-6.7,1.8,4.8,7.5,0.7,1,-2.8,-2,17.1436,17.4158643,6.7,6.5,4.5,-7.2,5,-2.4,-1.4,14.3,4,1.9,9.5,-0.5,4,-1.4,-125.3,-81.8,-68,17.6711,-22.3044,-9.6853,2.21084003,0.2591802,-12.3,-11.1,0.03,0.02,0.05,-20.26,4.7291001,-3.5,32.5191,8.00714579,1.39668,-1.5947373,1023.16,-7.2799985,-2.214,11.765,-1,-0.2326195,-2.0558824,6.5,1.4,125.3,81.8,68,-14.8234,19.4108,9.0436,-0.5692546,0.00186278,10.3,19.2,-33.0803,1.04961586,1.39668,1.68381225,-1023.16,8.35479128,0.298,-10.36,0.8
2017,Region 2,First Round,2017 Iowa St.,2017 Nevada,5,12,1,9.3,7.8,4.5632848,9.7715,0.12821041,0.6,3.4,-2.4,-2.2,-0.69,-0.95,0.89,10.32,-0.3,-1.5,-25.1,-24.2,0.2,-5.9,2,3.9,-1.7,4.1,0.2,-4.2,11.4,12.2,18.406,17.0070533,6.9,2.3,9.5,1,-0.5,1.8,-0.1,2,2.7,-1.5,8.7,-0.4,8.8,-5.8,-4.7,18.0487,17.8210996,3.7,2.2,3.7,0.1,16.1,4.3,1.4,9.5,1.6,-0.7,-5.2,9.7,3.6,4.4,-134.3,-85.1,-76.8,9.4507,-15.3443,-8.7389,-2.2125908,-0.2547985,-11.8,-26.7,0.04,0.05,0.02,10.32,1.38894219,-1.5,38.7893,3.58684546,-0.654,-2.3973766,387.7,-8.5065906,35.161,11.915,2,-0.037258,-0.1387089,0.8,-4.4,134.3,85.1,76.8,-12.0754,18.6021,8.1604,4.42318055,0.16720712,15.6,28.8,-34.2261,0.76824405,-0.654,2.78039995,-387.7,10.0736629,-2.036,-11.6,1.1
2017,Region 2,First Round,2017 Purdue,2017 Vermont,4,13,1,16.4,11.1,4.71855661,12.3389,0.16324935,2,2.9,-7.1,-5.8,0.22,2.46,-0.37,-6.6,4.8,4.6,-31.7,-35.3,3.5,-10.5,2.7,7.9,1.6,-14.9,12.9,2,13.3,10.7,17.9643,17.4599961,7.5,5.8,6.1,5.7,7.7,1.3,4,20.7,-1.2,9.5,16.5,-1,5.4,6.3,0.4,18.1431,17.2794103,8.7,9.8,4.4,-1.2,12.2,-0.1,-5.6,0.1,2.8,2.7,-3.3,11.4,3.4,6,-127.8,-87.6,-81.5,7.1145,-10.9311,-4.3555,4.58665473,-0.4704331,-12.3,-22.2,0.03,0.06,0.04,-6.6,-2.3095265,4.6,35.2466,0.84545461,1.71268,-2.4810488,686.66,-7.8554411,18.565,11.97,1,-0.0730999,-0.1758952,-2.6,-6,127.8,87.6,81.5,-20.4932,26.1017,10.904,3.01250105,-0.4814563,10.7,16.9,-36.8656,-5.1247424,1.71268,2.15345928,-686.66,14.8057661,5.869,-12.075,-5.9
2017,Region 2,First Round,2017 Creighton,2017 Rhode Island,6,11,0,2.3,3.8,3.76464257,3.9746,0.05462328,-3.8,-1.6,-3.8,-2.3,0.23,1.95,-0.06,-1.66,5.2,4.8,-34.3,-31.2,6.3,-3.8,-2.1,5.9,-0.6,-6.8,2.2,4.7,2.5,5.3,20.5863,20.7517679,13.3,11.4,11.1,-2.7,-17.5,2.4,-5.2,9.6,-0.2,3.3,13.9,6.9,10.2,0.7,-1.6,14.6193,14.8549529,0.7,0.6,0.6,-2.1,11,3,-3.4,3.5,8.9,-1.5,-0.9,-0.5,0.5,3.4,-127.2,-83.8,-58.5,15.7075,-15.0165,-6.8318,-2.1215569,-0.1850838,-3.3,-4.5,-0.04,-0.06,-0.05,-1.66,-0.4076495,4.8,37.2985,-1.0543247,1.41474,-2.5176774,624.81,-5.5394472,3.786,11.885,2,0.57923511,1.47922663,2.8,-3.4,127.2,83.8,58.5,-15.5629,22.7436,14.0051,0.75889605,-0.3670589,12.4,23.2,-32.4838,-3.8192562,1.41474,2.40101424,-624.81,11.9915791,0.504,-12.14,-2.3
2017,Region 2,First Round,2017 Oregon,2017 Iona,3,14,1,24.1,16.8,11.5654853,19.82584,0.33086388,5.3,2.8,-8.5,-4.7,1.4,1.79,-0.15,-4.16,-3.7,-3.3,-25.4,-22.8,7.6,0.4,-3.8,3.5,3.6,-1.6,4,-2.5,18.4,13.3,11.533,10.6354157,6,7.6,1.9,1,1,1,0.3,4.6,9.8,10.6,9.5,0.4,1.9,7.7,3.7,16.2968,14.9924734,7.3,3.5,8.6,5.5,4.6,3.6,2.9,7.2,-2.5,-9.6,1.2,4.5,8.4,4.7,-128.4,-79.6,-74.4,16.4623,-15.3889,-7.8645,4.67842179,0.09895314,2.8,-8,0.03,0.02,0.03,-4.16,-1.2695014,-3.3,37.076,-0.1540429,1.24694,-2.0689258,714.5,-12.247818,32.632,13.56,0,-0.651466,-7.7507898,-5.1,-4.7,128.4,79.6,74.4,-4.0502,17.242,9.9115,7.63557236,0.12083661,-3,16.4,-33.7551,-1.2499479,1.24694,2.34287206,-714.5,5.00976133,12.341,-8.74,-4
2017,Region 2,First Round,2017 Michigan,2017 Oklahoma St.,7,10,1,-0.1,-2.6,0.49185686,0.5137,0.00609066,5.7,4.3,2.6,5.6,1.8,1.76,0.45,-10.95,-8.9,-9,-20.6,-35.2,-0.2,-13.2,3.1,10.1,-1.5,-7.4,14.4,-7,18.3,16.3,18.862,20.1931346,4.1,4.2,2.6,5.2,-15.1,6.2,-6.9,1.3,-3.6,4.6,13.3,1,2.4,-16.9,-18.9,25.8598,27.1409027,2.1,0.3,2.5,10.6,10.3,1.8,-8.6,5.5,0.1,0.1,-4.1,-2.4,2.5,15.2,-126.2,-75.1,-58.6,9.0572,-8.9692,-4.9214,2.71373905,-0.5843881,-6.7,-23.6,-0.05,-0.06,-0.07,-10.95,3.51936197,-9,38.775,-3.1722918,1.1084,-2.0094578,1518.98,-10.932726,38.127,15.065,0,-0.130752,-0.0643602,-2,-15.2,126.2,75.1,58.6,-15.9684,17.8164,3.4862,0.21202834,-0.011666,17,21.3,-34.2463,-8.4755927,1.1084,3.08868979,-1518.98,12.6851972,-21.391,-14.115,-2
2017,Region 2,First Round,2017 Louisville,2017 Jacksonville St.,2,15,1,27.8,15.1,14.7254167,26.135355,0.47524182,2.5,3.2,-9.8,-6,1.59,1.44,-0.19,11.91,3.9,4.5,-30.1,-27.8,5.2,7,-2.2,-4.9,1.9,0.1,1,-1.1,19.1,12.8,12.399,11.3431541,2.1,5.5,-2,-3.5,0,0.7,8.3,-0.8,6.6,-2.2,9.7,-2.2,-2.3,10.2,2.1,14.9028,14.2987623,7.3,6.5,5.8,2.6,-6,-0.9,-2.8,8.3,2.7,7.8,4.6,6.9,5.6,-1.8,-126.6,-75.5,-56.8,15.8328,-21.2702,-11.6452,0.71896393,0.51462937,-13.8,-21.6,-1.42E-14,-0.02,-0.03,11.91,0.08234721,4.5,34.607,7.17223494,1.03788,-1.8322713,1121.48,-8.4462731,30.54,14.155,1,-0.3678085,1.61267024,-6.3,1.8,126.6,75.5,56.8,-10.2213,20.5334,10.698,-0.5938295,0.08867494,10.2,20.8,-30.683,-3.2885199,1.03788,2.5381131,-1121.48,5.90311494,15.629,-10.475,-8.1
2017,Region 3,First Round,2017 North Carolina,2017 Texas Southern,1,16,1,39.1,21.8,12.623629,31.67386,0.58663013,8,6.5,-9.8,-5.2,3.58,1.45,-0.1,2.2,2.7,2.8,-41.5,-26.5,2.5,-1.7,-0.2,1.8,-3.8,-10,5.2,4.9,25.9,17.2,14.789,14.3132485,3.4,2.1,4.3,2.6,0.9,2.9,7.6,10.8,0.2,0.7,5.3,-1.3,2.9,13.5,4.6,9.5566,8.61030437,-0.3,3.4,-4.5,1.3,13.5,2.1,-7.2,0.2,-2.7,-0.5,4.6,-4.7,-4.5,-2.1,-129,-66.2,-58.4,13.5262,-17.1507,-8.4525,0.19140488,-0.0575946,-20.2,-18.6,0,-1.42E-14,-0.01,2.2,-1.2019261,2.8,33.8605,3.33521186,1.05723,-2.3945956,1547.72,-12.222549,49.679,12.87,0,0.34710971,2.97981744,-8.7,2.1,129,66.2,58.4,-20.8532,29.0942,15.79,-2.7502441,-0.5185777,12.4,21.4,-30.5683,-4.8377423,1.05723,2.63196258,-1547.72,9.90663967,25.705,-12.74,-8.9
2017,Region 3,First Round,2017 Arkansas,2017 Seton Hall,8,9,1,-1.1,-1.3,1.27731503,1.65,0.01123673,-4.7,-2.7,-0.1,3,-0.67,-0.08,0.52,12.24,2.6,2.1,-35.9,-31.7,-1.6,-1,5,-4,3.8,-6.2,0.3,6,6.6,8.2,20.7873,19.5400483,2.5,2.2,2.4,4.5,2.7,1.2,7,1.2,4.5,3.8,11.5,-4.4,2.5,-7,-9.5,8.76,7.4483195,2,2.8,0.5,-6.2,-1.4,-1.1,-1.8,-3.7,-1.1,-6.5,-3.6,8.3,0.6,-1.1,-128.3,-73.4,-47.9,10.8359,-19.0105,-11.2795,3.10755008,0.06890267,-19.8,-25,0.01,1.42E-14,0.01,12.24,2.01513753,2.1,34.078,7.12575061,-0.03887,-1.9951599,1794.51,-13.76939,18.29,14.335,0,1.24380263,-3.7381855,1.6,1.1,128.3,73.4,47.9,-12.1809,23.2206,14.139,5.32527443,-0.292239,11.3,17.2,-30.9818,-4.4179833,-0.03887,2.46477591,-1794.51,7.19524968,-11.942,-11.875,-2.5
2017,Region 3,First Round,2017 Minnesota,2017 Middle Tennessee,5,12,0,-2.4,-5.2,1.51106665,1.9325,0.0413496,-5.1,-4.1,-6.2,0.3,1.43,0.89,-0.84,0.04,4.3,5.2,-34.9,-36.2,5.5,6.9,-1.9,-5,1.6,4.4,-7.5,3.2,-5.7,-0.3,12.5917,11.9475098,1.2,0.5,2,-0.1,1.6,4,5.8,6.9,10.4,-2.9,5.8,-7.8,1.1,-0.9,-5,18.6567,18.5889688,9.4,9.3,6.5,1.8,1,2.1,-0.2,0.5,-0.2,-2.9,4.3,17.4,5.9,-4.8,-130.3,-85.4,-64.2,19.4624,-25.5188,-13.155,0.86848334,0.55140625,-27.1,-29.6,0.04,0.06,0.03,0.04,2.46130128,5.2,30.1016,4.13439507,0.65077,-2.5059332,801.09,-10.903614,-18.243,12.07,0,-0.5980005,-6.5204244,5.4,4.8,130.3,85.4,64.2,-10.341,18.3695,11.838,6.75635462,0.07855526,28.1,30.4,-36.0765,-2.9359856,0.65077,2.21578668,-801.09,5.54522201,-12.315,-10.155,-4.1
2017,Region 3,First Round,2017 Butler,2017 Winthrop,4,13,1,16.1,6.8,7.17739018,16.28276,0.30024193,1.3,0.6,-5.5,-1.5,1.54,0.84,-0.16,-1.08,-4.3,-5.3,-27.1,-18.8,1,-1.6,-0.4,2.1,-5.4,5.5,0.3,-5.8,15.1,10.4,16.162,15.7768173,8.2,8.9,4.5,1.6,2.4,3.6,-0.6,8.2,-1.6,11.6,10.5,7.3,4.5,5.7,-3.6,9.3747,8.49266507,3,0.2,4.6,1.8,1.4,2.2,0.8,5.4,5.7,-10,-0.7,1.9,4.6,5.4,-128.2,-88.4,-53.6,9.8501,-17.5172,-10.3429,2.99410047,-0.0702318,-16.6,-31.6,0.02,0.04,0,-1.08,2.7347971,-5.3,36.3322,1.90458706,0.61421,-2.6801433,1779.84,-6.5750676,31.083,12.33,1,0.62062477,-1.1090366,-4.7,-5.4,128.2,88.4,53.6,-12.5059,15.101,8.6594,6.19389966,0.13208901,8.5,26.7,-34.1784,-3.3959994,0.61421,3.17926583,-1779.84,10.8248856,10.565,-13.56,-9.3
2017,Region 3,First Round,2017 Cincinnati,2017 Kansas St.,6,11,1,9.5,7.9,4.11498542,4.7627,0.0395971,-3.4,0.3,-6,-3.1,0.24,-0.54,0.11,2.82,-2.2,-1.6,-29.8,-26.8,0.3,-9.1,7,2.1,-2.3,-4.6,3.9,0.8,5.1,8.1,19.7311,20.2805677,2.8,7.2,-4,-3.6,0.3,7.2,3.3,2.6,5.1,-0.1,12.5,7,-3.7,4.6,-0.2,20.1398,20.349946,7.7,10.5,2,-4.6,11,1.6,0.1,8.1,2.1,1.1,14.7,2.2,1.8,-2.3,-122.4,-72.6,-65.1,7.4327,-13.1945,-8.5145,0.06994834,-0.3138533,-17.4,-25.6,-0.03,-0.06,-0.03,2.82,-1.5428996,-1.6,32.3952,0.02931386,-0.37366,-1.545187,1257.41,-8.615718,10.081,11.205,1,-0.0525884,-0.2296755,3,2.3,122.4,72.6,65.1,-12.2099,21.8775,11.197,-0.1827505,-0.2114614,8.7,21.1,-30.8368,0.25336763,-0.37366,2.35174381,-1257.41,6.13053637,9.177,-9.35,-4.8
2017,Region 3,First Round,2017 UCLA,2017 Kent St.,3,14,1,20.7,13.7,13.6915823,21.21735,0.37477098,8.1,4.6,-6.2,-2.2,2.29,2.5,-0.19,-10.65,4.4,5.7,-26.7,-28.9,7.9,-5.2,2.8,2.3,2.4,-0.2,-0.6,0.9,25.6,16.9,20.07,19.2272378,9.9,10.9,5.5,4.3,-7.3,3.9,-0.6,12.5,7,6.7,13.7,10.2,5.3,1,-3.1,4.6153,4.65094487,-0.3,3.6,-4.8,4.6,7.2,-1.9,-9.8,-1.5,5.3,-2.3,3.4,2.9,-4.8,5.6,-131,-74.2,-80.1,17.0584,-10.7507,-7.5735,0.13786853,0.00232244,-9,-17.1,0.04,0.07,0.05,-10.65,-0.0291437,5.7,40.6098,-1.9793792,1.88614,-1.9358495,-31.87,-9.6777281,36.76,14.01,1,1.52145599,2.29512673,-8.7,-5.6,131,74.2,80.1,-5.2635,19.3052,11.6697,0.21850867,0.03580835,12.8,26.6,-31.0347,-6.8172039,1.88614,2.87752536,31.87,7.37406869,-0.204,-10.805,-4.1
2017,Region 3,First Round,2017 Dayton,2017 Wichita St.,7,10,0,-6.7,-7.1,-2.6303953,-10.7386,-0.108761,-0.9,-0.4,-3.4,-0.7,-1.13,-1.29,0.72,-7.09,-0.3,-0.7,-22.8,-24.2,1.3,5.3,-4.8,-0.5,-1.1,-4.9,1.8,3,0.4,2.5,19.0764,17.6477728,10.3,9.5,7.7,-0.6,8.5,2.7,1.6,12.2,2.6,10.1,13.7,-1.3,7,-9.6,-9.6,23.0098,20.360949,7,3.8,8.3,1.8,6.3,4.9,-6.9,3.8,0.6,-1.3,-4.7,8.3,8.7,0.5,-126.4,-89.1,-45.6,11.8443,-23.4818,-11.9398,4.03379853,0.18345144,-6.8,-24.2,-0.01,-0.02,-0.02,-7.09,1.73236946,-0.7,33.824,1.4051397,-0.90518,-2.4195249,2147.78,-8.0246611,12.032,12.17,-1,-0.340861,-1.8092333,2.1,-0.5,126.4,89.1,45.6,-14.7334,20.8541,11.7765,5.06339096,-0.2376195,9.8,23.6,-35.1243,-6.1492585,-0.90518,1.88407817,-2147.78,7.78813319,-5.952,-14.49,0
2017,Region 3,First Round,2017 Kentucky,2017 Northern Kentucky,2,15,1,26.9,17.1,13.7917602,25.93035,0.41844661,5.6,3.5,-7.7,-3.5,0.74,2.83,-0.34,-0.18,4.7,5.3,-34.7,-24.9,7.1,0.1,1.8,-2,3.4,-2.4,11.8,-9.3,18.7,15.8,13.828,14.9116004,3.4,3.3,2.5,-0.7,11.7,1,7.7,6.1,0.2,-1.1,4.9,0.9,3.1,5.7,1.1,14.7742,14.125535,5.5,3.9,5.4,0.3,2.6,0.4,-4.1,8.9,-0.5,-1.8,-4.1,7.9,4.8,3.3,-128.6,-81.2,-56.3,20.4813,-18.4604,-11.4635,-1.1533857,0.30626609,-12,-10.8,-0.05,-0.07,-0.07,-0.18,0.79164309,5.3,36.154,6.00533867,2.05765,-2.2345831,1276.51,-13.086411,17.272,15.245,0,-0.2444424,-1.1803865,-2.9,-3.3,128.6,81.2,56.3,-9.554,19.8301,7.8444,3.94830781,0.30231617,0.4,16.4,-32.6446,-5.1781546,2.05765,2.93698369,-1276.51,7.12539166,2.548,-12.14,-4.6
2018,Region 1,First Round,2018 Creighton,2018 Kansas St.,8,9,0,7.6,5.7,-0.4784551,2.5249,0.03695926,-2.5,-0.9,-4.4,-2.3,0.21,-0.14,0.22,5.74,6.4,5.8,-15.6,-25.8,3.8,1.2,-6.1,4.9,-3.9,-3.5,2.8,0.7,4.1,3.7,19.0304,21.4694777,8.5,10,4.4,0.7,-9.5,6,-10.4,3.5,-1,6,12.2,1.1,4.2,2.9,1.9,13.0036,15.2727105,3.5,4.5,1.2,1.4,9.4,-1.4,-1.4,4.7,0.6,-4.1,3.4,0.9,0.6,11,-130.2,-95.2,-78.5,18.2096,-18.1195,-10.0972,2.12865168,-0.0007711,6.1,-12.8,0.03,0.03,0.03,5.74,-0.5026169,5.8,38.261,-5.7511034,-0.07222,-1.9283621,836.37,-10.02999,9.258,11.275,2,0.61399114,-1.241715,-0.4,-11,130.2,95.2,78.5,-15.6928,19.9041,12.3887,1.85534545,-0.2188342,8.4,22.6,-36.398,-0.9602905,-0.07222,2.4962652,-836.37,14.8821205,5.854,-12.1,-1
2018,Region 1,First Round,2018 Kentucky,2018 Davidson,5,12,1,4.3,1.8,7.13827432,5.5018,0.07806002,0,-1.8,0.7,4.1,0.73,0.65,-1.57,5.15,4.7,4.6,-31.3,-9.6,5.9,7.8,7.4,-15.1,3.8,4.8,1.8,-6.5,3.5,7.4,13.932,12.5671472,0.5,0.9,0.9,2,14.2,-2.4,12.2,-2.8,5.4,2.2,3.6,-1.8,0.5,-4,-5.6,21.38,20.9844354,10.8,8.4,9.2,10.7,-7.7,2.6,8.6,9,-2.7,4.2,6.1,10,8.8,7.5,-133.6,-87,-71.9,20.8702,-20.9005,-17.2259,1.51829533,1.03895339,-13,-15.3,-0.04,-0.03,-0.03,5.15,2.8965468,4.6,34.1782,9.89051177,0.49824,-2.6923306,527.79,-14.603107,-16.483,15.61,-1,-0.8433131,-2.0653059,3.9,-7.5,133.6,87,71.9,-6.3077,16.0728,10.8004,2.45218906,0.30721062,-7.6,23,-40.2534,3.84819726,0.49824,1.81317533,-527.79,6.48572654,-25.84,-10.725,-1.6
2018,Region 1,First Round,2018 Arizona,2018 Buffalo,4,13,0,6.7,2.5,5.07869796,8.8761,0.09954601,7.1,5.5,-0.1,1.5,2.05,3.21,-0.27,-0.99,-5.1,-5.5,-33.7,-24.8,6.3,-3.5,5.1,-1.6,1.2,-4.7,9.5,-4.9,14.8,15.1,15.221,14.764966,8.1,8.9,4.4,2.1,-2.8,0.6,4.6,8.7,2.3,-5.2,11.4,6.9,3.8,-10.1,-12.7,14.6415,13.5171461,5.5,6.8,2,-3.6,-1.5,0.1,-7,4.4,4.1,3.8,4.1,3.6,1.2,9.2,-130.9,-81.2,-59.9,16.3925,-13.1663,-10.6704,-4.4359261,0.15326706,-7.7,-8.8,0.04,0.05,0.04,-0.99,-4.3195065,-5.5,37.2654,3.51639838,2.1851,-2.7261969,1592.88,-8.1446433,20.647,15.71,0,-0.0199123,0.45588793,0.3,-9.2,130.9,81.2,59.9,-12.7267,18.1706,7.7671,-0.7264379,0.06676296,-7.5,6.7,-37.2363,-4.6706955,2.1851,2.16191119,-1592.88,7.58100159,-20.165,-14.03,-2.6
2018,Region 1,First Round,2018 Miami FL,2018 Loyola Chicago,6,11,0,-6.6,-1.6,0.70579064,0.5701,0.07095578,-7.1,-3.2,-2.2,-0.7,0.64,2.63,-0.57,1.14,2.2,1.8,-27.1,-28.8,6.8,3.6,-2.7,-0.8,4.2,-6.7,6.5,0.3,-3.6,1.9,17.1179,15.7781885,5.7,5.9,3.7,-3.7,3.4,3.5,3.1,-2.4,1.5,-3.4,2.7,5.5,4.5,-5.2,-3.7,13.7322,13.5196143,9,7.8,7.4,0.8,4.8,0.1,6.2,6.8,-2.2,-17.8,7.1,3.1,7,6.9,-125.8,-94.7,-83.6,19.0868,-21.9589,-11.884,-3.8852451,0.31086033,-7.1,-16.8,-0.03,-0.07,-0.05,1.14,2.33017486,1.8,33.715,5.03403381,1.77181,-2.0069916,81.05,-13.233397,-10.941,9.835,-2,0.3405873,-7.2082156,5.5,-6.9,125.8,94.7,83.6,-12.8452,18.3472,9.8738,9.78534133,-0.0810841,-1.9,11.5,-37.2568,2.82802008,1.77181,2.13006246,-81.05,8.4289891,-13.226,-11.215,1.5
2018,Region 1,First Round,2018 Tennessee,2018 Wright St.,3,14,1,20.6,12.6,9.88573427,19.33186,0.33144759,-2.7,-2.6,-9.7,-4.7,0,-0.38,-0.06,3.98,-2.4,-2,-24.7,-28.7,2.8,2.2,1.3,-3.5,1,3.3,-4.9,1.6,10.4,6.3,16.588,17.7791188,2.4,1.4,3.5,4.2,6.5,3.1,8.7,11.6,5,-3.3,0.2,2,3.5,15.6,6.3,8.3779,7.3692522,2.2,1.9,2.1,0.7,-2.3,2,2.7,5.3,-2.2,-8.9,5.1,0.4,1.5,-5.2,-121.7,-81.2,-59.2,12.0383,-21.2997,-12.11,-2.8590213,0.21582836,-18.9,-34.4,0.04,0.05,0.06,3.98,-2.5262747,-2,30.6653,3.76195354,-0.26454,-1.8392283,1568.84,-13.618637,14.198,11.54,2,0.76854943,0.47463798,-4.1,5.2,121.7,81.2,59.2,-7.1463,20.3097,13.1305,4.14241701,0.06891769,6.7,17.7,-28.9268,-0.6984136,-0.26454,2.21319831,-1568.84,7.04396419,21.78,-9.125,-9.3
2018,Region 1,First Round,2018 Nevada,2018 Texas,7,10,1,8.2,8.1,1.14344065,2.7237,-0.0111297,2.2,2.2,-6.2,-3.6,0.56,-2.57,1.19,-3.92,3.8,4.2,-24.7,-22.3,-2.8,-0.9,-4.2,5.2,-9.9,-2.4,2,0.4,12.1,9.4,25.987,25.3338153,7,4.5,6.8,3,11,4.4,-2.1,9.5,3.3,2.3,4.9,2.5,6.1,3.9,-1.3,7.652,7.1396937,0.6,0.7,0.3,-4.2,2.5,1.1,-0.3,-4.8,4.8,7.7,3.4,-5.4,0.2,1.8,-132.5,-84.6,-72.9,10.9994,-17.9015,-7.712,-0.8575038,-0.2444203,-6.4,-20.1,-0.05,-0.07,-0.03,-3.92,-4.0377106,4.2,37.7346,0.15917702,-1.75031,-2.302482,888.06,-7.1387511,35.061,12.13,3,1.8901633,1.66180646,-2.7,-1.8,132.5,84.6,72.9,-20.6742,21.9198,14.065,-4.8222617,-0.3334334,0.8,9.9,-32.0386,-3.2325053,-1.75031,3.07729754,-888.06,8.15880732,11.875,-10.42,-5.2
2018,Region 1,First Round,2018 Cincinnati,2018 Georgia St.,2,15,1,23,17.6,11.0328128,19.78739,0.27500635,-1.3,0.1,-7.6,-5.1,0.75,2.19,-0.2,12.5,-1.3,-1.4,-18.7,-21.2,0.8,-1.7,12.8,-11,-3.7,-0.8,4.3,-3.5,11.6,10.8,11.32,10.3688677,4.5,6.6,1.8,-1.1,-2.3,3.5,5.3,1.6,6,17.1,11,5.9,1.5,12.8,6.9,22.887,20.7309833,11.3,10.2,8.2,-0.3,4.2,5.6,2.9,-1.6,7,12.2,12.9,2.8,7.6,-4.4,-122.9,-74.6,-65.1,7.6085,-18.4327,-18.1081,6.45432411,0.23832112,-3.2,-22.5,1.42E-14,0,-1.42E-14,12.5,3.40687573,-1.4,31.67,3.03573584,1.47637,-1.6604808,567.62,-5.8505473,19.32,12.4,-1,-1.168659,-0.3213125,-0.8,4.4,122.9,74.6,65.1,-9.4913,20.4753,10.1402,-3.4732696,-0.0242147,1.1,19.9,-32.3097,-3.0433885,1.47637,2.27186034,-567.62,5.51891184,20.78,-7.28,-5.9
2018,Region 4,First Round,2018 Xavier,2018 Texas Southern,1,16,1,31.8,19.5,19.6585733,29.3499,0.62744978,6,5.5,-3.2,-0.6,2.72,0.67,-0.19,-1.05,-0.3,-0.9,-30.8,-22,1,9,-12.1,3.1,-4.9,-5.3,1.4,3.9,27.3,21.6,7.8,8.4870225,4.2,6.4,-0.2,12.2,8.8,-1,-2.2,3.2,-2.6,-8.9,0.5,6.4,0.5,3,-1.9,6.2318,7.5265289,0.8,-1.3,2.9,-3.1,18.4,-1.5,-5.6,-5.4,-0.6,3.5,0.6,-6.5,2.3,8,-134.1,-86.4,-60.4,19.2163,-19.0949,-7.313,-5.5708972,0.17472881,-5.1,-11,0.05,0.06,0.05,-1.05,-0.3416033,-0.9,38.471,-2.202281,0.47792,-1.9677427,2124.36,-9.7345038,52.039,14.93,0,-0.1326224,4.12303351,-5.7,-8,134.1,86.4,60.4,-15.4445,21.5058,14.0922,-2.5199617,-0.3672863,1.4,16.8,-34.2124,-7.9117957,0.47792,2.20495581,-2124.36,11.1843007,4.641,-13.415,-4.9
2018,Region 4,First Round,2018 Missouri,2018 Florida St.,8,9,0,-8.3,0.2,-0.5049214,-0.3522,0.01149986,-0.7,-0.4,-3.6,-1.5,-0.55,0.01,0.21,-6.49,-5.4,-6.2,-16.9,-26.7,2.6,-5.4,-2.6,8,-8.6,-11.6,12,-0.4,-5.7,2.7,13.2766,14.6828316,5.6,5.3,2.8,2.1,7.5,-1.6,0.7,7,3.4,4.8,7.9,1.1,3.4,-11.7,-2.6,18.019,18.202802,7.3,9,2.8,-4.4,6.7,-1.6,-4.9,5.5,1.2,4.3,3.3,2.5,2.3,3.9,-126.6,-77.6,-65.6,7.0516,-13.17,-6.4304,1.16089907,-0.2638933,2.2,-16,-0.04,-0.04,-0.04,-6.49,-0.4601624,-6.2,33.4584,1.49214757,-0.0764,-2.21716,1503.56,-6.8217053,-8.133,11.885,0,-0.4980225,2.86045414,8.4,-3.9,126.6,77.6,65.6,-26.791,26.4928,11.5849,-0.9047896,-0.5391649,2.6,5,-35.8696,-3.7337927,-0.0764,1.92952178,-1503.56,7.84624487,-17.88,-12.605,9.1
2018,Region 4,First Round,2018 Ohio St.,2018 South Dakota St.,5,12,1,15.3,8.5,3.87048518,10.5187,0.13296541,3.4,2.3,-2.5,-0.9,-0.14,-0.46,-0.17,6.41,-4.6,-3.6,-29.1,-16.9,2.3,4.5,0,-4.6,3.5,-1,4.8,-3.8,16,10.8,12.112,14.483742,4.2,5.3,1.5,1.2,6,-3,7.4,9.8,3.4,1.7,7.8,0.3,1.2,2.7,-2.3,19.5882,20.4472342,6.2,5.2,4.6,6.1,6.8,4.2,0.2,-4.9,-1.2,5.6,1.8,6.3,4.4,7.4,-136.6,-97.2,-78.2,16.0375,-20.0228,-13.4966,1.1704524,0.31910796,-9.6,-23.8,0.01,-2.84E-14,0.01,6.41,1.27526225,-3.6,37.8674,4.88791053,-0.318,-3.4862409,782.62,-16.265468,28.236,13.97,-2,-0.8790253,2.1006932,-5.2,-7.4,136.6,97.2,78.2,-6.2336,16.5469,8.7172,-0.2343343,0.14067247,1,25.9,-37.673,-3.6176312,-0.318,2.32902382,-782.62,7.97278868,2.704,-12.85,-5
2018,Region 4,First Round,2018 Gonzaga,2018 UNC Greensboro,4,13,1,18.9,12.7,6.40880607,15.679,0.22502652,-0.3,0.8,-10.4,-5.5,1.29,0.47,-0.25,-4.17,3.3,4.2,-19.4,-18.4,4.2,1.5,0,-1.5,-6,3.8,6.1,-9.8,14.3,8.6,23.2084,22.1066579,10.1,11.8,5.1,-1.2,-8.2,5.6,9.2,2.3,2.5,7.7,13.7,6,5,12,4.1,10.5829,8.28760294,5.1,7.6,0.1,-1.7,-3,-2.4,-11,7.7,5.6,1.9,9.1,2.9,0,4.2,-125.2,-86.8,-74.2,16.5633,-17.7223,-13.3143,1.42947208,0.18264247,3.6,-12.7,-0.03,-0.02,-0.03,-4.17,1.03511063,4.2,37.1496,5.79313766,0.36821,-1.9733523,470.76,-7.1841995,21.054,15.06,2,1.20022019,0.18243445,-5.7,-4.2,125.2,86.8,74.2,-9.9433,17.9469,7.28,-0.6059743,0.18391533,2.1,20.8,-32.4646,-7.2477263,0.36821,2.66727352,-470.76,9.24574307,17.71,-10.83,-7.9
2018,Region 4,First Round,2018 Houston,2018 San Diego St.,6,11,1,-2.9,5.3,4.0351622,6.3892,0.0553782,-4.4,1,-3.2,-2.9,-2.77,-3.58,0.54,0.72,-1.9,-0.6,-21.9,-26.2,0.1,2,0.7,-2.7,-2.5,-1.9,-0.3,2.3,-4.3,7.1,18.6512,18.8541219,5.1,3.1,5.6,-0.9,3,1.5,9.4,-1.6,0.3,1.5,1.3,3.2,5.5,-1,-1.7,16.0387,15.502495,6.2,8.5,1.6,1.4,-6.8,2.4,-6,3,2.4,0.3,7.5,8.3,1.6,0.5,-126.5,-82.4,-63.2,10.7699,-19.789,-12.2568,-1.485913,0.11374763,-14.7,-34.9,-1.42E-14,-0.02,0,0.72,-3.1398993,-0.6,34.4242,8.63529567,-2.49808,-1.9345215,1125.4,-9.8992238,-2.344,12.895,2,0.23463636,-0.6191025,11.4,-0.5,126.5,82.4,63.2,-12.4068,21.5212,13.5899,1.74172946,-0.1854679,12.5,23,-32.6452,-4.3565485,-2.49808,2.04923364,-1125.4,9.93118054,3.908,-12.53,-0.7
2018,Region 4,First Round,2018 Michigan,2018 Montana,3,14,1,11.6,7,7.99492857,12.3605,0.19867375,-1.6,0.3,-8,-1.9,1,1.86,-0.11,3.17,-4.4,-3.4,-24.6,-42.6,5.1,3.9,-14.8,10.8,0.3,-7.4,3.8,3.6,8.1,7.6,16.5868,15.2072569,6.1,8.2,1.1,-6.6,-11,7.3,-0.4,11.2,-0.6,8.6,11.5,-3.4,0.3,6.1,-0.6,17.4345,15.1261305,3.3,4.9,-0.2,0.2,8.7,2,-9.6,0.6,-0.8,-0.5,0.5,5.4,0.9,2.8,-128.1,-89.2,-59.3,16.2314,-20.4573,-5.8561,5.1934759,-0.0689058,-4.8,-19.4,-0.02,-0.03,-0.03,3.17,-1.1266377,-3.4,35.878,0.05001686,1.22814,-2.5682882,1142.81,-9.9298678,12.771,12.965,1,-0.1368136,-2.6105316,-0.5,-2.8,128.1,89.2,59.3,-15.6116,21.9073,11.1927,1.70000986,-0.4465602,16,11.7,-32.6938,-7.9230498,1.22814,3.36941428,-1142.81,10.8866855,9.064,-13.125,-6.7
2018,Region 4,First Round,2018 Texas A&M,2018 Providence,7,10,1,6.8,9.8,-0.033957,4.9897,0.0710266,-3.8,-1.8,-6.3,-3.8,1.13,1.62,-0.34,5.13,1.1,1.7,-30.3,-29.4,3.5,3.2,0.1,-3.3,0.7,-4.1,-0.6,4.7,3.4,6.7,14.1965,13.8379647,1,0.8,0.6,-7,0.6,-0.3,5.4,7.2,6,-4.8,-0.2,2.2,0.6,1.3,3.1,14.6311,15.1692063,3.2,4.4,0.9,2.2,10.2,-1.7,-1.1,-3.4,-0.3,-2,1.5,5,0.6,-2.8,-128.4,-79.1,-68.4,19.7562,-20.3927,-13.7181,-2.8191253,0.33249324,2.3,0.7,0.04,0.04,0.05,5.13,-0.0239111,1.7,31.8577,2.85231175,1.14046,-2.2568007,821.08,-8.8305841,2.278,11.545,1,-0.0558953,-2.6500543,3.3,2.8,128.4,79.1,68.4,-11.0614,22.5002,14.4196,2.10229452,-0.2518881,10.4,18.4,-32.348,-3.1533236,1.14046,1.5721213,-821.08,5.82227201,-1.27,-10.475,1.8
2018,Region 4,First Round,2018 North Carolina,2018 Lipscomb,2,15,1,26.2,12,10.2646235,24.671177,0.40669288,6.6,3.6,-10.4,-4.1,0.19,0.68,0.3,-3.69,-5.1,-3.4,-28.2,-20.2,1.1,-0.1,1.8,-1.7,3.4,-9,7.2,1.8,15.4,12,18.529,19.4182996,0.6,-1.5,2.9,4.2,-10.1,3,14.3,12,-0.7,-8.7,-2.6,1.5,1.7,12.1,0.2,6.8689,5.81235218,1.8,8.5,-5.3,4.2,15.4,-3.9,-2,-1.3,-3.6,0.8,6.1,2,-5.5,6,-127.1,-83.5,-65.7,13.9,-17.122,-11.6135,-4.8657359,0.08547384,-2,-12.4,-0.04,-0.05,-0.03,-3.69,2.56367373,-3.4,33.9502,6.73796626,0.49402,-1.8154404,908.99,-11.421609,33.14,15.405,1,1.08400238,3.25921102,-3.4,-6,127.1,83.5,65.7,-12.917,23.2805,12.6505,-1.4073595,-0.1855382,-1,19.2,-33.3843,-0.4770789,0.49402,1.96565092,-908.99,7.63450835,24.74,-12.175,-11.9
2018,Region 2,First Round,2018 Villanova,2018 Radford,1,16,1,40.2,21.2,17.1232753,31.4568779,0.51259302,10.8,7.3,-11,-5.8,2.55,1.15,-0.25,-7.72,6.9,5.5,-14.9,-24.7,10.6,-5.5,-3,8.5,1.2,1.9,1.8,-3.7,25.7,16.9,23.755,24.2368079,10.2,11.3,5.6,1,-2.8,5.6,0.5,3.9,0.3,0.1,9.5,11.4,5.1,15.6,4.1,7.6061,6.43685039,0.2,-2,2.3,-2,6.1,-0.1,-5.5,-2.5,0.9,9.8,1.2,-7.5,3.5,7.8,-128.1,-84,-82.9,17.2137,-12.2827,-6.4141,-3.3313796,-0.0805562,7.6,-12.7,-0.04,-0.05,-0.04,-7.72,-0.4091833,5.5,40.7828,0.56058146,0.71235,-2.039892,1041.65,-9.8990099,33.431,14.08,3,1.49734957,6.71461734,-8.8,-7.8,128.1,84,82.9,-6.7002,19.2103,10.4392,-5.3289599,0.19020519,2.4,18.3,-30.8136,-7.1152773,0.71235,2.54562364,-1041.65,8.90903279,21.423,-9.83,-11.5
2018,Region 2,First Round,2018 Virginia Tech,2018 Alabama,8,9,0,-1,-3.5,2.46897488,2.8136,0.04884426,-3.4,-0.6,-3.4,0.1,-1.31,-2.11,1.04,-4.58,-0.3,0.3,-22.8,-21.4,-3,12.1,-14.1,1.9,-6.9,-10.3,2.8,7.5,0.8,2.8,20.3826,19.5377099,10.3,10.5,6.6,2.9,-0.3,1.8,-7.1,10.5,-3.9,5,7.4,3.1,6.3,1.5,-6.5,10.0817,8.63934473,1.7,4.6,-2,-2.6,12.8,-1.7,0,-4.7,3.7,-0.7,2,2.2,-1.9,6.2,-125.9,-87.7,-56.5,17.913,-21.9343,-9.907,0.1719107,0.17409977,9.5,-4.3,-0.05,-0.07,-0.07,-4.58,2.79640472,0.3,37.9089,-3.7944035,-1.48021,-1.8638326,1210.96,-5.9241477,12.552,12.555,1,1.02444046,1.80737245,2,-6.2,125.9,87.7,56.5,-25.3068,24.5836,16.592,0.18963588,-0.6746245,-2.8,5.4,-32.01,-1.1301619,-1.48021,2.10105022,-1210.96,13.0850887,10.782,-11.505,-8
2018,Region 2,First Round,2018 West Virginia,2018 Murray St.,5,12,1,12.8,8.8,4.95665318,9.0797,0.18308465,0.7,2,-4.2,0.6,1.02,0.43,-0.25,9.23,2.8,3.2,-25.5,-22.3,0.7,2.3,-5.2,2.8,-1.1,4.7,-3.6,-1.1,15.8,12.6,18.707,17.8903813,3.4,1.3,4.5,4.4,1,1.7,9.4,12.9,6.3,4.1,-3.3,3.2,4.1,3.2,-3.8,15.7624,15.7496483,5.6,8.9,0,2.4,-7,6,-2.5,-1.1,-1.9,10.9,13.8,4.7,-0.7,2,-124.7,-73.7,-57.4,11.0848,-21.4263,-10.8303,-0.2822912,0.00542978,-12.8,-26.2,-0.02,-0.04,-0.06,9.23,1.4581211,3.2,32.3363,7.38392805,0.30904,-2.6720598,1495.72,-10.832879,25.778,11.295,0,0.24615315,-2.2062279,-3.2,-2,124.7,73.7,57.4,-9.5679,13.1626,9.1486,-4.8158399,0.12572795,-4.8,4.8,-33.9072,-2.225067,0.30904,2.1118876,-1495.72,5.52759144,2.487,-14.45,-7
2018,Region 2,First Round,2018 Wichita St.,2018 Marshall,4,13,0,14.8,8.3,5.91523663,14.68398,0.25888277,0.4,3,0.4,1.2,1.17,0.3,0.93,14.59,-6.1,-5.9,-30.8,-13.9,1.2,-7.3,-1.8,9.1,-4.9,-6.9,12.5,-5.6,17.7,13.2,17.981,16.960373,5.6,5.3,3.7,6,6.1,1.8,3.6,13.7,3.5,3.6,7.9,2.6,2.9,-1.1,-5,7.471,6.2767697,5.6,10.4,-0.8,4,-0.2,-0.8,0.4,14.3,3.5,0.5,7.9,2.6,-1,9.2,-131.8,-88.2,-69.9,11.2555,-12.0722,-4.4738,0.69679582,-0.5415505,-3.4,-6.7,0.05,0.03,0.05,14.59,0.99147367,-5.9,37.0762,-0.0771963,0.19762,-2.1378454,991.26,-7.2421373,45.027,13.685,1,1.0414967,-0.4842297,-4.5,-9.2,131.8,88.2,69.9,-16.9627,21.165,9.3822,-0.2789637,-0.1511208,-4.1,18.2,-37.1424,1.61520394,0.19762,2.68708139,-991.26,7.84603542,5.96,-13.1,-3.9
2018,Region 2,First Round,2018 Florida,2018 St. Bonaventure,6,11,1,16.2,7.1,-0.0252219,7.5183,0.1614466,-1,-2.1,-4.9,-0.5,0.38,1.14,-0.34,4.23,-1,-2.1,-17.2,-32.7,1.4,-2.9,5.8,-2.8,-0.6,-1.6,1.9,-0.2,10.6,5.5,14.047,15.4357504,2.2,-2.1,5.5,0.3,-6.2,6.1,-0.8,-7.6,2.3,-7.8,-1.9,2,4.8,9.8,1.6,15.8618,15.2727367,3.4,1.9,4.1,1.7,8.2,3.8,0.7,7.4,2.8,-3.8,-1.9,6.3,3.5,1.2,-128.9,-80.7,-56,8.8568,-18.5352,-14.4252,-5.3343663,0.03041114,4.4,-17.3,-0.02,-0.03,-0.02,4.23,-0.1395743,-2.1,33.3683,5.67724349,0.79878,-2.0343822,1877.56,-7.9732461,18.61,12.025,2,-0.2361686,0.32693003,-5.1,-1.2,128.9,80.7,56,-10.3257,17.1194,8.7333,4.15500216,-0.0572199,2.5,6.8,-33.504,-2.1454595,0.79878,3.06386996,-1877.56,7.33134652,16.75,-11.98,-8.2
2018,Region 2,First Round,2018 Texas Tech,2018 Stephen F. Austin,3,14,1,23.2,16.9,6.50075361,16.37951,0.26338371,1,3.8,-9.7,-6.3,1.28,0.45,-0.14,-0.94,-4.4,-4.5,-27,-28.7,5.2,0.5,4.2,-4.9,-0.5,-7.4,1.3,5.9,13.4,12.9,14.6094,14.6280706,3,4.4,0.7,0.7,-10.2,8,4.7,-7.4,2.4,9.7,7.6,-0.5,0.3,11,4,12.8957,13.009347,6.7,6.9,4.6,0.5,1.9,1.2,-4.3,3.6,-0.4,1.9,6.6,3.5,5.3,2.5,-113,-77,-31.1,15.438,-17.5144,-12.8037,4.80366835,0.34121915,1.6,-3.7,-0.01,-0.02,-0.01,-0.94,0.88495602,-4.5,30.033,5.85589553,0.33885,-1.2973501,2232.57,-9.3466988,23.624,14.47,-1,0.12905749,-0.9295136,-0.5,-2.5,113,77,31.1,-14.4018,21.9991,13.7467,1.08238078,-0.4396954,0.7,9.7,-30.5668,-5.7768366,0.33885,2.31209241,-2232.57,7.21917052,19.182,-11.915,-7
2018,Region 2,First Round,2018 Arkansas,2018 Butler,7,10,0,4.4,2.4,1.08327385,-2.2317,-0.0425909,2.6,2.8,-0.4,1.9,0.48,0.82,0.47,4.03,1.6,1.7,-30.4,-21.3,3.6,4,1.5,-5.6,3.8,-4.3,0.1,4.2,9.2,14.5,19.4284,21.4671636,2.2,1.8,2.6,-6.4,2.2,4.5,4.7,-0.6,4.9,-0.1,7.5,-5.4,2.3,-3.7,-12,14.073,15.04329,3.6,6.1,0.1,4.6,-15.1,3.7,4.3,-6.9,-0.5,-4,2.1,9.6,-0.1,10.2,-129.8,-87,-59.9,18.8564,-18.411,-10.9032,1.23961742,0.40875927,-13.7,-18.8,-0.03,-0.03,-0.03,4.03,0.54880592,1.7,36.4034,5.59209085,0.58183,-2.5335664,1270.75,-10.718469,26.736,15.505,2,0.59628649,-1.587059,5.3,-10.2,129.8,87,59.9,-15.1376,21.1851,13.4344,4.08235441,-0.1256624,0.3,16.3,-35.6922,0.47122179,0.58183,2.35680588,-1270.75,6.60603354,-1.845,-12.12,-8.3
2018,Region 2,First Round,2018 Purdue,2018 Cal St. Fullerton,2,15,1,31.4,17.3,13.0737844,25.3509,0.49064245,8.4,6.6,-8.7,-4.3,1,4.16,0.55,2.71,-1.6,-1.9,-26.7,-37.2,2.1,-2.9,-3.8,6.7,-0.4,-9.9,4.2,5.6,24,16.8,19.579,19.7996601,9.8,9.7,5.7,-1.7,1.3,2.8,-1.2,7.6,3.1,-3.5,10.9,6.9,5.6,11.1,0.7,8.4022,8.14803957,5.2,7.3,0.6,5.8,22.2,-2.9,1.7,0.9,1.6,-5.2,6.3,1.2,0.5,5.2,-127.7,-88.7,-59.3,9.7211,-13.7889,-4.3788,-4.0483883,-0.2071063,-12.8,-26.4,-0.04,-0.06,-0.04,2.71,2.21718584,-1.9,39.5236,-0.4092317,2.88733,-1.6240205,2061.61,-10.361146,52.4,14.455,3,1.01917898,5.71508716,-7.2,-5.2,127.7,88.7,59.3,-18.348,24.6337,13.1775,2.35112552,-0.5858366,10.2,9.9,-31.8716,-0.81243,2.88733,2.6575091,-2061.61,7.16982038,25.181,-10.075,-10.4
2018,Region 3,First Round,2018 Kansas,2018 Penn,1,16,1,24.6,12.5,11.4604394,19.54341,0.28664218,6.9,4.2,-11.1,-5.1,1.64,1.75,-0.03,-7.35,0.1,-0.3,-25.6,-19.9,14.4,4.6,-13,8.4,6,-5.5,8.4,-2.9,16.4,12.9,21.0753,24.1630374,11.2,8.4,10.6,-3.8,-5.7,0.5,6.4,16.8,2.4,-5.2,3.5,4.2,10.2,10.1,-0.4,5.8592,7.37458637,4.5,5.6,2,-5.7,8.8,1.9,7.5,7,-3.1,-0.5,2.8,-0.2,1.5,6.5,-131.2,-92.3,-83.5,26.1333,-19.4138,-6.3678,-5.8773445,0.22665854,-1,-5.6,0.01,-1.42E-14,1.42E-14,-7.35,0.71596196,-0.3,39.3753,5.45921948,1.22351,-2.946319,181.29,-12.932921,29.149,13.57,3,1.48009359,0.54365096,-3.5,-6.5,131.2,92.3,83.5,-10.0194,22.0669,11.4637,0.31364999,0.08324428,-3.2,19.7,-34.6745,3.83891604,1.22351,2.42551954,-181.29,8.09539877,18.019,-9.085,-10.5
2018,Region 3,First Round,2018 Seton Hall,2018 NC St.,8,9,1,-1.8,0,1.6273638,2.2029,0.07487664,-2,2.7,0.8,-1.5,1.6,0.48,0.37,-2.03,-1,-2.1,-35.1,-28.6,-3,-6.3,5.5,0.8,-3.2,-6.2,3,3.3,5.2,8.9,15.041,15.3917257,1.3,-1.5,4.8,-0.4,2,2.8,2.3,4.9,-0.6,-5.6,-2,4.6,4.8,-10.4,-8.8,17.4266,17.3566891,3.4,2.3,3.8,-3.2,5,1,-5.1,6.8,1.3,6.7,2,-1,3.5,7.5,-126.6,-71.8,-70,10.8666,-13.9472,-9.9476,-5.0925405,-0.3217846,-1.7,-3.1,-0.07,-0.07,-0.05,-2.03,-0.0226673,-2.1,33.3093,3.60090872,0.32634,-2.2469073,823.08,-9.3935207,13.673,12.61,-1,-0.2769764,2.20033793,3.7,-7.5,126.6,71.8,70,-16.3216,19.5098,12.1262,-2.3762044,-0.3724805,2.2,12.6,-35.3244,-4.3815302,0.32634,2.18643851,-823.08,9.87185605,-16.061,-13.02,1.6
2018,Region 3,First Round,2018 Clemson,2018 New Mexico St.,5,12,1,7.8,2.4,2.60925116,6.712,0.0722788,-2.8,-0.6,-8.8,-5.3,1.92,1.34,0.06,-5.56,-2.7,-2.3,-22.2,-26.6,4.5,1.8,-5.1,3.2,-0.3,-6.6,5.7,0.8,0.9,0.8,18.8739,17.3615103,7.2,6.2,5.8,3.6,0.5,1.4,4.6,11.2,6.9,4.6,10.5,-1.7,6.4,5,1.4,14.9518,13.1888025,4.2,8,-1.5,-6,2.1,0.3,-7.5,1,-2.5,-4.7,12,-3.2,-1.4,-2.4,-127.7,-88.9,-76.2,12.634,-20.3551,-10.9036,1.05426003,0.07745035,-4.9,-20.1,-0.07,-0.09,-0.09,-5.56,2.93053514,-2.3,32.7482,5.33821215,0.91896,-2.7563526,431.84,-10.861033,2.469,11.055,-1,0.36410429,1.48651095,-0.1,2.4,127.7,88.9,76.2,-13.7052,23.0435,11.8644,0.69463101,-0.2111943,2.3,15.5,-33.512,-5.5958882,0.91896,2.31133691,-431.84,6.60041523,10.834,-10.9,-3.6
2018,Region 3,First Round,2018 Auburn,2018 Charleston,4,13,1,7.7,1.8,6.37495247,15.90062,0.35148705,-0.4,-0.8,0.6,3.2,-0.97,-0.63,-0.85,7.35,7.6,7.9,-20.6,-23.5,6.9,2.9,-9.6,6.7,3.8,-2,0.2,1.8,8.5,7.7,13.043,11.9264294,1.6,0.6,1.5,3,8.6,1.1,5,4.3,6.1,-9.9,2.5,-9.5,0.7,-3,-5.8,12.3256,9.62997027,3.3,4.7,1,4.1,-1.6,6.1,2.7,-9.4,1,11.4,4.7,1,0.6,4.3,-130,-85.1,-53.6,16.5878,-21.1625,-8.1938,-1.8447655,0.06936608,-1.8,-16.2,0.01,1.42E-14,0.02,7.35,3.18667514,7.9,34.285,4.90797762,-0.48485,-2.7961805,2604.42,-8.6351817,5.865,13.855,-1,-0.0474735,1.18316457,-0.8,-4.3,130,85.1,53.6,-10.4069,19.3578,12.235,-4.9963687,-0.0043053,-0.2,15.2,-34.5344,-1.7050647,-0.48485,2.34142913,-2604.42,5.77566803,-15.535,-12.785,-2.8
2018,Region 3,First Round,2018 TCU,2018 Syracuse,6,11,0,8,8.2,2.61017737,5.3272,0.05858864,-4.7,-1.1,-2.5,-1,-2.01,-1.61,1.09,13.26,5.8,5.6,-21,-30.6,-4.9,11,-1.7,-9.3,-2.5,2.4,-5,2.6,7,7,26.5128,27.3414906,10.1,10.4,7.2,-3.5,2.8,1.9,5.2,-11.4,0.6,1,6.7,11.8,7.8,3.8,1.3,6,5.2084741,-5.5,-3.7,-5.8,1.1,9.5,-1.5,-9.2,-9.4,7.1,-2.9,-1.3,-3.7,-5.7,3.6,-126,-75.2,-63.7,15.4675,-22.403,-16.3812,-4.0521229,0.44230829,5.9,-3.9,-0.01,-0.04,-0.02,13.26,3.97210917,5.6,36.4015,9.03828584,-0.97461,-0.6014858,1745.46,-4.9893075,29.213,13.005,2,2.10008865,4.60912784,0,-3.6,126,75.2,63.7,-10.2618,16.029,11.6946,-1.0022233,-0.1020163,9.4,11.5,-29.86,-7.75535,-0.97461,1.79584986,-1745.46,9.29208253,12.548,-13.26,-2.5
2018,Region 3,First Round,2018 Michigan St.,2018 Bucknell,3,14,1,22.8,13.3,10.966336,19.5324,0.29162117,4.5,2.9,-5.5,-1.1,0.3,0.1,-0.69,1.08,-4.2,-4.7,-32.5,-24.9,7.2,-4.2,-0.2,4.4,-1.5,-1.1,4.7,-3.6,15,14.4,17.615,17.484435,10.2,9,8.1,5.4,1.9,-2.1,8.7,18.8,9.6,5.5,11,5.6,6.8,6.7,-1.2,15.5456,13.8644794,11.4,17.2,1,-0.7,13.2,-2.6,-0.4,-2.6,3.9,7.3,19.2,12.1,1.6,2,-132.1,-82.5,-57.7,15.3358,-13.6094,-6.6944,-0.044683,-0.0791824,-8.2,-12.2,-0.02,-0.03,-0.02,1.08,0.057434,-4.7,37.742,2.55686591,0.03201,-2.2243945,1814.26,-8.3742362,14.418,15.43,3,0.09745157,0.01064157,-0.6,-2,132.1,82.5,57.7,-7.5689,18.4739,9.8088,-0.4205715,0.03490854,6.1,19.2,-36.443,-1.8124955,0.03201,1.72437735,-1814.26,4.87242764,2.772,-11.56,-7.9
2018,Region 3,First Round,2018 Rhode Island,2018 Oklahoma,7,10,1,-0.8,-1.1,0.54329447,-0.0372,-0.0335504,-2,-1,-1.7,-0.3,-2.23,-2.65,0.93,-4.32,-7.7,-7.1,-30.9,-28.7,-4.8,2.2,3,-5.2,-6,3.9,5.9,-9.9,4.2,2.2,11.001,10.8990792,0.3,1.6,-1.1,-0.1,4.9,1.6,1,6,-2,-5.5,3,-0.4,-1,-3.8,-3.2,17.8,19.4027109,3.7,3.1,3.2,1.4,-7.6,5.6,-0.4,1.9,3.7,0.9,2.4,0.7,2.7,6.6,-127.2,-83.6,-70.1,9.6175,-17.8572,-12.4696,-1.9652067,0.12536015,-0.6,-8,-0.02,-1.42E-14,-0.03,-4.32,4.00533877,-7.1,35.1727,0.91025087,-1.93187,-2.2769185,882.37,-7.8696641,14.406,11.545,0,-0.7147189,0.61912876,-2,-6.6,127.2,83.6,70.1,-15.9879,14.0102,5.9322,0.37295155,0.35412834,-6.9,-4.3,-33.0655,-2.4843375,-1.93187,2.71441223,-882.37,9.62092018,3.21,-12.66,0.6
2018,Region 3,First Round,2018 Duke,2018 Iona,2,15,1,32,23.9,13.8975092,26.26217,0.41671315,11.5,8.6,-9.3,-6.2,3.21,3.49,-1.59,-9.88,-0.6,-0.2,-29.4,-22.5,12.2,-3.1,2,1.1,2.1,-4.2,8.4,-4.1,22.7,19.5,15.214,15.8529293,3.9,4.2,2.3,4.6,5.7,1.1,8.6,5.7,5.4,7.9,8.5,-0.8,1.2,12.5,4.4,16.794,14.9354696,8.1,6.5,6.7,0,8.4,0.9,4.8,0.8,1,0.7,2.3,6.2,6.2,8.2,-130.6,-76.8,-83.5,22.9081,-12.629,-9.2218,3.86761959,0.20963859,3.2,2.3,0.04,0.01,0.02,-9.88,-1.5108978,-0.2,37.0828,4.05125428,2.4937,-2.3352886,288.64,-11.830994,13.301,15.45,1,-0.3973131,-3.5204702,-3.2,-8.2,130.6,76.8,83.5,-10.7789,20.6621,9.2929,2.70374065,0.06352713,0.8,13.9,-36.318,0.02743486,2.4937,1.80687923,-288.64,6.9841332,-1.165,-8.715,-8.1
2019,Region 1,First Round,2019 Duke,2019 North Dakota St.,1,16,1,43.2,31.7,19.6146083,35.19105,0.5478448,9.5,7.8,-12.7,-5.2,2.09,1.34,-0.71,-8.47,7.2,7.6,-26.7,-17.1,9.7,3.9,-5.6,1.8,2.6,5.8,7.2,-13,28.4,23.8,10.333,10.5636674,-0.2,5.4,-6.4,-5.6,8.4,-3.1,10.7,7.2,6.7,10,9.9,-6.9,-6.2,10.1,7.7,18.4609,17.4592711,9.2,7.5,7.5,7.4,8.1,4,9,-2.6,-1.4,6.1,4.7,8.7,6.8,5.4,-132.1,-88.1,-83.1,25.6963,-18.6318,-10.8766,8.80763369,0.30778325,1.2,-2.8,-0.01,0.01,-0.01,-8.47,-4.87012,7.6,37.1738,2.25531966,0.96348,-2.8299277,620.13,-13.501487,22.791,15.985,0,-1.0758978,-4.4559494,-4.6,-5.4,132.1,88.1,83.1,-6.2676,18.2742,6.919,0.97362453,0.53093115,-1.2,16.4,-34.3304,1.36835637,0.96348,2.35833502,-620.13,5.53632517,3.867,-7.075,-2.4
2019,Region 1,First Round,2019 VCU,2019 UCF,8,9,0,3.9,2.1,-0.806632,1.1134,0.01252704,-8.5,-3.8,-5,-1.5,-1.32,-4.35,-0.79,11.94,1.9,3.3,-20.6,-30.5,2,2.6,-5.4,2.8,-9.1,3.4,-1,-2.4,1,3.6,8.5785,10.0720077,5.1,9.1,-0.6,5.2,6.4,-1.8,1.5,1.1,4.2,5.8,11.3,0.2,-0.9,1.1,-1.4,21.6878,24.1987977,9.7,8.7,7.8,-4.4,9.2,6,1,2.7,4.8,7.5,12.1,3.8,8,-8.2,-120.6,-79.3,-50.8,12.2988,-24.8282,-13.856,3.82058975,0.0445749,0.2,-19.6,0.01,0.02,0.02,11.94,1.19660208,3.3,30.4559,0.54930626,-2.90325,-1.8871058,1060.36,-7.2775772,-4.336,8.98,1,-1.2140024,-0.6379596,2.6,8.2,120.6,79.3,50.8,-16.8598,19.3936,10.744,-1.1244548,-0.0660968,1.8,1.7,-30.0825,-2.6626919,-2.90325,1.78041497,-1060.36,7.37665662,-6.871,-10.37,-2.5
2019,Region 1,First Round,2019 Mississippi St.,2019 Liberty,5,12,0,4,3.3,4.98179261,9.8561,0.1647776,0.2,1.3,-3.8,-1.4,1.96,3.54,-0.18,-0.75,3.5,5.5,-23.9,-21.8,8.5,-6.1,4.1,2.1,2,-11.3,17.5,-6.1,7.3,9.3,17.6515,16.7118793,5.9,4.9,4.9,4.8,-0.1,1.5,8.4,5.4,4.8,1,6.7,7,4.4,-2.8,-5.9,13.8477,12.0643406,6,8.4,1.3,6.7,-5.7,2.5,4.1,3.4,-2.8,12.3,-1.4,9.5,1.1,9.5,-123,-83.1,-77.6,14.2721,-14.4631,-9.9383,-1.8790452,-0.0001642,-2.9,-12.8,-0.06,-0.07,-0.05,-0.75,-0.5496558,5.5,33.3918,7.34482314,2.34948,-2.4992607,116.73,-12.006764,11.039,12.68,2,0.33816329,0.75562574,2,-9.5,123,83.1,77.6,-17.341,21.7152,7.8202,-2.7796552,-0.0667473,-0.7,13.3,-36.6205,2.41084394,2.34948,1.90986175,-116.73,6.51286736,-6.782,-11.09,-3.1
2019,Region 1,First Round,2019 Virginia Tech,2019 Saint Louis,4,13,1,20,11.1,7.96961346,18.19706,0.26846772,-2.6,0.4,-11.4,-4.8,0.2,-0.03,0.04,2.49,-2.5,-2.6,-17,-17.3,1.4,-0.7,-5.4,6.1,2,-11.9,-5.1,17,11.9,8.8,22.1306,22.650576,9.5,7.3,8.1,4,-1.5,1.9,4.5,4.7,-1.5,0,4.8,5.6,8,15.1,2.2,8.6116,6.83644844,-2.1,-0.9,-2.4,-12.4,13.3,2.7,-8.7,-2.1,2.4,-2.4,-3.2,-1.8,-2.3,-1,-122.4,-81.4,-69.6,11.4848,-18.387,-8.5758,-3.1525583,-0.1391548,3.6,-15.7,-0.03,-0.02,-0.02,2.49,-1.5286774,-2.6,36.2286,4.03567724,-0.00338,-1.612394,815.88,-7.3245299,23.226,12.64,1,1.27731518,3.60498061,-3.1,1,122.4,81.4,69.6,-14.7042,29.2433,23.5811,0.25058028,-0.662276,-1.1,20.3,-26.8193,-5.1723254,-0.00338,1.8175973,-815.88,10.2433751,29.278,-9.76,-12.9
2019,Region 1,First Round,2019 Maryland,2019 Belmont,6,11,1,3.8,-1.9,2.80310976,6.9037,0.10424654,0.7,1.6,-3.7,-1,0.35,-0.2,-0.81,-2.2,-7.9,-4.9,-28.3,-16.8,7.2,7.8,-10.6,2.8,-1.8,-8.1,12.6,-4.5,1,4.9,12.06,11.1082153,3,4.1,0.6,5,5.2,-3.5,9.6,7.9,3.1,5.9,4,-3.3,0.4,-2,-6.9,20.9911,19.6019185,11.8,14.8,5.1,1.7,1.5,-1.1,-0.9,9.7,-0.7,6.3,10.2,5.4,4.9,4.6,-134.2,-91.5,-84.7,18.8129,-21.8406,-9.488,3.50602638,0.32905925,-9,-16,0.01,-0.03,0,-2.2,2.11214332,-4.9,33.2945,6.90253417,-0.20821,-2.992234,283.08,-9.7075027,-9.637,12.305,-2,-0.9672654,1.22591555,3.9,-4.6,134.2,91.5,84.7,-21.1975,25.3824,10.6762,-0.9420644,-0.1256082,-6.4,13.3,-41.1768,0.54309169,-0.20821,1.67448233,-283.08,6.62939284,-13.369,-12.48,-4.9
2019,Region 1,First Round,2019 LSU,2019 Yale,3,14,1,10.3,7.4,8.04322349,12.37867,0.19911134,1.3,1.8,-3,-1.2,-0.01,0.1,-1.1,2.28,-2,-1,-27.5,-26.3,10,4.4,-0.6,-3.6,-0.8,-10.1,5.4,4.7,9.3,9.3,15.37,16.2435694,4.5,5.9,1.1,1.7,7.1,-3,12.9,-2.7,4.5,7.4,5.9,1.8,1,0,-2,14.1824,13.0829266,5.9,6.4,3.3,4.5,-3.7,2.6,4.1,13.2,3.9,6.6,3.5,2.9,2.8,5.2,-127.8,-81.6,-67,22.9551,-23.6796,-15.138,3.03707049,0.5324237,-1.8,-5.6,0.04,0.05,0.05,2.28,0.53051431,-1,34.265,8.35574832,0.0652,-2.2472436,1200.05,-8.2032737,2.437,14.035,0,0.0323903,-1.479304,-4.44E-16,-5.2,127.8,81.6,67,-23.5107,23.4813,13.6355,-1.6702973,-0.4362522,5,12.5,-35.6373,2.24026683,0.0652,2.42892742,-1200.05,7.61269024,-12.32,-11.705,-2
2019,Region 1,First Round,2019 Louisville,2019 Minnesota,7,10,0,3.8,4.2,-0.3712094,6.5133,0.09642224,-6,-2.3,-2.9,-1.1,-1.74,-0.49,0.22,8.72,0.6,-0.2,-22.6,-34.3,4.2,-7.2,-2.6,9.9,-3.4,-7.2,-0.5,7.6,0.4,6,17.1624,16.3540266,1.8,2.3,0.3,8.9,6.8,-1.2,1.1,3.2,-3.4,-3.7,5,-0.9,0.1,3.1,-1.8,18.2655,16.7988932,1.9,2.7,0.4,-1.8,10.4,-1.3,-6.1,11.8,-0.3,-3.8,-0.5,3.3,-0.3,-5.3,-131.7,-85,-63,10.9314,-16.3152,-7.4382,-1.0471655,-0.3611784,-1.8,-15.2,0,0.02,0,8.72,-0.6580924,-0.2,33.3904,1.8921328,-0.33881,-2.1913995,1248.15,-8.5332749,3.034,11.13,0,-0.1259968,1.79175011,5.6,5.3,131.7,85,63,-18.2633,26.7782,15.9128,2.49764577,-0.6272602,8.7,11.4,-31.0624,-1.8562217,-0.33881,2.17689967,-1248.15,11.3440795,8.614,-11.665,-4.9
2019,Region 1,First Round,2019 Michigan St.,2019 Bradley,2,15,1,32.5,24.9,18.2558116,31.718975,0.48763235,4.6,5.7,-11.4,-8.8,0.81,-0.36,-0.27,1.17,2.6,2.9,-22.6,-27.8,2.7,8.1,-6.6,-1.5,1,7.8,-9.6,1.9,18.7,13.5,20.479,18.8757291,8.2,8.4,5.4,3.1,-0.3,-0.1,7.4,14.6,6.9,0.1,8.2,1.3,5,15.1,11.2,10.5241,8.03893362,6,5.4,5,1.3,8.6,-4,-0.3,-0.9,3.2,-7.5,8,7.7,5.4,-3.2,-128.9,-85.3,-65.7,17.6522,-22.8807,-12.1506,-0.9268203,0.31629211,-10.8,-26.8,0.01,0.01,0.03,1.17,-1.7746469,2.9,35.619,1.38447076,-0.24129,-1.6534959,998.06,-7.915103,32.771,14.06,2,0.88649937,-0.4864453,-5.2,3.2,128.9,85.3,65.7,-2.365,18.396,12.3838,6.31060745,0.19141226,15.2,28.8,-31.918,-4.4698401,-0.24129,1.86661752,-998.06,6.37916381,26.678,-8.57,-3.9
2019,Region 4,First Round,2019 Gonzaga,2019 Fairleigh Dickinson,1,16,1,44.4,30.4,16.3029808,37.0374,0.61301265,11,9.1,-8.5,-4.8,2.04,0.84,0.14,3.29,3.7,3.6,-26.2,-30.4,5.1,0.5,2.7,-3.2,-3.2,-5.3,5.7,-0.3,33.5,24.7,14.693,13.8432025,8.1,10.7,2.2,6.4,5.8,5.9,-2.5,4.4,4.1,4,13.3,4.5,1.1,13.4,5.7,13.848,13.197742,10.3,8.1,9.5,4.8,10.4,-0.5,-2.3,12.1,5.3,11.8,7.7,1.9,9.8,9.8,-126.8,-79.8,-73.2,21.8518,-14.1971,-12.1341,1.47069777,0.27494596,10.3,4.4,0.02,0.02,0,3.29,-4.0979196,3.6,41.064,-3.0179501,0.5964,-1.8106071,1041.34,-8.7612368,63.271,15.145,0,-0.2332975,2.78542986,-8.8,-9.8,126.8,79.8,73.2,-13.0332,20.7198,10.14,-2.8927868,-0.2308726,-3.9,4.7,-33.3808,-4.8762367,0.5964,3.39345553,-1041.34,7.03750479,26.35,-9.455,-7.7
2019,Region 4,First Round,2019 Syracuse,2019 Baylor,8,9,0,2.1,3.6,-0.4382985,1.0065,0.0376065,-4.1,-1.4,-5.3,-5.1,2.49,2.3,0.19,-7.96,0.6,0.8,-19.4,-12,-0.6,3.6,-8.6,5,-0.1,0.8,-8,7.2,5.5,2,11.9892,11.3258408,0.9,2.4,-1.1,0.1,0.3,0.1,1.3,-5,4.5,11.1,-0.2,-1.4,-1.2,-7.6,1.4,19.6037,18.5466031,3.4,4.4,1.7,-4.9,-2.2,3.3,-4.8,-13.4,4.2,-3.6,12.1,0.4,1.2,-3.5,-120,-69.7,-59.3,13.5602,-23.3888,-10.6354,5.49717145,-0.0323555,-12.6,-29.8,0.05,0.1,0.08,-7.96,-3.1440738,0.8,30.883,3.37765193,1.55052,-1.5911789,865.28,-6.1311553,9.628,11.27,0,-0.7646228,-1.8563612,-3.5,3.5,120,69.7,59.3,-13.535,21.7918,18.3282,1.11473677,-0.1208559,4.2,25.3,-28.5909,-7.9745512,1.55052,1.08908989,-865.28,5.24854932,-10.602,-9.655,9
2019,Region 4,First Round,2019 Marquette,2019 Murray St.,5,12,0,0.4,2.5,1.45674667,5.089,0.07277031,-0.9,0.4,-2,0.3,0.64,0.93,0.05,1.17,-0.4,0.4,-22.9,-27.4,0.3,-9.1,3.1,6,-8.1,-8.7,9.7,-0.9,5.8,7.5,15.444,13.7235823,7.7,2.1,10.8,4,7.5,0,-0.9,6.4,1.9,-1.6,0.4,7.4,9.9,-6.1,-5,16.3086,14.8372856,9.3,12.4,2.5,5.9,-2.5,-0.6,-6.2,8.3,2.5,5.2,9.8,2.1,2.5,1.6,-127.2,-82.3,-66.8,5.2204,-13.8837,-9.2354,-5.0587101,-0.3893364,-3.5,-19.6,-0.02,-0.06,-0.04,1.17,-2.6245317,0.4,33.0985,4.3616054,0.65424,-2.5531384,1128.23,-7.912978,9.272,9.915,-1,-0.1131936,3.76557398,1.7,-1.6,127.2,82.3,66.8,-24.5091,24.1949,11.3598,-1.9366743,-0.4298003,-4.3,-1.6,-36.725,-2.1908485,0.65424,1.83338631,-1128.23,8.09102811,-8.634,-13.565,1.1
2019,Region 4,First Round,2019 Florida St.,2019 Vermont,4,13,0,4.6,0.8,8.42189963,13.83676,0.16385141,-4.5,-2.1,-4,-0.1,2.18,3.45,0.5,4.62,3.6,3.2,-23.5,-20.8,12.3,2,-2.1,0,3.1,-0.8,3,-2.2,3.3,4.6,13.7584,13.1712088,1.7,4.5,-1.7,1.6,10.1,0.2,11.3,2.6,3.9,-2.4,9,-3.9,-1.9,1.6,-3.9,17.5197,15.1528323,5.1,5.8,2.7,2.8,0.2,3.7,-0.6,2.1,3.6,4,3,9.3,2.4,-0.6,-124.5,-90.7,-65.1,22.1454,-21.3682,-11.9509,0.75957554,0.37930028,-0.5,-6.5,-0.02,-0.05,-0.03,4.62,1.7612188,3.2,31.0716,7.93626115,2.36451,-2.555696,1636.47,-7.5437143,8.152,11.865,0,-0.4004638,-7.8704363,1.3,0.6,124.5,90.7,65.1,-5.5956,18.868,11.083,0.8403629,0.11154979,1,22.1,-33.0035,-3.444129,2.36451,2.33166408,-1636.47,7.20521765,8.004,-11.635,-5.5
2019,Region 4,First Round,2019 Buffalo,2019 Arizona St.,6,11,1,13.5,10.9,5.51965132,9.1279,0.10740086,-3.7,-0.4,-4.5,-2.8,-1.14,-0.48,1,1.93,2.6,3.6,-12.6,-28.2,0.9,7.4,-8.1,0.6,-8.2,-1,0.4,0.4,11.1,11.6,16.3254,15.3337827,4.8,8.6,0,-2.1,-6.4,3.3,5.2,0.2,1.4,11.5,5.4,2.1,0.3,3.7,-0.7,15.2209,13.6945561,3.6,1.8,4.4,-2.5,12.1,1.9,-5.8,11,1.2,5.8,2.8,-1.1,4.3,0,-126.6,-82.8,-54.1,18.0756,-24.5406,-14.1093,4.81194544,0.17475591,15.5,-5.7,-0.01,-0.05,-0.04,1.93,-0.1677862,3.6,35.355,2.64076233,-0.34668,-1.7521651,1271.78,-9.2554152,31.374,13.835,1,0.07347452,-1.2909614,0.5,0,126.6,82.8,54.1,-17.5254,20.6906,13.4533,-1.7759408,-0.2726115,-0.6,5,-30.6308,-6.3541966,-0.34668,3.20941892,-1271.78,8.60674636,16.758,-11.9,-4.4
2019,Region 4,First Round,2019 Texas Tech,2019 Northern Kentucky,3,14,1,19.3,13.5,9.04293476,20.18842,0.27526708,0.8,3.2,-8.6,-4.3,-0.03,-0.71,0.27,-3.25,-1.6,-2,-25.3,-18.8,4.1,-1.4,4.5,-3,1.7,-9.5,10.6,-1.1,10.1,12.5,10.018,10.472317,4.8,3.4,4.9,0,-1.7,0.3,2.1,0.1,4,-1.8,7.2,0.7,4.5,10.5,1.1,23.2882,22.054252,12.2,14,6.3,-2.2,-2.1,5.4,-2.1,13.4,4.2,-1,7.2,11.6,6.2,0.4,-122.7,-85.6,-58.2,16.4394,-18.8543,-13.38,-1.5341657,0.16153176,-4.7,-16.3,-0.02,-0.01,-0.03,-3.25,-1.3675437,-2,34.4731,4.05065511,-0.49056,-2.1063446,1132.82,-7.8259335,20.715,12.59,-1,-1.342994,-4.2397063,2.4,-0.4,122.7,85.6,58.2,-12.5675,26.8132,13.3524,4.32709797,-0.1658019,-1,22.6,-32.164,-0.5387992,-0.49056,2.05657261,-1132.82,5.95943012,23.778,-10.355,-9.4
2019,Region 4,First Round,2019 Nevada,2019 Florida,7,10,0,1.5,0.3,3.47668438,0.599,-0.0198908,-1.3,-1,-8.2,-4.7,0.92,1.13,1.32,-11.91,6.1,6.5,-19.2,-16.6,2.1,-1.2,-3.4,4.7,-2.6,5.1,-1.8,-3.3,2.7,-0.4,22.105,21.4963164,5.7,6.5,3.1,1.8,7.1,8.2,-5.2,5.2,2.2,5.7,7.4,3.1,3.1,1.4,0.6,15.1419,14.3130934,2.3,3.8,0.1,4.6,2.8,1.2,-6.4,-0.9,4.1,-5.4,8.1,-0.3,0.2,0,-125.8,-86,-67.7,17.1632,-19.3029,-11.2088,1.46549062,-0.1112604,3.2,-7.3,-0.04,-0.06,-0.03,-11.91,-1.0339484,6.5,34.648,-2.0572213,0.77811,-2.1759779,631.16,-7.9416227,25.533,11.855,0,0.6695611,-1.0520811,-3.1,0,125.8,86,67.7,-7.7299,18.7185,12.2244,1.95343909,0.13425424,0.8,22.7,-30.8572,-5.8590069,0.77811,2.67290368,-631.16,8.23556909,17.126,-9.68,-0.8
2019,Region 4,First Round,2019 Michigan,2019 Montana,2,15,1,30.7,15.9,12.1941811,25.88829,0.3696096,3.2,2.2,-15,-5.2,1.48,2.27,-0.98,-8.42,-3,-1.8,-23.6,-32.6,4.9,-2.8,-1.1,3.8,-0.8,-3.6,11.8,-8.2,12.2,10.7,11.702,12.083748,2.1,2.8,0.4,-4.7,-10,5.8,-0.5,9.5,2.1,9.8,6.2,-2,-0.2,18.8,5.2,21.279,20.475538,12.6,11.7,9.4,4,7.1,0.9,-2.2,6.8,-1.9,9.2,7.6,8.7,8.7,2.9,-131.5,-97.3,-79.1,16.2281,-19.4839,-10.0358,5.42109548,-0.0579034,-2.1,-14.1,2.84E-14,0,-0.02,-8.42,-1.345266,-1.8,35.4165,0.43986388,1.51076,-2.5145837,-78.14,-11.463297,15.018,12.14,-1,-1.0214932,-3.8037477,-1.5,-2.9,131.5,97.3,79.1,-14.7996,21.7138,6.8635,-0.1208372,0.17246585,7.2,14.8,-36.6045,-3.5596974,1.51076,3.40595875,78.14,8.42229341,25.864,-10.37,-13.6
2019,Region 2,First Round,2019 Virginia,2019 Gardner Webb,1,16,1,34.4,24.6,15.9529346,36.398722,0.52320722,7.8,9,-10.1,-6.5,1.95,3.43,-0.13,-3.34,-7.2,-7.5,-16.3,-21.8,5.6,1.1,4.2,-5.4,0.5,-12.4,7.5,4.9,23.1,23.5,15.353,15.3203084,5.5,2.3,7.1,2.1,2.6,3.4,-1,2.3,3.5,3.6,2.6,3.6,5.8,12.1,0.9,19.5587,16.7530637,11.3,8.3,10.5,6.5,11.3,1,3.3,7.9,-1,-3.1,3.3,3.6,8.8,4.2,-132.6,-90.5,-74.9,17.6521,-19.2098,-14.1662,-0.6842733,0.27922141,-1.2,-21.3,-0.07,-0.1,-0.06,-3.34,2.26524132,-7.5,38.4983,1.91809988,2.26105,-2.0315201,562.56,-12.188381,37.09,12.66,0,-0.6848973,1.56528004,0.4,-4.2,132.6,90.5,74.9,-18.6306,28.3582,16.0423,4.2521891,-0.4265568,-2.9,16.3,-35.5366,-1.1489838,2.26105,3.18359602,-562.56,7.3654096,18.307,-10.075,-11.2
2019,Region 2,First Round,2019 Mississippi,2019 Oklahoma,8,9,0,-4.1,-0.2,-1.5811795,-0.4514,-0.0033735,-2.5,-1.3,-4.5,-2.3,-0.51,-0.19,-0.48,-2.9,-0.6,-0.8,-19.5,-31.9,1,-6.5,7.8,-1.4,1.9,-5.9,4.5,1.4,3.1,5.2,18.9127,20.3540265,5.9,7.6,2.5,10.9,7.6,-0.7,2.5,4.2,0.4,-6.6,13.9,5.5,2.5,-6.1,-5.4,11.7047,12.2458068,-0.4,1.8,-3,-0.9,-1.8,3.6,3.3,-6.7,-1.4,5.7,-8.3,7.1,-2.8,0.9,-125.9,-86,-79.6,9.2765,-16.9875,-13.2629,-3.7915988,-0.1027552,-5.4,-22.9,-0.05,-0.02,-0.05,-2.9,0.13921535,-0.8,34.0965,2.69915887,-0.13784,-2.1873308,173.51,-10.548803,-0.47,9.985,0,0.71608327,1.76636832,2.1,-0.9,125.9,86,79.6,-15.4974,22.2809,10.1444,-0.3816595,-0.1674265,15.5,20,-31.0912,-0.4366527,-0.13784,1.84670632,-173.51,9.09912155,-16.222,-9.75,0.7
2019,Region 2,First Round,2019 Wisconsin,2019 Oregon,5,12,0,11.2,9,7.20421116,8.5229,0.08577891,-3.9,-3.1,-10.6,-4,-1.22,-0.17,0.37,-4.48,-1,-0.5,-20.7,-25.6,-3.5,2.7,8.2,-10.8,-3.6,-2.7,7.2,-4.5,-3.3,2.8,18.2609,15.9827842,4.7,0.8,7.2,-5.4,-7.8,6.6,-4.1,-6.3,3.2,-1.4,0.7,4.2,6.9,10.6,6.3,20.566,17.6400565,6.9,8.2,3.1,5.4,4.4,-0.6,-3.2,7,3.8,0.5,3.6,8.3,3.6,-5.2,-129.6,-91.7,-81,9.2845,-21.4924,-19.8126,-3.4578803,0.27112724,2,-15.2,0.01,0.03,0.01,-4.48,-2.5894866,-0.5,32.912,2.89527884,-0.11831,-1.8988385,-440.62,-6.2109556,-0.54,9.07,1,-0.2053346,-1.1149528,6.1,5.2,129.6,91.7,81,-12.7191,22.0118,10.1105,2.49996237,-0.0338545,5,16.5,-33.003,-3.503256,-0.11831,3.11170109,440.62,7.7441771,18.953,-8.92,-4.3
2019,Region 2,First Round,2019 Kansas St.,2019 UC Irvine,4,13,0,5.6,2.3,5.62381175,10.76033,0.18185672,-2.9,-0.3,-11.8,-6.9,-0.1,-1.03,0.02,-12.97,-1.1,-1.8,-29.1,-25.2,4.9,-4.3,-0.7,5,2.1,-5.3,-5.2,10.5,-1.7,2,10.816,9.43995115,5.8,8.3,0.3,-4.5,-3.1,-0.7,1.7,15,1,-0.8,13.6,4,-0.5,7.4,0.1,18.8683,17.9995262,3.3,1.2,4.8,3.4,-1.9,5.8,-8,-6,2.5,-1.3,-5.1,9.3,4.5,-7.3,-125.9,-86.3,-76.4,6.8952,-19.1423,-9.2518,-0.8017945,-0.1258813,-15.7,-26.8,0.08,0.08,0.08,-12.97,2.0034688,-1.8,31.4849,0.73438315,-0.68639,-2.588023,-207.24,-8.4645224,-3.567,8.77,0,-0.7478087,-0.4592305,3.7,7.3,125.9,86.3,76.4,-11.8327,22.5185,17.7978,4.28643878,-0.3805178,5,22.2,-30.7255,-9.4488705,-0.68639,2.01172456,207.24,11.6251328,16.234,-10.265,-7.3
2019,Region 2,First Round,2019 Villanova,2019 Saint Mary's,6,11,1,-2.7,-6,4.33414318,1.0639,-0.0081901,0.3,1.2,0,2.4,0.13,-0.84,0.23,0.47,1.3,1.1,-15.1,-25.7,6.9,-13,-9,22,2.7,-5.8,1.4,4.5,3.6,6.1,20.0499,17.8386229,4.8,4.8,3.5,-1.2,5.9,-0.6,7.6,14.7,-0.3,-5.4,7.6,0.7,3,-8.1,-12.2,16.4353,15.4763597,4.1,2.8,4.3,4.6,1.1,1.8,-4,-18.3,-1.9,-0.9,-1.5,6.9,3.5,5.9,-132.2,-87.4,-77,11.453,-12.8143,-2.6428,-2.9487202,-0.7086634,2,-14.5,0.04,0.03,0.04,0.47,2.58855366,1.1,35.8924,4.31032539,-0.53298,-2.7922089,787.16,-13.059927,8.864,13.675,-1,0.36910836,-1.9652289,2.5,-5.9,132.2,87.4,77,-11.9852,18.7336,12.7773,2.96852237,-0.2233057,-2,12.9,-36.1299,-6.7238988,-0.53298,2.12297518,-787.16,10.1700494,-9.939,-12.505,-4.1
2019,Region 2,First Round,2019 Purdue,2019 Old Dominion,3,14,1,32.4,17,7.67797634,20.47267,0.29733478,4.1,1,-10.2,-2.4,0.68,1.22,-0.2,-0.51,0.9,1,-15.4,-19.7,3.7,1.1,-6,4.9,2.3,-0.3,-5.6,5.8,19.4,12.7,24.7422,25.5455192,7.1,7.7,3.9,6.5,-3,2.7,10.2,1.2,6.2,-2,6.8,5.3,5,19.8,4.2,6.8868,4.78703192,-1.8,-3.4,0.9,-7.3,-3.1,1.6,-5.7,-1.2,2.7,1.7,-3.7,-0.1,0.6,-4.5,-128.1,-81.3,-75.9,12.2555,-22.1238,-10.4286,-3.0585866,0.01106688,0.8,-24,-0.06,-0.07,-0.07,-0.51,-1.1346912,1,34.2023,8.1249327,0.8223,-1.9727536,57.69,-6.4627351,29.638,12.005,1,1.70325217,3.64687403,-6.7,4.5,128.1,81.3,75.9,-9.1062,23.0288,15.299,-0.4440212,-0.0823892,8,26.6,-29.3142,-5.9697523,0.8223,2.15405035,-57.69,6.66357446,32.386,-10.015,-15.6
2019,Region 2,First Round,2019 Cincinnati,2019 Iowa,7,10,0,8.6,5.5,2.72171059,1.0954,0.04070111,1.6,2.1,-2.1,-0.8,-1.53,-0.76,0.41,-1.87,-5.5,-6,-25.5,-18.2,-0.7,-7.4,15.2,-7.9,-1.7,-5,1.2,3.8,11.8,11.3,10.359,11.571346,-2.6,-6.1,2.4,2,9.3,2.4,8.6,-4.9,6.9,-4.1,-1.8,-0.5,2.1,-5.1,-5.8,22.648,22.5189311,4.5,6.8,1,7.6,11.8,3.7,-0.5,9.5,-0.3,3.2,10.1,-1.2,0.9,1.3,-127.3,-74.1,-60.3,10.3072,-16.4102,-16.3627,-2.4052399,0.02162621,-7,-16.1,0.04,0.04,0.06,-1.87,-1.7600929,-6,32.157,8.24948928,-0.57004,-1.6996466,1227.32,-9.7503038,23.799,13.345,1,-1.2829436,-0.8208612,-0.5,-1.3,127.3,74.1,60.3,-13.1709,21.1312,13.41,-2.0450946,-0.2564736,0.2,18.9,-32.7057,0.57738429,-0.57004,2.33071815,-1227.32,6.04837496,-3.078,-11.775,-0.7
2019,Region 2,First Round,2019 Tennessee,2019 Colgate,2,15,1,27,18.7,13.9409502,22.6933,0.37342,8.1,7.4,-6.2,-3.8,0.12,-0.66,0.58,-1.45,1.9,0.7,-27.3,-19.2,6.1,-4.9,13.5,-8.6,3.6,-3.4,4.5,-1.2,26.5,19.8,16.728,17.3582196,4.7,5.3,2.3,5.7,4.8,2.1,4.7,8.8,5.3,-4.9,8.2,7.5,2.8,4.4,-1.1,14.5393,13.3662574,8.5,9.3,4.7,8.6,-5.5,-1.1,0,5.6,3.6,9.8,6.9,8.1,4.1,9.2,-128.6,-80.9,-74.7,13.7194,-12.4226,-15.1808,-4.1267226,0.30013491,-7.3,-18,-0.05,0,-0.03,-1.45,0.50239976,0.7,37.6153,1.35845513,-0.44645,-1.737247,388.37,-8.9825416,55.525,14.125,0,0.04510115,2.0127144,-6.7,-9.2,128.6,80.9,74.7,-9.595,18.1725,9.6162,-1.6895679,0.03612208,-6.1,13.4,-35.5381,-0.8567566,-0.44645,2.29372238,-388.37,6.22126228,13.694,-11.44,-5.5
2019,Region 3,First Round,2019 North Carolina,2019 Iona,1,16,1,33.4,20.5,20.1735167,32.24928,0.58358612,7.3,6.1,-6.2,-3.3,1.67,0.4,-0.23,3.49,4.8,4.2,-21.2,-13.9,2.8,-3.5,10.1,-6.6,4.1,-11,11.7,-0.7,22.1,19.7,10.279,9.1586571,0.6,1.7,-0.3,5.9,2.1,1.5,4.5,5.5,-1.6,-2.2,11.1,-2.7,-0.4,5.1,0.9,15.813,13.9465032,4.7,5.8,2.2,5.8,8.2,1.2,-2.5,-4.3,-3.1,-7,-7.7,10.8,1.6,6.5,-128.5,-86.4,-74.3,13.7408,-16.2826,-13.922,0.66409213,0.15349116,-4.9,-21.1,0.05,0.06,0.06,3.49,-2.731744,4.2,34.9819,0.86910598,0.32788,-1.8026276,530.98,-10.963381,39.522,13.01,0,-0.8142334,-4.5091062,-2.4,-6.5,128.5,86.4,74.3,-14.7957,26.5447,13.5075,7.04369596,-0.1425193,-5.1,23.3,-34.2665,-3.679606,0.32788,2.02981088,-530.98,8.98021058,7.491,-11.97,-4.2
2019,Region 3,First Round,2019 Utah St.,2019 Washington,8,9,0,1.4,0.8,-1.0452026,3.2529,0.0358852,-6.2,-2.4,-5.5,-2.4,0.66,0.57,-0.83,4.46,2.7,2.1,-26.7,-20.1,-0.9,10.2,-12.9,2.7,-7.2,-1.7,1.6,-0.1,5.6,0.9,19.3526,17.7833186,7,8.7,2.6,4.2,2.2,6.1,-2.7,3.3,4.7,3.8,0.4,6.1,2.3,6,0,10.6333,10.0795373,5.9,10.2,-0.2,-1.4,1,-2.6,-7.4,-3,7.1,-2.9,18.3,-1.5,-0.4,-0.1,-121.1,-82.1,-59.6,19.3067,-25.611,-9.9438,-0.5779107,0.1670397,-4.3,-13.5,-0.01,-0.02,-0.01,4.46,-1.2033864,2.1,31.9323,-1.397467,0.3948,-1.3494859,1331.12,-5.5680396,3.049,10.305,-1,0.84265871,0.1938114,-4.7,0.1,121.1,82.1,59.6,-14.5836,21.3351,11.7458,-0.2007082,-0.2209048,6.6,22.9,-32.5306,-6.673116,0.3948,2.14021687,-1331.12,7.21432034,5.988,-11.93,-6
2019,Region 3,First Round,2019 Auburn,2019 New Mexico St.,5,12,1,6.4,2.7,4.48887877,9.7437,0.12372829,3,2.6,-4.3,-0.8,1.07,0.71,0.16,-18.1,1.2,2.4,-11.3,-9.5,10.3,4,-14,10.2,2.1,-6.7,9.9,-3.1,12.7,10.5,20.5537,20.6049139,5.5,3.3,5,0.6,-1.4,1.8,10.1,15.6,10.1,-11.5,2.2,-6.9,4.7,-7.8,-7.8,16.3653,15.6296616,2.2,6.2,-1.5,-3.9,-2.5,7.6,-4.3,1.2,-4.6,10.3,2,0.6,-1,8.7,-120.2,-74.6,-65.9,20.3982,-22.1132,-7.3713,-4.034206,0.11730832,3.4,-20.1,-0.02,-0.03,-0.01,-18.1,0.14387064,2.4,34.8141,8.8650896,0.47739,-2.8270282,728.21,-12.362971,28.549,13.49,1,0.37285107,1.81116088,-2.2,-8.7,120.2,74.6,65.9,-17.9922,22.2315,12.5798,-4.8352069,-0.0344093,-13.5,11.4,-32.2474,-0.9125111,0.47739,2.09738307,-728.21,5.41370506,-14.938,-13.035,1.33E-15
2019,Region 3,First Round,2019 Kansas,2019 Northeastern,4,13,1,7.4,5.4,10.913035,11.95825,0.22205837,-1.7,0.8,-2.7,-0.4,0.59,0.27,-1.05,5.19,4.4,3.7,-29.1,-12.3,1.7,3.2,-2.3,-1,-3,-3.1,7.9,-4.7,7.3,8.9,10.028,9.728572,0.5,-0.3,1.4,-3.4,4.9,-2,5.4,3.1,3.8,4.5,0.1,-3.6,1.1,2.4,-3.5,19.4244,17.801932,9.4,10.5,5.2,7,6.6,1.8,5.6,1.9,-3.1,6,7.8,6.1,4.5,9.1,-129.4,-95,-77.1,16.9494,-18.7949,-11.5149,2.52204734,0.17351814,-2.3,-12.1,0,-0.02,1.42E-14,5.19,-2.6968855,3.7,34.4705,5.75466561,0.20314,-2.6525367,625.89,-15.60527,2.899,13.005,-2,-1.014535,-3.2312502,1.6,-9.1,129.4,95,77.1,-17.07,20.5881,10.0387,-0.5281475,-0.0414737,-0.9,19.7,-37.9906,2.08107733,0.20314,1.86727442,-625.89,8.20839837,-10.128,-11.38,-5.9
2019,Region 3,First Round,2019 Iowa St.,2019 Ohio St.,6,11,0,8.9,3.6,3.43830199,6.7691,0.07987469,1.9,3.3,-8.7,-4.1,0.97,0.15,0.06,-9,1.8,1.8,-23,-21,1.4,-2.7,0.5,2.2,0,-3.1,4,-0.9,7.8,6.1,24.8024,24.0817872,6.7,7.6,3.5,-1.2,-1.5,2.2,2.4,3.7,3.4,1,12.7,3,3.6,1.8,-2.5,12.1228,12.210671,2,2.8,0.5,1.9,10.4,0.1,2.3,9.1,-0.2,6.3,1.6,-0.1,0.5,2.1,-127.9,-87.7,-80.3,14.7817,-19.9073,-10.7954,0.25672051,-0.0888257,-9.3,-25.9,0.02,0.04,0.02,-9,-1.4755836,1.8,36.475,2.31008737,0.09612,-1.9597014,790.24,-12.270882,12.39,12.385,2,1.24214213,2.79126893,-1.7,-2.1,127.9,87.7,80.3,-14.2917,24.6372,12.3547,-2.7822498,-0.0584117,11.4,30.9,-31.3745,1.83043958,0.09612,2.36937135,-790.24,7.14542491,3.114,-8.405,-4.3
2019,Region 3,First Round,2019 Houston,2019 Georgia St.,3,14,1,16.7,13,9.02977383,16.82753,0.26464145,-1,1.6,-5.6,-4,-0.37,0.91,-0.42,10.8,-3.6,-3.8,-11.4,-15.2,1,-6.7,9.6,-2.9,-1.2,-12.1,14.5,-2.4,12,11.8,11.829,12.7752239,2,0.3,2.9,0.4,0.6,4.3,1.1,-2.7,4,0.4,6.1,0.8,2.7,4.7,1.3,16.1926,16.6974838,12,8.7,10.8,-3.6,-1.9,1.6,2.9,-4.1,7.7,-7.9,0.6,5.6,10.2,-1,-127.3,-82.2,-63.5,10.7257,-16.9028,-15.5164,-0.2794959,-0.0725369,-0.2,-23.9,-0.02,0.02,-0.01,10.8,0.88922243,-3.8,32.8183,3.36626387,0.6844,-1.8177062,584.64,-6.1155455,21.354,11.105,-1,-0.5047511,-4.3388375,-0.2,1,127.3,82.2,63.5,-15.6283,28.6006,13.0596,7.51944775,-0.2599666,-2.5,18.5,-34.8864,-3.3499448,0.6844,2.38705222,-584.64,6.60073622,6.649,-10.435,-3.4
2019,Region 3,First Round,2019 Wofford,2019 Seton Hall,7,10,1,13.9,8.9,4.46483461,7.8074,0.10245381,0.9,2.3,-2.2,0.6,-1.35,-0.75,0.28,5.02,-2,-3.2,-16.7,-23.4,0,-2.1,-1.6,3.7,-3.3,-7.3,4.1,3.2,15.3,14.4,21.9609,18.8410341,8.5,5.6,8,-3.4,-4.9,3.8,2.9,-3.3,-2.8,8.8,8.3,1.1,7.4,-2.6,-5.6,11.6608,9.89352474,-0.3,-0.1,-0.3,0.1,3,1.8,-4.7,3.3,3.6,-8,-1.7,-2.8,-0.2,7.2,-127,-84.4,-73.1,9.6636,-13.6497,-8.3574,2.08104256,-0.1333712,1,-20.5,-0.02,-0.06,-0.03,5.02,1.30084416,-3.2,38.2964,5.49783193,-0.55541,-2.0349417,659.29,-7.7869054,29.821,13.415,2,1.01296942,1.37545169,-0.9,-7.2,127,84.4,73.1,-16.2803,23.8428,15.0018,2.81246588,-0.3764464,-6.1,9.2,-31.5561,-4.0619406,-0.55541,2.53132422,-659.29,10.2540172,-2.018,-11.77,-3
2019,Region 3,First Round,2019 Kentucky,2019 Abilene Christian,2,15,1,29.4,16.8,11.2374019,25.32704,0.40712178,4.5,3.6,-12.5,-6.9,2.17,1.68,-1.53,-1.77,1.3,0.3,-36.8,-27.5,6.2,1.1,2.5,-3.5,2.9,-0.8,-3.3,4.1,14.4,11.3,16.684,15.9124318,3.7,3.5,2.9,1.7,4.1,4.9,8.8,3.2,6,4.1,6,1,2.1,16.7,5.3,12.8156,10.5431795,5.4,6.2,3.3,1.7,7.4,1,-1.9,9.4,-0.2,7.1,6.7,6.3,3.4,2.3,-122.3,-82.1,-57.5,18.2944,-18.351,-11.5993,1.52426327,0.37449357,-20.3,-21.1,-0.04,1.42E-14,-0.04,-1.77,0.23858404,0.3,31.6459,6.7977811,1.12659,-2.2981403,1789.77,-12.084524,0.999,14.58,0,0.30275018,1.90546102,-3.1,-2.3,122.3,82.1,57.5,-8.6318,20.5995,12.3537,-1.0490008,-0.0604291,9.7,23.3,-33.5304,-1.9621392,1.12659,2.04790025,-1789.77,6.41784383,9.394,-10.43,-11.4
2021,Region 1,First Round,2021 Gonzaga,2021 Norfolk St.,1,16,1,44.2,26.6,13.5317465,40.36625,0.61396456,12.7,9.3,-12.6,-6.8,1.54,1.24,-0.84,-16.36,3.2,6.7,-22.4,-29.6,0.5,14.8,-2.3,-12.7,0.2,-1,2.9,-1.9,29.4,23,21.756,21.4772644,13.6,16.8,4.8,3.3,-5.3,4.6,1.7,-1.1,-2.8,6.3,17.4,6.5,5.1,20.9,3.6,11.1258,9.3767627,2.2,-0.7,4.9,0.6,12.7,2.5,-5.4,3.2,3.3,-4.6,-2.9,-2.9,4.5,5.6,-125.1,-88.7,-56.8,24.7593,-24.9746,-19.1321,1.43899857,0.78583822,10.7,-6.7,0.02,0.02,0.01,-16.36,0.56554339,6.7,40.2908,0.13698141,0.89543,-1.8722873,1419.79,-8.7562061,43.932,16.305,0,0.89202426,1.61937758,-6.4,-5.6,125.1,88.7,56.8,-7.3409,20.4066,9.4369,2.58247236,0.03643906,12.7,24.8,-30.1959,-8.5376507,0.89543,2.82306978,-1419.79,12.9976232,32.606,-10.11,-17.3
2021,Region 1,First Round,2021 Oklahoma,2021 Missouri,8,9,1,3.5,1.7,-1.7879021,1.4939,-0.0008814,-2.6,0.3,-1.8,0.5,-0.75,-0.78,-0.34,-0.62,-1.3,-1,-28,-24.4,2.1,0,-5.3,5.4,-2.4,-6.1,5.6,0.6,5,7.5,16.3287,16.7645403,2.3,2.5,1.1,3.3,-7.3,2.6,-1.9,5.5,-1.9,-4.1,3.8,-0.6,1,-3.5,-5.8,15.4644,16.0378582,2,6.3,-3.4,-3.7,14.7,-0.2,-1.1,4.2,0.7,4.5,5.2,0.8,-3.1,-0.9,-128.2,-87.4,-74.2,14.4218,-20.6651,-8.917,-1.5455807,-0.1070667,-15.1,-22.7,0.06,0.09,0.09,-0.62,0.24744104,-1,33.2976,1.2049177,-0.5412,-2.321354,898.7,-9.7763543,8.134,10.615,1,0.08062017,0.78544598,2.5,0.9,128.2,87.4,74.2,-16.0246,23.4385,12.4765,-3.0282995,-0.2396876,3.2,16.5,-31.7242,-0.6029513,-0.5412,2.73432898,-898.7,9.8650718,-11.127,-9.785,-2.3
2021,Region 1,First Round,2021 Creighton,2021 UC Santa Barbara,5,12,1,6.3,2.1,3.12566067,9.0734,0.11125319,1.8,1.3,-5.3,-1.6,-0.37,-1.99,-0.1,-5.6,2.8,3.4,-24.8,-27.2,8.2,-2.4,-9.7,12.2,-2.2,-6.6,1.3,5.2,6.7,5.3,17.8596,18.0280362,8,9.7,3.3,-12,-1.1,5,0.3,11.4,3.5,4.5,12.4,-0.2,3,-0.6,-3.3,15.6768,14.0129092,6.1,7.3,2.7,5.7,9.8,1.3,0,6.8,-1.7,-3.4,1.8,9.3,2.6,3.3,-129.1,-94.3,-83.9,14.9741,-16.5993,-5.267,2.11386014,-0.2064795,-4.1,-18,-0.06,-0.09,-0.07,-5.6,1.75321735,3.4,36.021,0.22693,-1.35594,-2.6906689,537.61,-13.322602,14.252,10.505,2,0.18543391,-1.596985,-1.4,-3.3,129.1,94.3,83.9,-15.5524,22.2333,15.1116,4.15282044,-0.3996545,7.5,19,-34.8032,-0.0758648,-1.35594,2.34850682,-537.61,9.5350475,-2.526,-10.565,-2.7
2021,Region 1,First Round,2021 Virginia,2021 Ohio,4,13,0,11.9,12.1,5.51910925,11.54,0.14676364,3.3,4.6,-3.5,-1,0.77,2.46,0.49,-4.57,-10.9,-9.4,-17.7,-24.1,5.9,-5.4,3,2.4,3.6,-5.7,7.4,-1.8,15.2,15.5,13.749,13.9206252,5,3.7,4.4,5.1,-8.2,4.6,-4.3,2.4,6.5,6.8,0.9,11.9,3.9,2.3,-3.4,20.0196,17.8970818,7.9,10.3,2.6,-3.5,5,-1.8,-6.1,7,-2,2.9,8.1,5.2,1.7,10.9,-132.4,-98.2,-93.6,15.8192,-14.09,-10.7467,-0.7390966,-0.0485385,2.4,-13.1,0.02,0.04,0.01,-4.57,-3.5303653,-9.4,37.6806,-1.2672693,1.50284,-2.1324328,300.98,-16.259788,30.713,11,2,-0.7122179,-1.1409345,0.3,-10.9,132.4,98.2,93.6,-10.7298,20.2351,10.7967,-0.2037832,-0.0026272,-3,14.7,-38.3948,-2.6706262,1.50284,2.32498847,-300.98,7.03849197,11.763,-12.78,-5.7
2021,Region 1,First Round,2021 USC,2021 Drake,6,11,1,17,9.4,3.76480781,7.582,0.14684276,3.8,4.4,-5.7,-3.7,3.28,3.02,-0.3,-3.31,1.3,0.5,-32.9,-33.4,7.8,0.6,3.9,-4.5,-1.1,-4.4,0.8,3.5,12.4,10.7,13.5768,13.0905878,3.7,2.4,4,-9.3,7.8,0.7,10.8,4.4,6.3,12.1,2.3,3.4,5.6,3.2,-1.2,23.2907,21.9175683,9.1,12.2,2.4,-1.7,0.4,2.2,-4.3,-7.6,0.8,-3.7,12.1,8.3,3.1,0.4,-130.5,-80.5,-82.8,16.4456,-17.2836,-13.548,2.96710046,0.4124316,-19.3,-22.4,1.42E-14,-0.02,-0.02,-3.31,1.38076468,0.5,32.9691,8.67111527,2.05477,-2.9500249,344.73,-11.613766,19.22,13.215,0,-0.9924943,-0.9987186,-1.7,-0.4,130.5,80.5,82.8,-10.8455,20.06,11.9093,4.04726564,-0.2813271,18.6,26.5,-36.7156,-5.424889,2.05477,2.04419128,-344.73,6.84728172,1.63,-10.17,-4.4
2021,Region 1,First Round,2021 Kansas,2021 Eastern Washington,3,14,0,4.6,4.5,7.4402756,14.37985,0.1799722,0.6,1.6,-5.3,-3.2,0.98,0.67,-0.17,-9.09,-1.9,-3.9,-28.6,-22.9,1.5,0.2,-0.9,0.6,3.1,-2.5,4.8,-2.2,2.7,6,8.597,9.01200452,2.2,1.7,2.1,-1.3,2.8,-1.2,5.6,8.5,5.1,-11.7,1.8,-0.1,1.5,0.7,-1.3,19.0861,17.7306576,7.1,8.3,3.4,6.8,3.9,3.5,3,7.1,-0.7,-2.9,1.6,12.8,2.5,-1.7,-129.3,-92.4,-84.9,9.1324,-19.6248,-12.0778,-5.4883717,0.02893027,-8.9,-21.1,1.42E-14,0,-0.01,-9.09,2.14228379,-3.9,32.2406,5.3860974,0.47417,-2.7594226,655.72,-13.501086,3.255,10.18,0,-1.039369,-0.7964451,3.3,1.7,129.3,92.4,84.9,-9.9035,19.0756,10.676,4.72436811,0.07358261,3.2,21,-34.5735,0.81416108,0.47417,2.34628469,-655.72,8.25017098,-0.637,-9.25,-2
2021,Region 1,First Round,2021 Iowa,2021 Grand Canyon,2,15,1,16.5,13.2,8.36394427,21.92666,0.22824263,3.3,4.2,-3.2,-0.7,0.49,-0.32,-0.47,4.41,4.3,4.7,-20.9,-24.2,0.9,-0.4,0.1,0.4,0.3,-6.2,3,3.3,15.3,17.8,26.9189,28.1728244,9.9,7.6,8.9,1.6,2.6,3.2,7.9,18.2,5.6,8.3,8.3,5.6,8.1,4.4,-4.8,8.9615,7.14623936,4.5,9.6,-2.6,1.7,11.9,-4.1,-4.4,-4.1,0.2,-3.9,5,10.1,-3,0.4,-133.5,-84.9,-81.5,9.4197,-18.7918,-12.0202,0.70173781,0.00256377,-1.7,-21.1,-0.06,-0.05,-0.08,4.41,-2.8240755,4.7,38.2137,3.93513092,-0.1263,-1.9042989,14.32,-11.477557,21.639,13.06,3,1.70336391,-1.304864,2.5,-0.4,133.5,84.9,81.5,-13.785,20.9698,14.2424,2.44475146,-0.2541343,2.6,15.1,-33.6017,-2.0860943,-0.1263,2.35527127,-14.32,7.85280148,4.472,-10.71,-9.2
2021,Region 4,First Round,2021 Michigan,2021 Texas Southern,1,16,1,31.8,16.5,11.4150821,36.84603,0.59746496,4.7,3.9,-12.1,-6.3,0.17,2.1,-0.41,-7.71,-5.9,-4.7,-28.2,-39.5,3.1,0.1,4.6,-4.6,-3.1,-15.7,11.2,4.5,15.6,8.9,14.396,14.4926136,8.4,8.1,6.3,8,-4.9,3.1,3,6.5,2.5,13.3,15.3,0.4,5.8,16.5,7.7,10.3409,7.11238225,3.4,8.7,-5.8,-4.1,14.4,-6.4,-8.1,1.7,5.4,11.2,1.7,4.1,-4.5,-5.4,-127.7,-86.5,-73.9,13.4196,-18.2182,-13.1486,5.31571999,0.23536464,-7.2,-16.8,0.01,-0.02,-0.01,-7.71,-0.3121429,-4.7,35.5723,3.49070706,1.41158,-1.7182802,1108.25,-7.2967154,33.318,11.64,2,0.3018155,2.94279592,-6.7,5.4,127.7,86.5,73.9,-18.7774,30.4474,13.9983,-5.3379019,-0.8575899,17,16,-29.5954,-4.5092618,1.41158,2.97901066,-1108.25,8.63782948,35.718,-9.26,-8.8
2021,Region 4,First Round,2021 LSU,2021 St. Bonaventure,8,9,1,-0.8,-1.3,0.37343852,-1.2305,-0.0072098,-1,1.6,3.7,1.8,0.29,0.47,-0.9,16.51,7.5,5.9,-19.7,-23.8,0.2,-5.2,11.4,-6.2,-2,-7.8,-4.3,12.1,10.1,8.3,29.2825,27.0716698,7.3,7.9,4.4,9.6,5.6,3.4,3.1,-15.3,0,2.8,13.5,7.4,4.1,-7.1,-9.4,11.128,10.2953057,2,-2,5.4,2.8,-1.3,1.5,-0.8,6.1,3.3,4.7,-5.4,1.4,4.4,-2.7,-129.1,-73.7,-80.9,8.2546,-18.9453,-17.0271,-0.9069619,0.02277,-3.6,-23.8,-0.01,0.03,0.01,16.51,-3.4860607,5.9,33.6717,6.80440812,0.31316,-1.9903513,-13.94,-7.3490766,-1.837,10.37,1,1.83465246,1.79483772,-1.8,2.7,129.1,73.7,80.9,-19.4994,25.6122,19.8264,-0.2522959,-0.6476992,0.1,11.2,-32.4895,-2.7411983,0.31316,2.35634032,13.94,11.5178635,-18.563,-9.47,-2.3
2021,Region 4,First Round,2021 Colorado,2021 Georgetown,5,12,1,9.6,7.5,5.96555871,7.6247,0.10910771,-1.9,0.1,-5.9,-2.4,-0.69,-1.58,0.19,9.37,-3.9,-3.4,-24.5,-26.4,-3.3,-0.6,4.1,-3.5,-2.1,5.8,-2,-3.7,3.7,3.3,20.781,21.6956767,4,2.9,4.1,13.5,4,-0.6,3.6,-5,0,5.1,1.7,5.1,3.5,7.2,4.4,14.9572,15.4140561,1.9,-0.4,3.3,2.8,2.3,-1.9,-6.8,4.1,2.5,-9.8,-1.9,2.6,3.3,-2.7,-125.5,-83.8,-85.9,6.9948,-17.4353,-12.8366,0.20792031,-0.012437,-9.5,-25.3,0.04,0.02,0.05,9.37,-1.7132588,-3.4,34.84,6.18592726,-1.1284,-1.3740892,450.27,-8.7798426,10.07,10.84,0,0.5418869,0.33541239,-0.4,2.7,125.5,83.8,85.9,-5.8416,16.0725,9.2109,6.02419424,0.20239576,12.6,24.9,-28.4814,-7.713794,-1.1284,2.50192423,-450.27,11.6933817,17.461,-8.65,-2.8
2021,Region 4,First Round,2021 Florida St.,2021 UNC Greensboro,4,13,1,24.5,13.9,5.75420934,13.91648,0.31002755,1.2,0.2,-6.4,-3.3,2.6,0.87,0.21,2.96,0.1,2,-22.4,-21.1,7.1,1.5,4.9,-6.4,1,-0.4,-0.2,0.5,14.7,7.9,20.4769,19.8333285,6.3,3.8,7.1,3.1,-3.7,0.8,9.8,2.4,8.1,1.9,7.1,0.9,6.1,10.1,6,9.7454,7.94731832,1.7,6.1,-3.3,-5.8,-12.5,4,-1,-5.3,4,8.2,7.4,2.6,-2.6,-2.8,-123.6,-74.6,-70.8,19.712,-19.331,-15.1681,-0.5808222,0.43244666,0.3,-7.6,0.04,0,0.04,2.96,4.70708329,2,32.5122,9.25868718,0.64664,-2.5914576,525.49,-7.9718917,29.715,13.025,2,1.01584832,0.45467982,-6.8,2.8,123.6,74.6,70.8,-8.2512,22.3965,15.0015,-4.3345774,0.00172052,2.8,16.4,-30.1948,-2.4643532,0.64664,1.94660571,-525.49,6.21218918,20.405,-8.295,-4.1
2021,Region 4,First Round,2021 BYU,2021 UCLA,6,11,0,-1.3,1.9,0.91146747,5.0287,0.01523003,-3.8,-0.9,2.8,1.8,0.68,2.77,0.62,9.06,5.1,3.6,-22.2,-33.5,-1.7,-4.2,3.3,0.9,-0.4,-3.6,0.5,3,3,7,15.6211,15.349333,4.3,5.1,2.2,0,-0.2,-1.4,4.4,7.5,0.1,1.1,6.1,5.3,3,-6.6,-5,21.2418,21.5949365,5.4,5.1,4.3,3,3.2,-0.7,-7.5,4.9,2.3,-4.4,-5.6,9.5,4.5,4.3,-130.7,-93.1,-82.2,8.0433,-13.6031,-10.8289,-1.0882461,-0.1760369,-13.1,-30.9,0.03,0.01,-1.42E-14,9.06,-0.1046031,3.6,35.8732,2.56578794,1.90327,-2.3523858,314.2,-11.83254,11.642,12.38,2,-0.5736495,0.55723505,4,-4.3,130.7,93.1,82.2,-12.408,21.5851,11.5306,5.91822508,-0.2042241,30.5,39.4,-34.772,-7.2362271,1.90327,2.17890953,-314.2,13.039217,-3.652,-12.065,1.6
2021,Region 4,First Round,2021 Texas,2021 Abilene Christian,3,14,0,7.9,4.2,5.19715759,10.4549,0.18159062,-1.6,0.2,-10.8,-5.5,2.74,1.73,-0.34,-8.63,-2,-0.8,-24.1,-30.1,14,1.1,-8.9,7.7,0.1,-6.9,9.8,-2.9,1.1,3.1,20.9284,20.934677,7.5,6.1,6.6,1.7,-8.5,6.5,3.4,1.4,0,-4.1,6,0.1,5.9,4.3,1.1,9.7809,8.17230099,6.2,5,5.4,0.7,-2.7,-1.6,-3.7,25.6,-0.7,10.9,2.2,-0.4,4.7,-2.1,-115.9,-83.3,-52.8,21.8435,-20.7373,-9.1191,-3.1412402,0.15557035,-2.1,-8.5,0.01,-0.01,1.42E-14,-8.63,3.9568559,-0.8,27.636,5.5767183,1.21164,-2.0601956,950.38,-9.9882643,-1.482,9.75,-1,1.04318693,2.09034044,2,2.1,115.9,83.3,52.8,-11.4734,22.4225,9.5033,-3.9935266,-0.0898377,2.2,11.8,-33.15,0.2416283,1.21164,1.99312161,-950.38,8.85061116,7.748,-11.885,-3.2
2021,Region 4,First Round,2021 Connecticut,2021 Maryland,7,10,0,3.4,1.6,1.96941387,3.1836,0.06139484,-1.8,-0.4,-0.3,1.4,-0.21,1.57,-0.11,13.22,0.9,0.3,-24.9,-24,1.7,6.7,1.8,-8.5,-1.2,7.4,2.4,-9.8,4.8,7.2,21.3826,19.762876,1,2.6,-0.7,1.4,4,-0.6,12,-2.9,5.6,-3.7,-1.4,5.1,-1.3,-6,-5.5,19.2364,17.7773436,6.4,7.2,3.3,-0.4,-4.3,2.8,8.9,7.2,3.6,0.4,14.5,-0.4,2.9,-3.2,-129.2,-87.7,-75.3,14.8889,-23.2707,-16.1298,-2.6154251,0.47802896,-5.2,-17,-0.06,-0.09,-0.07,13.22,-0.4791024,0.3,32.134,9.26725161,1.04406,-2.2246965,501.19,-8.6991702,7.309,11.28,1,0.19674937,-1.3077601,2.4,3.2,129.2,87.7,75.3,-7.6751,14.9237,7.2965,-0.0437724,0.44700295,3.6,17.4,-33.2184,3.91571625,1.04406,2.41076656,-501.19,6.3657794,-12.516,-9.065,0.5
2021,Region 4,First Round,2021 Alabama,2021 Iona,2,15,1,24.7,15.1,10.0571265,26.02358,0.37095908,-2,-3.5,-7.5,-3.3,1.36,-0.24,0.13,8.58,5.3,5.5,-15,-28.8,0.4,1.3,-10.4,9,3.3,-2.8,6.4,-3.5,11.1,3.9,10.315,11.9427957,5.7,4.3,5,2.9,-17.7,1,5.3,-3.5,3.2,3.6,1.1,0,5,13.7,11.4,13.637,12.1176969,5.9,3.5,6.7,5.7,4.2,-1.4,-3.7,12.2,-2.2,3.6,-0.5,3.6,5.4,-6.6,-118.2,-79,-57.1,11.4123,-22.2744,-9.807,0.49472604,-0.2023979,14.2,-5.7,-0.02,-0.03,-0.04,8.58,1.61106296,5.5,31.0958,7.18878796,-0.15202,-1.387176,943.76,-7.6670277,21.349,11.505,0,-0.3166375,-2.2940658,-7.2,6.6,118.2,79,57.1,-9.5287,22.6224,11.1694,0.78039742,0.12021023,9.4,21.7,-28.1383,-4.1117555,-0.15202,2.32483419,-943.76,8.05180361,26.289,-8.64,-2.3
2021,Region 2,First Round,2021 Baylor,2021 Hartford,1,16,1,32.2,23.4,11.5568255,32.22785,0.533344,4.2,6.4,-10.1,-7,0.57,-1.34,0.06,3.08,3.7,1.8,-20.1,-23.2,4.9,-0.6,3.1,-2.4,2.1,-0.1,8.2,-8.1,18.5,16,23.045,24.0794544,9.9,3.4,13.1,2.9,2,2.8,8.7,6.5,-0.4,6.1,6.2,-0.7,12.2,13.6,7.4,3.7207,3.18318751,1.3,3.2,-1.3,2.6,-3.1,5.6,6,-5.1,-3.9,-8,-3.7,5.7,-0.5,4.6,-118.4,-77.9,-87.7,14.0172,-16.8834,-13.068,-0.2069872,0.17447309,1.1,-14.1,-0.03,-0.08,-0.04,3.08,-0.9092901,1.8,36.6904,9.19906958,-0.9186,-1.9941286,-716.4,-14.522502,37.419,12.08,4,1.8330005,2.93207714,-2.5,-4.6,118.4,77.9,87.7,-9.6955,20.6015,9.2777,4.92070211,0.26604296,6.6,23.4,-28.3026,1.15083117,-0.9186,2.15874248,716.4,8.66870752,27.192,-6.745,-6.2
2021,Region 2,First Round,2021 North Carolina,2021 Wisconsin,8,9,0,-7.7,-1.9,0.38860536,-2.5669,-0.0545843,-6.8,-3.6,-1.7,1.8,0.87,0.89,-1.36,6.06,6.1,6.9,-37.6,-21,2.6,5,0.6,-5.6,4.3,7.2,-4.8,-2.4,-2.4,4.1,20.2438,17.5682731,0.6,1.8,-1.3,-4.4,6.4,-2.8,16.2,2.8,1.8,1.3,1.4,0.9,-1.7,-6.4,-5.9,22.4989,19.5614689,0.7,-0.5,1.6,7.3,-0.2,5.8,2.6,3,0.5,0.8,3.2,0.5,1.5,-5.5,-128.8,-83.6,-82.6,15.314,-22.6444,-13.4053,0.9162347,0.49885729,-18.4,-16.8,0.03,0.05,0.04,6.06,-0.1671147,6.9,29.2352,7.13069733,0.7666,-2.7897824,104.61,-8.4148067,-18.768,11.71,0,-0.2047429,-1.3563434,6.5,5.5,128.8,83.6,82.6,-3.9725,16.329,10.068,0.00038575,0.34756943,8.8,25.7,-32.8301,-0.4285826,0.7666,1.70338701,-104.61,6.92166,-28.016,-8.62,0.5
2021,Region 2,First Round,2021 Villanova,2021 Winthrop,5,12,1,14.5,8.9,2.0664314,13.67932,0.1749364,5.4,4.4,-8.6,-3.5,1.3,1.02,-0.12,-16.42,-6.5,-8.8,-19,-20.1,3.8,2.1,-10,8,0.5,-1.2,-0.1,1.2,14.2,10.4,22.4485,22.455129,3.8,3.6,2.8,10.3,-3.8,9,5.7,14.4,-4.6,0.8,5,-2.3,2.9,5.4,-1.5,9.109,7.69333745,1.2,2,-0.1,0.4,9.9,-0.5,-10.8,4.9,-2.2,-3.8,2.6,0.4,0.9,6.6,-125.5,-89.5,-74.7,15.2235,-20.7258,-9.0624,0.54393964,-0.0235783,-9.2,-30.1,-0.07,-0.09,-0.09,-16.42,-0.4867784,-8.8,34.197,3.33651312,0.72234,-2.1888438,146.9,-13.531765,25.482,12.43,0,1.28223916,-1.0816804,-3.8,-6.6,125.5,89.5,74.7,-11.5954,17.5207,12.7749,1.92510209,-0.0466101,4.5,22.9,-33.507,-6.4869701,0.72234,3.10811456,-146.9,20.6262154,9.534,-13.68,-6.9
2021,Region 2,First Round,2021 Purdue,2021 North Texas,4,13,0,8.1,8.6,6.1667649,10.5741,0.1348101,-2.3,-0.2,-2.3,-2.5,1.33,1.99,-1.43,12.77,1.7,3.3,-28.3,-17.1,4,3.3,-5.6,2.4,-0.2,-5.5,-2.2,7.7,8.6,7.4,19.9474,17.4678426,5.7,7.3,1.9,-1.5,0.5,2.7,5.3,13,2.3,1.7,0.6,9.3,0.7,-0.1,1.3,14.0213,10.7411898,5.4,3.2,5.8,6,-3.1,-3.5,-3.8,-8.6,-1.1,0.8,1.3,3,5.4,-0.3,-122.6,-88.9,-78.6,14.5637,-22.5181,-11.2722,-1.5737503,0.13142146,-14.2,-23.9,-0.01,-0.04,0,12.77,-4.0100687,3.3,30.168,2.99684438,1.33665,-2.1201019,151.95,-10.467762,0.65,9.46,-1,0.54733833,1.29017479,-1.2,0.3,122.6,88.9,78.6,-15.401,22.76,16.9074,1.79523841,-0.2921783,9.2,32.1,-34.2974,-6.4474221,1.33665,1.45850913,-151.95,7.96737948,-11.83,-11.1,1.4
2021,Region 2,First Round,2021 Texas Tech,2021 Utah St.,6,11,1,6.4,-1.2,2.04421792,4.4365,0.04656186,-4.3,-3.9,-7.5,-3.6,-1.14,-2.64,-0.09,4.1,-2.5,-3.3,-28.4,-28.9,1.9,2.3,6.2,-8.5,-1.2,-13.1,7.6,5.6,0.1,-2.1,23.1428,22.4199933,4.1,5.8,1.6,-2.7,13.2,3.4,12.5,-0.8,3.8,11.8,10.3,0.4,2.2,3.5,0.8,14.3135,12.9745954,2,4.8,-1.4,3.5,-7.1,4.1,-5.3,15.8,7.4,-5,-2.8,3.5,-1,-7.1,-120.5,-79.6,-68.7,8.2719,-21.1578,-15.5062,4.99189532,0.37298126,-12.6,-25.8,0.06,0.06,0.04,4.1,-0.3976364,-3.3,30.8821,10.2476909,-1.80477,-1.783682,956.02,-6.1103731,-1.325,11.43,0,0.80389425,-1.0383492,-2.2,7.1,120.5,79.6,68.7,-18.5718,27.69,14.3124,3.00554992,-0.5802791,13.6,22.7,-27.5658,-0.3584443,-1.80477,2.63163473,-956.02,7.20440892,4.286,-9.11,-2.7
2021,Region 2,First Round,2021 Arkansas,2021 Colgate,3,14,1,9.8,6.2,4.18493071,11.3069,0.06669492,0.4,1.1,-5.4,-2.6,1.45,0.83,-0.27,-3.63,3.1,1.2,-27.2,-26.5,5.3,1.7,0.5,-2.2,3.7,-11.4,10,1.4,8.9,7.4,10.834,12.0252908,5.9,2.5,7.8,6.1,7.7,-0.8,6.3,8.2,6.3,-6.8,3.7,-1.3,6.7,5.2,-1.3,20.9176,21.1683554,9.4,8.5,7.4,4.5,1.7,6.6,-2,9.6,-0.1,-4.6,6.3,-0.1,7.1,1.7,-132,-88.5,-82,14.2487,-20.9607,-15.2787,-4.7179858,0.27838723,-2.7,-13,-0.02,-0.06,-0.04,-3.63,1.4883714,1.2,33.5086,7.09148126,0.61792,-3.5606464,26.11,-10.530005,13.29,10.255,-3,-1.0295496,-2.3429694,-1.5,-1.7,132,88.5,82,-13.9181,22.1084,10.2587,3.44171798,-0.2535451,-6.2,11.3,-38.5538,-2.4434989,0.61792,2.40188214,-26.11,6.7118142,5.601,-12.785,-6.5
2021,Region 2,First Round,2021 Florida,2021 Virginia Tech,7,10,1,0.5,-0.2,0.27694158,2.3315,0.03800505,-2.6,0,-3.1,0.7,1.02,0.83,0,1.26,4.2,2.1,-26.9,-23.7,5.3,2.1,3.3,-5.4,1.5,7.2,-2.6,-4.7,4.7,5.8,16.1474,15.9114971,4.1,4.3,2.7,5.8,2.9,-3.1,6.5,-1.6,4.3,-1.9,9,1.6,2.6,-3.8,-5.9,16.6253,15.3575308,5,3.3,5.1,-0.6,-1.6,3.3,3.2,5,2.4,11.4,2.9,4.9,4.7,0.9,-123.8,-84.9,-67.3,16.6543,-18.3777,-14.0646,-1.3370717,0.37585864,-10.5,-17.8,0.06,0.08,0.03,1.26,-0.1482598,2.1,32.5509,7.30113941,0.5779,-2.5197833,856.35,-7.4686374,7.285,11.79,1,-0.0509498,0.36848454,1.1,-0.9,123.8,84.9,67.3,-6.923,15.7297,10.6419,-2.5868097,0.36092239,1,14.5,-32.6025,-0.0388613,0.5779,1.65116643,-856.35,6.20411166,-5.89,-10.085,-2.1
2021,Region 2,First Round,2021 Ohio St.,2021 Oral Roberts,2,15,0,16.3,8.2,10.9372443,24.20908,0.4070849,4.8,4.4,-0.4,3,0.65,-0.06,0.47,7.27,-5.2,-4.5,-28.6,-16.1,0.8,-13.7,5.9,7.8,1.7,0.3,7.8,-8.1,22.9,17.5,14.834,14.701878,2.7,3.1,0.9,6.1,4.5,2.9,-3.9,5.2,0.1,5.8,5.1,6.1,1.6,-1.7,-9.3,11.8069,10.385901,4.7,2.3,4.7,12,-6,-0.7,4.2,-12.4,1.8,0.5,-7.7,11.4,3.7,6,-135.8,-87.3,-67.7,3.2263,-8.7514,-6.4864,1.11704691,-0.6275255,-7.7,-18.7,0.02,0.02,-1.42E-14,7.27,1.6225595,-4.5,35.9485,-0.0422853,-0.02538,-2.9651987,1225.26,-9.3334813,43.697,12.85,-2,0.11492739,0.13396282,-5.4,-6,135.8,87.3,67.7,-7.5901,18.5381,7.8135,3.60743417,0.20404048,5,31,-37.5198,-2.4817859,-0.02538,2.42020822,-1225.26,9.59828256,0.488,-11.725,-7.6
2021,Region 3,First Round,2021 Illinois,2021 Drexel,1,16,1,26.1,17.7,13.2738578,28.9939,0.3807396,6.1,4.8,-5.8,-1.2,-0.1,0.53,-0.16,0.29,5.7,6.3,-34.9,-31.3,5.1,0.9,2.3,-3.1,0.3,-7.8,10.6,-2.9,21.6,18.7,13.432,13.7979649,6,4.9,5.5,-6,12,-1.8,8.7,13.8,-2,3.9,7.8,0,5.2,4.6,-1,18.7985,15.353026,7.7,8.1,4.5,9.2,-2,-3.5,-7.2,13.9,-3,20.7,4.2,3.9,4.3,6.1,-129.7,-91.1,-74.6,20.0325,-16.4099,-11.2543,0.81912722,0.34014858,-6.3,-5.2,0.04,0.07,0.03,0.29,-1.799196,6.3,37.2152,6.12978728,0.38767,-2.3128441,921.2,-13.920499,35.824,15.13,1,-0.6869281,0.00290936,-2.9,-6.1,129.7,91.1,74.6,-12.2032,22.0973,8.6686,-7.3288325,-0.132082,18,29.3,-35.0598,-4.3149884,0.38767,2.36410749,-921.2,12.855297,6.152,-11.725,-5.6
2021,Region 3,First Round,2021 Loyola Chicago,2021 Georgia Tech,8,9,1,11.4,5.9,-0.0097549,5.2045,0.04948091,-2.8,-2.1,-5.4,-0.7,-0.2,-0.41,-0.26,9.43,-4.5,-3.8,-28.4,-28.6,-4.2,4.3,-6.3,1.9,-9.1,-5.3,8.3,-3,6.8,4.4,15.633,13.3331132,4.1,7.3,-1,2.7,1.8,4.3,-3.9,5.5,-1,1.5,4.7,3.5,-1.5,4.7,1.6,26.6695,24.4934788,7.2,9.3,2.4,2.6,6.6,5.7,-3.8,12.5,0.8,7.2,12.8,0.3,2.3,9.1,-121.2,-98.3,-89,14.808,-17.9846,-9.0778,0.60920034,-0.0600079,-1.1,-13.7,-0.03,-0.04,-0.06,9.43,-1.4960894,-3.8,34.9861,-4.2032,-0.2691,-2.1037233,-51.97,-9.826752,14.074,11.235,0,-1.0290167,-0.0066767,-2.4,-9.1,121.2,98.3,89,-19.7581,20.7487,9.9105,-3.3858652,-0.316248,14.5,21.8,-33.8171,-1.6965405,-0.2691,2.21460241,51.97,13.1579719,8.194,-9.335,-3.1
2021,Region 3,First Round,2021 Tennessee,2021 Oregon St.,5,12,0,4.6,3,1.95514748,10.8896,0.14800815,-2.7,-2.4,-4.8,-1.2,-0.85,-2.09,-0.61,2.34,3.2,1.7,-28,-26.4,2.1,-4.6,8.7,-4.1,1.2,4.3,-7,2.7,1.2,3.4,9.6507,10.0703603,-0.3,-2.7,2.4,1.4,-3.1,0.3,2,7,6.6,-11.5,1.8,1.7,2.5,0.9,-0.5,21.5846,20.8718514,2.8,2.1,2.8,2.9,2.9,5.7,-1.2,14.3,2.7,13.2,4.6,2.7,2.6,-4.9,-123.2,-80.8,-61.6,12.5198,-18.6995,-15.4052,-5.9813245,0.0554237,-11.5,-19.1,0,-0.03,0,2.34,-0.900522,1.7,31.8058,1.45485287,-1.39458,-2.0110842,1692.81,-9.5497369,-2.738,12.42,0,-1.1485256,1.93185821,2.2,4.9,123.2,80.8,61.6,-3.6985,17.8602,13.2597,-4.915053,0.07267793,9.6,22.9,-27.9347,-0.5454266,-1.39458,2.28749237,-1692.81,6.36873703,-6.72,-7.82,-1.4
2021,Region 3,First Round,2021 Oklahoma St.,2021 Liberty,4,13,1,0.5,-1.1,6.51514181,10.39708,0.15841459,-1.1,-0.1,-4.4,-2.4,1.85,0.93,-0.74,6.95,8.4,8.3,-32,-15.1,4.9,10,-6.5,-3.5,2.8,0.4,9.1,-9.6,2.9,3.5,8.286,8.2405269,4.2,5.1,1.6,1.6,6.8,-4.1,9.5,5.4,3.8,-3,7,-6.6,1.3,-3.7,-4.7,18.8507,16.8411047,10.2,9.9,7.1,7,-5,3.7,7.1,9.1,-3.3,0.5,4.7,12.8,6.9,4.8,-126.4,-92.4,-78,17.6199,-23.5491,-13.6892,0.07258944,0.57719236,-1.7,-9.9,-0.08,-0.1,-0.11,6.95,-0.6951488,8.3,32.0332,7.57606111,0.62548,-3.1150591,416.7,-13.117221,-0.182,12.205,-2,-1.0887816,-5.6138586,0.6,-4.8,126.4,92.4,78,-7.5447,16.1527,7.2627,4.18049251,0.30109992,-7.3,17.4,-38.2552,3.32140577,0.62548,1.72170839,-416.7,8.00484153,-14.504,-10.095,-1
2021,Region 3,First Round,2021 San Diego St.,2021 Syracuse,6,11,0,9.6,7.3,2.53522086,5.0692,0.08837696,-3.2,0,0.4,0.7,-1.56,-0.81,0.87,15.87,-2.8,-3.2,-16.6,-15.3,-2.9,-2.1,5.9,-3.8,-1.9,-2.6,-2.8,5.4,8.3,9.6,13.2413,14.0021849,4.2,1.3,5.8,-3,9.2,3.9,-3.9,-14.9,1.1,1.7,2.1,5.4,5,0.1,-2.3,24.2809,22.9404859,4,6.2,1,5.2,-4.3,6.5,-5.9,-3.7,6.2,5.9,5.5,5.7,1,-1.4,-123.8,-81.6,-79.5,10.1093,-19.5596,-15.2772,-1.7790975,-0.0394929,-7.3,-25.8,0.01,-0.02,-0.01,15.87,-0.558312,-3.2,33.0817,6.01158045,-0.56365,-1.2694831,1009.1,-6.2170183,26.69,9.185,0,-1.0806657,2.06059206,1.3,1.4,123.8,81.6,79.5,-12.789,23.6195,16.2918,-1.358609,-0.190117,15,41.1,-30.5955,-5.1640346,-0.56365,1.64151541,-1009.1,9.02101577,12.337,-9.68,-2.4
2021,Region 3,First Round,2021 West Virginia,2021 Morehead St.,3,14,1,16.1,10,4.93821491,16.42501,0.34166173,0.7,1.4,-5.4,-1.2,-0.16,0.23,0.12,4.03,3.6,4,-25.5,-28.2,0.9,-1.6,9.4,-7.9,1.8,-0.3,-3.1,3.4,16.4,11.5,19.8586,18.9616061,1.7,-1.2,5,3.8,16.3,1,10.7,2.5,-1.5,7.6,2.4,-2.1,5.2,6.2,-1.4,4.3577,3.11365893,1.7,0.5,2.4,-1.1,8.3,-2.2,0,-0.7,7.9,-1.4,-1.4,4.9,1.8,-2.2,-121.4,-76.9,-72.2,8.092,-20.2181,-16.1596,2.70063597,0.19480868,-11.2,-26.5,0.04,0.09,0.08,4.03,-0.6923889,4,30.881,9.95440595,0.16095,-1.5325315,682.03,-6.2750032,30.088,11.045,2,1.4892252,-1.9342822,-4.9,2.2,121.4,76.9,72.2,-12.4539,18.099,13.0562,2.38492572,-0.0745612,-1.5,10.3,-29.7063,-2.72748,0.16095,2.1977612,-682.03,12.1568552,11.536,-9.735,-7.6
2021,Region 3,First Round,2021 Clemson,2021 Rutgers,7,10,0,0.3,2.4,1.14511209,-1.9776,0.00237985,-7.6,-2.8,-1.7,0,-0.99,-0.09,-0.22,11.47,-3.6,-3.3,-20.5,-26.9,-1.4,-4.8,-3,7.9,-3.1,-6.3,-1.3,7.6,-5.4,2.2,16.3616,13.2256434,2.7,1.8,2.5,6.1,-9.6,-0.6,-2.7,0.3,1,-0.2,1.5,3,2.2,4.4,0.3,17.9464,16.0759082,1.4,4.5,-2.7,-6.5,-1.9,5.2,-0.9,0.6,4.4,-4.7,1.1,5.7,-2.2,-2.9,-123.6,-90.2,-85.9,7.6195,-18.8983,-9.0605,-1.3061212,-0.3556358,-8.4,-23.2,-0.02,-0.02,-0.03,11.47,0.44783765,-3.3,30.6873,0.45527802,-0.08163,-1.9572875,-554.36,-6.4082951,-13.074,7.62,0,-0.1451382,-1.1831037,7.6,2.9,123.6,90.2,85.9,-16.9787,22.741,16.7756,2.53804038,-0.4915181,8.1,15.6,-30.908,-0.8501773,-0.08163,1.87644796,554.36,9.66055754,5.72,-8.875,-4.1
2021,Region 3,First Round,2021 Houston,2021 Cleveland St.,2,15,1,35.9,20.2,6.72799558,27.44731,0.47859659,6.8,4.3,-11,-7.2,0.15,0.22,-0.22,0.29,-1.6,-1.2,-15.2,-28.1,1.8,-5.3,5.5,-0.2,1.7,-5.4,2.2,3.3,20.3,15.4,19.4426,19.345537,2.4,-1,4.7,1.4,-6.5,4,7.5,-1.3,7.4,7.1,7.5,-8.1,4.1,12.5,5.1,10.7503,9.74659234,7.7,9.1,3.4,1.7,-10.5,3.1,-2.9,1.3,0.3,8.6,1.8,14,2.2,-6.3,-123.3,-69.8,-57.8,7.875,-17.9326,-14.6976,4.06083556,-0.079058,-8.5,-34.1,-0.01,-2.84E-14,1.42E-14,0.29,-2.4352465,-1.2,32.5648,7.85385839,0.15482,-1.9010147,708.76,-12.065659,37.504,12.615,0,0.78812848,-1.5981876,-4.9,6.3,123.3,69.8,57.8,-9.349,24.1053,15.3473,-0.3009445,-0.20612,6,19.5,-28.9054,-3.4022424,0.15482,2.3054123,-708.76,6.31085506,23.522,-9.1,-7.4
2022,Region 1,First Round,2022 Gonzaga,2022 Georgia St.,1,16,1,18.9,11.5,11.8496514,31.12395,0.43157871,5.9,3.5,-9.6,-5.2,2.87,2.49,-0.64,-6.97,6,5.6,-26.5,-29.2,4.5,5.5,-3.4,-2.2,1.5,4.8,-1.8,-3,19.3,10.3,22.1175,21.5113581,9.7,15.5,0,3.1,-3.1,6.8,-1.7,-1.7,4.5,8.8,17.1,6.1,-0.5,15.2,5.4,12.696,12.3362564,1.9,1.5,1.6,2.1,8,0.1,-9.8,11.9,5.9,-10.2,2.3,0.9,1.9,-2.6,-127.5,-84.5,-85.1,20.4305,-17.3364,-10.3765,3.54891365,0.34975225,-0.8,-10,-0.01,-0.03,-0.02,-6.97,-0.3938798,5.6,38.5373,-1.9742343,1.81802,-1.899336,-55.51,-7.1439496,26.013,13.025,1,0.8356666,-0.6130055,-9,2.6,127.5,84.5,85.1,0.674,21.0993,11.3823,5.41957814,0.2685972,16.2,29.7,-27.8221,-7.9108059,1.81802,3.05645084,55.51,6.83241878,21.368,-6.665,-9.8
2022,Region 1,First Round,2022 Boise St.,2022 Memphis,8,9,0,1.4,1.2,2.14028164,0.1922,-0.0247784,-2.6,0.8,-7.1,-2.7,0.68,-0.86,0.68,-15.03,-6.5,-5.8,-18.6,-36,-2.8,-0.8,5,-4.2,-7,-8.8,6.4,2.5,-4.9,1,14.2951,13.6708712,4.6,5.8,2,-5,2.3,2.4,-0.4,-10.2,0.7,12.1,11.5,-0.8,2,-0.1,-3.1,18.3374,18.5421149,4.4,4,3.5,-2.9,12.6,-2.8,-15.6,16.3,7.9,2.6,2.8,-0.4,2.9,-1.6,-117.6,-79,-67.7,8.0061,-21.15,-15.98,5.83085782,0.01477846,0,-18.6,-0.02,0,-0.04,-15.03,0.17193587,-5.8,30.465,4.44322389,-0.64622,-1.2919224,862.1,-5.3028193,-3.173,9.325,-2,-0.3827538,-1.8413104,5.9,1.6,117.6,79,67.7,-23.1516,22.8502,11.3826,-0.6463326,-0.6119492,15.2,10.4,-30.1428,-7.7886247,-0.64622,2.31123212,-862.1,9.11015345,7.987,-12.32,-3
2022,Region 1,First Round,2022 Connecticut,2022 New Mexico St.,5,12,0,10.4,5.8,2.37113837,9.2255,0.15329338,1.2,1.7,-6.7,-3.1,0.1,0.59,0.12,-3.43,-0.9,-1.1,-23.2,-26.3,2.8,4.5,3.3,-7.9,-1.6,5.3,3.2,-8.5,9.3,5.1,16.2219,15.1460267,4.1,2,5.3,0.8,2.8,-0.5,11.8,4,10.4,0.5,4.4,-0.1,5.4,2.9,1,13.2087,11.2541172,6.5,11.3,-1.5,1.3,3.5,-2.7,-5.8,9.8,4.6,10,12.2,8.8,-1.9,-7,-127,-75,-74.3,11.2023,-23.2715,-17.6208,-1.1078164,0.40059919,-7.7,-22.7,-0.03,-0.02,-0.01,-3.43,1.93383881,-1.1,31.7591,9.92683141,0.38585,-1.865717,706.26,-7.0808893,20.607,10.585,1,0.27001021,2.31552287,-4.2,7,127,75,74.3,-8.706,17.4136,7.3648,-3.3877122,0.37294659,3.6,14.5,-31.6206,-2.449788,0.38585,2.55690058,-706.26,5.35301722,7.027,-10.74,-1.9
2022,Region 1,First Round,2022 Arkansas,2022 Vermont,4,13,1,5,2.9,5.23575058,5.9545,0.1029287,-1.4,-0.7,-5.8,-2.6,0.41,1.09,-0.48,-10.28,6.9,5.8,-28.1,-17.7,6,4.5,-1,-3.4,2.7,-5,9.3,-4.3,3.5,3.1,13.3636,11.9185649,1.5,5.7,-3.7,6.9,15.3,-0.3,12.3,9.4,3,-4.1,8,-0.8,-4,-0.7,-3.9,18.7239,16.6599063,9.8,12.5,4,1.5,-5.7,5.7,1.8,0.5,-1.7,1.4,6.7,10.7,4.3,1.7,-130,-100.7,-80.6,15.0545,-23.526,-14.2688,-0.0917577,0.39690028,-9.6,-21.5,-0.04,-0.04,-0.04,-10.28,3.49599059,5.8,31.6959,6.50257921,0.70149,-3.1254534,580.69,-12.882089,5.096,11.67,-2,-0.5400116,-2.6757862,-0.4,-1.7,130,100.7,80.6,-14.8323,22.1345,10.3292,2.63826156,0.04280037,-0.5,22.9,-37.9473,0.60343492,0.70149,1.95830337,-580.69,7.59478644,-8.584,-11.52,-3.2
2022,Region 1,First Round,2022 Alabama,2022 Notre Dame,6,11,0,0.2,1.3,0.10294541,3.7289,0.03645575,-1,0.9,2.2,1.8,-0.97,-0.46,-0.2,6.79,7.4,6.2,-16.7,-21,5.4,6.3,-18.8,12.4,1.8,0.7,5.9,-6.7,5.9,8.7,17.7348,18.7305863,2.4,6.4,-0.9,3.7,10.7,-4.8,11.5,8.8,2.8,0,4.1,-5.7,-1.1,-7,-4.2,13.2612,13.7930015,4.6,2.7,4.7,4.7,-7.5,2.2,8.6,9.2,-6.7,2.2,0.1,3.5,4.1,4,-132,-87.7,-80.6,21.1914,-24.4253,-9.2276,1.9459806,-0.0272787,2.2,-14.5,-0.04,-0.05,-0.06,6.79,0.68516821,6.2,33.668,4.65928561,-0.30636,-2.9634564,322.02,-18.799094,7.895,12.315,0,0.44552091,-4.44286,2.8,-4,132,87.7,80.6,-10.4627,16.6809,7.5638,0.93517505,0.25503579,-0.9,13.9,-36.6738,3.52296857,-0.30636,2.06527746,-322.02,7.38354519,-13.99,-10.775,2.8
2022,Region 1,First Round,2022 Texas Tech,2022 Montana St.,3,14,1,22.9,14.3,9.39994533,20.83244,0.38200891,1.2,0.6,-9.8,-5.5,1.58,-0.05,0.73,5.56,-1.2,-0.6,-29.7,-18.4,5.5,5.1,-3.2,-1.8,-3.3,-11.5,2.3,9.2,15.7,8.5,8.978,8.2518221,3.8,6.9,-1.4,-5.9,-0.1,-2,10,13.5,3.8,8.7,7.9,-0.2,-1.5,14.1,6,19.4715,17.4948311,8.6,8.9,5.9,6.5,8.4,5.1,-0.6,-6.5,3.2,7.4,7.1,5.6,5.5,0.6,-119.3,-90.6,-55.1,20.13,-21.2779,-12.8915,4.95882954,0.36832911,-5.2,-11.2,-0.05,-0.09,-0.09,5.56,-1.3405958,-0.6,32.3566,4.89044045,-0.03472,-2.6233833,1856.4,-8.7074575,38.717,13.595,-1,-0.9850478,-3.1396543,-7.2,-0.6,119.3,90.6,55.1,-17.3906,25.0682,17.705,-0.9095203,-0.5812346,4.9,23.6,-31.2295,-4.2903536,-0.03472,1.69680968,-1856.4,7.68449881,37.742,-10.325,-8.1
2022,Region 1,First Round,2022 Michigan St.,2022 Davidson,7,10,1,-6.5,-5.5,0.742288,0.0689,0.02933291,-3,-1.3,6.6,5.6,0.55,0.37,-0.1,10.46,2.4,3,-22.8,-21.1,1.5,3.3,6.8,-10.1,0.9,5.2,-1.6,-3.5,9.9,7.8,9.297,9.4337928,2.6,1.3,4,0.8,2.4,-2.3,8.5,8.4,6.3,-4,5.9,-3,4.2,-15.1,-13.4,20.3778,20.2174431,8.1,6.3,7.2,4.8,4.6,0.5,3.4,3.3,-0.3,3.2,8.3,5.8,6.9,4.5,-133.8,-96.5,-80.4,12.1179,-19.1102,-16.3446,-2.0577919,0.36343146,-15.2,-30.6,0.01,1.42E-14,0,10.46,0.96819277,3,33.4646,4.86699757,0.28599,-2.5061167,795.74,-10.91144,17.401,11.995,-2,-1.1725743,1.40921204,-2.1,-4.5,133.8,96.5,80.4,-9.2536,15.2261,9.8949,1.30122444,0.23764521,9.4,27.3,-39.3387,-0.10499,0.28599,1.85364876,-795.74,6.72250558,-29.409,-12.215,1.7
2022,Region 1,First Round,2022 Duke,2022 Cal St. Fullerton,2,15,1,21.6,14.1,12.2306577,21.60934,0.47663589,6.8,4.6,-9,-2.7,1.93,2.79,-1.39,-3.86,1.8,1.6,-27,-36.2,8.8,5.4,-4.7,-0.7,2.1,-1.4,-2.3,3.7,20,18.2,16.81,17.2338764,4.8,7.8,-0.3,3.8,2.5,5.3,3.9,2.4,4.8,10.5,5.6,5.3,-0.7,12.8,-0.2,9.0052,7.61213938,2.2,1.8,2.1,9.2,16.8,-2,-0.5,-7.1,-2.6,-0.5,3,0.8,1.4,2.6,-130.7,-82.6,-90.7,23.9222,-19.4143,-9.7566,3.82340827,0.41816269,-5.9,-10,0.02,-1.42E-14,1.42E-14,-3.86,2.06856858,1.6,37.3772,1.50563141,1.90377,-1.8556424,-131.17,-16.527152,11.555,12.77,2,0.69901739,1.04736817,-1.8,-2.6,130.7,82.6,90.7,-9.4474,20.2099,12.8614,0.63233587,-0.1386273,12.1,12.7,-31.7618,-5.3516741,1.90377,2.67453888,131.17,6.95475416,12.01,-8.22,-13
2022,Region 4,First Round,2022 Baylor,2022 Norfolk St.,1,16,1,22.4,14.2,11.9583375,26.17497,0.51021157,2.7,1.2,-7.4,-2.6,0.97,1.8,-0.65,1.88,-2.1,0.4,-17.2,-28.3,4.2,0.7,6.1,-6.7,-4.3,-6.2,6,0.3,14,9.9,15.589,15.4894105,7.8,7.2,5.5,5,-4.8,0.3,9.1,1.5,-0.3,9.4,10.3,4.9,4.6,7,3.3,10.8762,9.22047211,3.7,1.8,4.6,-0.6,12.2,3,-1.4,-7.9,2.9,-3.3,-2.4,0.5,3.8,-2.7,-120.5,-78.3,-72.2,17.3242,-23.2581,-18.5341,2.58749437,0.27499188,-2.3,-18.9,-0.01,-0.01,0,1.88,3.37183913,0.4,33.1157,6.43863591,1.232,-1.5536754,173.22,-8.7289087,23.38,11.115,1,0.38683407,-0.7229938,-4.1,2.7,120.5,78.3,72.2,-21.3612,25.0103,13.0616,2.8594713,-0.3015195,8.2,11.1,-29.2977,-5.6576492,1.232,1.8608787,-173.22,9.54203795,8.96,-9.2,-3.7
2022,Region 4,First Round,2022 North Carolina,2022 Marquette,8,9,1,14.5,8.1,3.71114852,2.0435,0.06054255,2.7,0.1,-6.9,-1.6,0.4,1.06,0.89,-14.78,-1.3,-1,-27,-21.4,-0.3,-4.4,2.3,2,-8.2,-2.8,8.4,-5.6,6,3.4,17.272,17.4706985,5.4,4.5,4.5,7.3,-0.1,2.6,-1,-1.3,0.6,9.6,8.7,-1.2,3.8,10.2,0.4,12.7762,12.0033585,2.8,4.6,-0.2,1,5.3,-3.2,-1.6,11.4,4.2,-5.4,2,3.8,0.7,1.2,-133,-95,-92.4,8.4496,-17.2138,-10.876,4.15906148,-0.1951683,-0.5,-6.9,-0.08,-0.08,-0.06,-14.78,-0.3620752,-1,33.3232,2.75725628,0.75012,-1.9828116,106.5,-7.050907,20.795,9.315,-1,0.44288939,-2.204632,-2.6,-1.2,133,95,92.4,-18.4746,20.7266,9.6214,3.28962352,-0.1251165,4.4,14.4,-36.422,0.1337147,0.75012,2.41709344,-106.5,9.29230488,22.313,-10.675,-9.8
2022,Region 4,First Round,2022 Saint Mary's,2022 Indiana,5,12,1,5.3,-0.7,3.71949209,4.8715,0.00354307,-2.7,-3.3,-6.6,-0.7,-0.2,0.18,0.9,-8.24,-2.3,-3.4,-23.7,-39.4,-1.8,12,-8.2,-3.8,-9.6,-1.8,4.7,-2.8,-1.3,-3.1,17.1427,17.2960164,7,9.2,2.5,0.6,-7.4,0.3,2.3,3,-0.5,0.9,6.4,3.9,2.5,1.2,-3.5,17.6026,17.8626378,3,4.4,-0.5,-1.5,9.1,2.2,-5,21.5,5.6,6.6,10.7,-5.5,-1,-2.2,-128.7,-98.9,-88.3,13.132,-25.1664,-13.949,-0.8570349,0.3757055,-0.6,-18.2,-0.03,-0.06,-0.04,-8.24,2.81218035,-3.4,34.1398,3.24113421,0.09726,-2.3720741,300.27,-6.3866137,7.977,9.185,0,-0.042194,2.55420583,-1.8,2.2,128.7,98.9,88.3,-17.7659,18.1405,8.2368,-5.0175054,-0.2421654,17.1,10.4,-32.3436,-2.895844,0.09726,3.05341197,-300.27,13.8737739,13.302,-10.325,-4.7
2022,Region 4,First Round,2022 UCLA,2022 Akron,4,13,1,20.9,12.5,9.32030195,21.35769,0.373094,4.3,3.5,-4.9,-2.6,1.44,0.13,1.04,5.91,3.4,3.8,-33.2,-20.5,-0.2,-6.8,10.9,-4.1,-0.2,2.6,0.8,-3.3,14.1,12.4,13.415,12.4651872,1.3,1.8,0.5,3.3,3.6,4.2,5.6,9.6,2.3,-8.1,5.1,3.2,0.5,4.9,-1.7,14.9223,13.1928481,5.1,5.1,3.4,-3.1,10.9,2,-4.3,-2.3,0.8,-3.5,4.5,5.9,3.2,0.4,-131.6,-87.9,-74.7,3.2428,-12.7125,-11.9355,-4.3629686,-0.0761985,-18.1,-27.4,-0.01,0.01,0,5.91,-0.8448001,3.8,34.8964,6.26550617,0.0914,-2.7512789,815.18,-10.562293,34.489,11.73,1,-0.2337108,1.35796583,-1.7,-0.4,131.6,87.9,74.7,-9.4211,17.8137,11.2557,3.5048815,0.13934936,7.6,24.6,-33.1513,-5.4837472,0.0914,3.0567556,-815.18,9.59996746,18.421,-12.105,-6.6
2022,Region 4,First Round,2022 Texas,2022 Virginia Tech,6,11,1,4.2,1.6,1.61961823,2.5429,0.01934735,-3.8,-2.9,-2.5,0,0.03,-0.96,0.52,8.83,0.7,0,-27,-24.9,-1.9,-3.1,3.9,-0.8,-3.3,2.2,5.3,-7.5,6.5,1.7,15.4075,16.6097852,1.4,1.5,0.6,0.5,7.1,0.6,5.8,2.7,0.7,-5.7,2.6,2.2,0.7,-1.6,-4.4,22.8621,24.1894945,8.7,6.4,7.7,7.4,-13.1,6.3,1.9,11.5,0.2,-3.3,2.4,8.7,7.3,0.5,-122.7,-83.9,-82,8.8765,-18.5994,-13.0683,-2.9823338,-0.1145993,-12.7,-25.4,-0.01,-0.04,-0.02,8.83,-0.381578,0,31.3374,4.32358927,-0.61536,-2.2108052,173.38,-9.4244834,21.476,10.055,-1,-0.7338735,-1.9456064,-4.8,-0.5,122.7,83.9,82,-12.5171,16.9337,6.7415,5.37726695,0.19212565,6.9,18.7,-33.3505,-1.118969,-0.61536,2.39999062,-173.38,8.87445362,3.096,-9.3,-2.8
2022,Region 4,First Round,2022 Purdue,2022 Yale,3,14,1,10.5,8.7,11.8706992,20.05288,0.3942419,5,4.1,-5.5,-2.8,1.98,3.78,-0.19,2.16,-3.7,-3,-19.7,-22.7,6.6,-0.6,2.6,-2,1.3,-9.4,4.8,4.6,18.3,11.9,22.0288,24.1935,8.1,4.8,8.7,2.2,5.2,0.9,8.7,10.9,0.2,-2.2,9.1,0.7,7.9,7,-1.2,2.4936,2.26256783,0.5,1.3,-0.6,1.7,11.3,-4.2,-2,-6.7,2.5,-4,-3.7,2.9,-0.6,5.6,-132.1,-89.1,-78.5,19.2883,-18.5441,-13.5812,-2.4960047,0.20011264,-1.2,-18,0.08,0.1,0.09,2.16,0.75616632,-3,37.8388,5.87983592,2.57664,-2.1557017,563.17,-9.7080424,31.13,15.335,3,1.93360273,-0.7129078,-6.4,-5.6,132.1,89.1,78.5,-12.3401,23.508,15.3848,2.3577327,-0.3272736,9.2,26.9,-33.8253,-4.0908257,2.57664,2.14359573,-563.17,9.32140909,12.27,-10.295,-8.2
2022,Region 4,First Round,2022 Murray St.,2022 San Francisco,7,10,1,1.9,-1,1.87708807,-1.9789,-0.0398239,0.4,-0.2,-5.5,-1.5,-0.71,-1.4,-0.7,-4.68,-3.1,-2.9,-31.9,-15,2.5,0.8,-8.1,7.3,-4.5,-4.9,9,-4.1,7.9,5.7,19.1294,17.4504654,6,5.1,5.8,-1.2,-1.1,1.4,11.7,7,0.5,-10.7,4.5,1,5.6,-1.6,-2.9,15.6273,14.425928,5.1,3.9,4.6,1.6,3.8,2.9,-4.9,1.5,1,2.1,2.2,-1.2,4.6,0.9,-125.3,-85,-83.7,12.1683,-17.5446,-8.6445,-6.5100709,-0.2007832,-0.1,-5.7,0.05,0.04,0.04,-4.68,-1.0848404,-2.9,34.0306,8.94915221,-0.98005,-2.5025132,-273.1,-7.8062114,6.681,12.855,1,0.34157203,4.07759104,-2.2,-0.9,125.3,85,83.7,-18.2939,23.2249,13.2097,0.00447576,-0.1298632,-3.2,19.4,-32.5689,-5.7130941,-0.98005,2.61026809,273.1,9.29368881,-9.124,-9.595,-1.3
2022,Region 4,First Round,2022 Kentucky,2022 Saint Peter's,2,15,0,15.4,7.8,12.4351898,22.31932,0.33495994,7,4.7,-13.2,-8.3,0.64,1.07,-0.02,-12.78,2.3,2,-35.6,-33.7,5.4,-3.3,11.7,-8.3,2.9,-10.4,4.9,5.6,13.6,8,25.7152,25.0272459,9.2,9.7,5.5,-0.5,-13.8,4.3,9.8,1.4,-2.2,4,19.1,3.9,5.5,12.2,6.4,5.1553,3.73362578,1.3,-1.3,4.5,-3,12.4,-3.4,-6.6,5.4,8.2,-3.1,-8.9,3.5,3.8,-8.3,-124.3,-77.8,-69.2,14.9742,-18.4801,-15.9844,0.90826644,0.42366672,-15.7,-12.5,-0.01,1.42E-14,-0.01,-12.78,-0.1087176,2,32.7691,7.20781945,0.72456,-1.6851725,856.2,-5.8272782,25.272,11.775,1,1.93753717,0.90904871,-5.6,8.3,124.3,77.8,69.2,-10.5481,24.5176,14.359,3.29026904,-0.450856,7.1,13.5,-28.5486,-7.6930042,0.72456,2.58843806,-856.2,8.3401166,22.846,-8.88,-5.8
2022,Region 2,First Round,2022 Seton Hall,2022 TCU,8,9,0,-6.3,-3.3,-0.9997746,0.058,-0.0161024,-6.8,-2.8,-2.3,-2.1,0.95,1.71,1.09,0.49,1.5,1.7,-29.8,-33.7,0.7,1.9,-2.7,0.8,-0.8,-1.8,-0.3,2.1,-6.1,-0.7,15.1345,13.906764,-0.1,-1.7,1.8,4.4,4.1,0.9,6.6,-14.3,5.5,1.5,-5.5,0.3,2.3,-3.6,-2.5,14.7411,14.0894566,3.5,5.7,-0.7,-10.5,3.4,-3.1,-8.7,5.7,0.4,11.5,12.4,-4.8,-0.9,-10.4,-124,-74.3,-83.5,11.7154,-22.1856,-12.2635,-0.2020227,0.04502614,-5.1,-10.8,0,0.02,0.01,0.49,-0.952255,1.7,29.6468,11.3386,1.1836,-1.6307077,662.66,-7.8584154,-4.171,9.09,-1,0.03718322,-0.6627646,5.4,10.4,124,74.3,83.5,-9.282,20.587,13.7148,-7.0112711,-0.1674646,7.5,10.2,-28.2366,-3.7450106,1.1836,2.29929975,-662.66,6.18688399,3.21,-8.285,1.1
2022,Region 2,First Round,2022 Houston,2022 UAB,5,12,1,14.9,9.8,6.26397204,12.4643,0.15208573,2.9,1.2,-6,-3.8,0.77,0.21,0.06,-3.7,-4.6,-4.8,-23.8,-24.4,4.6,-0.2,-1.7,1.9,-1.5,-5,-4.9,10,15.6,9.3,18.892,19.0560821,5.7,7.6,1.7,-4.2,-2.8,4.3,10.4,13.6,8.6,9.4,5.6,7.2,0.9,6.8,1.2,21.6382,22.223586,9.4,7.1,9.3,3.4,-5.6,5.4,-6.1,-11.2,5,1.1,9.7,5,9.2,-2.1,-123.5,-74.1,-75.2,18.8268,-21.482,-11.6788,2.46044611,0.062287,-8.5,-18.6,0.01,-2.84E-14,-0.01,-3.7,3.3464082,-4.8,33.285,3.46059628,0.11607,-2.5589267,205.88,-7.8232424,35.436,12.085,0,-0.326692,-2.4196459,-6.3,2.1,123.5,74.1,75.2,-14.9375,25.1799,17.9764,2.40869395,-0.4558667,11.1,21.7,-32.0168,-10.931655,0.11607,2.04570081,-205.88,5.28523018,15.966,-9.97,-5.6
2022,Region 2,First Round,2022 Illinois,2022 Chattanooga,4,13,1,2.2,-1.2,3.94199474,8.3142,0.15729589,0.8,1.1,-3.1,0.7,0.28,2.24,0.04,2.34,2.7,2.6,-16.9,-31.1,3.6,-2.1,-0.3,2.3,0.7,-10.6,19.6,-9.1,9.4,7,14.969,15.0848793,3.5,-0.4,6.1,1.2,4.4,0.3,7.1,13.1,-2.9,1.7,3.3,-5.7,5.6,-3.8,-4.4,15.89,15.2440494,6.5,8.4,1.9,4.5,-1.4,-1.4,-6.9,4.9,-2.1,-5.9,-0.3,6.8,2,1.8,-131.7,-81.8,-85.6,14.2888,-19.2784,-12.7957,0.82954932,-0.0202512,2.5,-15.7,-0.06,-0.06,-0.06,2.34,-0.3771742,2.6,34.6293,5.45207191,1.51234,-2.5749907,104.84,-13.766344,21.53,12.425,0,-0.1248417,-4.1675215,-2.4,-1.8,131.7,81.8,85.6,-13.7578,24.3895,7.0383,4.59943116,-0.0008205,16.2,25.9,-35.4468,-5.8626926,1.51234,2.72531348,-104.84,12.7992051,-8.138,-11.18,-0.6
2022,Region 2,First Round,2022 Colorado St.,2022 Michigan,6,11,0,9,6.7,4.1445161,0.2085,-0.0501646,1.8,1.9,0.8,3,-2.12,-3.72,0.61,8.62,-1.7,-0.8,-27.1,-23.4,-0.7,3,-7.7,4.8,-1.6,-6,-5.8,11.8,8.4,9.6,15.6002,15.7955249,4.9,5.5,2.7,4.5,3.8,-0.1,-1.9,11.9,1.4,2,1.5,5.1,3.2,0.6,-8.5,15.9041,15.1776874,2.4,2.5,1.3,3.7,3.9,1.3,-6.3,2,-0.3,-0.2,0.6,2.8,1.2,7.7,-134.4,-98.2,-89.1,14.7579,-18.6651,-9.4272,-1.0858712,-0.0669574,-13.7,-25.9,0.02,0.04,0.02,8.62,-0.0060383,-0.8,39.4098,-0.4364887,-2.49304,-2.7593758,337.26,-11.20026,21.337,12.845,2,-0.0330489,1.64662482,1.2,-7.7,134.4,98.2,89.1,-17.476,22.0668,18.6628,1.00855683,-0.5155787,12.6,25.8,-34.1383,-4.8360265,-2.49304,2.66808736,-337.26,9.25755812,7.489,-11.35,-9.1
2022,Region 2,First Round,2022 Tennessee,2022 Longwood,3,14,1,24.7,14,11.2063262,22.75591,0.40315833,3.9,2.5,-9,-4.6,1.19,2.62,-0.67,-1.61,1.2,1,-15.6,-22.6,2.8,-0.9,4.2,-3.4,1.2,-3.2,1.3,1.9,11.6,10.1,7.815,6.6042736,-1,-5.9,3.8,-3,1.2,2.5,7.2,11.7,1.5,0.2,-3.3,-5.4,3.9,12.3,4,19.9093,17.8116963,4.9,1.8,6.7,1.7,4.1,4.3,-5.7,2.4,-1.6,5,1.3,1,7.1,-1.1,-120,-81.1,-74.7,13.381,-19.6458,-15.1324,0.06738915,0.12000311,0,-23.1,-0.01,0.02,0.02,-1.61,1.25027702,1,31.2625,3.49599034,1.77466,-1.8477402,830.39,-14.096473,13.98,11.155,-1,-1.2173479,-1.1703917,-1.5,1.1,120,81.1,74.7,-8.6318,20.9968,12.6072,-0.3499702,-0.1050733,1.9,18.8,-29.2752,-7.2341735,1.77466,2.02994205,-830.39,6.91410499,12.608,-9.78,-8.3
2022,Region 2,First Round,2022 Ohio St.,2022 Loyola Chicago,7,10,1,-2.5,-0.4,-0.4395924,-1.8724,0.00939851,0.7,2.9,-0.8,-1,0.49,0.24,-0.68,2.25,-0.2,0.6,-22.2,-21.6,2.4,-7.9,6.4,1.5,0.1,-7.8,15.2,-7.4,6,9.7,23.431,22.3801299,7.8,7.1,5.8,2.7,5.1,3.2,4.9,7.1,1.4,-2.8,9.7,8.9,5.6,-1.6,-3.6,10.087,9.59882602,8.4,9.6,4,-1.6,2.7,-3.1,3.5,9.4,-0.5,5.6,5.6,2.3,3.8,6,-129.7,-93.6,-77,7.9933,-14.3215,-11.8405,-4.2146097,-0.1756109,-15.2,-32.7,-0.06,-0.11,-0.03,2.25,-3.9107834,0.6,35.1014,5.61987788,0.15612,-2.5789315,1041.42,-12.040841,2.932,11.835,0,1.37454323,1.10330091,3.7,-6,129.7,93.6,77,-15.2301,21.6775,7.5136,-1.2966576,0.01202723,-4.2,12.3,-37.9695,1.85438195,0.15612,2.44040725,-1041.42,7.29329616,-10.116,-11.72,-2
2022,Region 2,First Round,2022 Villanova,2022 Delaware,2,15,1,19.5,13.1,12.7280911,21.8277,0.33667349,8,7.5,-7.1,-4.8,0.19,-1.15,0.34,-1.47,-3.5,-4,-18.4,-18.8,1.1,-4.3,-6,10.3,-3.3,-9,5,4,13.7,12.8,13.384,13.9122764,2.7,2.8,1,6.6,1.2,3,-0.3,4,-0.9,3.3,4.8,-4.8,0.5,2.7,1,13.0093,13.8630677,6,6,4,-0.3,9.5,0.4,1.2,-1.9,-1,5.1,4.9,2.9,3.7,2.3,-128.8,-83.1,-80.5,5.6477,-15.3143,-6.6343,2.73659924,-0.3366724,5.2,-16.6,-0.02,-0.04,-0.04,-1.47,-1.8472667,-4,34.5605,2.79267724,-0.751,-2.3855271,1449.51,-9.2123059,34.718,10.93,0,-0.0855455,0.11720013,-0.9,-2.3,128.8,83.1,80.5,-18.4993,23.7414,16.0234,-0.8623813,-0.4110563,0.2,15.9,-33.786,-1.8934413,-0.751,2.63542154,-1449.51,12.439921,8.88,-9.815,-1.7
2022,Region 3,First Round,2022 Kansas,2022 Texas Southern,1,16,1,31.6,19.8,17.1768202,26.82445,0.50197123,8.1,6.8,-14,-8.4,0.02,-0.26,-0.72,-21.66,0.2,1.4,-30.4,-34.4,3.6,3.1,-0.7,-2.5,-1.7,-5.4,1.7,3.9,17,10.3,19.9141,21.5629089,9.2,9.3,6,6.8,-1.5,-0.4,5.2,7,4.3,1.4,12.5,2,5.7,17.9,7.3,4.2459,4.0476367,1.8,1.3,1.6,-3.6,4.9,-3,-4.9,-5.2,5.6,4.3,0.2,2.2,1.6,-5.4,-125,-75.7,-72.4,15.084,-20.1596,-12.8285,-0.8563003,0.28875459,-6.7,-11.9,-0.01,1.42E-14,-0.01,-21.66,0.38993862,1.4,34.8828,4.4065983,-0.17568,-1.8206613,193.35,-6.885596,32.316,11.905,0,1.48914291,2.33598057,-6.7,5.4,125,75.7,72.4,-13.0882,24.3653,14.727,-1.001501,-0.368665,10.9,16.3,-28.5078,-7.1672949,-0.17568,2.43717218,-193.35,8.63726056,41.406,-8.345,-10.6
2022,Region 3,First Round,2022 San Diego St.,2022 Creighton,8,9,0,6.4,5.2,0.90421063,4.6825,0.06196137,-9.2,-4.8,-7.5,-1.8,-0.97,-1.07,1.16,10.87,-2.9,-1.7,-35.6,-23.6,3.5,-1.1,3.7,-2.4,-8.3,-4,4.3,-0.3,-10.7,-0.4,11.9865,9.1088931,3.9,3.1,4.1,-2.8,11,-3.8,1.2,4.9,5.1,9.2,6.6,1,3.7,8.4,0,19.6331,17.8209131,6.9,10.8,0.3,5.6,-4.6,1.2,-1.6,0.1,2.3,5.3,8.3,8,0.8,-11.4,-123,-86.4,-91.8,9.7357,-19.9282,-11.7724,3.24951191,0.16851003,-20.1,-20.4,-0.03,-0.01,-0.02,10.87,-1.4628859,-1.7,30.8411,5.19364184,-0.73299,-2.0578215,-406.32,-8.3987645,-11.099,6.76,0,-0.6589918,0.53420999,10.3,11.4,123,86.4,91.8,-18.8884,25.2316,14.7252,-0.9016048,-0.315265,5.3,15.1,-28.3135,-1.57176,-0.73299,1.93400199,406.32,6.25074585,30.428,-6.22,-8.4
2022,Region 3,First Round,2022 Iowa,2022 Richmond,5,12,0,16.5,10,6.16793131,13.70189,0.20576405,1.5,2.6,1,2.9,0.83,0.1,-0.96,12.24,2.9,3,-25.1,-21.5,3.1,0.6,-3.9,3.3,3,5,0.4,-5.4,14.2,17.1,22.2275,21.6231097,3.1,2.6,2.5,2.6,6.9,6,5,5.5,2,-1.9,1.5,1.4,2.1,5.9,-8.9,11.1252,9.95015776,1.7,2.2,0.9,1.9,4.7,4.9,7.8,2.8,-1.2,5.4,6.8,-2.6,0.3,5.4,-134.5,-88,-89,16.9573,-18.902,-9.3761,-1.6230144,0.00017836,-4.7,-15.5,-0.03,-0.04,-0.04,12.24,-2.2744955,3,37.3301,4.29284615,0.0849,-2.9233701,228.44,-14.727049,15.02,12.775,1,1.07795607,2.18201181,2.9,-5.4,134.5,88,89,-7.6892,17.4247,10.6689,-3.398443,0.35450671,-1.4,16.8,-34.3954,3.87480813,0.0849,2.82033195,-228.44,8.06353754,1.102,-9.1,-14.8
2022,Region 3,First Round,2022 Providence,2022 South Dakota St.,4,13,1,2.3,0.8,4.38283739,2.4368,0.07326583,1.7,-0.6,-1.7,1,1.03,1.52,1.33,-5.03,-5.4,-4.2,-20.5,-29.6,3.5,6,-2.7,-3.3,0.3,-1.6,0,1.6,11.2,7.7,6.609,7.5709691,-1.2,-1,-0.9,-1.5,17.2,-1.5,6.3,10.3,2.8,-2.3,-1.1,-5.2,-0.8,-8.2,-6.9,18.7139,18.0926187,13,9.7,13,5.1,8.9,0.5,4,1,-3.6,7.2,10.1,6.5,13.7,8.2,-135.8,-93.3,-78.7,15.4584,-21.5834,-13.6904,0.34508434,0.3263181,-0.1,-17.9,1.42E-14,0.01,-0.03,-5.03,0.82117501,-4.2,33.9351,4.67058414,1.04608,-3.0381755,1287.3,-14.633815,31.332,12.675,-3,-1.353644,-5.7056864,-3.5,-8.2,135.8,93.3,78.7,-12.7314,16.0728,10.1935,1.3765174,-0.0943311,1.8,10.5,-42.1445,-0.762471,1.04608,2.54211578,-1287.3,9.03227678,-2.999,-13.21,1.3
2022,Region 3,First Round,2022 LSU,2022 Iowa St.,6,11,0,12.4,8,-0.5447121,5.1357,0.04122665,-5,-2.5,-10.7,-5,1.21,1,-1.02,4.02,3.4,2.5,-27.9,-16.7,3.2,12.9,-9.6,-3.2,1.7,0.2,-9.1,8.8,0,4.1,17.2038,17.0901078,1.1,-0.2,2.3,1.3,-3.2,4.1,5.2,-3.6,3.5,2.6,-6,-3.7,2.7,17.7,6.1,15.8239,14.9993761,4.8,3.2,4.1,-0.6,-10.3,4.9,3,6.1,0.7,2.5,2.3,9,3.3,-7.1,-109.4,-78.4,-64.3,24.4685,-28.5636,-16.0212,0.66735602,0.54973993,-7.6,-11.9,0.04,0.04,0.04,4.02,-3.1075219,2.5,26.76,6.22950835,0.6915,-1.6861883,635.26,-9.1735805,-13.158,9.355,1,0.13179312,-2.8888854,4.1,7.1,109.4,78.4,64.3,-12.3396,25.2427,21.5115,1.87940511,-0.1664494,-0.9,15.5,-25.8307,0.97717584,0.6915,1.45877548,-635.26,6.05464444,20.043,-5.95,-11.6
2022,Region 3,First Round,2022 Wisconsin,2022 Colgate,3,14,1,15.3,9.8,12.5523727,11.36661,0.28623439,4,4.7,-5,-3.1,1.28,1.74,-0.98,-0.75,-0.5,-0.7,-28.1,-24.3,2.1,-4.4,4,0.4,2.7,-10,18.4,-8.4,11.2,9.9,6.339,6.5783784,-0.8,0.7,-2.4,7.1,8,3.5,1,-8.9,-1,-2.7,5.9,-1.5,-3.1,0.4,-1.9,13.4618,12.6198674,6.5,2.8,7.9,1.3,-0.9,0,-2.5,15.8,0.3,9.8,-2.3,-1.5,7.8,2.5,-137.3,-98.9,-88.9,8.325,-19.0438,-12.5868,0.31985804,-0.075497,-13.6,-27.9,0.02,0.07,0.03,-0.75,-2.9197069,-0.7,33.8166,3.96339441,1.17002,-2.2573412,-550.23,-9.7552352,13.916,10.345,-1,-0.790145,-0.6677698,-1.3,-2.5,137.3,98.9,88.9,-13.1715,20.8149,5.754,-2.8589788,0.04642091,0.2,18.7,-37.9015,-1.7716773,1.17002,3.52323906,550.23,12.0300775,-8.526,-12.345,-2.3
2022,Region 3,First Round,2022 USC,2022 Miami FL,7,10,0,-3.4,-1.8,1.50910553,1.8287,0.00265764,-0.8,0.9,2.7,1,2.41,1.36,-0.22,11.72,-0.1,-1.4,-28.6,-29.6,0,-2.1,8.6,-6.5,-1.3,-3.1,4.4,-1.3,5.8,7,8.337,8.715514,-2.3,-3.8,0.2,-2.5,6.3,2.6,3.5,-3.8,2.6,2.3,-4,3.1,1.2,-8.7,-5.8,18.7328,18.2882324,9.5,13.3,1.6,3,2.6,0.5,3.8,0.8,0.2,-1.7,16,6.1,0.7,3.4,-133.1,-85.3,-89.3,13.2078,-15.9234,-13.8531,-0.3286277,0.16897453,-6.8,-12.3,0.01,0.03,0,11.72,2.06324931,-1.4,32.5955,4.57026452,0.90766,-2.4371383,-239.84,-10.62954,9.112,11.325,-2,-1.1012772,0.26084127,1.2,-3.4,133.1,85.3,89.3,-12.4153,20.9104,10.844,1.71175281,-0.0819673,8.8,17.4,-38.3745,0.95125168,0.90766,2.18731695,239.84,8.09377224,-19.333,-9.855,2.9
2022,Region 3,First Round,2022 Auburn,2022 Jacksonville St.,2,15,1,9.7,11.1,12.6322021,22.21153,0.36805773,-1.2,2.6,-7.9,-6,0.99,2.21,-1.12,8.03,5.2,4.8,-15.2,-21,7.9,3.4,1.5,-4.9,-1.9,2.4,4.3,-6.7,6.6,12,10.519,11.0196908,2.3,4.5,-0.5,-4.1,10.5,0.4,7,-1.1,12.6,3.6,9.3,-5.1,-0.9,18.3,11.4,16.1759,14.4192819,10.1,9.2,7,-4.6,-2.6,0.7,1,5.1,-0.9,15.9,8.9,5.5,7,-3.4,-125.5,-83,-80.3,19.4067,-22.5466,-17.4267,3.30651687,0.39242529,3.9,-9.9,0.03,-0.01,0.02,8.03,-3.5408807,4.8,33.0079,4.83020227,1.59502,-1.6891533,965.48,-9.7338301,5.708,10.175,-1,-0.6193466,-2.298761,5.4,3.4,125.5,83,80.3,-8.9273,18.4566,8.614,-4.5129908,0.20827095,-3.1,10.3,-31.7887,-2.2606302,1.59502,2.41551159,-965.48,4.20090355,22.954,-8.995,-6.9
2023,Region 1,First Round,2023 Maryland,2023 West Virginia,8,9,1,2.3,2.8,-0.4508622,-0.7742,-0.0307971,-0.1,1.5,-4.3,-1.9,0.47,-0.63,-0.06,-6.01,-5.4,-4,-27.5,-32,-0.2,-3.1,1.4,1.8,-0.5,3.7,0.6,-4.4,5.7,7.1,16.1364,15.1658718,0.4,1.5,-1.1,1.2,-4.6,4.7,0.9,-4,3.6,-12.6,1.4,2,-1.2,-3.6,-4.4,21.3778,21.0940211,3.8,3.6,2.7,1.4,11.9,-0.1,-6.5,2.4,-1.2,3,4.4,3.4,2.7,1.4,-126,-79.6,-60.3,10.2877,-15.6732,-11.0628,-5.5474248,-0.1539096,-2.2,-10.5,-0.06,-0.03,-0.04,-6.01,-1.9863322,-4,32.5181,2.75350849,-0.44642,-2.1189463,1786.85,-10.659,13.854,12.455,0,-0.5346544,2.06375821,1.4,-1.4,126,79.6,60.3,-8.6426,15.9775,8.8913,-0.064064,0.25077169,11.6,17.6,-32.5491,-6.2463973,-0.44642,2.56508166,-1786.85,9.00724237,-9.93,-12.04,-0.8
2023,Region 1,First Round,2023 San Diego St.,2023 Charleston,5,12,1,3.3,2.4,3.99063773,8.4942,0.13641538,-3.8,-1.4,-6.8,-2.4,-0.2,0.36,0.72,-0.77,-4.3,-5,-33.1,-12.5,4.6,-1.7,-0.3,2,0.8,0.9,6.5,-7.3,2.9,3,12.3119,13.5578442,2.2,0.3,4.1,5.6,9.6,1.7,6.2,7.1,0.4,8,0.8,-1.6,3.9,3.5,-0.8,19.7036,19.0751221,4,3,4.1,0.7,3.3,2.9,-9.3,1.9,-0.1,11.5,4.1,-1.4,4.7,-3,-126.8,-81.9,-78.9,12.4495,-19.6572,-10.7721,2.64143963,0.01859764,-19.9,-24.7,-0.02,-0.08,-0.06,-0.77,1.73032364,-5,31.2271,6.51994858,0.25148,-2.6596769,680.65,-11.298921,10.74,10.065,-1,-0.7626556,-0.1617011,0.1,3,126.8,81.9,78.9,-8.2228,21.4793,13.071,-4.0696741,0.19065278,-5.9,21.5,-32.6095,-7.6230986,0.25148,2.39141082,-680.65,8.06218016,17.58,-11.7,-4.3
2023,Region 1,First Round,2023 Virginia,2023 Furman,4,13,0,10.8,4.8,6.09993035,7.98633,0.17376918,0.4,-0.4,-3.7,-0.4,-0.03,0.97,0.4,1.46,-6.4,-7,-28.7,-13.9,5.6,-3.2,2.4,0.8,-3.9,-7.5,14.1,-6.7,8.1,4.2,5.391,6.3416279,0.7,-0.8,2.2,-0.7,2.7,4.7,-1.6,22.6,5.3,-3.9,0.6,-1.1,2.3,2.1,0.6,19.4456,18.4656968,7.3,12.6,0.4,-1.3,8.6,3.9,-4.6,5.6,-2.7,10,9.6,3.4,0,5.8,-132.4,-92.8,-72.9,14.5512,-16.4291,-10.9604,-2.0909212,0.03893812,-2.2,-9.4,0.04,0.07,0.04,1.46,0.33534675,-7,35.1823,-2.9803092,0.65557,-2.7752923,1115.18,-10.907225,19.545,12.36,-1,-1.5573656,-0.2313701,-3.9,-5.8,132.4,92.8,72.9,-19.0336,23.161,10.4353,-4.3707494,-0.1167833,-4.7,17.6,-36.6303,-0.7535089,0.65557,2.7208023,-1115.18,6.50169133,9.685,-12.725,-1.5
2023,Region 1,First Round,2023 Creighton,2023 NC St.,6,11,1,4.9,7.4,1.03042371,7.3493,0.07275632,1.1,1.8,-2.2,-1,0.87,0.85,-0.67,-7.2,-0.5,-1.5,-24.5,-32.6,3.1,-4.2,-4,8.2,-0.4,0.9,6.7,-7.6,9,8.9,14.032,16.0107869,4.5,3.9,3.8,3.3,-5.9,2.5,-1.1,12.9,3.1,4.3,4.1,3.4,3.8,-5.5,-1.5,19.9275,20.2205723,4.5,5.9,0.8,-0.9,5.5,0.7,-7.4,-2.1,3.8,2.4,3.7,5.4,1.1,3.2,-136.4,-93.9,-92.8,15.994,-15.5326,-8.1522,0.33032518,-0.3110546,3.4,-4.1,0.04,0.04,0.05,-7.2,0.93477036,-1.5,35.698,-0.3325258,0.5705,-3.3767348,47.85,-7.6313004,9.463,11.81,-1,-0.6469822,-3.9509908,-0.1,-3.2,136.4,93.9,92.8,-7.8974,17.8242,6.7143,0.16197762,0.2703938,18.9,26.5,-37.2191,-7.4393394,0.5705,2.63031963,-47.85,9.5223435,-20.415,-10.91,4
2023,Region 1,First Round,2023 Baylor,2023 UC Santa Barbara,3,14,1,14.4,9.5,6.75070942,13.3389,0.2819906,4.6,4.3,-1.5,0.5,-0.82,-0.79,-0.45,8.91,2.7,2.3,-23.6,-33.1,3.6,-12.6,-0.7,13.4,3.2,-11,2.2,8.8,14.6,15.9,17.159,16.8957277,3.3,1.9,2.7,-0.3,8,0.6,8.6,7.9,0.7,-7.7,7.6,1.4,2.2,-0.7,-6.5,9.464,9.2172656,2.8,1.5,2.9,3,3.5,3.1,4.5,-7.5,-2.7,-7.6,-8.1,6.5,2.4,8.5,-126.5,-81.5,-67.3,6.6498,-11.0531,-4.0778,-3.6690295,-0.5917091,-11.3,-26.4,0.01,-0.01,0.01,8.91,-1.360065,2.3,34.1015,5.75729436,-0.50884,-2.3611827,1592.59,-14.150146,24.119,13.64,3,0.73580478,0.92941278,1.3,-8.5,126.5,81.5,67.3,-21.1756,22.9095,15.4266,6.31077527,-0.5672277,12.8,17.2,-35.423,-0.7438414,-0.50884,1.53705593,-1592.59,13.2659873,-5.068,-12.11,-5.8
2023,Region 1,First Round,2023 Missouri,2023 Utah St.,7,10,1,-4.2,1.4,0.57533243,-4.9628,-0.0608385,0.1,1.9,6.3,4.7,-1.82,-2.28,0.24,9.22,1.1,0.5,-22.9,-13.8,5.4,0.2,-9.3,9.1,-3.1,-3,0.7,2.2,11.1,14.3,20.4083,19.5204734,7.3,10,1.8,1.6,-0.7,-0.2,2,9.6,0.9,5,9.8,4.3,1.5,-13.9,-12.9,12.392,11.7735448,3.3,2.4,3.1,1.5,0.3,6.9,9.9,4.6,2,-5.9,-0.2,4.3,2.9,10.8,-126.5,-83.7,-69.6,15.9364,-17.8687,-6.7835,1.42090613,-0.1205435,-0.9,-13.4,-0.06,-0.09,-0.05,9.22,-0.2543537,0.5,38.0364,0.735285,-1.58855,-2.3051914,1551.07,-10.540931,33.393,12.565,0,0.74856711,-2.241013,3.2,-10.8,126.5,83.7,69.6,-20.2983,18.7173,12.812,4.44144836,-0.1950061,-5.5,9.9,-34.3345,5.29920593,-1.58855,1.90368858,-1551.07,11.0117677,-34.221,-11.36,1
2023,Region 1,First Round,2023 Arizona,2023 Princeton,2,15,0,17.3,11.9,10.7635323,17.2937,0.27121519,2.8,2.5,-6.8,-3.2,1.03,2.92,0.22,1.78,4.6,5.1,-29.4,-20.6,5.8,-1.4,-3.4,4.8,-0.7,-16.4,18.5,-2.1,12.7,11.5,16.452,18.0859441,8.8,9.4,5.1,2,7.2,-3.9,8.3,22,-1.5,0.2,14.1,-0.8,5.1,6.6,0.4,11.9735,12.160411,5.3,7.6,1.2,-0.1,6.2,0,-2.2,-1.5,-1.1,-1.3,-3.6,8.2,1.4,4.5,-133.3,-91.5,-76,15.6455,-15.0517,-7.8911,-0.3872042,-0.0454334,-4.2,-11.8,-0.03,-0.08,-0.06,1.78,-1.9041581,5.1,38.8088,2.47004094,2.11398,-2.5690403,568.54,-10.907149,26.93,15.225,2,0.35384259,0.52712654,-1.2,-4.5,133.3,91.5,76,-19.4929,28.0823,12.4503,2.90738168,-0.374821,-1.1,16.3,-34.7043,-3.1785643,2.11398,2.18962319,-568.54,10.8354863,14.718,-10.6,-6.2
2023,Region 4,First Round,2023 Purdue,2023 Fairleigh Dickinson,1,16,0,35.7,26.9,21.5853183,36.7962,0.72909446,11.8,9.9,-5.9,-4.6,5.19,6.46,-0.68,-1.21,-5.1,-4.7,-21.8,-27.6,2.7,-4.1,5.8,-1.7,2.3,-9.3,11.5,-2.2,28,23.9,0.937,1.5088773,-3.6,-2,-4.3,-1.3,2.4,4.4,9.4,4.5,-0.3,4.6,-0.4,0.7,-3.1,6,3,11.3596,11.9648279,4.3,4,3,1.3,8.6,-0.9,-8.1,0,-2.9,1.6,-4.8,5.9,3,6.7,-129.9,-78.1,-80.8,15.9131,-14.4062,-13.5799,2.81741777,0.01123345,-2.4,-15,-0.03,-0.03,-0.02,-1.21,-5.0970692,-4.7,33.8672,1.5139942,4.32849,-1.9548329,1132.31,-15.680578,40.38,16.28,1,-0.6367787,-5.0676154,-4.1,-6.7,129.9,78.1,80.8,-11.5692,24.3094,11.4574,2.08765016,-0.1332366,13.5,29.2,-34.9743,-7.0645325,4.32849,2.19756542,-1132.31,9.35837647,2.936,-10.255,-3
2023,Region 4,First Round,2023 Memphis,2023 Florida Atlantic,8,9,0,-4.9,-1,-0.0008313,0.4583,0.02563488,-1.4,1.6,-2.3,-1.7,0.79,0.79,1.4,-2.01,3.9,3.3,-37,-13.3,4.6,8.4,-2.8,-5.6,-1.1,-5.7,6.7,-1,2.2,5.9,18.6555,19.131379,7.3,8.3,3.6,-0.2,9.2,-0.1,6.5,21.2,6,-10,11.7,1.2,2.9,-10.3,-6.9,18.2617,18.0295352,8.2,7.1,6.4,-2.1,-5.4,4.2,1.9,-4.7,-3,-8.8,3.6,6.5,5.8,0.9,-125.7,-81.8,-73,17.0929,-21.7433,-13.1849,-5.1227771,0.64912959,-13.2,-14,-0.08,-0.08,-0.07,-2.01,-1.8159248,3.3,33.5109,5.33466192,0.54596,-3.2975284,1260.89,-13.91246,23.542,11.155,-1,0.03756248,-3.2321192,3.7,-0.9,125.7,81.8,73,-12.6593,21.6412,13.6194,6.77279972,-0.1334965,-11.1,12.6,-34.6962,-2.8175367,0.54596,1.78325049,-1260.89,6.77684614,-6.683,-10.6,3.4
2023,Region 4,First Round,2023 Duke,2023 Oral Roberts,5,12,1,7.6,4.1,2.90842883,5.2398,0.13025202,-1.7,-1.6,-3.1,-0.1,2.09,1.3,-1.8,9.01,-5.1,-5.3,-24.7,-19.1,5.2,6.8,-2.7,-4.1,-2.9,0,10.3,-10.4,7.5,5,11.202,10.6609207,2.6,4.8,-0.6,5.1,8.8,-0.6,8.8,10.2,4.2,-0.5,6.2,-1,-0.8,1.2,-0.8,20.5359,18.7848594,9.8,9.9,6.6,1.9,0.5,3.4,1.4,0,3.9,6.6,6.6,9.4,6,2,-134.4,-86,-98.5,17.0216,-22.1133,-14.0603,0.37562652,0.45076885,-0.5,-12.8,0.01,0.03,0.02,9.01,3.99113258,-5.3,32.7358,3.92660902,0.76183,-3.3991979,324.79,-6.6963819,-0.24,10.57,-1,-1.0093176,-3.3116984,-2.5,-2,134.4,86,98.5,-13.4485,18.5885,7.952,0.41059626,0.19669092,-1.9,15.3,-39.7806,-1.297275,0.76183,2.28117646,-324.79,7.38628637,-23.244,-10.535,-2
2023,Region 4,First Round,2023 Tennessee,2023 Louisiana,4,13,1,18.3,5.8,3.34243693,16.50429,0.23479031,-2.3,0.3,-5.4,-2.2,0.86,1.03,0.08,9.22,-2.5,-2.9,-29.7,-26.7,3.6,-7.2,-2.8,10,2,-3.4,-6.7,10.1,2.2,7.6,8.633,8.7516222,-0.3,1.8,-3,0.9,-2.9,0,10.4,23.7,3.6,-2.6,3.8,-0.9,-2.8,9.3,-1.8,24.273,24.6249138,10.6,7.6,10.4,-5,2.8,4.7,-6.9,0.7,-1.2,10.9,9,5.9,10,-3.7,-124.1,-76.1,-62.7,11.4604,-15.7628,-6.2316,0.07197139,-0.4526324,-8.8,-16,0.03,0.03,0.04,9.22,3.95152622,-2.9,32.2543,0.37707598,0.66375,-2.4346377,977.02,-12.44466,4.798,13.095,1,-1.6394907,-3.9085038,5.4,3.7,124.1,76.1,62.7,-9.0358,23.3186,19.1525,-1.2113017,-0.3391292,6.1,21.2,-30.9378,-8.5779744,0.66375,2.13649272,-977.02,7.67406037,18.917,-10.505,-11.1
2023,Region 4,First Round,2023 Kentucky,2023 Providence,6,11,1,6.1,4.8,0.26792323,3.0682,0.03501445,1.7,1.8,-0.1,-0.5,1.14,0.64,-0.03,0.4,-1.6,-1,-36,-33.2,2.6,-8.4,12,-3.6,-1.5,-8,4.4,3.6,12.5,9.5,15.293,14.3031071,1.2,0.8,1.5,-4.1,7,-0.4,12,7.5,0.6,3.9,8.4,-0.5,0.9,-7,-4.8,17.2355,17.1114174,2.7,2.6,2,0.1,6.9,-0.1,-9.7,5.6,6.3,-4.3,-1.3,1.9,2.2,1.5,-132.1,-73.9,-75.3,11.3419,-14.0474,-11.8332,2.1587809,-0.0186951,-10.4,-8,-0.03,-0.06,-0.04,0.4,-0.6763345,-1,33.8924,6.92212549,0.42538,-2.3954443,1324.59,-7.7525923,23.088,13.03,0,-0.2418469,-1.0460932,-3,-1.5,132.1,73.9,75.3,-18.6043,23.1917,12.9606,3.05091459,-0.4325757,3.8,5.7,-34.1949,-6.9389287,0.42538,2.37457509,-1324.59,9.16599557,-13.497,-13.64,2.2
2023,Region 4,First Round,2023 Kansas St.,2023 Montana St.,3,14,1,10.5,7.4,6.94016207,12.56637,0.18259156,-1.4,1.7,-10.7,-4.7,-1.03,0.76,0.52,-8.75,3.6,3.6,-29.5,-29.9,6.8,6.5,-8.5,2.1,-4.3,-4.5,1,3.5,4.5,6.8,12.9039,13.3392056,2.1,3.8,-0.8,1,1.5,0.1,5.6,24.9,2.2,-1.4,7.9,-8.9,-0.3,9.2,0.7,11.1579,11.035505,3.4,3.6,1.9,7.1,7.7,3.1,3.5,-6.4,-1.9,0.5,0.5,4.9,1,-0.7,-121.6,-88.5,-46.4,18.4955,-20.2873,-9.8537,2.00310676,0.30066174,0.1,-7.5,0.02,0.04,0.03,-8.75,2.76189188,3.6,31.0294,0.35463681,0.53948,-2.6529791,2536.08,-10.774692,13.306,12.33,0,0.13970895,-0.4119369,2.3,0.7,121.6,88.5,46.4,-19.283,22.9456,14.9136,1.15408214,-0.3790404,5,9.8,-31.0741,-1.0454199,0.53948,1.5791218,-2536.08,11.5168194,25.024,-11.25,-8.5
2023,Region 4,First Round,2023 Michigan St.,2023 USC,7,10,1,0.7,-1.8,0.35256488,1.0772,0.03190899,-3,0.1,-2.7,-0.2,-1.29,-0.84,0.38,3.21,-3,-3.3,-29.5,-28.7,0,-2.9,7.2,-4.3,-1.2,2,-7.8,5.8,0.9,5,15.9109,15.2420425,6.4,5.3,6.1,4.3,-4,1.7,-5.6,1.3,0.3,1,5.9,8,6.2,1.8,-6.9,16.4322,15.7322833,3.2,2.5,3,2.3,5.2,-3.4,-3.8,-0.8,4.3,-5.9,1.4,7.5,1.7,-3.8,-132.7,-85.4,-82,6.4422,-17.5326,-11.7198,-2.8592275,0.04479815,-18.8,-27.5,0.04,0.05,0.05,3.21,1.19271911,-3.3,33.2188,-0.0768712,-0.61011,-1.7389754,516,-6.6400328,6.541,7.315,0,-0.0584669,-0.7839849,4.1,3.8,132.7,85.4,82,-12.4726,18.7715,14.6886,4.64902438,-0.1555827,14.4,21.4,-34.3854,-4.8464273,-0.61011,2.26491494,-516,11.0352161,8.484,-11.68,-8.7
2023,Region 4,First Round,2023 Marquette,2023 Vermont,2,15,1,14.4,10.9,11.6541644,16.40836,0.24456075,5.1,4.6,-5.2,-3.6,0.68,1.7,-1.31,-6.34,4.1,3.9,-22,-19.2,8,5.8,-11.6,5.8,4.4,4.2,1.5,-5.8,15.7,12.6,14.951,17.7704398,5.3,8.8,0.2,-0.3,0.2,1.6,4,14.5,0.2,7.4,5.9,2.9,0.2,1.2,-1.5,12.2991,11.9139345,3.8,5.5,1,0.5,-0.6,8.6,12.8,-6.5,-1.3,11.1,3.4,8.4,1.4,12.7,-131,-99.6,-88.6,22.1263,-18.7788,-8.6382,2.96207757,0.18287807,4.4,-9.8,-0.02,-0.01,-0.01,-6.34,1.95489981,3.9,39.2056,0.31842601,1.12857,-3.1189254,-211.33,-10.92653,13.575,13.58,1,0.15952403,-0.2250355,-3.1,-12.7,131,99.6,88.6,-8.1401,14.5094,8.9664,-2.9022373,0.36057419,-2.7,17.2,-35.955,5.71456969,1.12857,2.09731064,211.33,10.298901,-13.304,-9.2,-2.7
2023,Region 2,First Round,2023 Houston,2023 Northern Kentucky,1,16,1,30.8,20.2,14.7303141,28.302733,0.46449691,3.1,3.1,-13.1,-7,0.23,0.24,-0.53,0.77,1.7,1.4,-23.3,-15.6,4.9,-6.3,7.1,-0.8,0,-2,-0.5,2.6,16.7,12.4,15.567,16.001831,1.4,4.3,-2.2,1.7,-2.3,7.9,4.3,-6.5,9.1,7.5,10.7,1.2,-2.4,16.9,7.6,13.7692,13.0527677,7.3,4.6,7.4,1.4,-8.4,4.5,-3.9,1.1,1.6,-2.7,-3.7,14.1,6.4,-3.7,-122,-71.4,-77.5,12.9803,-14.3085,-11.7272,4.462046,-0.0146314,-7.7,-19.6,0.04,0.05,0.02,0.77,1.25981814,1.4,33.3385,3.25184703,0.14226,-1.5787071,-74.25,-11.127913,22.262,11.73,1,0.08677915,-3.7880057,-4.3,3.7,122,71.4,77.5,-7.0555,24.5185,17.3348,6.21668367,-0.1048665,-0.7,21.4,-28.435,-6.0867822,0.14226,2.32025123,74.25,5.60631827,23.561,-7.305,-9.3
2023,Region 2,First Round,2023 Iowa,2023 Auburn,8,9,0,-5.5,-5.7,-0.7064025,-1.8463,-0.0377398,1.2,2.4,-2.5,0.3,1.46,-0.53,-0.06,-6.55,0.9,2,-28.4,-32.4,-2.9,-4.2,1.2,3,-5.2,-1.4,4.3,-2.9,2.8,6.7,25.2342,25.7414381,6.3,5.2,5.5,3.4,-6.5,5.2,0.2,9.4,-0.1,-4.5,6.8,4.7,5.2,-2.4,-12.3,7.816,8.2145223,-3.7,-1.6,-5.2,-4.2,12.1,0.4,-5.7,4.1,4.9,-2.5,-1,-5.5,-5.1,0.4,-130,-74.9,-69.4,8.4574,-19.1553,-11.814,-3.9574476,-0.3020177,-0.6,-9.9,0.02,-1.42E-14,1.42E-14,-6.55,-0.3276023,2,34.0829,0.93815399,-0.35192,-2.1212229,1143.73,-6.5778452,4.962,11.445,0,1.5786325,3.50010309,3.9,-0.4,130,74.9,69.4,-19.0566,17.8574,9.3902,-1.4624305,-0.0783328,6.7,7.8,-31.9829,-1.718149,-0.35192,2.80049444,-1143.73,10.5782607,-5.646,-11.985,-9.9
2023,Region 2,First Round,2023 Miami FL,2023 Drake,5,12,1,6.9,1.8,4.34619461,2.4062,0.05107858,1.8,2.6,-1.9,0.7,0.43,-0.76,-0.67,-3.67,2.3,2.4,-27,-26,6,9.2,-5.2,-4,2.5,4.3,-6.3,2,7.1,8.5,20.9018,21.1620546,7.7,7.4,5.6,7.7,3.3,1.3,9.6,7.6,2.3,2.4,8.3,0.6,5.5,0.8,-6.7,6.521,6.5508596,1.8,0.1,3.1,2.6,4.7,2.6,4.7,-4.1,-1.3,-18.8,2,1.2,2.9,6.7,-132.3,-92.3,-90.4,18.9074,-22.3134,-13.6578,-0.2310652,0.54178988,-10.4,-21.2,0.04,0.05,0.05,-3.67,3.2998718,2.4,36.6521,7.37142598,-0.52724,-2.9826412,406.7,-13.071091,2.922,12.82,0,1.53068543,-6.1223207,1.4,-6.7,132.3,92.3,90.4,-6.4019,13.8887,12.3165,8.95444574,0.12922762,9.5,26.6,-36.0548,-0.4488906,-0.52724,2.25689398,-406.7,10.3319732,-4.474,-10.355,-7.5
2023,Region 2,First Round,2023 Indiana,2023 Kent St.,4,13,1,7.5,9.5,2.60888085,5.4614,0.08530297,-0.8,1.1,-7.5,-5.6,2.9,1.16,-0.73,0.7,-0.8,0.1,-33,-23.2,4.8,4.1,9.3,-13.5,0,-1,1.5,-0.5,5.9,6,18.2012,17.4303214,6.6,5.4,6.1,-1.2,-8.7,5.7,-2.2,3.4,6.1,5.4,6.5,5.8,5.8,0.7,3.6,11.0549,10.2321019,4,6.5,0,1.8,1.4,0,-3,-3.1,5.2,7.6,9,1,-0.2,-0.4,-127.9,-83,-68.5,17.7132,-19.5032,-17.8802,-0.140137,0.85218538,-7.9,-9.3,-0.02,-0.04,-0.01,0.7,-3.8989181,0.1,32.775,1.13595093,0.79843,-2.3706767,720.3,-7.2617779,2.266,10.42,-1,0.69958005,2.20467556,0.1,0.4,127.9,83,68.5,-10.4762,20.279,12.4592,-3.7036275,-0.0117425,3.1,15.8,-34.348,-4.1519555,0.79843,2.48943637,-720.3,6.73117032,-4.783,-11.28,2.9
2023,Region 2,First Round,2023 Iowa St.,2023 Pittsburgh,6,11,0,-2.6,-0.5,2.65988761,7.0682,0.12784874,-4.2,-1.5,-3.5,-3.3,-0.12,-0.77,0.15,5.56,-2.3,-3.2,-26.4,-9.1,0.1,-0.6,6.3,-5.7,-1.7,-7.9,4.6,3.3,-7.2,-2.7,6.047,6.6303478,1.5,2.1,0.5,-3.6,-2.8,-3.1,5.7,2,1.1,1,8.3,-2.8,0.5,-1.4,2.2,23.5537,22.5049178,3.1,3.1,2.2,4.2,-7.6,8.7,-3.8,-3,3.8,0.9,-8.4,7.1,2.3,3.2,-122,-80.9,-69.2,12.7893,-20.4809,-15.4352,1.52158749,0.16493702,-7.5,-16.3,0.01,-1.42E-14,0,5.56,-0.9690596,-3.2,32.1778,4.00089881,-0.53909,-2.1388086,640.76,-7.6953695,-16.08,10.735,0,-1.83738,-5.7468389,4.5,-3.2,122,80.9,69.2,-16.325,24.6649,15.3381,3.33208296,-0.2706881,3,29.6,-31.9503,-4.1736879,-0.53909,1.49210239,-640.76,8.1124172,-1.5,-12.565,3.6
2023,Region 2,First Round,2023 Xavier,2023 Kennesaw St.,3,14,1,15.5,11.7,6.78726445,16.05037,0.27124017,5,5.6,-6.4,-2.9,2.5,2.92,0.1,-5.05,2.7,1.9,-29.4,-27.9,1.2,3.6,4,-7.7,-0.8,-0.4,4.5,-4.1,17.1,14.5,16.636,18.1117236,4.4,3.5,4.7,2.2,-5.4,2.1,6,16.8,-0.6,-0.9,4,2.3,4.5,1.9,-2.5,6.7,6.61901841,2.5,2.6,1.2,-6.1,9.4,-1.4,-2.1,-0.1,-1.6,-3.3,0.8,3.1,1,10.1,-128.5,-89.5,-69.4,13.3547,-15.0866,-13.3115,-2.0700047,0.4114066,-4.2,-14,-0.03,-0.01,-0.01,-5.05,0.07395079,1.9,36.3052,1.96636061,2.05263,-2.1966657,641.99,-11.655993,42.718,14.695,2,0.96163054,0.4681918,-2.6,-10.1,128.5,89.5,69.4,-11.6617,16.3159,7.6702,2.45592825,0.10869409,4.3,12.4,-35.2469,-2.7448443,2.05263,1.93715839,-641.99,11.5287437,5.312,-12.68,-4.4
2023,Region 2,First Round,2023 Texas A&M,2023 Penn St.,7,10,0,5.8,-0.7,2.35705811,3.2467,0.04544377,0.3,0.1,0.7,3.6,0.01,1.07,-0.39,6.04,2.9,1.7,-28.8,-6.7,2.6,11.8,-8.7,-3.1,2.9,4,-2.6,-1.4,6.9,10.3,12.693,13.3202946,-0.2,0.2,-0.5,5.5,20,-5.2,11.5,-3.3,-1.7,-5.2,-3.1,-4.7,-0.1,-6.2,-11.2,20.6263,20.5810828,7.6,6.1,6.2,3.4,-13.7,7.3,11.6,-6.6,-5.2,-3.2,1.8,13.6,5.7,1.6,-133.9,-89.1,-71.7,17.6131,-25.9426,-14.0578,-1.4265747,0.4936084,-10.7,-21.8,1.42E-14,-0.03,-1.42E-14,6.04,-1.4371567,1.7,33.3782,7.97124455,0.69412,-2.5357997,948.73,-14.975193,10.725,14.5,-1,-0.8663562,-5.7142537,3.4,-1.6,133.9,89.1,71.7,-6.6629,17.1889,12.3913,6.1553213,0.17062308,0.6,32.7,-36.9555,3.10801727,0.69412,1.61748498,-948.73,11.1727127,-19.136,-8.84,-5
2023,Region 2,First Round,2023 Texas,2023 Colgate,2,15,1,13.2,10.2,11.1895732,19.27803,0.27836887,0.6,2.2,-1.5,-0.9,-0.91,-1.79,0.02,7.84,2.3,1.1,-28.1,-29.8,3.5,1.2,1.2,-2.5,3.1,-7.2,7,0.3,11.1,11.6,8.911,8.8105679,0.8,2.3,-1,6.6,11.2,1.1,4.2,3.4,1.8,-0.8,4.9,-0.1,-0.9,-1,-1.5,20.9524,20.1192112,10.8,9.9,8.2,-6.2,-6.9,7.9,4.5,13.2,-0.6,7.5,4,10.6,8.1,11,-128.2,-93.3,-86.1,15.725,-16.3596,-11.8565,0.30048494,0.20496674,-15,-25.1,0.04,0.02,0.04,7.84,0.04060577,1.1,35.5389,1.81409479,-1.23272,-2.3675463,-114.46,-11.797404,25.152,11.925,-3,-1.4390725,-1.3054459,0.5,-11,128.2,93.3,86.1,-13.712,18.8701,9.5523,1.05718728,-0.1288316,3.4,15.9,-37.967,2.6411381,-1.23272,2.38679328,114.46,8.99434053,-1.972,-11.55,-0.5
2023,Region 3,First Round,2023 Kansas,2023 Howard,1,16,1,27.5,14.6,17.3942569,26.34921,0.54959696,7.2,5.9,-13.8,-7.3,0.58,-0.55,-0.15,-18.32,-0.9,0.2,-28.8,-28.8,2.1,6,-2.9,-3,0.4,-5.4,6.6,-1.2,18.4,12.9,7.696,7.1658154,1.8,2.1,0.8,2.4,-4.8,3.2,-3.2,12.5,1.3,-0.4,4.8,-5.3,0.9,9.8,1.6,12.2269,9.44065665,4.9,2.7,6,-0.7,1.6,-2.6,-5.5,8.5,0.9,-1,-1.1,2,5.9,2.1,-118.8,-77.9,-71.6,18.8304,-19.8864,-12.633,1.04760407,0.33900193,-4.7,-9.5,-0.01,-0.01,-0.01,-18.32,-3.918155,0.2,33.0042,-2.7243989,-0.38309,-1.5788548,571.6,-11.024915,27.836,10.67,-2,-0.5797083,-2.2027278,-5.5,-2.1,118.8,77.9,71.6,-12.8327,22.7553,10.8885,2.59280587,-0.097868,0.6,11,-29.4582,-5.7189151,-0.38309,2.38433312,-571.6,9.17926028,13.927,-9.59,-8.2
2023,Region 3,First Round,2023 Arkansas,2023 Illinois,8,9,1,-0.4,0.1,-0.5075209,2.1482,0.05488016,-5,-1.3,-6.3,-1.9,-0.02,-1.03,0.03,-7.18,0.8,-0.1,-40.9,-28,6.7,6.8,-4,-2.8,-2,5.4,6,-11.4,-0.8,2.1,16.9096,16.2914111,5.1,8.5,-1.9,-1.2,9.2,0.3,3.7,4.9,5.3,12.9,11.7,-1.1,-2.1,-1.4,-2,18.1993,17.0014111,5.1,8.4,0.3,-3.4,-5.1,2.2,-4.1,2.4,7.2,-2.8,9.6,3.1,-0.3,-3,-124.5,-82.2,-58.9,21.1662,-23.2592,-11.6429,7.50096093,0.61394066,-18.6,-10.1,0.01,0.01,0,-7.18,1.4733771,-0.1,32.6074,2.24579019,-0.72643,-2.4151868,1130.22,-6.4200416,-0.822,11.335,0,-0.1338332,-0.0847975,2.9,3,124.5,82.2,58.9,-13.6854,18.4562,8.1093,1.23271641,0.51108916,0.2,7,-31.2948,-2.6011551,-0.72643,2.47653918,-1130.22,6.80236703,-1.644,-11.315,-0.6
2023,Region 3,First Round,2023 Saint Mary's,2023 VCU,5,12,1,12,7.9,2.43091043,8.7462,0.14587648,-1.3,-2,-12.6,-7.2,0.54,1.28,0.18,-12.88,-4.8,-6,-28.9,-35.4,-4.7,-0.5,-2.2,2.7,-7.3,-7.5,8,-0.7,1,0,19.4251,18.5868552,5.5,4.8,4.4,-1.2,0.7,7.7,3.3,-2.7,0.2,5.1,3.7,4.4,4.2,8.4,7.6,15.6214,15.0639789,5.5,6.7,1.9,-5.5,11.5,-0.5,-7.2,16.5,2.6,0.1,6.3,-0.1,1.5,-1.6,-121,-86.3,-66.2,5.8787,-17.2841,-9.9373,0.35876041,-0.252532,8.4,-1.8,0.02,0.02,0.01,-12.88,-3.4473004,-6,31.117,6.17933386,0.81464,-1.9164027,1276.67,-6.9995553,4.1,9.59,0,0.34814116,-0.951836,-1,1.6,121,86.3,66.2,-17.8778,21.2702,9.9644,0.03587355,-0.4253605,2.4,3.8,-31.894,-5.6143514,0.81464,3.16602242,-1276.67,8.93925017,16.836,-12.19,-0.8
2023,Region 3,First Round,2023 Connecticut,2023 Iona,4,13,1,14.1,7.4,6.68685984,13.6572,0.15833897,0.6,2.4,-4,-1.5,0.81,-0.5,-0.16,3.2,-0.2,-1.8,-23.5,-37.6,5.1,-1.5,-5.6,7.1,-3,-1.6,3.2,-1.6,12.2,11.1,20.2922,21.8738743,7.6,6.4,6.5,5.2,0.2,2,8.7,12,6.4,4.3,11.9,-5.3,6.6,2.6,-3.7,16.7874,16.374224,6.3,5,6,-0.5,-9.7,4.1,-5.8,12.4,6.5,-5.9,2.4,9.3,6.5,-3.3,-125.5,-72.1,-69.7,14.2584,-18.0128,-9.1867,2.15303094,-0.1400214,3.4,-4.4,0.04,0.04,0.04,3.2,-2.2911472,-1.8,32.0816,3.41218549,-0.36532,-2.4518819,818.9,-6.1764662,19.532,10.94,-1,0.28334102,-3.9094128,-1.1,3.3,125.5,72.1,69.7,-9.9208,18.6095,9.7872,6.37885236,-0.0738487,10.2,10.4,-33.3016,-5.9571801,-0.36532,2.44644168,-818.9,6.94968905,2.588,-11.56,-6.3
2023,Region 3,First Round,2023 TCU,2023 Arizona St.,6,11,1,5.3,1.9,1.0141042,5.6871,0.07289773,-3.4,-3.2,-5.7,-2.4,0.43,-0.87,0.13,6.61,1.7,1.5,-31.5,-25.5,0.5,9.5,-0.4,-9.1,-3.3,6.4,-2,-4.3,4.5,1.9,17.1559,16.583608,3.8,8.1,-3,-0.1,0.5,3.5,0.6,4.7,4.3,3.8,11.9,-1.9,-3.1,0.6,0,13.2833,12.3733522,-0.3,-1.2,1,-2.2,1.1,5,1.1,1,3.1,-1.4,-0.7,1.9,1.4,-8.1,-123.5,-75.5,-72.2,14.6452,-24.4898,-16.432,3.64215469,0.66763914,0.4,-4.6,-0.02,0.01,-0.02,6.61,0.91655294,1.5,30.5742,-1.5254997,-0.60042,-1.9773388,482.16,-6.8149768,11.653,9.43,0,0.36409259,-1.0911955,-2.6,8.1,123.5,75.5,72.2,-9.9545,16.9073,11.5654,1.45223067,0.2211099,4.6,12.1,-28.0407,-0.7132868,-0.60042,1.8621809,-482.16,7.0476354,2.813,-7.275,-0.6
2023,Region 3,First Round,2023 Gonzaga,2023 Grand Canyon,3,14,1,16.4,13,10.4057621,18.31869,0.28722682,7.6,6.3,-1.7,-0.2,0.92,1.53,0.45,-7.28,5.6,5,-34.4,-19.8,1.8,-1.4,1.4,0,1,-3.2,4.9,-1.7,20,19.2,17.679,18.1079438,11.3,12.2,6.4,0.2,1,0.4,0.8,7.6,0.9,6.6,14.2,7.5,5.2,-5.3,-6.3,12.6233,11.2296341,1.2,-0.7,2.6,-2,11.1,0.4,-4.5,1.8,2.4,-5.7,-6.8,7.1,2.3,10.3,-133.2,-82.1,-68.1,12.3648,-13.8717,-9.8452,0.62140949,0.01226956,-4,-9.6,0.01,-0.02,-0.02,-7.28,0.23935377,5,42.039,1.437652,1.05171,-2.4678467,1157.09,-11.390726,43.875,15.15,1,0.37246625,-4.0309902,-0.8,-10.3,133.2,82.1,68.1,-9.8466,16.9797,10.0095,5.07582356,-0.0101439,-2.5,15.8,-34.086,-6.7280277,1.05171,3.19220762,-1157.09,10.4006734,-5.598,-13.115,-1
2023,Region 3,First Round,2023 Northwestern,2023 Boise St.,7,10,1,-5.6,-2.3,-0.5408251,-2.3021,-0.002834,-10.2,-4.3,-3.1,-2.4,0.03,1.71,0.19,5.9,-1.6,-1.7,-21.4,-19.7,2.2,-0.8,-2.4,3.2,1.1,0.8,-4.6,3.8,-6.9,-0.9,14.6758,13.7436424,-0.1,-1.3,1.1,5.8,2.3,2.9,4.5,9,4,8.7,-3.7,1.1,0.4,0.8,-1.7,17.2903,16.4988257,3.5,4.1,2.1,6.2,-0.9,5,0.9,-18,-1.9,-9.9,5.2,5,2.2,-5.2,-129.1,-94.2,-80.6,10.912,-22.3288,-12.6564,3.24589624,-0.0472028,-4.4,-19.8,0.01,0.01,0.01,5.9,-3.7235894,-1.7,30.8865,3.67768679,1.13196,-2.5309217,61.06,-10.885074,-14.082,9.14,1,-0.2465692,-4.4226294,6,5.2,129.1,94.2,80.6,-10.3063,19.7506,14.0218,5.84630999,-0.0432004,5.4,23.7,-32.0355,-5.2963613,1.13196,2.11248471,-61.06,6.56815928,4.087,-9.685,-2.5
2023,Region 3,First Round,2023 UCLA,2023 UNC Asheville,2,15,1,26,11.5,10.2654439,26.12588,0.4845348,0,2.3,-9.6,-4.4,-0.45,-0.43,-0.87,1.62,-1.3,-2.1,-36.9,-23.5,1.5,-2,6.8,-4.8,-1.4,-1.4,0,1.5,13.2,10.5,12.24,10.783429,2.9,1.3,4.2,0.4,0.3,2.6,5,5.7,0.7,-1.3,3.7,1.3,4.3,17.8,1,16.8987,13.8321358,7.1,4.6,7.7,-0.4,13.7,3.6,1.8,-1.2,3.9,11.9,7.8,-0.6,7.5,-0.4,-123.2,-84.2,-77.2,13.3453,-17.7713,-13.3362,-1.849577,0.19772198,-13.8,-12.7,-0.07,-0.06,-0.06,1.62,1.60793465,-2.1,33.8043,6.02364192,-0.30133,-2.0736414,560.75,-8.5780292,26.511,10.345,0,-0.5081441,-0.2945708,-2.7,0.4,123.2,84.2,77.2,-11.6524,18.8018,12.3354,-3.8284752,-0.1164174,4.8,17.4,-30.5648,-3.0210701,-0.30133,2.57257452,-560.75,7.75842439,32.851,-9.355,-16.8
2024,Region 1,First Round,2024 Connecticut,2024 Stetson,1,16,1,50.8,31.9,18.2219992,36.31699,0.61181057,15,9.7,-7.6,-2.2,0.74,0.19,0.64505,6.11,-0.5,-1.3,-21.7,-25,9.5,2.1,-5,2.9,-1.6,4.5,4.3,-8.8,37.7,27.4,12.242,12.6661015,5.1,6.3,2.2,0.9,7.4,-1.4,5.3,14.2,6.1,9.7,11.1,-5.9,1.2,13.9,4.5,15.8671,14.3151818,8.3,8.8,4.6,4.1,-0.8,0.4,-0.7,2.7,-0.5,8.2,6.2,12.3,4.7,7.6,-139.6,-78,-76.6,22.4472,-15.1348,-10.0026,5.81293355,0.2042307,8.2,-1.2,0.04,0,0.01,6.11,3.73422545,-1.3,42.1121,-0.2501834,0.10722,-2.4358661,1034.6,-11.62569,87.458137,16.48,1,-0.1350131,-1.5875443,-10.3,-7.6,139.6,78,76.6,-3.9762,14.4047,7.6649,-0.3813629,0.34149514,5.1,18.1,-36.069,-3.3988483,0.10722,3.06091859,-1034.6,6.3724178,37.404014,-11.17,-9.4
2024,Region 1,First Round,2024 Florida Atlantic,2024 Northwestern,8,9,0,10.2,2.7,0.03201998,0.3234,-0.0257233,0.8,-0.1,1.3,3.8,-1.04,-0.75,0.06373,7.45,4.4,4.2,-24.3,-26.9,1.1,4.4,-6.1,1.8,-2.8,2.2,-1.9,-0.2,15.4,11.4,18.203,17.8935074,3.4,5.7,-0.3,0,-4.6,3,5.6,-7.7,-2.5,-3.2,1.6,5.2,0.6,-2,-8.7,13.938,13.877994,3.5,0.4,5.8,2.1,2.4,3.2,3.5,21.7,3.2,5,-0.1,1.3,5.4,9.5,-135.6,-83.1,-68.4,17.4817,-17.9655,-10.7074,-2.5506509,0.08463144,5.5,-3.7,-0.04,-0.05,-0.05,7.45,-0.2040384,4.2,37.2108,4.29602423,-0.49869,-2.4942586,1066.07,-8.9760906,39.979302,16.24,0,0.47377566,-0.1619381,-4,-9.5,135.6,83.1,68.4,-7.9552,14.0854,9.8408,-0.4737499,-0.0106853,10.9,23,-37.8249,0.69932978,-0.49869,3.1961499,-1066.07,11.8496385,-4.448297,-11.62,-6.7
2024,Region 1,First Round,2024 San Diego St.,2024 UAB,5,12,1,11.6,5.9,4.96119565,13.41751,0.23330969,0.6,1,-4.1,-1.2,0.47,-0.03,0.88448,2.78,-1.7,-1.6,-25.5,-28.2,0.5,-5.7,4.4,1.4,-2.9,-8.6,-0.2,8.8,8.7,7.5,6.146,4.8886982,-1.2,1.4,-3.7,0.7,6.1,0.1,1.7,1.9,1.9,3,1.6,4.4,-3.3,-1.4,-1.5,19.8341,18.0115327,2.9,2.1,2.6,4.2,7.2,1.3,-7.3,1,3.4,-0.6,0.1,2.9,2.1,-1.9,-133.2,-73,-57.3,8.6359,-15.2408,-11.8932,1.51572843,-0.1817311,-4.8,-16,0.01,0.02,0.01,2.78,-1.0820323,-1.6,33.943,0.94343628,-0.03021,-2.4401924,1841.49,-7.1858541,22.517365,12.97,-2,-1.5801878,1.27293395,-1.2,1.9,133.2,73,57.3,-15.8172,23.9291,17.3805,1.48074829,-0.6277809,3,12.7,-32.2293,-6.8419748,-0.03021,2.6211263,-1841.49,7.51815377,6.311158,-12.775,-0.1
2024,Region 1,First Round,2024 Auburn,2024 Yale,4,13,0,20.9,19.9,7.92533465,19.42873,0.22132981,-0.5,0.7,-2,-2.7,-0.52,0.36,0.50175,20.2,5.4,5.2,-21.1,-31.4,8.8,9,-5,-4,1.6,3.2,-1.1,-2,17.6,14.2,19.231,20.0729196,4.4,6.1,1.2,1.4,9.2,1.1,8.9,4.7,7.4,-1,2.9,4.4,0.7,5.5,5.8,19.144,17.594672,8.9,9.7,4.8,-2.9,-14.1,4.1,1.9,10.5,1.4,4.8,10.7,7.6,4.8,-0.5,-136.8,-84.4,-64.9,23.4218,-21.3597,-13.9825,-1.4358484,0.56949257,2.8,-8.4,-0.01,-0.05,-0.04,20.2,-0.4357283,5.2,37.9911,3.57154652,0.27568,-2.2702171,1356.67,-8.9640333,41.282071,15.655,1,-0.1021867,0.68946789,-3.4,0.5,136.8,84.4,64.9,-3.1079,16.5921,10.9232,0.49910065,0.21407192,0.9,12,-34.6245,-0.7201141,0.27568,3.20415229,-1356.67,5.602735,17.37563,-10.01,0.3
2024,Region 1,First Round,2024 BYU,2024 Duquesne,6,11,0,12.6,8.6,4.40759891,11.63835,0.15845204,-0.4,-0.9,-4.2,0,2,1.09,-0.47535,-0.6,3.2,2.8,-12,-26.2,0.5,-8.4,-4.7,13,-2.7,-6,11.2,-5.1,9.2,9.7,22.9368,23.0496202,7.1,9.6,3.1,3.1,-10,4.3,2.8,10.9,-3.7,3.8,17.7,-2.9,3,5.7,-1.2,7.443,8.48495459,2.1,1.4,2.1,1.6,1,-1.5,-5.2,6.6,5.6,-13.7,-10.9,8.4,1.9,1.2,-131.8,-82.6,-74.2,7.8821,-14.7949,-7.9676,2.94891837,-0.4443218,1.9,-24.5,-0.04,-0.03,-0.03,-0.6,0.06940621,2.8,36.5848,-0.6928393,0.7616,-1.9731865,284.19,-6.8929447,13.914486,12.215,1,1.54968664,-4.0432366,0.5,-1.2,131.8,82.6,74.2,-14.7456,22.3207,9.8651,9.0055744,-0.0878534,12.6,21.1,-33.0125,-4.6022239,0.7616,2.80514101,-284.19,11.9200292,9.270921,-11.685,-6.9
2024,Region 1,First Round,2024 Illinois,2024 Morehead St.,3,14,1,19.2,11.7,9.01152729,18.51854,0.33116986,4.9,3.3,-3,0.5,0.69,0.23,1.17482,7.29,4.8,5.5,-30.5,-27,2.8,1.1,-8.1,7,-1.1,0.1,16.8,-16.9,24.4,15.4,22.032,20.8898301,8.1,9.3,3.8,-1.3,5.1,0.4,9.8,3.3,0.3,5.2,10,1.8,3.1,0.4,-3.9,7.425,5.9848517,6.4,9,1,-0.2,4.2,-6.2,-5.9,9.8,2.9,3.3,3.6,7.1,1.2,1.9,-138.6,-79.3,-71.1,14.3591,-20.0429,-8.0798,1.82897842,-0.1428528,-3.7,-11.1,0.04,0.01,0.03,7.29,2.79362467,5.5,37.2597,7.53935934,0.17714,-2.6773461,1362.32,-8.1330591,75.82703,14.685,2,0.94812147,-2.0813951,-9,-1.9,138.6,79.3,71.1,-12.6055,17.818,2.6941,0.22547833,0.51820797,7,17.2,-37.94,-3.6381787,0.17714,3.18096177,-1362.32,11.0599576,12.640746,-13.2,-4.3
2024,Region 1,First Round,2024 Washington St.,2024 Drake,7,10,1,1.2,0.5,0.20896992,1.5015,0.02525859,-1.1,0,-2.6,-0.2,2.93,1.56,-0.84444,-0.74,-2,-2.9,-28.7,-28.9,5.6,9.2,-2.4,-6.7,3,5.3,2.9,-8.1,1.6,4.6,12.526,12.4558798,1.1,0.7,1,-0.1,0.7,1.3,10.8,4.1,5,-0.3,-0.9,-0.4,0.6,-2.3,-4.2,18.4037,17.6033281,7.6,8.2,4.5,2.8,-0.1,2,0.7,11.6,-2.1,2.6,10.7,5.7,3.9,5.3,-136.7,-95.9,-72,18.8433,-20.9057,-15.0305,-0.2774001,0.62595626,-12.4,-23,0.05,0.07,0.08,-0.74,0.07334617,-2.9,35.1859,9.0207456,1.03123,-3.6577424,869.9,-20.487021,-7.392024,14.43,-2,-0.631694,-4.0470588,3,-5.3,136.7,95.9,72,-4.3042,13.5458,6.7237,0.4589911,0.5000682,9.1,21.5,-38.8896,-0.1624407,1.03123,2.7826652,-869.9,7.60661938,-13.957725,-13.085,-1.9
2024,Region 1,First Round,2024 Iowa St.,2024 South Dakota St.,2,15,1,25.4,13.3,13.9220538,23.72995,0.38445965,0,-0.4,-9.8,-3.9,0.47,-0.29,-0.01833,2.68,0,-0.4,-20.9,-14.8,2.2,4.5,10.7,-15.2,-5.7,-12.5,7.6,4.8,10.5,6.5,8.19,8.2069455,1.1,2.7,-0.3,-4.6,8.7,0.8,6.3,10.5,2.1,-4.5,4.8,1.2,0.3,13,6.8,21.5157,20.252157,8.2,9,4.7,0.4,-4.8,9.3,5,-12.5,1,-11.8,-0.2,9.6,4.9,5.1,-125.7,-89.3,-70.9,16.6609,-21.2115,-18.9019,-2.0090987,0.5446274,-11.3,-28.1,0,0.02,-0.01,2.68,2.08868534,-0.4,35.6337,2.78396143,-0.20117,-2.4204157,960.75,-9.2931108,22.105458,13.815,0,-1.4303299,-3.6193376,-4,-5.1,125.7,89.3,70.9,-22.8664,25.5132,16.2564,8.72171347,-0.5272349,3.6,23.4,-32.6355,-0.8305995,-0.20117,2.0619857,-960.75,8.34667904,27.295255,-9.275,-6.2
2024,Region 2,First Round,2024 Houston,2024 Longwood,1,16,1,47,29.4,18.7063653,30.759737,0.4937456,6.3,4.6,-15.4,-9.1,-1.21,-1.01,0.23496,0.3,-3.8,-3.5,-23.9,-30.8,2.4,-4.1,6.7,-2.6,0,-7.4,-4.2,11.5,19,16.2,14.115,14.3469736,-1.6,-2.5,0.1,-0.7,-6.2,5.9,11.4,-0.2,8.9,-0.1,1.2,-0.5,-0.1,25.2,13.2,18.5627,18.3150588,5.4,5.2,4.2,1.8,0.5,6.7,-6.5,-12.2,-0.2,2.1,0.2,10.1,4,-5.6,-124,-70.7,-55.5,12.9044,-17.9054,-12.843,0.24246127,0.01548852,-19.1,-32.9,-0.01,-0.02,-0.02,0.3,0.79472488,-3.5,33.3459,9.69113971,-0.63368,-2.1644604,869.05,-12.713235,43.859074,14.255,2,-0.5655297,-0.6790765,-2.8,5.6,124,70.7,55.5,-11.9036,25.2641,18.2773,2.41064072,-0.626715,12.2,19.2,-26.676,-10.326041,-0.63368,2.30788995,-869.05,5.67361021,56.656356,-9.76,-12
2024,Region 2,First Round,2024 Nebraska,2024 Texas A&M,8,9,0,5.1,1.1,2.00841425,2.0838,0.04692799,1,-0.1,-1.2,1.7,0.32,0.69,-0.02196,3.31,1.9,3,-10.6,-20.2,-3.4,0,0.6,-0.6,1.4,-11.2,7.4,3.7,10.6,8.3,15.9743,16.2542431,3.1,3.3,1.9,4.7,1.2,1,-0.2,-2.8,-6.4,-1.8,2.7,2.7,1.9,-5.5,-7.1,18.3262,18.1935898,-0.9,1.8,-3.5,1,10.5,2.2,-11.9,-8,-1.9,-5.1,-3.7,0.5,-3.2,-5,-136.6,-72.3,-70.5,8.5941,-18.3567,-13.9087,-1.7290083,-0.0650744,2.2,-26,0.03,0.04,0.03,3.31,6.32624149,3,36.3081,1.56587235,0.46554,-2.1407386,959.27,-9.6260579,26.752954,12.62,-1,-0.2642605,4.28053308,-2.3,5,136.6,72.3,70.5,-13.0991,29.2939,16.8989,1.76450568,-0.3450406,1.8,18.4,-30.1464,-6.4546855,0.46554,2.45174055,-959.27,12.2841604,-14.298469,-11.295,-1.6
2024,Region 2,First Round,2024 Wisconsin,2024 James Madison,5,12,0,7.6,4.6,1.52630104,7.7008,0.12842098,3.5,2.1,-3.5,-1.7,1.15,2.2,-0.51243,-7.23,-5.3,-4.8,-29.5,-27.5,-0.3,-0.1,0.1,0,-2.1,-11.8,15.3,-3.5,10.2,7,19.104,19.2467359,5.7,3.8,6.2,2.8,-1.6,5.2,2.9,5.7,-4.4,-4.9,3.4,3.9,5.2,-3.6,-2.6,14.3973,12.9447736,2.2,3.8,-0.6,-2,1,2.2,-7.5,7.1,-3.1,-5.8,-2.9,-1,-0.9,5.7,-134,-85.4,-64,9.3278,-17.7118,-12.567,-4.3695356,-0.0112673,-0.7,-11.2,0,0,-0.01,-7.23,-0.7087301,-4.8,34.1962,5.43784909,1.46688,-3.3713095,1370.94,-11.934874,22.140279,11.91,0,0.44586656,2.00324425,-3.2,-5.7,134,85.4,64,-21.2769,22.5898,8.0353,2.28161503,-0.2694591,3.7,13.3,-38.325,-4.3240426,1.46688,2.93914176,-1370.94,19.7566117,-15.407223,-16.35,1
2024,Region 2,First Round,2024 Duke,2024 Vermont,4,13,1,21.6,13.2,4.87077797,17.89949,0.27499407,5.7,3.5,-9.2,-6.2,1.33,2.98,-0.51023,-11.21,2.2,3.6,-26.1,-20.4,5.8,2.6,-3.6,1,1.3,1,8.3,-9.2,18,7.4,21.681,20.9179063,8.5,8,6.2,-0.3,7.9,0.8,8.5,10.6,-0.8,9.4,7.8,3.1,6.2,9.9,5.9,10.1724,8.54627582,2.8,4,0.9,3.3,2.1,3.1,3.5,1.4,-0.9,6.4,2.2,3.4,1.5,2.7,-139.9,-96.6,-83,14.684,-18.8703,-10.865,2.23746026,0.19499103,1,-12.2,-0.01,-0.04,-0.02,-11.21,-0.1770648,3.6,39.2581,6.5892974,1.99102,-3.4682388,305.52,-8.0899726,29.233499,14.065,2,1.09422808,-1.0281304,-10.6,-2.7,139.9,96.6,83,-8.5893,17.8528,9.0467,-1.8536655,0.30361671,2.5,19.1,-36.0326,0.90771197,1.99102,2.83365547,-305.52,8.87715915,15.611564,-10.54,-4
2024,Region 2,First Round,2024 Texas Tech,2024 NC St.,6,11,0,-4.3,-1.8,3.20547133,5.489,0.07272384,-0.5,0.6,-1.1,-0.5,-0.77,-1.21,-0.7357,-0.56,-1.7,-1.5,-23.6,-27.5,2.5,-1.7,-2.9,4.6,2.6,-3,-2.3,5.3,3.1,5.5,16.615,16.4970896,2.3,2,1.6,4.6,2.7,1.4,0.9,7.5,-0.7,2.6,2.7,1.7,2.4,-6.7,-7.2,14.9861,14.5258026,1.6,0.5,2.5,2.4,5.9,3.3,1.7,-0.7,-0.8,3.7,-1.6,2.4,2.2,3.1,-134.9,-81.6,-74.4,13.1891,-17.5153,-9.6094,0.26870689,-0.1062742,-2.5,-16,-0.01,-0.02,0.02,-0.56,1.85804433,-1.5,35.2275,1.19893989,-0.82559,-3.0926626,1123.7,-9.8458007,1.296728,12.875,0,0.13136034,0.54531664,2.4,-3.1,134.9,81.6,74.4,-10.9754,20.4806,14.7156,-0.4065416,-0.1691004,10.9,23.4,-35.1011,-3.1754338,-0.82559,2.66254351,-1123.7,12.7402654,-25.528616,-10.77,-0.5
2024,Region 2,First Round,2024 Kentucky,2024 Oakland,3,14,0,21,15.7,7.04189594,17.20702,0.3076404,4.8,4.9,-0.9,-1,2.13,2.83,-0.41972,8.26,5.9,5.8,-22,-19.3,3.9,7.1,-3.8,-3.4,1.9,8.4,-7.2,-1.3,22.3,18.3,16.937,17.3872408,6.8,4.2,7.3,3.8,3.6,2.1,0.3,-7.8,8.1,-3.6,4.5,0.7,7,-1.9,-2.8,5.905,6.3527607,2.6,2,2.5,3.8,-2.5,-0.2,-0.4,1.4,-1,6.6,3.5,5.7,2.3,9.6,-137.3,-81.7,-78.5,18.0236,-16.8516,-11.6974,-3.6697121,0.3726825,-5.4,-17.4,0.01,0.03,0.01,8.26,-3.2524228,5.8,41.197,4.30593056,2.02205,-1.6708521,887.54,-11.467369,38.353431,14.215,4,0.8640834,4.58325095,-4,-9.6,137.3,81.7,78.5,-6.4743,14.7376,12.0898,-1.19891,0.28355271,4,21.5,-35.5798,-2.2351886,2.02205,2.75029494,-887.54,5.57216503,-7.288247,-12.315,-0.9
2024,Region 2,First Round,2024 Marquette,2024 Western Kentucky,2,15,1,26.1,17.3,13.1930108,19.67411,0.34692522,6.2,6.7,-11.6,-6.3,0.77,1.69,0.66561,-9.79,-6.1,-5.9,-19.4,-25.9,3.9,5.5,-6.2,0.6,1.1,-10,-1.7,11.7,17.7,13.8,15.805,17.393571,6.8,7.7,3.6,3,-7.8,4.3,-0.7,6.2,0.1,8.8,4.8,7.7,2.8,10.8,3.4,9.9944,10.1630975,2.2,2.9,0.8,-3.4,4.7,2.8,2.3,-14.7,0.1,1.2,0.7,3.7,0.6,5,-127.7,-88,-79.9,17.8211,-20.7987,-12.9108,1.69230577,0.21378268,9.2,-7.8,-0.04,-0.05,-0.02,-9.79,0.77580324,-5.9,37.6045,0.2122567,1.1959,-2.1477064,324.55,-10.515294,38.431608,11.845,3,0.50161126,0.28999512,-3.9,-5,127.7,88,79.9,-13.9223,21.4146,17.7091,0.34904679,-0.6465285,-3.9,9.1,-31.789,-3.2301793,1.1959,2.30627102,-324.55,9.25185547,23.200473,-9.495,-7.4
2024,Region 3,First Round,2024 Utah St.,2024 TCU,8,9,1,-1.5,0.3,2.24035729,-2.178,-0.0414371,0.9,2.7,-3.3,-2.1,-0.8,0.01,-1.01565,-10.3,-1.5,-1.4,-31.4,-33.1,1.8,1.6,-0.1,-1.5,-1.4,-2.3,-4,6.2,4.3,5.7,17.8074,16.2774423,3.8,6.2,-0.7,1.3,4.3,5.1,-0.1,0,2.4,-3.5,5.1,5.4,-0.5,-3.1,-5.3,14.599,14.0014247,2.3,-1.9,6.6,1,4.7,-1.5,-10.1,10.5,4.3,-6.7,0.9,-5.5,5.7,5.9,-129.2,-82,-58.8,18.2057,-17.1214,-12.597,-2.0607888,0.16465039,3.9,3.2,0.01,1.42E-14,-1.42E-14,-10.3,-0.3949815,-1.4,35.2687,-0.7301347,-0.00131,-1.760985,1526.07,-8.8321446,-0.047027,13.97,0,0.35664893,1.33625356,1.4,-5.9,129.2,82,58.8,-14.9791,18.2807,14.9333,3.53342352,-0.3777282,1.6,5.1,-34.3443,-6.4865809,-0.00131,2.49694761,-1526.07,8.36499543,-20.260201,-13.87,-2.2
2024,Region 3,First Round,2024 Gonzaga,2024 McNeese,5,12,1,13.7,6.6,1.82371744,8.7018,0.1680696,3.9,2.2,-3.5,0.1,1.67,1.93,-0.14104,-5.28,3,3.8,-20.5,-29.5,0,1.1,15.1,-16.3,-2.4,-11.4,8.3,3.1,15,10.8,19.829,18.8486821,8.9,12,2.5,1.2,-2.4,9,2.9,-5.8,1.1,5.8,17.4,10.2,2.8,-0.8,-4,14.5981,13.408471,7.6,7.7,5.4,-3.2,14.8,2.3,-4.9,3.6,6.4,3.1,1.3,8.4,4.6,6.7,-132.3,-77,-68.2,13.0093,-16.7837,-20.371,0.48139837,0.48149053,0.7,-17.3,0.02,0.04,0.03,-5.28,-0.7471456,3.8,36.756,2.72951491,1.31987,-2.3406353,1192.48,-7.0009148,29.891708,12.94,-2,0.49360786,0.54219892,-4.2,-6.7,132.3,77,68.2,-18.06,22.6031,11.1549,1.69021729,-0.5105277,1.1,8.2,-38.4087,-5.6281428,1.31987,3.0270172,-1192.48,9.12575147,-3.327512,-14.145,-3.2
2024,Region 3,First Round,2024 Kansas,2024 Samford,4,13,1,0.4,1,3.74640566,9.43364,0.17142628,2.3,3.5,-6.5,-3.1,3.09,3.01,0.65776,-20.29,-4.1,-3.7,-30.2,-18,3.7,0.4,9.6,-10,1,-13.8,14,-0.2,2.9,6.4,10.093,11.2550593,3.4,5.3,-0.6,3.8,-4.2,5.3,-6.7,13,0.5,8.2,9.6,1.5,-0.2,-2.2,-5.5,18.9252,18.8771483,9.3,10.2,5.5,2.7,7.9,-1.3,-3.8,6.3,3.7,-11.7,2.5,7.3,4.9,7.9,-127,-86.1,-65.3,16.4493,-16.5685,-16.3348,4.10051311,0.5017952,-5.8,-9.5,0.04,0.04,0.03,-20.29,-0.4436786,-3.7,33.7924,-6.8563137,2.12582,-1.7696496,934.91,-8.2350059,13.272444,10.965,-3,-0.9805782,-5.485791,3.5,-7.9,127,86.1,65.3,-16.7719,23.4783,10.54,8.16324204,-0.3066112,-2.6,18.6,-37.7979,-2.8853345,2.12582,2.24845697,-934.91,8.25793818,3.655752,-13.57,-3.3
2024,Region 3,First Round,2024 South Carolina,2024 Oregon,6,11,0,2.2,-1,3.38349461,1.627,0.02342876,-1.5,-0.1,-0.2,0.7,0.58,-0.26,0.89713,3.37,-3.9,-4.1,-22.8,-32.1,0.3,4.6,-8.6,4.1,-1.7,-1.9,6.8,-4.9,9.4,4.7,14.095,14.4125684,-0.7,-0.5,-0.8,-0.8,-1,2.4,6,10.1,-1.1,-8.5,-0.4,-5.6,-1,-4,-5.9,14.3912,14.3965612,3.8,5.9,0,-1.5,1.5,0.1,-0.7,3.4,-3.6,13.9,5.3,2.3,0,2.1,-136.9,-83.1,-72.3,13.6819,-19.9677,-10.1229,-2.2854639,0.01355268,-1.2,-16.9,0.03,0.02,0.03,3.37,-0.5416571,-4.1,34.2445,1.5902927,-0.17173,-2.6639991,843.41,-9.1594706,33.523152,13.46,0,-0.0436257,1.42566391,-4.7,-2.1,136.9,83.1,72.3,-12.5455,17.7286,8.5174,-6.0527229,0.07965381,8.8,13.2,-36.3856,-1.5658319,-0.17173,2.7822486,-843.41,10.4516405,2.053051,-12.1,-1.9
2024,Region 3,First Round,2024 Creighton,2024 Akron,3,14,1,21.4,13.9,9.03757315,18.46453,0.3234549,6.5,5.7,-7,-4.9,1.73,2.66,0.30562,-11.82,1.3,1.2,-14.3,-31.3,6.1,-7.3,-4.4,11.7,-3.1,-0.6,14.3,-13.7,14.2,11.7,18.042,18.4878489,8.9,9.9,6.1,8.7,-4.5,1.3,0.3,13.2,0.8,-1.1,9.2,7.5,6.1,6,2,10.2923,9.46394298,5.6,9.1,-0.2,-6.3,17.4,-6,-4.9,7.3,-1.1,14.4,9.8,4.7,-0.6,4.5,-139.7,-94.4,-96.7,14.6768,-12.9569,-7.6544,-3.1913209,-0.3072641,3,-15,0,0.03,1.42E-14,-11.82,1.63874585,1.2,40.1701,-0.3562897,1.80338,-2.5143316,388.55,-11.428951,46.900278,12.55,2,0.70232473,4.69241538,-2.5,-4.5,139.7,94.4,96.7,-11.1226,18.3472,5.7011,-6.1815687,0.3406936,14.1,23.5,-37.0528,-3.389513,1.80338,3.28456193,-388.55,10.4817716,20.872484,-10.71,-4
2024,Region 3,First Round,2024 Texas,2024 Colorado St.,7,10,1,1.3,-0.9,-0.4423127,1.8005,0.04305962,-1.2,-0.4,0.7,2.5,0.13,1.57,0.79509,0.89,1.7,1.3,-31.1,-29.3,8,1,-2.1,1.1,2.1,1.6,3.9,-5.4,4.7,5.2,19.7511,19.3379398,4.4,4.9,2.1,1.5,-1.4,0.3,3,7.8,3.1,-1.8,8.4,0.6,2.5,-6.5,-6.1,15.256,16.0996232,5.6,10.2,-1.6,3.5,-2.4,3.8,5.7,18.6,-0.9,8.3,12.4,5.3,-0.6,6.6,-133.1,-87.7,-70.2,19.013,-18.9953,-10.225,-0.917427,0.22484873,-16.5,-19,0.01,0.06,0.01,0.89,-0.9830485,1.3,36.2175,1.91939254,1.05579,-2.7718874,1173.26,-11.153988,23.728601,12.755,-1,0.46891804,1.29890052,0.5,-6.6,133.1,87.7,70.2,-11.0381,17.1103,9.1732,-3.5376613,0.29595732,2.3,11.3,-37.0332,7.1105432,1.05579,2.39595082,-1173.26,7.68849259,-9.203669,-12.09,0.4
2024,Region 3,First Round,2024 Tennessee,2024 Saint Peter's,2,15,1,33.5,17.9,14.4917332,28.29235,0.53729016,2.3,3.2,-14,-7.4,-0.68,0.74,1.71748,-11.4,5.2,5.2,-24.2,-27.5,5.7,-2.1,-4.2,6.3,0.5,-0.7,-8.8,9.6,18.1,11.2,16.117,14.7796314,4.9,5.2,2.7,4.4,-8,5.7,3,11.5,3,-7.4,6.1,0.3,2.3,16.6,6.7,7.5322,6.10170532,-0.4,-1.9,2.5,1.2,2.3,-0.7,-6.5,-0.5,4.8,-2,-3.8,2.8,2,-11.5,-126.6,-74.5,-49.5,10.7307,-17.2725,-9.5243,-3.9691104,-0.0966347,-0.6,-12.4,0.07,0.07,0.07,-11.4,1.77090989,5.2,33.1408,0.4816343,0.48776,-1.811581,1725.25,-6.8360049,45.754227,12.605,0,0.79257275,2.26624823,-6.9,11.5,126.6,74.5,49.5,-2.9762,22.3016,17.8188,2.06113892,-0.2947814,7,22,-25.8606,-8.944971,0.48776,2.84386941,-1725.25,6.62103338,42.307834,-8.92,-9.9
2024,Region 4,First Round,2024 Mississippi St.,2024 Michigan St.,8,9,0,-1.5,-1.9,0.77973208,-2.0548,-0.0269227,-5.8,-1.6,-4.2,-0.2,-0.39,-0.06,0.03121,3.04,2.5,1.8,-20.5,-28.7,4.2,12,-8.8,-3.2,-2.3,-0.9,-9.8,10.8,-3.3,3.4,19.9318,18.7693026,3.7,6.3,-0.3,-4.2,5.3,0,6.7,-2.1,1.4,8.6,3.1,0.7,-0.4,-3.3,-5.5,18.0826,18.8954123,3.8,0.3,6.5,-4.5,-2.5,3.5,-2.3,11.7,1.4,-3.1,3.6,-0.2,6.4,-1.1,-129.7,-78.4,-67.2,20.5812,-26.3238,-15.6736,3.9743617,0.49257361,1.6,-13.2,-0.01,0.01,0.01,3.04,-0.5921999,1.8,32.3081,4.16237074,-0.0279,-2.4223496,1046.94,-7.5892372,-7.846756,12.445,0,0.19045067,-2.5432541,6.7,1.1,129.7,78.4,67.2,-15.7812,20.8482,17.9516,2.79912867,-0.4418461,11.8,18.2,-34.4109,-2.1834622,-0.0279,2.02655974,-1046.94,9.69308694,-7.931023,-11.26,-2.2
2024,Region 4,First Round,2024 Saint Mary's,2024 Grand Canyon,5,12,0,8.8,3.7,-0.0236483,5.9742,0.13678571,-2.3,-0.6,-5.3,-3.7,0.41,0.85,-0.62062,2.38,-6,-5.9,-29.7,-34.9,1.2,0.3,-2.8,2.6,-4.1,-4.5,11.2,-6.9,3.7,3.4,15.3347,15.1596086,7.2,8.6,2.9,-3.4,-6.5,3.9,9.4,10.3,3,4.2,10.4,1.8,3.2,1.4,0.4,18.4665,18.172405,6.9,8.7,2,4.2,13.1,-1.1,-12.2,-2.5,6.1,3.2,5.6,7.7,1.2,-3.9,-129.6,-74.4,-59.4,7.3985,-16.4724,-10.2314,0.83555899,-0.0606679,10.2,-0.3,-0.01,0.02,-0.01,2.38,2.95541403,-5.9,33.8381,4.17096083,0.52337,-2.2213127,1455.25,-6.7719017,0.800503,11.97,0,-0.3546285,-0.619974,-0.3,3.9,129.6,74.4,59.4,-12.1488,19.5972,7.6749,0.27065956,0.04061089,3.8,6.2,-33.5757,-9.8138499,0.52337,2.70425813,-1455.25,9.02209319,-2.771692,-14.28,-1
2024,Region 4,First Round,2024 Alabama,2024 Charleston,4,13,1,12,9.8,5.03861937,14.87519,0.23541185,9,7.8,-1.6,-1.5,0.7,1.23,0.80403,-7.45,4.5,2.5,-16.3,-16.2,5.4,8,-17.6,9.6,0.1,3.4,6.3,-9.7,19.2,16.1,19.474,20.0391214,5.7,7.1,2.7,7.8,6.9,0.4,8.3,8.7,0.2,-2.8,-4.5,4.6,2.8,-9.8,-6.4,10.616,11.5640099,2.5,1.5,2.9,-2.1,-12.7,1.3,-3.6,8.5,-4.3,4.4,4.9,-7.6,3,9.2,-137.7,-75.1,-70,21.9463,-22.2918,-6.825,-3.7615159,0.07557018,9.6,-10.6,-0.02,-0.04,-0.03,-7.45,-1.3495535,2.5,39.1904,5.07011282,0.9298,-3.389538,1041.6,-10.857701,51.434583,15.845,2,-0.0812136,5.51780978,-3.1,-9.2,137.7,75.1,70,-13.3292,19.1779,9.1333,-3.5200889,0.32924995,-6.5,11.9,-37.0912,-3.5438901,0.9298,2.7898949,-1041.6,8.48648033,-11.22022,-14.14,3.4
2024,Region 4,First Round,2024 Clemson,2024 New Mexico,6,11,1,4.8,1.3,-0.4438598,-2.0002,-0.0175178,-0.6,1.9,-1.2,0.7,1.41,0.55,0.18997,-3.54,-4.8,-6.5,-23.2,-29.6,0.4,-4.9,1.5,3.4,0.1,-11.2,0,11.2,6.5,8.3,20.9562,21.7102632,5.9,5.2,4.8,5,-2.9,4.6,0.7,-0.8,1.6,12.7,6.8,6.2,4.4,-1.6,-6.8,14.918,15.3517203,2.3,4.3,-0.6,-2.6,1.9,-0.3,-8.2,5.2,6.7,-0.2,7.1,-3.6,-0.4,1.6,-138.1,-86.7,-71.6,10.5973,-15.9821,-11.2896,3.45779743,-0.2185311,0.1,-13.9,0.04,0.01,0.02,-3.54,-1.197664,-6.5,35.7289,2.61090908,0.315,-2.6766786,1303.7,-6.5756299,20.853077,11.915,0,0.65312521,-1.3912821,1.8,-1.6,138.1,86.7,71.6,-13.7815,23.1328,17.7186,-0.9676298,-0.7284699,0.6,10.5,-36.9342,-6.3309682,0.315,3.13901133,-1303.7,8.17135102,-1.79953,-14.29,-5.2
2024,Region 4,First Round,2024 Baylor,2024 Colgate,3,14,1,24.5,12.5,8.67925049,20.15493,0.40927462,5.9,1.6,-8.3,-2.3,0.33,0.59,0.31954,-12.46,0.7,-0.5,-22.1,-26.2,8.1,0.5,0.6,-1.2,5.4,-5.4,8,-2.7,15.5,10.5,19.99,19.717152,8.4,4.7,9.5,7,16,-1.6,10.6,1,1.2,-7.8,6.9,1.4,8.8,13,2,4.465,1.8292283,2.1,1.4,2.2,-5,-3.3,0.8,2.1,3.7,0,8,-2.6,0.1,2.1,7.5,-132.8,-88.3,-76.5,19.1374,-18.8792,-12.4238,-5.7206233,0.25015151,-2.4,-15.8,-0.03,-0.05,-0.04,-12.46,0.24551828,-0.5,37.258,9.6494336,0.38803,-2.2392202,516.6,-9.3639846,37.853656,14.54,3,1.53836694,3.19413542,-5,-7.5,132.8,88.3,76.5,-13.114,19.8804,10.0509,-2.7412756,0.07426527,11,25.8,-36.3681,0.4514182,0.38803,1.98626202,-516.6,10.5048002,29.911388,-11.885,-11
2024,Region 4,First Round,2024 Dayton,2024 Nevada,7,10,1,-2.4,4.7,-0.1349585,0.4796,0.00536661,0.4,2.5,-2.3,-1.9,-0.99,0.45,-0.77859,-4.24,-2.4,-2.7,-14.5,-26,6.4,-2.9,-0.4,3.2,-1.3,-4.4,-1.9,6.4,7.9,9.8,19.8397,19.7120744,8.4,4.6,8.9,3.7,2.9,1.5,-0.3,3.4,4.6,0,11,-4.6,8.4,-7.6,-5.1,14.275,13.6765022,5.4,4.4,4.8,-1,24.4,0.7,1.5,7.4,1.2,5.5,3.8,3.3,4.4,6,-136.2,-89.4,-60.5,16.1484,-16.1646,-10.4778,-0.7159226,0.00659787,4.2,-14.1,0.06,0.04,0.04,-4.24,-1.5223647,-2.7,38.6958,2.07386573,0.29034,-2.3148967,1992.09,-8.2040593,12.239627,14.31,2,0.60034066,-0.6308022,1.9,-6,136.2,89.4,60.5,-14.0224,20.1778,15.0012,-0.6904832,-0.3183082,17.3,31.3,-37.1253,-0.0446898,0.29034,2.41752489,-1992.09,7.84385541,-30.122945,-12.705,2.5
2024,Region 4,First Round,2024 Arizona,2024 Long Beach St.,2,15,1,24.6,12.9,13.1215172,26.6416405,0.52917453,4.6,3.4,-6.5,-3.5,0.89,1.21,-0.0674,0.01,1.5,0.7,-23.8,-33.5,7.3,10.8,-0.4,-10.3,2,-3.8,-5.9,9.8,20.6,13,13.37,13.6899177,3.8,4.6,2,-0.5,4.1,2.4,6.7,0.1,3.1,15.6,4.6,-0.2,1.5,5.2,0.1,13.2358,11.8324726,0.2,1.9,-2.1,-0.1,12.4,1,-10.2,2.5,4,5.6,3.7,0.1,-2,3.8,-130.2,-77.7,-66.9,23.813,-21.9813,-16.1369,6.79329063,0.81357334,5.2,-4.9,0.03,-0.01,1.42E-14,0.01,-0.1626334,0.7,37.117,3.86726631,0.88591,-1.6759177,1336.32,-7.3691941,48.569142,15.565,2,-0.1983124,2.66867503,-7.6,-3.8,130.2,77.7,66.9,-11.1826,21.9569,16.748,-3.2599149,-0.4035861,18.3,24.4,-31.2528,-5.3814713,0.88591,2.2678512,-1336.32,10.0205286,11.682364,-11.85,-5.1
2025,Region 1,First Round,2025 Louisville,2025 Creighton,8,9,0,0.8,2,2.4426477,3.9325,0.04223936,-1.7,0.6,-2.5,-0.1,-0.96,-1.94,0.52126,-2.93,1.4,1.7,-16.7,-11.3,8,1.8,-14.3,12.5,-10.7,-2.6,11.7,-9.1,1.1,3.7,19.9003,19.5618754,6.4,11.2,0.3,3,17.6,-4.8,5,8.6,-2.8,4.3,10,3.6,0.2,-4.1,-1.9,21.4476,21.2691341,6.6,12.2,0.2,1.9,1.7,0.5,0.3,16.8,1,1.5,9.4,5.5,0.4,5.4,-135.1,-86.5,-93.3,18.2861,-20.824,-8.1138,1.88114458,-0.0816631,0.9,-12.8,0.02,0.02,0.02,-2.93,2.66360335,1.7,38.388,2.06973058,-1.30026,-2.4948393,185.67,-8.2366246,9.232564,11.82,-1,-0.1870058,0.62273563,2.6,-5.4,135.1,86.5,93.3,-26.7299,20.5467,9.3577,-0.1406027,-0.0830872,-7.3,5.9,-36.2514,3.57116416,-1.30026,2.51816884,-185.67,11.0266836,-5.430228,-11.06,2.2
2025,Region 1,First Round,2025 Michigan,2025 UC San Diego,5,12,1,4.1,1.6,5.89990582,3.4969,0.0889651,-6.1,-1.8,-3.8,-0.5,1.54,4.51,1.15518,6.13,3.7,3.8,-13.2,-11.5,4.6,7.9,-5.5,-2.4,0.9,-7.8,18.3,-10.5,-4.7,4.4,19.5264,18.674129,6.8,11.5,0.3,-2.6,5.2,3.5,4.8,6.7,-0.8,0.9,7.7,8.7,0.1,3.4,-2.7,21.5288,18.0879737,9.1,10.2,5.2,1.6,5.3,2.6,4.2,12.4,0,-7.8,5.2,2.7,5.3,3.9,-127.5,-83,-72.9,18.4435,-23.5643,-15.7596,-1.1814215,0.34767399,13.1,-9.7,-0.04,-0.06,-0.04,6.13,-0.6242917,3.8,31.5231,0.58432062,3.12189,-2.9003262,1412.06,-11.884529,9.526487,10.785,-2,-0.2176705,-2.3171082,9.1,-3.9,127.5,83,72.9,-13.9006,24.4211,9.1516,5.12971612,0.04766978,-4.3,24.1,-39.3844,2.13874212,3.12189,2.03563099,-1412.06,9.86174209,21.36371,-11.835,-6.1
2025,Region 1,First Round,2025 Texas A&M,2025 Yale,4,13,1,11.4,8,8.0243521,13.0396,0.17093345,-1.3,0.1,-2.9,0.8,-0.34,0.23,1.25396,9.85,-1.3,-1.1,-14.4,-21,2.9,6.5,3.6,-10.1,5.9,-10.8,-3.2,14,2.8,9.7,12.167,11.564803,-1.3,0.7,-2.6,-7.1,13,-2.1,16.2,-11.1,6.3,9.7,1.6,-1.9,-2.7,1.9,-1.8,22.9608,20.5101823,6.6,6.9,5.1,-3.2,-3.3,5.3,-5.4,-11.4,-3,10,2.1,12,5.1,-0.7,-131.6,-71.2,-62.3,14.1697,-25.4107,-20.2609,5.61033166,0.46173819,9.2,-14.8,0.03,0.04,0.04,9.85,-3.588196,-1.1,30.6118,10.3091247,0.16146,-2.2668974,2083.89,-7.6667013,19.362496,13.745,-2,-1.2208028,-8.1830816,6.9,0.7,131.6,71.2,62.3,-11.9742,21.629,18.4506,-0.4204335,-0.5568157,-4.4,9.1,-36.7042,-8.2288239,0.16146,1.29749527,-2083.89,6.00135122,22.328572,-13.85,-3.7
2025,Region 1,First Round,2025 Mississippi,2025 North Carolina,6,11,1,1.5,-0.2,3.5700371,2.5405,0.03073169,0.3,0.9,-4.2,-1.6,-0.23,-0.48,1.22608,-0.09,-1.5,-2.5,-21.9,-19,-1.8,-0.5,-1.4,1.9,-0.5,-9.9,3.7,6.2,3.9,4.9,18.5386,16.995606,1.5,1.8,0.6,-1,5.6,2.4,-1.7,6,1.9,-3.9,5.2,-2.4,1.3,-4.7,-5,23.0985,21.5220212,3.7,3.3,2.6,3.2,-4.7,5.4,1.6,-7.3,-1.5,0.7,1,-0.6,3.1,5.4,-136.4,-87.5,-60.1,9.6037,-18.1693,-11.4165,-1.221887,-0.1079881,-6.2,-21.3,0.03,0.03,0.03,-0.09,-1.5174423,-2.5,36.8984,0.1344978,-0.32524,-2.8036434,1643.29,-9.0862149,26.339573,12.78,1,-0.4988032,0.1012793,1,-5.4,136.4,87.5,60.1,-20.5914,22.7405,16.0518,0.36996242,-0.4469887,-8.9,2.4,-35.8683,-1.9839687,-0.32524,2.65615,-1643.29,7.05233417,3.118979,-13.805,-0.3
2025,Region 1,First Round,2025 Iowa St.,2025 Lipscomb,3,14,1,15,9,9.56664705,17.50969,0.27101859,-1.4,-0.4,-3.4,-0.3,1.31,0.67,0.11642,7.15,2.2,2.4,-25.9,-11.9,2,4.5,-4.1,-0.2,2.1,-3.2,9.9,-6.7,5.2,8.6,16.253,16.129138,6,5.2,4.8,8.6,16.2,-1,5.7,14.4,0.1,-1.6,7.7,-1.8,4.6,6.5,0.4,20.2291,17.3303294,7.5,9.2,3.5,4.6,2.5,7.4,4.4,-0.9,-1.6,-0.5,3.4,8.2,2.8,7.5,-131,-88.9,-78.9,16.3673,-19.9447,-12.2816,-0.9892574,0.181972,-6.5,-20.7,0.07,0.06,0.06,7.15,0.11219827,2.4,37.2,4.67078233,0.47751,-3.5118476,1080.06,-11.561351,15.603314,13.34,-1,-0.5330721,-0.4020109,3.4,-7.5,131,88.9,78.9,-13.1387,21.005,9.8312,2.69879455,0.10353174,-2.7,25.3,-36.6016,1.40834333,0.47751,1.99797262,-1080.06,8.8056354,19.419738,-10.835,-6.1
2025,Region 1,First Round,2025 Marquette,2025 New Mexico,7,10,0,8.4,5.6,0.89631665,4.2602,0.04140459,-1.6,-0.2,-6,-1.6,-0.15,-0.66,-0.40301,-0.88,-4.8,-5.3,-15.4,-28,-2.2,-0.4,-7.7,8.1,1.3,-5,-2.7,7.7,7.6,4.1,22.4939,21.1074232,2.8,6.7,-1.3,5.6,-8.9,7,4.5,-10,1.4,4.8,5.1,3,-1.2,5,1.5,16.404,15.949118,0.9,-0.7,2.3,-4.4,7.6,5.9,-0.5,-8.6,5.6,0.3,-0.4,-0.9,2.2,1.9,-128.9,-81.8,-70.9,9.2965,-18.7363,-10.2282,2.0857192,-0.2766269,16.1,-5.8,-0.02,-0.03,-0.02,-0.88,-0.1211211,-5.3,34.566,4.12200559,-0.5263,-1.9654222,409.49,-6.2088435,12.334189,12.045,1,0.59246486,0.40339527,-3.5,-1.9,128.9,81.8,70.9,-14.2276,20.8105,16.0928,0.28186822,-0.4101543,-6.9,1.1,-32.1037,-4.7233371,-0.5263,2.30754605,-409.49,8.2173691,6.753909,-11.305,-3.5
2025,Region 1,First Round,2025 Michigan St.,2025 Bryant,2,15,1,26.4,17,15.4746971,26.32695,0.42812935,-1.6,-1.2,-6,-4.1,-1.22,1.06,-1.01355,17.51,-4,-4.5,-31.3,-23.8,6.5,-3.9,7.1,-3.2,-3.3,-7.6,1.7,5.9,11.2,8.1,12.642,11.667968,3.5,6.3,-1.4,6.1,7.8,-0.2,6.5,18.7,7.6,6.7,13.7,-2.3,-1.4,16,8.9,16.1769,13.7393165,4.9,2.4,5.5,-0.4,-2.7,-0.1,-9.6,-4.7,7,4.9,4.5,-4.5,5,-4,-134.1,-77.1,-68.7,14.2879,-17.0555,-14.1356,4.86209024,0.20699704,-0.5,-2.4,0,0.01,0.01,17.51,0.49462768,-4.5,34.1236,-0.2270288,0.70286,-2.723563,1315.08,-6.2269411,14.990006,12.78,0,-0.4998156,-1.0144292,-3.1,4,134.1,77.1,68.7,-17.0813,25.1215,17.82,-1.9290936,-0.4739933,0.9,11.9,-33.7454,-9.4043614,0.70286,2.2245309,-1315.08,6.77486539,23.426915,-12.06,-7.1
2025,Region 2,First Round,2025 Mississippi St.,2025 Baylor,8,9,0,-5.9,-6.9,1.02362252,-1.0415,-0.0117544,-4.7,-2.7,4,3.2,0.48,1.14,-0.45479,4.57,4.3,3.3,-16.9,-15.6,2.8,11.9,-13,1.3,0.3,1.9,-5.8,3.9,2.9,1.4,19.0737,19.0987359,0.5,5.4,-4,0.1,-1.9,3.7,2.9,-6.6,3.3,4,-4.4,2.3,-4.5,-12.8,-8.3,22.1784,21.9598966,-0.4,1.1,-1.4,5.1,-4.4,2.9,-6.1,0.3,-0.3,7.2,3.6,0.4,-1.5,6.3,-131,-69.6,-68.5,26.2822,-26.0235,-13.1296,1.97261507,0.3188111,-3.6,-16.1,0.01,-0.02,0,4.57,-1.0540468,3.3,34.7189,1.15240424,0.75513,-1.832512,552.65,-10.565146,2.429904,13.03,-1,-0.3270526,-0.4283721,-1.5,-6.3,131,69.6,68.5,-11.7278,17.3541,14.4937,-3.7544026,-0.0353179,2,20.6,-34.0695,-3.9809124,0.75513,2.44027363,-552.65,6.29790408,-37.242487,-13.765,4.5
2025,Region 2,First Round,2025 Oregon,2025 Liberty,5,12,1,11,9.2,5.96629404,6.6158,0.05769583,-2.8,-0.3,-6,-2.9,1.83,2.54,0.78571,7.55,2.2,2.4,-27,-14.9,3.1,-1.8,-2.2,4.2,0,-5.3,15.4,-10.1,5.4,4,17.7155,17.2558029,6.3,5,6,2.7,7.1,0.7,2.6,15,1,-2.4,3.7,6.5,6.1,8.1,5.3,15.9672,15.5465277,9.3,7.7,7.8,-6.7,3.2,2.3,10.3,10.9,-1,7.5,6.2,-2.6,7.1,5.6,-134,-93.3,-81.7,10.447,-17.819,-11.2745,-4.0156569,-0.0969363,-4,-17.3,-0.02,-0.02,0.01,7.55,-0.8488712,2.4,34.6007,3.27365713,1.72094,-3.3003393,606.43,-11.541608,20.819403,10.44,-3,0.14245116,-0.1293574,-1.4,-5.6,134,93.3,81.7,-16.4137,18.656,7.2322,-2.3134954,0.14203562,-14,4.1,-40.5064,5.609698,1.72094,2.33125864,-606.43,8.94300139,24.668426,-11.505,-2.8
2025,Region 2,First Round,2025 Arizona,2025 Akron,4,13,1,29.4,18.2,7.02748458,19.14673,0.26748952,5.1,1,-7.6,-2.1,2.84,3.13,1.32047,-9.16,-2.2,-1.3,-27.4,-12.7,5.5,-2.1,5.3,-3.3,0.2,-7.4,11.3,-3.9,18.7,11.5,15.432,16.762336,3.4,4.5,0.5,5.4,2.9,1,6.9,12,5,11.8,9.4,-2.7,1.4,9,6.7,16.8742,17.0827569,6.8,8.6,3,3.5,-2.4,0,-4.8,5.3,3.1,0.8,5.8,2.3,2.4,6.4,-133.4,-73.3,-73.7,15.6719,-15.8875,-13.9594,5.94914376,0.21259513,3.3,-5,-0.03,-0.08,-0.07,-9.16,0.68201316,-1.3,35.6442,2.27801698,2.24527,-2.6512767,1061.78,-9.3602117,49.941354,14.535,0,-0.3631206,-3.8008358,-7.2,-6.4,133.4,73.3,73.7,-14.692,21.3151,10.8052,0.47162304,-0.0813657,-4.3,18.2,-37.6712,-2.3119398,2.24527,2.18219737,-1061.78,7.66897693,31.611348,-12.66,-2.3
2025,Region 2,First Round,2025 BYU,2025 VCU,6,11,1,1.7,2.1,3.77248061,1.7879,0.04381171,-2.5,-1.4,0.3,2.5,0.23,-1.01,-0.72665,8.26,1.4,1,-16.4,-8.2,3.7,-8.1,-4.2,12.2,-2.8,-10.8,12.3,-1.6,13.8,9.9,27.3053,27.9542545,12.8,15,6.5,-1.5,-5.9,3,3.3,13.8,2.1,8,18.2,8.6,6.1,-5.3,-7.8,15.693,15.8573554,1.8,4.9,-1.3,3.9,2.7,0.4,-10.6,4.3,7.1,10.7,1.2,-3.1,-1.9,4.6,-127.8,-73.9,-72,7.8161,-13.3322,-7.0154,0.89205921,-0.4254671,6.6,-12.4,-0.01,-0.03,-0.01,8.26,1.40373476,1,35.6792,0.93117442,-0.67189,-2.4847212,666.1,-5.8091848,21.019536,11.695,-1,1.22518331,4.5944967,-3.9,-4.6,127.8,73.9,72,-21.7284,24.9025,13.5502,-6.0564548,-0.260967,-2.9,21.4,-35.1,-4.322127,-0.67189,2.00417685,-666.1,9.16676981,-21.512586,-14.075,-2.5
2025,Region 2,First Round,2025 Wisconsin,2025 Montana,3,14,1,28,22.6,9.56367346,25.590974,0.39760676,7.9,6.2,-4.9,-2.6,1.46,3.06,0.01972,1.51,1.1,0.5,-16.9,-24.1,1.8,-5.3,-7.7,13.1,-0.8,-14.1,11.8,2.3,22.4,20.8,11.623,13.40312,1.4,1.6,1.2,8.8,1.9,1.4,-1,9.3,-2.4,13.9,0.7,0.5,1.2,7.8,1.7,14.7374,14.149994,8.5,10.5,3.5,2.3,8.1,-1.7,4,0,-2.7,-4.7,4.5,4.6,3,10.1,-139.7,-93.8,-70,9.8746,-13.6712,-6.5328,5.33174083,-0.4101969,6.7,-16.3,0.02,0.02,-1.42E-14,1.51,-1.0291774,0.5,38.6334,-0.0735167,2.08168,-2.7157197,1736.93,-11.226517,58.418748,14.575,0,-0.6257356,1.57886702,-1.6,-10.1,139.7,93.8,70,-22.2225,25.8087,12.7213,3.680595,-0.4590654,3.2,17.3,-39.7087,1.35830648,2.08168,3.01206463,-1736.93,14.5320304,20.475828,-12.89,-6.1
2025,Region 2,First Round,2025 Saint Mary's,2025 Vanderbilt,7,10,1,-2.2,-2.7,2.79538943,6.9272,0.05907136,2.5,3.1,-6.2,-3.6,1.95,2.54,-0.68076,-18.6,-6.7,-7.8,-29.1,-28.5,-5.6,1.6,2.8,-4.5,-0.5,-2.1,10.8,-8.6,-2.3,2.8,13.504,14.029863,-2,0.3,-4.3,-2.5,-7.6,4.9,10.8,9.8,-1,-0.4,-1.2,2.4,-4.4,-5.4,-5.7,25.7452,24.7407419,5.5,7.8,1.3,0,9,1.9,-7.3,-4,4.2,14,7.6,0.5,1,1.7,-133.6,-72.7,-70.6,10.4252,-17.6094,-13.2114,0.40901259,0.05352354,2.2,-7.2,-0.01,-0.04,-0.01,-18.6,0.33744888,-7.8,33.7941,2.58330957,1.67954,-2.9001461,1116.6,-7.6591804,-12.826323,15.465,1,-1.3137277,-0.3766504,5.1,-1.7,133.6,72.7,70.6,-10.5722,19.7857,8.653,-6.290195,0.24020803,-3.8,6.4,-35.1693,-5.7540108,1.67954,2.41329163,-1116.6,8.7935523,-23.472126,-11.645,-0.3
2025,Region 2,First Round,2025 Alabama,2025 Robert Morris,2,15,1,26.1,10.6,14.1234139,27.84611,0.45683801,2.3,0.1,-5.9,-1.9,1.18,2.81,1.53894,12.13,7.6,6.7,-18.2,-28.1,8.1,-0.5,-10.4,11,-0.3,-7.9,10,-2.1,18,6.3,21.628,22.404179,6,9.9,0.8,-1,10.1,2.1,6.4,2.7,0.7,1.2,7.4,7.9,1.3,9.4,4.4,10.3892,8.6864733,3.4,1.9,4.1,1.6,4.5,-5,-6.1,16.9,-0.3,-4.3,0.5,-4.2,4.2,5.8,-132.5,-72.5,-57.6,19.5257,-14.17,-7.0462,-0.938716,-0.1598105,16,5,-0.03,-0.02,-0.03,12.13,-1.7371603,6.7,37.5543,2.01959969,2.08792,-2.0014587,1761.4,-7.4977728,58.228386,15.56,1,0.98667223,3.36495849,-11.7,-5.8,132.5,72.5,57.6,-16.556,22.879,11.3834,2.13158,-0.1524841,0.8,6,-34.776,-2.5545156,2.08792,2.61754022,-1761.4,8.56086356,31.924868,-13.745,-5
2025,Region 3,First Round,2025 Houston,2025 SIU Edwardsville,1,16,1,42.3,22.4,19.2133531,39.76038,0.60405458,6.6,7,-15.3,-6.7,-0.41,-1.25,1.13656,3.68,-4.8,-4.5,-26.9,-20.6,2.8,-11.8,15.7,-4,0.4,-5.9,-0.9,6.8,22.2,16.8,17.025,18.730532,5.2,2.7,6.8,3.8,-5,2.7,7,-4.3,7.8,-6,9.1,3.5,6.3,23.7,9.4,14.1025,13.4956745,4,3.9,3.1,-3,-1,4.6,-2.5,-3.6,4.9,5.3,2.8,2.5,2.9,-6,-129.3,-73.7,-71.4,4.1332,-12.5148,-12.2185,-4.9014092,-0.142304,-17.1,-30.4,-0.02,-0.03,-0.01,3.68,2.06571137,-4.5,35.9233,11.0274838,-0.80595,-2.432782,435.46,-7.8301413,59.8587,12.715,3,0.11896733,3.95045793,-5.4,6,129.3,73.7,71.4,-11.9054,26.2594,18.1786,-1.177469,-0.317645,0.1,16.3,-28.5814,-5.6175023,-0.80595,2.46046462,-435.46,5.78601965,59.87917,-8.4,-14.3
2025,Region 3,First Round,2025 Gonzaga,2025 Georgia,8,9,1,14.7,7.1,0.77682138,7.9029,0.05097456,2.9,1,-4.4,0.7,-1.59,-0.95,1.12699,0.1,2,3.7,-25.9,-22.6,-3.4,-0.5,7.3,-6.8,-7.9,-8.2,5.1,3.2,17.8,11.7,27.5559,27.3152924,8.5,10,3.5,6.4,0.5,4.8,0.9,13.1,-1,8,11.9,9.5,3.7,4.8,-4.6,19.1231,18.4535695,5,4.7,3.3,-1.1,11.2,-0.6,-9.7,-0.9,6.6,-4.3,3.1,1,2.7,2.9,-131.8,-73,-70.3,10.815,-16.0508,-15.6988,1.33550203,0.12136604,0.3,-9.1,0,-0.03,-0.02,0.1,-2.8341209,3.7,38.8436,-1.5474918,-0.61213,-1.9665449,1556.19,-6.0793337,61.250176,12.735,0,0.81577085,2.47117859,-6.1,-2.9,131.8,73,70.3,-23.1127,24.9772,15.8866,2.62901821,-0.514291,1.3,10.3,-33.075,-7.4470606,-0.61213,3.32073888,-1556.19,10.9088843,26.838357,-12.95,-9.4
2025,Region 3,First Round,2025 Clemson,2025 McNeese,5,12,0,11,7.9,5.14770918,10.2393,0.094154,1.7,2.5,-6.2,-2.8,0.89,2.33,0.2616,-8.16,-0.7,-1,-15,-25,-0.6,-1.3,9.4,-8.1,0,-8,6.6,1.4,7.8,9,18.09,18.0265067,6.1,5.4,5,5.7,-3.2,5.9,2.4,-2.7,1.6,10.6,6.6,7.6,4.5,4.8,-1.1,19.5208,18.055459,4.4,3.9,3.4,1.2,8.1,3.9,-4.8,6.4,3.7,11.8,3,0.3,3.3,3.3,-126.4,-70.4,-77.1,6.2209,-16.3676,-17.3872,2.24605479,0.14242625,8.8,-15.9,-0.06,-0.06,-0.05,-8.16,1.2035977,-1,33.8448,4.89274845,1.5225,-2.1230463,479.65,-7.6149934,25.96536,10.535,1,-0.2185245,1.35732359,1.2,-3.3,126.4,70.4,77.1,-14.842,19.9677,12.9948,-4.403627,-0.2631639,-5.6,3.4,-34.3943,-5.0695553,1.5225,2.94673641,-479.65,8.70630433,17.34504,-12.26,-5.9
2025,Region 3,First Round,2025 Purdue,2025 High Point,4,13,1,12.8,11,6.61722259,14.53289,0.22336122,8.5,9.2,-1.7,-4.1,0.13,-0.18,-0.63387,-8.19,-0.6,-1.4,-25.9,-18.3,1.9,-9.4,6.6,2.8,-1.4,-7.3,4.1,3.2,17.6,16.5,15.085,16.136244,7.2,6.6,5.6,2.5,-1.7,0.9,1.1,14.6,-2.7,-6,11.8,5.4,5.3,-3,-5.3,18.057,18.1853709,4.4,1,5.9,3.8,6.6,2.5,-4.1,-13.1,-1.6,-8.2,-6.7,8.6,5.4,13.8,-134.8,-75.2,-60.5,6.7358,-10.677,-9.2188,-4.1670981,-0.2807136,-10.2,-24.1,-1.42E-14,-0.01,0,-8.19,1.91369579,-1.4,39.1187,1.17225991,-0.12754,-3.0167733,1628.69,-12.71789,28.436959,14.99,1,0.50972654,1.41944029,-1.1,-13.8,134.8,75.2,60.5,-22.8044,21.1012,14.8884,7.76708143,-0.2970641,-3.1,11.3,-39.2268,-6.2759592,-0.12754,2.15441701,-1628.69,17.1260411,-15.303903,-16.195,-2.3
2025,Region 3,First Round,2025 Kentucky,2025 Troy,3,14,1,23.8,9.4,9.75916486,17.38207,0.26695445,3.8,1.1,-5.2,-1.3,0.76,1.5,1.97017,4.02,5.9,4.7,-20.2,-11.7,7.3,-4,1.1,2.9,-2.8,-15.8,17.1,-1.3,16.5,7.7,23.005,23.447974,8.8,9.7,4.8,1.6,6.6,4.6,-3.3,5.7,1,9.4,13.9,3.1,4.7,11.1,1.8,8.1287,7.8405885,-0.3,0.2,-0.5,0.6,6.8,-5.9,-12.7,9.3,4.8,-12.9,-6.2,-9.8,-0.4,3.7,-131.1,-74.8,-66,15.6581,-15.4578,-10.2876,3.0379907,-0.0042564,6.7,-4.9,0.05,0.04,0.06,4.02,0.91237048,4.7,37.0336,-1.185677,1.06977,-1.8028932,1496.24,-6.8844403,62.491207,11.65,1,1.46999302,0.76263178,-8.8,-3.7,131.1,74.8,66,-22.6621,29.0314,16.8265,3.8519513,-0.3889317,-14.9,7.6,-33.1861,-5.0306491,1.06977,2.83940414,-1496.24,7.9981762,41.441324,-14.585,-9.3
2025,Region 3,First Round,2025 UCLA,2025 Utah St.,7,10,1,6.1,3.4,1.62429483,6.538,0.07579869,0.8,1.1,-2.2,-0.4,0.85,0.93,0.07007,-0.16,-0.7,-2.6,-19.6,-12.9,2.9,-5.9,13.7,-7.9,-5.5,-13.9,11.5,2.4,8.3,8.7,11.339,12.525772,1.2,0.5,1.4,-1.6,-3.3,4.3,2.5,2.1,1,0.2,7.2,-0.4,1.2,-4.9,-5.3,25.6489,26.8083583,5.5,6.5,2.6,-4.7,3,6.8,-5.4,3.3,2.4,9.8,-0.7,4.4,2.1,11.3,-125.1,-73.1,-58.7,12.5324,-14.1775,-16.456,0.27259324,0.11522749,-6.1,-22,-2.84E-14,0.03,0.01,-0.16,-0.0394514,-2.6,34.8366,1.35761891,0.60414,-1.8161689,1518.07,-9.5137335,18.932491,13.76,-3,-1.0846472,0.56449147,0.4,-11.3,125.1,73.1,58.7,-25.8131,26.1951,15.3726,-2.3469789,-0.501959,-14.3,6.2,-35.754,-2.0168405,0.60414,1.88826657,-1518.07,8.75243314,-9.60449,-14.81,-0.4
2025,Region 3,First Round,2025 Tennessee,2025 Wofford,2,15,1,24.8,14.6,18.8973715,26.99496,0.41878918,6,5.4,-8.7,-4.6,0.68,2.19,0.81937,-7.11,0.9,-0.1,-11.2,-7.2,9.9,0,2.6,-2.7,2.4,-4.7,7.8,-3.1,14.2,14.2,10.796,9.101096,1,2.3,-0.5,5.1,-0.8,-1.1,9.2,10.9,6.4,10,4.5,-0.9,-0.7,6.5,0.3,24.514,20.6449144,8.9,7.9,6.7,-7.2,1.7,0.9,-5.4,8.5,-0.3,2.3,7.8,1.2,6.1,2.3,-134.4,-72.8,-67.9,19.0533,-18.4588,-15.4946,5.13042769,0.28393641,12.2,-8.5,-0.06,-0.07,-0.07,-7.11,-1.378898,-0.1,37.1702,2.81329802,1.41571,-2.2674713,907.06,-10.083082,41.938431,16.695,1,-1.5991773,-0.5115604,-6.66E-16,-2.3,134.4,72.8,67.9,-8.8889,23.4702,15.2002,0.66001803,0.00671568,-11.4,22.3,-34.3955,-4.1357524,1.41571,2.69725015,-907.06,5.54816022,28.835153,-10.56,-6.2
2025,Region 4,First Round,2025 Florida,2025 Norfolk St.,1,16,1,41,23.8,16.4376544,37.69011,0.52586314,9.7,6.6,-11.7,-6,0.88,1.05,0.30262,-5.76,3.4,3.2,-13.7,-35,5.2,3.5,-4.1,0.5,0.3,-11.9,2.1,9.8,26.7,18.6,19.931,17.95372,5.3,7.5,1.6,0.8,-2.3,3.6,4.3,-6.8,3,-1.8,7.1,2.1,1.4,17.6,5.2,14.7035,12.4868803,7.1,8.6,1.7,4.6,6,-1.3,-4,2.9,0.4,5,6,7.7,0.9,2.4,-131.1,-66.5,-60.5,21.3147,-20.9121,-13.185,-1.077463,0.18820238,9.9,-6.1,0.02,0.08,0.03,-5.76,1.61713877,3.2,37.3942,3.79642391,0.76119,-1.5980687,1426.38,-9.9420863,64.53012,14.465,2,0.2247908,0.07077911,-8.1,-2.4,131.1,66.5,60.5,-18.1096,24.9832,17.7166,-0.7758954,-0.8370313,0.5,0.6,-33.5118,-2.9121142,0.76119,2.96745146,-1426.38,7.33106309,43.439808,-11.855,-12.4
2025,Region 4,First Round,2025 Connecticut,2025 Oklahoma,8,9,1,2.2,2.2,0.09461727,0.974,0.0282687,4.8,5,-1.2,-2.4,1.03,0.46,-0.52213,-4.38,-5.5,-4.6,-15.5,-23.9,3.1,2.6,-3.4,0.7,-1.6,-0.3,7.7,-7.4,7.1,5.7,21.248,19.72526,4.4,2.4,4.9,6.2,-5.2,1,3.9,16.7,7.5,4.2,1.2,-0.6,4.5,-3.5,-3.5,16.454,15.311187,6.6,8.6,1.9,6.4,-0.4,-1.8,0.9,7.8,-2.1,7.2,7.6,5.4,1.5,9.8,-132,-78.8,-54,21.358,-19.6998,-14.4144,0.70426383,0.11541537,14.4,-1.7,-0.05,-0.04,-0.05,-4.38,0.76964442,-4.6,37.1586,0.5181966,0.28796,-2.2886792,2204.88,-12.978048,6.260501,14.58,0,0.49735498,-1.799009,-1.4,-9.8,132,78.8,54,-11.3381,15.453,7.046,-1.8704892,0.21073867,-10.1,-0.5,-37.3888,-0.4783066,0.28796,2.6280542,-2204.88,5.01320916,-14.033243,-14.84,-8.88E-16
2025,Region 4,First Round,2025 Memphis,2025 Colorado St.,5,12,0,-3.6,-3.3,4.196467,-1.9376,-0.0339787,-2.3,0.1,-4,-1.6,-0.7,0.51,0.72386,-6.89,5.1,4.6,-29,-16.5,5.9,8.1,-3.4,-4.7,4.7,3.7,-1.9,-1.8,0.1,2.9,14.2038,13.3639371,5.1,4.3,4.9,2.1,5.8,-2.5,9.8,4.8,5,-1.7,-0.6,5.7,4.4,-7,-6.2,18.4421,16.1384241,7.3,7.9,4.4,6.4,-1.8,1.7,5.9,8.7,-1.4,-1.5,9.7,7.7,3.9,6.4,-127.6,-80.9,-61.6,20.1273,-22.3134,-12.8632,-3.3870081,0.55225591,-8.2,-15,-1.42E-14,0.03,0.01,-6.89,0.84045432,4.6,34.7083,8.42187206,0.34252,-2.3915475,1193.26,-11.341474,6.608629,14.775,2,-0.4315032,-0.0612766,2.8,-6.4,127.6,80.9,61.6,-9.264,16.6193,12.1796,2.76710411,0.24343971,-3.9,16.4,-36.2543,3.89417461,0.34252,1.63660798,-1193.26,6.82845244,-12.00118,-11.225,0.8
2025,Region 4,First Round,2025 Maryland,2025 Grand Canyon,4,13,1,18.9,11.1,7.68824502,19.12643,0.23296476,2,1.7,-10.2,-7.8,-0.64,0.11,-0.46214,-6.22,-1.9,-1.6,-30.1,-30.6,2.3,-6.9,5.7,1.3,-2.7,-11.3,8.9,2.4,9.1,4.4,17.545,18.7460493,6.8,6.3,5.1,2.4,0.7,6.1,2.4,2,3.3,0.2,10.2,3,5,7.9,6.7,16.0275,15.7967717,4.2,5.6,0.9,-0.4,18,1.8,-5.3,2.7,6.6,0,0.2,5.8,0.7,-1,-126.3,-80.7,-65.1,7.8065,-13.183,-9.8815,-1.337003,-0.1838907,0.5,-4.4,2.84E-14,0.04,0.03,-6.22,-0.1317662,-1.6,35.081,4.4112826,0.06774,-2.1726244,1952.77,-6.894333,14.809431,11.79,2,0.07144868,2.62243254,-4.7,1,126.3,80.7,65.1,-17.7051,24.1905,14.5434,1.32009554,-0.4979397,-5.1,0.6,-31.0732,-3.523605,0.06774,2.8332515,-1952.77,7.65696388,13.747809,-11.16,-1.2
2025,Region 4,First Round,2025 Missouri,2025 Drake,6,11,0,9.5,7.1,0.49544735,10.2778,0.09835626,-1.2,2.8,1.4,0.9,0.95,2.78,2.356331,13.02,10.5,9.5,-19.4,-25,8.7,-1,-1.9,2.8,0.6,-2.3,0.8,1.6,12.6,11.5,26.8304,27.4565254,4.5,2.4,5.2,0.4,11,6.9,7.9,1.5,-0.2,2.2,2,0.6,5.5,0.7,-4.4,11.728,11.851524,3.1,3.5,1.6,-5.5,7.7,1.4,-3.8,5.9,-2,-10.1,6.4,-4.8,2,12.4,-124.1,-72.3,-39.1,23.1015,-17.3352,-11.363,-0.573893,0.10486553,10.5,0.3,0.02,0.05,0.05,13.02,-0.4307469,9.5,36.9833,6.67447661,1.78717,-2.1768064,3102.06,-10.773748,55.2087221,17.805,2,1.2731487,-1.2311357,-1.1,-12.4,124.1,72.3,39.1,-15.4457,18.2628,12.212,3.2448512,-0.1022641,-5,3.7,-33.9332,-2.292516,1.78717,2.70533717,-3102.06,11.8396524,25.2035719,-14.655,-5.1
2025,Region 4,First Round,2025 Texas Tech,2025 UNC Wilmington,3,14,1,21.4,15.6,9.00197033,22.90905,0.3265938,4.7,4.7,-7.3,-5.3,-1.46,-0.81,-0.0128,-8.04,0.1,0.4,-12.8,-29.7,2,-2.2,1.3,1,1.2,-1.7,3.6,-1.8,16.2,11.5,18.148,18.599316,4.6,3.9,3.5,8.3,-0.6,2.6,6.2,10.2,-1.4,7.7,2.2,7.6,2.7,6.1,4,15.0455,14.9502061,4.2,5.6,1.3,5.8,4.3,1.4,-6.9,9.4,2.6,-1.9,5.4,4.1,0.4,6.6,-134.4,-73.7,-68.7,12.5137,-17.0899,-12.3785,0.9476601,-0.0235041,-0.1,-26.6,-0.01,-0.03,-0.02,-8.04,0.65009847,0.4,38.7426,3.31169267,-0.53495,-2.5228242,863.74,-8.448888,42.574472,14.75,3,0.10037534,2.58307303,-4.7,-6.6,134.4,73.7,68.7,-12.5374,20.4307,11.4504,1.54272338,0.04114255,11,22.7,-34.8,-3.5264854,-0.53495,3.05737747,-863.74,11.2394969,15.981556,-13.805,-2.1
2025,Region 4,First Round,2025 Kansas,2025 Arkansas,7,10,0,15.1,9,2.81927079,5.5432,0.0794299,-0.3,1.4,-11.5,-7.7,-0.7,-0.31,2.04968,-7.42,-1.2,-1,-26.2,-22.6,0.8,-6.1,10.8,-4.8,-5.8,-7.9,4,4,3.5,0.5,20.7551,20.1345797,4.8,4.9,3.3,-1.4,-5.1,0.8,2.1,12.3,6,-1.6,8.4,7.5,4,11.8,8.4,20.217,18.8945486,6.5,8.3,2.4,0.7,7.5,-0.9,-0.1,0.4,6.4,4.9,6.5,4.2,1.9,0.3,-133.7,-86.2,-82.8,11.909,-15.1664,-14.614,-2.9767548,0.02585983,-3.2,-5.1,0.06,0.09,0.06,-7.42,-2.5473333,-1,35.1848,0.28511787,-0.2357,-2.3934073,426.33,-5.8881214,34.671051,10.485,0,0.03202568,3.78799163,-3,-0.3,133.7,86.2,82.8,-23.2162,25.379,16.127,-1.1224917,-0.4730929,6,12.9,-35.6117,-1.248956,-0.2357,2.1813374,-426.33,6.78026679,45.819782,-11.08,-3.4
2025,Region 4,First Round,2025 St. John's,2025 Nebraska Omaha,2,15,1,25.3,15.8,14.2456072,25.871131,0.37583595,4.9,5.2,-10.9,-4.7,0.84,0.35,0.55282,-6.67,1.3,2.4,-25.2,-20.6,3.3,6,8,-14,3.1,1.2,-2.9,1.7,8.8,14.5,3.349,3.532842,-3.4,-2,-4.7,-3,-7.5,-0.7,11.9,2.2,6.8,9.4,-0.4,-3.5,-5.1,13.6,1.3,23.535,21.3936205,6.9,6.7,4.9,6.3,6,6.2,-0.3,-6.4,-1,3.6,7.1,6.9,5,2.9,-131.9,-79.2,-65.3,17.9496,-21.129,-19.829,6.34185157,0.70742332,2,-9.5,0,-0.03,-0.02,-6.67,2.03159968,2.4,34.9587,4.89280027,0.24839,-2.401404,701.47,-12.395258,21.206174,16.06,1,-2.2886315,-0.1137968,5.7,-2.9,131.9,79.2,65.3,-9.2742,20.1653,14.3956,1.0280159,0.06052822,-6.3,11.5,-33.4059,-4.3030343,0.24839,2.24508009,-701.47,5.99283899,35.979534,-10.72,-12.3
2015,Region 1,First Round,2015 Hampton,2015 Kentucky,16,1,0,-54.1,-34,-25.303699,-45.94466,-0.7200582,-15.7,-9.1,5,2.5,-3.43,-7.8,1.26,-4.7,5.3,5.8,-35.7,-41.6,0.4,1.7,-3.6,2.1,-9.8,2,-5.3,3.2,-23.3,-16.2,12.2031,10.640777,6.1,6.8,3,0.2,11.8,1.3,1.2,6.4,5,-3.2,2.4,8.8,3.6,-28.4,-18,16.719,16.1122251,5.3,7.2,0.6,3.5,-2.1,3.7,-9.5,11.6,8.3,0.5,16.2,0.5,1,-16.2,-121.2,-64.3,-35.3,6.0239,-25.6722,-12.2894,-4.284426,-0.0181603,-17.6,-19.7,0,-0.01,-0.01,-4.7,-0.3121306,5.8,23.2656,5.2477331,-5.00578,-3.0702461,1904.71,-4.9991548,-18.017,5.115,-1,-0.3777325,0.88848095,7.1,16.2,121.2,64.3,35.3,-19.8747,19.5443,10.5392,-1.1429574,-0.4450605,22.7,12.6,-32.5513,-4.0158513,-5.00578,1.95902005,-1904.71,8.12797638,-29.804,-15.55,10.4
2015,Region 1,First Round,2015 Purdue,2015 Cincinnati,9,8,0,-1.7,-1.7,2.06461101,-0.2686,0.01951566,-6.6,-3.2,-4.7,-2.3,0.9,2.18,-0.24,0.51,5.7,4.8,-34.3,-38.4,-0.1,-4.9,5.9,-0.9,-2,-3.3,2.6,0.7,-1.7,0.5,16.7195,17.6683706,6.2,9,0.6,3.6,17.1,0.3,4.5,7,6.1,5.9,17.6,3.1,0.8,2.6,-2.2,11.5094,11.8540182,4.9,8.2,-1.7,-2.3,-0.7,-3.5,-6.2,1.6,6.8,3.6,4.8,7.2,-2.1,-8.9,-120.6,-63.7,-55.8,7.9392,-19.8284,-12.0825,3.0351681,-0.1175317,-12.9,-16.8,0.01,-0.01,0.01,0.51,-2.4410144,4.8,29.2935,0.92498927,1.48132,-1.3997062,977.06,-5.7424543,-5.328,9.09,0,0.5112226,0.58343771,2.2,8.9,120.6,63.7,55.8,-14.8537,24.2944,10.0208,-0.5446152,-0.2057244,23.6,22.3,-29.9638,-3.8343717,1.48132,1.75863868,-977.06,6.29806304,0.432,-11.27,-4.8
2015,Region 1,First Round,2015 Buffalo,2015 West Virginia,12,5,0,-4.4,-0.9,-4.9136735,-6.4141,-0.1017221,-2.9,0.1,-5.8,-3.6,0.39,-1.3,0.38,-13.3,-0.2,0.1,-38,-28.1,-1,1.6,0,-1.7,0.5,2.8,-7.4,4.5,3.4,4.6,16.8447,15.9655838,-4,-4,-2.5,3.5,-13.6,11.8,3.6,-2.2,1.4,-3.3,-2.2,-6.9,-2.3,-6.7,-5.5,14.2475,12.9008445,-1.9,-2,-1.1,-0.2,6.6,1.1,-10.5,7.9,0.8,2.5,-2.7,2.1,-1.3,-3.7,-116.9,-62.9,-27.6,15.877,-19.9902,-9.9867,0.87135857,0.1035253,-7,-3.2,-1.42E-14,1.42E-14,1.42E-14,-13.3,-3.3901013,0.1,27.2628,3.96478784,-0.89858,-1.8336668,2102.57,-9.8869065,8.766,14.78,0,0.2899267,1.32593468,1.2,3.7,116.9,62.9,27.6,-5.7762,19.6299,14.912,-0.947467,-0.0534901,3.6,17.3,-27.6888,-3.4416021,-0.89858,2.29462864,-2102.57,8.02328704,-6.984,-11.645,1.2
2015,Region 1,First Round,2015 Valparaiso,2015 Maryland,13,4,0,-8.9,-4.7,-6.4317326,-5.2227,-0.0837505,-8.2,-5.1,-2.2,1,-0.88,-1.58,-0.12,0.67,-1.6,-1.4,-29.2,-24.9,1,7.7,-4.7,-3.2,-4.3,-3.2,4.7,-1.6,-7.5,2.5,11.6962,11.1759977,6,3.9,6.9,2.7,8.8,-1.8,4.6,3.5,3.1,5.3,1.4,1.9,6.8,3.5,-7,15.4656,15.5756901,6,5.7,4.2,5.8,11.8,0.2,-1.6,-7,2.4,-9.5,8.3,-0.2,4,-7.4,-126.6,-77.8,-58.2,13.3143,-25.0491,-12.1624,0.23892977,0.33968507,-11.9,-23.1,1.42E-14,-0.01,1.42E-14,0.67,1.19869026,-1.4,32.1368,7.3566084,-1.05358,-2.199926,1412.81,-7.6331229,-12.33,10.23,0,-0.3572414,2.67134441,10,7.4,126.6,77.8,58.2,-13.6382,24.4773,10.264,4.74214402,-0.1592641,14.5,31.1,-31.2858,-6.713882,-1.05358,1.73682647,-1412.81,6.90961241,3.566,-10.97,-10.5
2015,Region 1,First Round,2015 Texas,2015 Butler,11,6,0,-7.5,-4.3,-2.5860702,0.4917,0.00010622,-11.1,-7.9,-2.3,-0.6,0.35,3.69,-0.36,19.22,-1.5,-1.2,-32.1,-40.1,6.3,-3.2,3.4,0,0.9,-7.7,5.6,2.1,-5.1,-3.6,21.9501,20.9622193,2.5,1.3,3.3,4.5,3.6,-0.7,13.1,5,9.2,-9.5,3.6,1.3,3.1,-4.3,-0.7,17.795,17.112634,6.9,9.4,1,1.9,6.3,-3.2,-6.5,-2.7,-0.1,21.2,9.7,3.6,0.9,-12.4,-129.1,-72.6,-55.1,13.2419,-20.5709,-12.0373,-4.9309538,0.09090643,-18.6,-23.9,0,0,-0.01,19.22,1.89186794,-1.2,29.2717,8.16415351,2.32293,-2.1909062,1053.87,-10.248352,-14.109,11.845,0,0.38976871,4.49529148,1.5,12.4,129.1,72.6,55.1,-10.4954,27.7153,9.9547,-8.85251,-0.3138922,27.8,28.4,-32.349,-9.3172471,2.32293,1.90752194,-1053.87,4.42902394,-11.617,-11.125,3.6
2015,Region 1,First Round,2015 Northeastern,2015 Notre Dame,14,3,0,-20.9,-12.9,-12.687346,-19.24985,-0.2722255,-6.9,-3.5,6.2,5.4,0.5,0.53,0.04,1.58,-0.6,-0.4,-36.6,-32.3,1.4,14.9,-13.9,-1,-6.1,2.2,6.7,-9,-2.5,3.9,7.34,6.80711105,6.5,5.5,5.9,2.2,18.9,-4,-2,8.7,2.9,-5.3,-1,3.3,6,-22.4,-16.9,21.552,23.4497108,9,9.7,4.8,5.3,12.4,1.2,-2.5,5.1,-0.8,-4,8.1,7.7,4.5,10.9,-131.2,-85.1,-72.7,20.1545,-23.9431,-9.458,-4.8080371,0.57323004,-7.3,-9.1,0.01,-0.01,-0.02,1.58,-1.2673347,-0.4,33.885,-0.5105451,0.34025,-2.6870751,1158.13,-10.145074,-4.121,10.805,-2,-1.3377331,-0.4294257,6.4,-10.9,131.2,85.1,72.7,-17.756,13.5366,4.1619,4.36223396,0.28248629,-0.5,3.3,-42.2992,-1.7620739,0.34025,1.71046051,-1158.13,9.28690533,-39.54,-15.55,5.5
2015,Region 1,First Round,2015 Indiana,2015 Wichita St.,10,7,0,-17.3,-10.9,-4.7947659,-7.8481,-0.0923641,-2.4,0.5,2.7,3.1,0.27,0.48,-0.76,1.56,5.9,4.9,-30.7,-34,2.8,8.9,-17.9,9,-0.5,6.5,-2.2,-4.3,1,7.4,25.9785,27.2303405,9.4,8.2,5.9,3.4,-4.1,4.5,8.3,6.8,-2,6.8,5,0.5,5.4,-19.2,-18.4,9.484,10.6657355,0.2,-2.1,3.1,2.3,3.3,0.9,-3.5,8.6,-0.8,-7.2,-1.5,0.7,2.7,1,-130,-71.6,-63,14.7754,-22.3455,-3.633,1.95900764,0.04148478,-11.7,-20.3,0,0,-0.01,1.56,-0.6246343,4.9,33.4266,8.69034032,0.23633,-3.0240999,524.16,-8.0267161,-12.32,12.33,2,1.6054442,-0.3804308,6.4,-1,130,71.6,63,-11.3813,15.9968,8.2405,4.17517014,0.35755036,14,15.4,-35.0241,-3.2455487,0.23633,2.32595139,-524.16,11.0272922,-35.612,-13.48,0.8
2015,Region 1,First Round,2015 New Mexico St.,2015 Kansas,15,2,0,-9.2,-4.6,-12.997881,-16.7366,-0.2540905,-5.3,-3.7,-4.4,-0.8,-0.09,1.86,0.65,-2.93,-4,-3.1,-42.8,-48.2,1.4,8.2,-1.6,-6.6,-3.1,2.4,2.5,-5,-4.3,0.3,16.2957,13.3587379,6.6,6.2,5.4,3.8,11.2,-4.4,7.7,1.2,-3.9,16.8,5.9,2.7,4.7,-5.3,-4.9,14.4513,15.1743861,3.4,0.1,8,2.6,10.5,1.4,-4.2,5.3,7,-7,-1.8,1.8,7.1,-9.4,-121,-63.1,-46.1,16.0379,-24.4319,-12.7252,6.03480636,0.69784639,-17.4,-11.6,0.01,0.01,-0.01,-2.93,-0.8852258,-3.1,30.101,8.32989649,1.15909,-2.0580582,2000.02,-6.7533548,2.329,11.61,-1,0.22476213,-5.2716914,4.6,9.4,121,63.1,46.1,-11.9382,18.6352,5.4605,5.48499498,0.31434558,21.7,8.5,-28.7932,-6.2350104,1.15909,1.6358183,-2000.02,10.2155234,0.189,-10.345,0.4
2015,Region 4,First Round,2015 Coastal Carolina,2015 Wisconsin,16,1,0,-39.5,-26,-16.092936,-31.904,-0.4355626,-13.2,-7.9,11.8,9.3,-3.31,-7.23,-0.15,7.31,5.5,4.6,-39.1,-23.6,-1.1,-1.7,-6.3,8,-3,-3.6,1.3,2.3,-13.1,-1.9,12.1336,12.0795362,3.2,4.2,-0.6,2.2,18.5,-1.1,11.5,5.7,4.2,-7.8,-0.6,5.7,-1.7,-32.4,-24.2,23.012,23.567198,7.5,10,2.2,5.3,0,4.6,-4.3,-3.3,1.6,-2.5,10.1,5.6,2.7,-1.7,-136.1,-81.6,-68.1,6.008,-16.5858,-3.9385,-4.5213573,-0.4155897,-29.3,-30.8,0,0.01,0,7.31,0.63651497,4.6,32.1167,11.0782742,-4.38767,-4.222843,1115.65,-10.117843,-28.028,11.42,-1,-0.9249479,0.20499393,11.2,1.7,136.1,81.6,68.1,-15.0782,20.7891,12.6007,2.34507899,-0.22801,10.5,27.8,-38.8366,-4.2065162,-4.38767,2.00957898,-1115.65,9.04984186,-67.437,-14.87,8.2
2015,Region 4,First Round,2015 Oklahoma St.,2015 Oregon,9,8,0,6.5,2.7,-2.9091262,2.9945,0.03702165,-0.6,-1.4,-5.5,-1.2,-0.64,2.67,0.6,-0.76,-3.7,-3,-29,-34.1,5.4,-5.5,-0.3,5.7,-2,1.5,0.4,-1.9,5.8,5.6,10.552,10.2033739,2.3,2.2,1.3,3.5,4.4,-1.8,-4.8,2.7,7.3,-1.8,4.4,0.8,1.5,0.7,-2.8,18.8112,17.8604179,6.1,7.1,2.4,8.3,-12.9,4.2,2.5,-1.8,-0.6,2.4,9,4.5,2.2,-4,-126.4,-77.7,-53.1,11.626,-18.3088,-8.7114,-1.0451291,-0.1684592,-14.7,-24.5,0.01,0.02,0,-0.76,-3.0878554,-3,32.0118,-0.0315224,1.77723,-2.4295528,1377.68,-8.6222823,16.402,10.6,0,-0.8773598,-0.0991146,-0.2,4,126.4,77.7,53.1,-13.1209,18.8409,8.4814,0.08239546,0.05579605,17,18.5,-31.795,-1.8482097,1.77723,1.89821273,-1377.68,6.13922592,7.513,-9.975,-3.5
2015,Region 4,First Round,2015 Wofford,2015 Arkansas,12,5,0,-13.8,-7.4,-3.3323055,-10.57888,-0.2089272,-5.2,-2.9,-1.2,0.4,-2.12,-5.02,0.06,-4.99,-8.1,-8.6,-35.8,-37.1,-2.5,-3.4,1.4,2,-3.8,0.6,-0.9,0.2,0.4,4.2,6.945,5.48054317,3,2.9,1.8,-2.3,-0.5,5.3,-4.9,5,0.4,5.8,4.9,2.7,1.6,-14.5,-11.5,16.4295,16.1456189,3.3,1.8,4.2,1.6,0.8,3.5,-7.9,15.9,2.6,-3.2,3.4,0.7,4,-2.7,-123.4,-73.2,-49.7,7.95,-17.9371,-8,1.78645168,-0.2607247,-14,-19.9,-0.01,-1.42E-14,0.01,-4.99,1.67651277,-8.6,31.0568,-1.8431954,-3.25586,-2.1998351,1703.27,-7.4784128,1.096,10.6,-2,-0.9277079,-1.9668591,3.8,2.7,123.4,73.2,49.7,-14.4714,21.5924,10.7744,2.22527952,-0.1100606,25.9,27,-31.1937,-4.3561432,-3.25586,2.53363517,-1703.27,12.0687973,-24.223,-12.315,3
2015,Region 4,First Round,2015 Harvard,2015 North Carolina,13,4,0,-21.7,-10.4,-7.4644348,-15.05436,-0.2537159,-8.6,-3.6,-1.1,2,-0.86,-1.95,0.89,-5.89,-8.5,-8.4,-36.4,-45.1,-0.6,4.3,6.2,-10.4,-5,4,-13.3,9.3,-8,1.6,9.5611,9.23683089,2,0.1,4.3,2.8,1.4,-0.9,1.8,4.4,4.5,1.5,-2.5,2.3,4.5,-16.8,-12,22.9768,24.4347243,5.3,7.2,1.1,2.7,1.6,1.7,-12.1,9.1,3.8,2.4,14.9,3.4,1.6,-9.9,-125.4,-69.5,-55.6,10.3021,-23.6997,-16.6875,-1.2140017,0.52247336,-23,-24.3,0,-0.01,0.02,-5.89,-1.6950887,-8.4,28.7183,3.07086855,-1.37814,-1.9196214,1086.91,-7.546973,-3.538,9.765,-2,-1.2681229,1.59185016,9.6,9.9,125.4,69.5,55.6,-12.7111,16.2625,12.8633,-0.4707393,-0.6162482,19.9,12.4,-31.3191,-4.2689306,-1.37814,1.83653538,-1086.91,6.9386338,-15.511,-12.065,4.8
2015,Region 4,First Round,2015 Mississippi,2015 Xavier,11,6,0,-3.7,-0.4,-1.8208872,-4.225,-0.0696897,-3.5,-2.2,-1.7,0.6,-0.14,-0.51,0.68,6.96,0.6,0.4,-29.7,-27.5,1.8,-0.8,4.9,-4,-0.3,-9.1,2.1,7,6.5,4.6,17.9367,16.5724156,-2,-2,-1.2,10.7,3.1,2.3,7.9,-2.1,1.2,0.3,-3.3,1.3,-1.3,-8.2,-5,15.142,15.9318789,6.1,10,0,4.1,-3.1,0.9,0.4,0,-1.1,-8.6,6.1,10.6,-0.6,-1.7,-127,-74.9,-48.8,10.541,-19.586,-13.3113,-0.0267773,0.14811818,-17.1,-26.6,-0.01,0,-1.42E-14,6.96,-1.547716,0.4,30.4926,6.64551378,-0.3278,-1.895106,1663.43,-10.718448,18.096,12.7,2,0.32036761,-2.8075024,-1.9,1.7,127,74.9,48.8,-16.1465,23.7047,14.1662,6.00398005,-0.4822642,3.7,15.4,-33.4241,-0.1203367,-0.3278,1.41668067,-1663.43,7.99634232,-9.12,-12.55,3.2
2015,Region 4,First Round,2015 Georgia St.,2015 Baylor,14,3,1,-22.2,-14.6,-7.3919704,-13.70423,-0.1632125,-10.7,-4.5,1.5,0.6,0.44,-1.28,0.35,0.58,1.6,1.3,-36.7,-24.8,0,12.4,-4.1,-8.2,-1.7,-4.7,-3.9,8.5,-11.6,-0.8,16.7507,16.3163011,6.1,6.9,2.1,8.7,6,3.1,-1.2,-18,2.8,4.9,5.3,3.3,2.7,-14.4,-13.6,16.505,17.3058348,4.8,3.8,5.6,-4.1,-0.6,3.2,-7.3,-3.6,4.8,6.2,6.7,-1.5,5.2,-7.5,-121.5,-61.5,-51,20.193,-26.793,-16.2884,1.04417815,0.74634147,-16.3,-16,-0.01,0.01,-0.01,0.58,-0.1163655,1.3,32.7133,5.93416539,-0.80994,-0.8569678,1250.72,-7.8082809,-20.047,10.435,-2,0.09678174,-0.2385995,10.8,7.5,121.5,61.5,51,-11.512,23.1014,15.1636,-2.3994695,-0.4339415,2.3,13.8,-27.4992,-7.1469466,-0.80994,1.46697154,-1250.72,6.70591808,-24.513,-10.51,0.8
2015,Region 4,First Round,2015 Ohio St.,2015 VCU,10,7,1,9.8,3.3,-0.7536354,4.4909,0.06857706,-0.5,-0.3,-7.7,-2.6,1.06,2.61,0.21,-9.61,-0.5,-0.8,-32.6,-22.2,3.8,-1.4,4.5,-3.1,0.7,4.5,-2.3,-2.2,2.9,8.6,21.2077,20.2139008,5.2,5.8,2.8,-1.8,-2.9,6.8,3.3,-1.2,5.3,-1.6,11.3,0.7,2.6,-2.3,-5.4,16.3142,16.1627899,2.2,1.4,2.4,-4.1,10.1,6.4,-0.3,-6.6,5.4,5.6,0.3,5.6,2.1,-0.8,-121.4,-72,-62.6,17.0175,-16.8505,-11.1856,-0.7571389,0.19642915,-8.1,-9.6,0,-0.01,1.42E-14,-9.61,-1.4274144,-0.8,33.1684,3.38250956,1.75338,-2.0376907,725.74,-6.9747222,7.202,12.855,0,0.46383256,1.11576385,5.7,0.8,121.4,72,62.6,-6.4164,19.5725,11.8749,-0.6663576,0.19233114,5.7,20.4,-29.337,-5.1544675,1.75338,1.84627136,-725.74,6.16551844,-0.593,-8.505,-3.1
2015,Region 4,First Round,2015 Texas Southern,2015 Arizona,15,2,0,-36.8,-25.9,-13.243646,-36.1831,-0.6058977,-14.7,-9.5,5.2,5,-1.86,-5.09,0.82,2.84,-2.3,-3.2,-37.2,-45.7,-0.3,9.2,-9,-0.1,-4.1,0.8,-3.2,2.4,-12.7,-7.9,17.1367,14.7057316,5.1,8,-0.8,-3,10.2,1.2,11.7,-2.4,1.4,7,2.1,5.6,-1.3,-20.7,-18,11.309,9.0928697,4.7,5.4,1.8,5.5,14.5,2,0.1,5.2,-0.3,5.9,9.1,1.5,1.7,-3.8,-123.6,-75.4,-37.5,12.4509,-26.0064,-10.7738,2.28475449,0.28644311,-25.4,-31.5,0.01,-0.01,-0.01,2.84,0.77710021,-3.2,27.8167,9.22233765,-3.35017,-2.4805307,2009.19,-9.0993414,-13.22,11.99,1,0.70793083,-2.0999225,4.8,3.8,123.6,75.4,37.5,-14.902,14.6192,9.2691,-2.4570966,-0.2609918,23.8,15.1,-35.0931,-0.8699246,-3.35017,1.93867134,-2009.19,11.5130104,-33.588,-14.085,2.7
2015,Region 2,First Round,2015 Lafayette,2015 Villanova,16,1,0,-28.8,-20.6,-18.023529,-32.71494,-0.540723,-3.9,-1.9,7.5,5,-0.6,1.08,0.2,-5.47,-0.5,0.4,-32.1,-19.9,-3.6,-1,-2.2,3.2,-4.9,3.3,2.3,-5.6,1.8,0.2,21.1747,19.2130744,10.8,7.8,10.6,9,0.7,4.8,-3.5,4.5,-1.6,-5.6,8,6.3,10.4,-24.3,-20.9,8.023,6.9541815,2.4,2.3,1.3,2.7,14.8,0.3,1.7,11.2,2.3,4.8,5.1,-2.6,0.8,10,-127.9,-74.2,-68.7,4.2906,-15.097,-7.9004,-6.5267915,-0.2352078,-16.6,-29.6,-0.01,0.01,0,-5.47,-3.594916,0.4,34.9588,0.80392121,0.70468,-2.088636,1016.73,-8.2976987,6.402,9.565,0,0.53819722,4.40099563,-1.6,-10,127.9,74.2,68.7,-13.5885,12.7873,6.3776,-2.9101347,0.09521077,5.1,23,-38.1603,3.17871713,0.70468,2.06170269,-1016.73,12.7520412,-47.007,-15.065,3.4
2015,Region 2,First Round,2015 LSU,2015 NC St.,9,8,0,4.9,-1.4,-0.5845754,-1.4197,-0.0282722,-0.9,-2.3,-9,-1.5,0.04,2.09,-0.12,-10.79,5.3,5.4,-40.2,-38.7,2,5.5,-2.6,-3,-2.3,4.7,-1.8,-2.9,6.9,4.3,10.1053,9.80722222,5,6.7,0.7,-1.4,-0.7,-5.1,3.5,6.2,3.9,5.1,10.2,-0.5,1,-4,-5.5,19.2014,19.6299391,5,3.8,4.8,2.3,6.1,3,-1.1,-0.5,4.8,-4.5,2.8,6,4.8,-9.8,-128.7,-68.4,-66.4,15.576,-23.5881,-11.4418,2.70004523,0.39493124,-17.2,-14.7,-0.01,-0.02,0,-10.79,0.78677531,5.4,31.7545,1.72612254,1.52489,-2.2795423,450.88,-6.456301,7.719,10.25,0,-0.9101232,-3.7664868,-2.6,9.8,128.7,68.4,66.4,-9.2496,19.1495,8.7509,4.58301883,0.20239327,21.4,19.2,-30.928,-6.7775998,1.52489,2.02348119,-450.88,6.36254293,-6.32,-8.965,-1.5
2015,Region 2,First Round,2015 Wyoming,2015 Northern Iowa,12,5,0,-14.6,-8.9,-6.9100575,-14.54666,-0.278599,-5.5,-1.8,-6.7,-3.5,0.12,1.76,0.16,-13.53,1,0.6,-22.2,-24.8,14.2,6.6,-8.7,2.1,0.1,-14.5,19.2,-4.7,-6.9,-2.9,10.2588,10.5438397,7,10.8,0.7,-0.6,14.3,0.6,-4.8,18.9,0.4,9.7,16.1,-2.5,0.5,-7.1,-6,17.0959,16.4353914,9.5,9.9,5.3,2.8,13.5,0.1,0,5,-0.6,13.1,-1.9,4.7,4.9,0.1,-125.9,-97.2,-65.4,28.6469,-27.8985,-12.6941,6.62900699,0.48051014,-14.3,-22.2,-0.01,1.42E-14,0.01,-13.53,0.97065925,0.6,31.7616,-5.7583324,1.03626,-2.0922173,1522.71,-11.224301,-14.024,8.575,-2,-0.637219,-3.8083797,4,-0.1,125.9,97.2,65.4,-18.4419,26.584,7.035,-2.8053867,-0.2755637,17.6,34.6,-36.4367,-1.775965,1.03626,2.084336,-1522.71,10.4047162,-14.136,-12.17,1.1
2015,Region 2,First Round,2015 UC Irvine,2015 Louisville,13,4,0,-10.4,-11.2,-9.9747234,-13.56552,-0.2184487,-10.6,-8.7,-3.7,1.7,0.6,2.08,0.57,7.23,-2.2,-1.9,-38.1,-38.3,-0.6,-0.6,1.8,-1.2,-5.5,-0.9,3.5,-2.8,-9.8,-2.4,17.642,18.4135224,7.3,4.4,9,3.1,-3.7,3.8,-1.1,1,5,0.9,0.5,8.5,8.1,0.6,-8.9,9.6418,10.5965589,3.1,6.6,-3.2,-3.8,2.7,-0.5,-4.4,-1.5,7.1,16.4,12.8,-0.5,-2.8,-13.4,-125.1,-73.5,-59.4,9.132,-20.195,-10.3516,-3.7702133,0.00899217,-25.4,-23.6,-1.42E-14,-0.01,0,7.23,3.86199937,-1.9,29.2352,3.64479345,1.28084,-1.8166756,475.88,-6.1533498,-9.919,7.325,0,0.76100308,5.48174227,7.4,13.4,125.1,73.5,59.4,-13.6541,22.5566,9.4616,-9.0719294,-0.0955981,27.5,24,-29.7247,-3.9516802,1.28084,2.20526481,-475.88,7.53188767,5.778,-10.34,-9.5
2015,Region 2,First Round,2015 Dayton,2015 Providence,11,6,1,-6.1,-6.8,-2.6496338,-3.6817,-0.0873101,-6.7,-4.6,-5.6,-1.6,-2.6,-7.74,0.11,-7.82,-1.3,-1.8,-26.8,-38.8,1.5,-4.9,2.8,1.9,-1.7,-8,3.6,4.4,-3.5,-2.1,13.5959,12.4955053,4.7,5.9,1.8,-0.5,10.1,1.9,-5.3,6.6,-0.7,-8,8.1,6.1,2.4,-5.2,-4.7,17.8568,16.9617697,1.3,2.3,-0.8,3,10.5,3.2,-7.3,2.8,1.9,7.9,-1.3,1.9,-1.2,-3.2,-123.5,-83,-40.2,11.6743,-17.8388,-10.5747,-5.0439737,-0.1461371,-7,-20,1.42E-14,-0.01,-0.01,-7.82,-0.3789455,-1.8,33.1773,-3.4137172,-5.04018,-1.7879304,2149.38,-6.6900216,-4.224,12.99,-1,-0.4083753,2.09142164,1.4,3.2,123.5,83,40.2,-16.4431,25.7095,13.468,-3.0876752,-0.4984499,17.8,18.1,-28.7809,-3.1983811,-5.04018,1.82874501,-2149.38,12.1145218,-6.567,-10.975,0.5
2015,Region 2,First Round,2015 Albany,2015 Oklahoma,14,3,0,-22.6,-14,-7.2418811,-21.06779,-0.3629631,-12.4,-6.1,-0.2,0.7,-0.01,-1.5,-0.16,4.87,-7,-6.6,-32.2,-24.8,-3.2,13.2,-13.1,-0.1,-5.2,1.7,-9.4,7.7,-8,-1.9,18.7776,17.4549872,6.4,5.7,5.1,10.7,11,1.2,1,-1.7,-4.6,-8.7,-0.5,3.9,3.9,-12.6,-12,8.354,7.8778902,-0.2,2.5,-2.2,3.7,2.3,2.6,-5.4,-6.2,2.5,6.5,7.7,-0.1,-2.1,-7.2,-122.8,-79.6,-68.1,10.288,-27.1809,-11.147,-5.9304138,0.29455367,-6.1,-18.8,0,-0.01,0,4.87,-1.2231897,-6.6,29.2084,6.37869473,-0.95682,-2.2877251,877.86,-6.8982014,-15.792,8.24,-1,1.07168011,3.85075126,6.1,7.2,122.8,79.6,68.1,-11.6435,19.6588,14.9809,-3.9534318,-0.3025234,8.4,23.5,-30.425,-6.358573,-0.95682,1.75025925,-877.86,15.8534924,-23.348,-10.645,0.6
2015,Region 2,First Round,2015 Georgia,2015 Michigan St.,10,7,0,-17.3,-7,-1.4488127,-5.5276,-0.0787449,-5.6,-5.9,1.5,2.7,0.75,1.18,0.02,-2.58,1.6,0.6,-33.4,-29.9,0.9,4,-1.1,-2.9,-6.2,-4.7,4.2,0.3,0.9,2.8,14.472,15.2896379,3.2,3.6,2.1,-2.8,10.1,-2.3,6.3,4.9,5.3,12.7,6.1,-1.7,2.8,-17.3,-9.8,21.8428,21.6181852,9.6,8.6,7.6,-7,-2.4,-1.1,-5.7,17.8,2.6,4.7,10.5,1.7,7.5,-7.4,-129,-78.2,-48.3,12.6598,-26.0775,-12.6534,5.83128291,0.25905232,-15.9,-21.9,-0.01,0,-0.01,-2.58,1.41583055,0.6,30.2313,5.06350005,0.75818,-2.0993513,1598.31,-6.8812573,1.941,12.85,-2,-0.7053529,-4.8365187,1.9,7.4,129,78.2,48.3,-17.3046,24.0189,10.8117,-0.6660814,-0.3185095,22.6,30.7,-34.7954,-1.9600467,0.75818,1.97802999,-1598.31,6.95228174,-31.895,-11.595,7.5
2015,Region 2,First Round,2015 Belmont,2015 Virginia,15,2,0,-21,-14.3,-14.342387,-29.39335,-0.4477967,-9.5,-4.3,0.3,2,-1.8,-2.67,-0.16,-2.71,8.9,9.2,-15.5,-35.8,-1,2.9,-14.3,11.3,-3.1,-3.8,-5.3,9.1,-11.2,-2.3,24.6858,23.999265,14.8,16.8,7.6,4.3,5.1,-2.2,4.9,9,-1.7,7.8,12.8,11.5,6.8,-8.5,-12.1,7.699,6.7629842,-0.1,-1.1,1.8,1.7,6.5,2.6,-4.5,2.9,1.1,0.4,0.6,-2.6,0.8,0.7,-126.8,-83,-77.2,10.255,-23.3653,-7.3168,-0.4111408,-0.193009,0.3,-25.9,-0.01,-0.01,-0.01,-2.71,0.50056494,9.2,34.4782,3.47405313,-1.61917,-2.3871396,78.91,-6.8193286,-20.352,9.795,2,1.83324396,2.13092236,8.9,-0.7,126.8,83,77.2,-19.4525,21.7166,14.3296,-0.7027605,-0.5863083,16.9,18.9,-33.8499,-4.3332167,-1.61917,1.73097517,-78.91,16.0739027,-14.521,-12.485,-3.6
2015,Region 3,First Round,2015 Robert Morris,2015 Duke,16,1,0,-33.5,-14.9,-18.853938,-30.84969,-0.5468234,-12.7,-5.8,8.4,7.6,-0.66,-3.81,0.43,8.09,0.1,-0.7,-41.4,-29.3,-1.4,-2.6,-0.3,2.8,-3.1,-2.9,-0.1,3,-9.1,2.4,7.3817,6.81613546,3.1,0.5,6,1.8,11.1,-1.8,1.1,2.8,-0.1,-8.1,-2.5,5.3,6.1,-26.5,-17.3,20.384,21.8586485,8.5,8.8,5.2,2.9,2.6,4.9,-1.6,-7.2,-0.3,9.3,9.9,2.6,4.5,3.2,-122.3,-65.5,-61.3,7.0353,-17.2349,-7.5958,-6.5907976,-0.2666437,-22.1,-21.4,0,-0.01,0.01,8.09,-2.1563852,-0.7,30.3113,5.52618969,-2.53955,-2.475192,956.06,-10.19957,-8.141,8.715,-2,-1.1829185,2.60788184,11.5,-3.2,122.3,65.5,61.3,-20.6706,19.815,11.0952,-3.1426861,-0.2869694,1.9,7,-36.1436,-4.5655674,-2.53955,1.21617652,-956.06,10.8412806,-28.219,-14.485,9.2
2015,Region 3,First Round,2015 St. John's,2015 San Diego St.,9,8,0,-8,0.9,0.70459579,-1.8953,-0.0121816,-6.1,-1.9,-9.9,-7.2,-1.66,-2.87,0.54,-15.04,7.1,5.7,-37.2,-34.1,1.1,-2.3,3.7,-1.4,1.2,1.4,-6.5,5,-9.4,-1.5,21.9421,22.7572009,6.6,6.7,4.5,-0.5,9.5,5.8,-2.4,2.7,6.6,1.3,5.3,8.7,3.9,0.4,2.2,8.5992,8.67948938,0.6,1.3,-0.3,-2.3,3.6,0.9,-0.5,-9.7,5.8,1.8,4.1,1,-0.6,-15.2,-124.7,-70.7,-68.3,9.4122,-21.9872,-11.651,-2.2212556,0.01168103,-27.9,-30,0,0.01,-0.01,-15.04,-0.9426771,5.7,29.2404,3.00552918,-1.7895,-2.2583986,214.92,-6.063335,-12.842,6.455,0,1.23201756,1.16265109,7.9,15.2,124.7,70.7,68.3,-8.8995,23.1089,14.2024,-1.1039868,-0.0908161,21.7,26,-27.5033,-5.7097012,-1.7895,2.15142475,-214.92,5.1595047,3.968,-8.015,1.8
2015,Region 3,First Round,2015 Stephen F. Austin,2015 Utah,12,5,0,-21.1,-9.3,-2.1778284,-12.8929,-0.1521784,-8.9,-2.4,2.8,3,-2.48,-6.8,0.23,1.21,5.2,5,-35.5,-34.4,0.8,8.1,-15.4,7.3,-1.8,12.5,-3.1,-9.5,-5.6,3.7,24.9641,22.7206594,13.5,14.7,6.5,5.9,7.9,-2,9.6,21.2,-1,11.2,13,7,6.1,-14.1,-12.9,15.949,16.1723624,6.8,4.6,6.6,0.6,-6.2,6.6,-1.4,10.1,3.7,6.2,9.6,1.5,6.3,3.3,-119.2,-73,-31.3,14.6867,-23.2506,-6.5066,2.39686239,-0.0005232,-13,-19.5,1.42E-14,1.42E-14,0.01,1.21,-3.1082093,5,34.3055,2.89747481,-4.343,-2.297349,2415.99,-6.5323337,-5.874,13.365,2,0.96528939,-1.7053925,9.3,-3.3,119.2,73,31.3,-5.7407,9.1062,3.5377,-1.3995793,0.74673867,3.9,9.5,-33.2104,-2.0743069,-4.343,1.87491993,-2415.99,9.444056,-19.762,-15.26,1.2
2015,Region 3,First Round,2015 Eastern Washington,2015 Georgetown,13,4,0,-15.9,-9.3,-5.890861,-16.60203,-0.3003764,-2.1,0.5,1.3,2.5,-0.97,-3.96,0.26,-10.59,3.7,3.9,-21.7,-33.4,-0.6,3.7,-11.5,7.8,-2.6,-0.3,-2.3,2.6,2.2,5.4,18.568,17.6535112,8.8,9.6,3.7,0.7,-8.3,4.7,-2,-7,2,11,5.8,5.5,3.1,-18.9,-14.8,3.969,3.9748063,-1.1,1.4,-3.7,-1.5,9,-1.5,-3.7,-3.3,2.8,-2.8,2.7,1.6,-3.4,4.9,-126.6,-74.5,-41.3,11.2204,-19.3512,-5.6321,3.07386614,-0.1344152,1.1,-15.7,0.01,0,-1.42E-14,-10.59,1.17768486,3.9,35.591,2.95855565,-2.61789,-1.8567497,2157.26,-6.046484,6.728,13.2,1,1.71692698,-0.7197974,3.2,-4.9,126.6,74.5,41.3,-13.7129,16.4991,10.0958,0.68895973,-0.1868824,3.7,9.9,-32.6312,-2.4562855,-2.61789,1.97508014,-2157.26,7.01663005,-31.984,-14.555,4.1
2015,Region 3,First Round,2015 UCLA,2015 SMU,11,6,1,-6.6,-3.7,-3.3452316,-3.9026,-0.0538934,-1.3,1.3,-4.5,-3.6,0.9,0.47,-0.8,-11.95,4.5,3.2,-25,-38,1.3,10.3,6.5,-16.8,-4.2,-7,-8.4,15.4,2.6,4.4,16.7793,15.6330544,3.9,4.1,4.1,-0.4,5.1,2.5,4.5,-7.5,2,-0.1,5.9,1.5,4.2,-8.9,-8.2,15.3925,14.2510447,3.7,6.2,0.5,0.5,11.4,-1.2,-8.8,4.7,6,0.7,6.6,6.1,0.8,-4,-124.3,-71.9,-55.7,15.9122,-27.635,-20.1666,-1.2242892,0.79185945,-13.9,-27,-0.01,0.01,-0.01,-11.95,1.51254599,3.2,29.855,7.80654124,0.41779,-1.2853441,1342.33,-6.3964304,-6.266,9.61,-1,0.15851615,-3.4732989,1.8,4,124.3,71.9,55.7,-18.8243,21.4272,16.3856,0.96385526,-1.1358647,17.6,13.6,-32.5867,-3.1451163,0.41779,1.58826689,-1342.33,8.36422275,-24.031,-14.17,0.7
2015,Region 3,First Round,2015 UAB,2015 Iowa St.,14,3,1,-21.7,-11.5,-14.028532,-20.20321,-0.3677094,-11.1,-6,4.2,4,-0.79,1.5,-1.15,7.79,-4.4,-4.5,-35.5,-31,1.9,11.9,-7.6,-4.3,-2.6,7.8,-2.7,-5,-10.3,-0.6,7.45,5.13105652,-0.1,1.5,-2,0.7,12.9,-1.9,4.8,3.5,4.5,-3.7,-8.7,4.2,-1.2,-19.4,-11,18.408,17.6818908,7.5,7.7,4.8,1.2,3.3,4,4.6,9.1,-0.6,-1.3,10.6,6,4.1,-2.4,-125.5,-75.2,-67,15.5355,-26.7175,-12.3797,-2.9340221,0.58469451,-20.6,-25.4,-0.01,-0.02,0,7.79,-1.5653117,-4.5,28.4103,1.55993149,0.99405,-2.0275967,1240.92,-9.529823,-22.222,8.74,-1,-1.0362574,-1.0081321,9.7,2.4,125.5,75.2,67,-11.3968,14.2935,8.2706,2.27617697,0.34167501,6.9,11.4,-35.603,2.2163319,0.99405,1.77474537,-1240.92,6.56287731,-38.376,-11.665,8.4
2015,Region 3,First Round,2015 Davidson,2015 Iowa,10,7,0,1.9,-2.2,-0.1532231,-1.4322,-0.0550774,3.2,2.1,-2.2,1.2,-3.04,-5.13,-0.79,-8.6,2.9,2.7,-17.8,-36.2,-1.6,5.7,-14.8,9.1,-3.8,8,-10.5,2.5,10.7,12,25.3725,26.6903773,10.9,10.4,6.9,-0.1,-0.2,5,-0.7,7.3,-1.8,0.3,1.6,8.2,6.1,-8.2,-14.3,9.697,10.7286831,-1.3,-4.4,3.4,10.8,4.2,-0.1,-5.7,10.3,1,-2.2,3.3,-4.7,3.3,-2,-131.7,-73.8,-66.8,11.9014,-23.6863,-7.0359,-3.4935256,-0.0833989,-8.8,-32.5,-0.02,-0.02,0,-8.6,0.17508714,2.7,37.3963,0.51258155,-3.3237,-1.9301257,538.26,-6.7852712,1.405,10.63,2,1.68689773,2.84012399,1.3,2,131.7,73.8,66.8,-10.7572,16.3266,12.8334,0.56125039,0.03249707,21.1,20,-30.6771,-2.4966645,-3.3237,2.71612973,-538.26,11.5595729,-22.674,-12.475,-6.1
2015,Region 3,First Round,2015 North Dakota St.,2015 Gonzaga,15,2,0,-32.7,-20.8,-11.565677,-28.322536,-0.4619892,-11.2,-4.6,2.6,3.7,-1.61,-8.41,-0.8,-4.72,-3.6,-3.9,-34.1,-34.9,0.7,0.3,-5.6,5.2,-0.1,-4.1,3.4,0.8,-19.2,-1.7,9.6842,7.63654752,5.6,3.7,5.5,3.3,4.6,1.7,-2.1,-2,4.5,-0.2,2.7,3.6,5.6,-19.8,-18.9,19.841,19.5148015,10.6,12.7,4.4,-5.8,9.1,0.3,-10.5,6.9,0.9,9.9,15.6,6.8,3.9,-1,-133.6,-87.6,-63.1,6.0702,-21.3838,-6.8244,-2.2516058,-0.1218131,-26.2,-36.6,0,-0.01,0.01,-4.72,1.29029635,-3.9,31.4508,5.8132241,-5.37,-2.8657784,1116.51,-11.197421,-40.576,8.495,-1,-0.9079419,-5.3786685,17.5,1,133.6,87.6,63.1,-12.5058,16.1181,8.1655,-2.8534582,-0.1546436,22.2,30,-40.2156,-6.0608812,-5.37,2.40891578,-1116.51,8.64663403,-45.374,-16.72,0.9
2016,Region 1,First Round,2016 Austin Peay,2016 Kansas,16,1,0,-35.3,-18.9,-22.594104,-34.90334,-0.6340219,-10.6,-5.2,7.3,6.1,-0.87,-3.32,-0.19,-0.21,1.1,0.3,-35.8,-26.5,2,7.3,-6.2,-1.2,-2.3,-0.7,-5.2,5.9,-12.9,-0.1,13.43,10.4768995,6.2,7.9,1.9,-4.9,9.3,-1.3,3,1.7,-1.1,3.7,8.7,0.7,2.6,-28.4,-18.7,11.275,12.1738056,2.3,-0.7,5.8,0.1,7.9,1,-2.5,2,2.8,-10.3,0.9,1.5,4.2,6.3,-123.9,-77.5,-46.2,15.5212,-24.1478,-10.9836,1.28905998,0.3394236,-15,-16.9,0,0.01,-0.01,-0.21,-4.1463079,0.3,30.5463,4.23285057,-2.33236,-2.2611786,2071.67,-8.8571475,-25.096,12,-2,0.44112138,-4.8375119,12.8,-6.3,123.9,77.5,46.2,-17.3083,14.7275,10.7959,5.91367817,-0.2857366,6.4,13.4,-37.2266,-3.8784284,-2.33236,1.63010317,-2071.67,11.9125715,-51.703,-15.665,9.7
2016,Region 1,First Round,2016 Connecticut,2016 Colorado,9,8,1,7.5,1.7,0.50514365,5.1615,0.06940293,-1.3,-1.5,-8.1,-2.5,-0.06,-0.39,0.2,-7.05,-4.6,-3,-37.5,-30.9,4.9,-5,0.3,4.9,-0.1,-5,0.8,4.2,3.8,2.6,16.4562,15.018353,5.1,6.5,0.9,10.8,-5.8,-1.1,4.5,10.3,2.9,5.7,9.3,3.3,1.2,6.2,-1,15.886,14.4650837,4.2,2.4,6.2,7.9,5.5,-0.7,-5.8,0.8,2.6,10.2,0.2,1.4,6.1,-8.5,-131.2,-82.1,-60.3,10.8699,-15.2317,-6.3331,1.81847842,-0.2230734,-14.9,-12.9,0,0,-0.01,-7.05,1.12195573,-3,35.2426,4.44853969,-0.33621,-2.4463664,974.84,-7.3790766,9.426,12.265,-2,0.04510127,2.8046628,-1.2,8.5,131.2,82.1,60.3,-9.7593,24.4534,12.0148,-3.0811681,-0.2946003,13,20.3,-29.201,-8.1028794,-0.33621,2.24135497,-974.84,6.35251914,13.874,-10.15,-7.2
2016,Region 1,First Round,2016 South Dakota St.,2016 Maryland,12,5,0,-12.7,-5.1,-5.0385063,-11.13178,-0.1394201,-5.5,-2.4,2.9,2.3,-2.39,-5.16,0.12,5.76,1.6,1.3,-27.6,-29.9,-3.8,1.5,-3.6,2,-7.9,-0.9,6.5,-5.6,3.6,7.1,15.2454,14.0799463,4.7,4,3.9,4.2,13.7,-0.6,2.9,-3.2,-2.7,7,-4,11,3.9,-19.6,-12.2,15.049,14.4489422,7.9,8.4,4.5,3.8,-4,-2,-4.7,5.6,3.6,-4.1,10.9,3.7,2.8,1.4,-130.2,-82.4,-57.1,7.0608,-20.5955,-10.4047,-0.4996123,-0.1201984,-11.6,-26.5,0,0.01,-0.01,5.76,-3.7817608,1.3,33.8161,6.95694575,-3.51465,-2.2206165,1846.78,-6.4787745,8.148,11.545,-2,0.0851084,-1.2941291,3.5,-1.4,130.2,82.4,57.1,-19.663,18.7409,7.944,2.56985405,-0.0726655,14.3,20.8,-36.0371,-4.0680092,-3.51465,2.44816578,-1846.78,15.5637042,-34.728,-14.52,7.4
2016,Region 1,First Round,2016 Hawaii,2016 California,13,4,1,1.8,3.6,-1.3412431,-7.9036,-0.114075,-4.1,-1.2,-6.3,-2,-1.82,-2.82,0.71,1.58,3.1,2.6,-33.9,-32.7,2.6,-2.7,-9.7,12.3,-2.8,-8.2,8.2,0.1,-2.7,6,14.9805,14.2602645,8.5,13.7,-2.3,-2,9.1,-4.3,5.2,12.9,2.6,-3.5,10.1,12.5,-2.6,1.5,-2.4,16.3949,16.6499235,7.6,7.2,5.6,-5.1,2.3,2.4,-5.7,-0.1,3.5,2.5,3.5,1.8,6.3,-6.1,-130.1,-84.3,-35.6,11.6447,-20.7718,-4.6863,-3.3363124,-0.4564251,-19.7,-24.7,-1.42E-14,1.42E-14,0.01,1.58,-0.3630739,2.6,34.944,0.36557096,-1.89544,-2.2527429,2280.31,-8.1930052,2.999,14.04,0,-0.118562,-0.4982499,8.7,6.1,130.1,84.3,35.6,-17.6772,26.4558,11.3932,0.75381397,-0.3301265,19.8,26.6,-32.3476,-7.4906826,-1.89544,2.20232854,-2280.31,8.76337203,8.408,-12.885,-3.9
2016,Region 1,First Round,2016 Wichita St.,2016 Arizona,11,6,1,3.9,7.9,-3.1912943,-0.7323,0.01434271,-6.8,-2.1,-1,-1.9,-1.34,-4.74,-0.15,6.06,-3.8,-2.3,-30.3,-33.7,0.6,2.6,-9.4,6.8,-6.8,-6.7,-0.8,7.5,-1.4,6.5,16.2579,15.7777118,3.3,4.3,0.8,0.4,8.6,1.4,7,8.7,3.5,3.8,-0.4,2.8,0.8,-0.1,1.4,26.7762,26.0727161,9.3,10.5,5.6,0.4,-1.3,5.3,-11.5,2.6,3,2.2,11.1,6.9,5.4,-5.8,-127.9,-84.5,-43.5,12.165,-23.8354,-9.1342,0.73214829,-0.1167171,-17.6,-26.4,1.42E-14,-1.42E-14,0,6.06,0.89765351,-2.3,33.5598,3.6433546,-3.28431,-2.1252639,2321.61,-7.9241974,-4.703,12.06,-1,-1.0163696,-1.6906769,7.9,5.8,127.9,84.5,43.5,-19.671,23.8566,13.6615,1.45501728,-0.6891596,16.6,19.1,-31.2938,-9.7699623,-3.28431,2.82996869,-2321.61,7.70420908,-2.737,-14.77,1.5
2016,Region 1,First Round,2016 Buffalo,2016 Miami FL,14,3,0,-14.9,-8.4,-12.515489,-20.13681,-0.3748094,-8.6,-4.2,2.5,3.5,-0.57,-4.26,-0.77,4.6,6.2,5.7,-33.2,-30,-1.1,7.1,-13.9,6.8,-4.5,3.8,-5.5,1.8,-0.8,1.7,9.5415,8.88017435,1.6,2.3,-0.1,0.2,12.9,-1.4,3,2.4,1.7,-2.5,0.6,-5.4,-0.7,-11.5,-10.1,16.018,16.3351898,4.1,4.6,2.2,3.6,2.9,1.7,-1.9,-2,0.4,-4.6,6.4,5.9,3.2,1.3,-129.9,-79.5,-52.4,12.9627,-23.3692,-7.406,0.41880127,-0.0738089,-6.9,-15.8,0,0.01,-0.01,4.6,1.33924573,5.7,31.1256,4.55820673,-2.91915,-2.7717746,2081.72,-10.200388,-7.012,11.115,0,-0.5661594,-4.590152,2.5,-1.3,129.9,79.5,52.4,-14.1784,15.2964,10.7424,3.94419111,-0.085938,4.3,11.5,-36.3906,-3.4816171,-2.91915,1.99852323,-2081.72,10.057341,-28.148,-15,1.4
2016,Region 1,First Round,2016 Temple,2016 Iowa,10,7,0,-14.4,-10.7,-2.0569957,-13.00845,-0.1944635,-8.6,-3.9,-1.5,0.1,-0.96,-4.24,-0.05,-1.64,-3.3,-3.3,-23.5,-33,-3.3,-4.2,5.1,-0.9,0.3,5.8,-2.6,-3.3,-11.4,-2.6,11.6769,11.5298844,-0.5,-3.5,3,0.3,1.9,5.2,-2.4,1.5,0.3,5,-5.9,1.5,2.4,-6.5,-8.3,18.0268,17.9726166,5.1,2.2,6.8,-2.1,4.8,1.6,-2.5,7.7,3.2,-9.1,7.5,0.8,6.3,-7.2,-135.8,-77.5,-85.7,6.6666,-21.5365,-13.7083,0.84276464,-0.1764037,-14.9,-30.7,1.42E-14,0.01,-2.84E-14,-1.64,0.85726123,-3.3,30.5333,1.60990543,-2.97229,-2.4639246,12.58,-7.1397157,-24.417,6.935,-2,-0.5891839,-4.8727274,8.8,7.2,135.8,77.5,85.7,-7.5527,17.8893,8.8411,5.11962236,0.28614008,18.6,26.9,-35.1822,-3.3454164,-2.97229,2.9123148,-12.58,11.449881,-14.295,-11.3,-1.8
2016,Region 1,First Round,2016 UNC Asheville,2016 Villanova,15,2,0,-30.3,-20.1,-15.098825,-22.53517,-0.4115769,-11.2,-6.6,0.7,0.5,-1.31,-4.89,-0.56,-5.37,2.8,3.8,-32.4,-20.7,-1.1,7,0.2,-7.4,-4.7,8.9,-2.2,-6.8,-16.9,-8.4,11.977,10.7211354,3.6,6.7,-1.3,3.8,11,1.8,2.9,-11,2,7,2.7,7.3,-1.7,-19.5,-11.8,18.9824,19.4673783,5.6,4.7,5.6,7.1,0.9,6,0.8,16.5,3.4,-2.3,11.5,1.1,6.6,-0.8,-122.2,-81.7,-58.5,10.9144,-23.9473,-15.1629,2.09125026,0.41955042,-14.2,-25.9,-1.42E-14,0.02,-0.01,-5.37,-0.0354543,3.8,29.6638,5.33671121,-3.46729,-2.006858,1367.49,-9.5133412,-29.235,10.38,0,-0.6257346,-2.5741964,8.5,0.8,122.2,81.7,58.5,-14.0823,13.0759,9.9292,2.48939675,0.29406868,0.4,15.4,-33.9036,0.69831522,-3.46729,2.23728548,-1367.49,10.5424413,-35.529,-11.495,7.7
2016,Region 4,First Round,2016 Holy Cross,2016 Oregon,16,1,0,-32.4,-19,-20.967697,-34.2726,-0.66557,-12.8,-5.8,8.6,5.6,-1.85,-1.88,0.03,0.84,-4.8,-4.5,-25.8,-24.9,-5.9,1.4,-8.3,6.9,-5.3,0.5,-7,6.4,-13.7,-1.6,0.1914,0.3789471,-1.1,0.9,-3.7,-1,3.8,4,-7.7,9,-0.3,8.9,-2.8,2.2,-3.6,-21.9,-17.3,11.105,10.1167037,-0.9,0,-1.4,-0.8,6.4,3.7,-5,-9.4,5.9,-6.8,3.9,-2,-1.3,2.4,-126.5,-80.9,-57.6,5.0545,-20.5463,-8.3586,4.36420321,-0.3377601,2.7,-12.7,-0.01,-0.01,1.42E-14,0.84,0.62410671,-4.5,29.4426,-6.7391243,-1.27163,-2.0861147,1531.6,-5.9047731,-22.257,8.18,-2,-0.9891468,-3.289114,12.1,-2.4,126.5,80.9,57.6,-17.8188,16.9768,14.4008,1.90697793,-0.3397025,-3.8,7.4,-34.4151,-5.3792657,-1.27163,1.82320398,-1531.6,11.156738,-35.553,-15.225,4.6
2016,Region 4,First Round,2016 Cincinnati,2016 Saint Joseph's,9,8,0,0.6,-1,-3.202887,2.5235,0.01624789,-4.4,-2.1,-4.2,-1.1,0.62,2.8,0.13,3.82,-4.7,-5,-22.3,-29.3,3.2,-3,7.8,-4.9,-2.3,-1.6,2,-0.4,-4.9,2.3,11.2362,12.606444,1.1,-1.4,3.5,1.3,9,-0.2,11,10.4,8.6,4.2,6.8,-5.8,3.7,0.7,-3.1,20.5595,20.2614043,6,11.6,-2.9,3.6,10.8,6.3,2.3,4.7,0.7,6.3,15.9,3.9,-3,-6.5,-132.5,-78.5,-77.4,10.5652,-20.5633,-15.8567,2.70612743,0.12385314,-7.4,-26.4,0,-0.01,-0.02,3.82,2.97929822,-5,32.5238,5.36825382,1.9126,-2.7603191,352.33,-9.840094,-7.575,11.51,1,-0.9371511,-1.5835682,7.2,6.5,132.5,78.5,77.4,-10.1617,20.8245,11.024,-3.3686474,-0.0972751,9,20.7,-32.6959,1.74699166,1.9126,2.33753382,-352.33,5.79650227,2.995,-9.145,-3.8
2016,Region 4,First Round,2016 Yale,2016 Baylor,12,5,1,-1.5,2.9,-3.3835975,-6.0887,-0.0645029,-4.4,-1,-2.2,-2.7,0.11,-1.57,0.39,0.92,-0.2,-0.5,-35.4,-37,0.9,6.1,-3.4,-2.7,-2.8,-3.3,-2.5,5.8,-1.2,4.4,10.6693,8.84747136,1.5,2.4,0,-3.4,4,-0.3,10.4,-15.3,3.1,4,-2.8,4.4,-0.9,-2.3,-1.3,23.0723,22.5214858,5.4,4.4,5.6,3.3,5.4,-0.7,-16.2,14.2,1.8,-2.2,10,-2,4.7,1.5,-123,-67.8,-46.8,14.94,-18.4154,-10.1318,0.78108373,0.31933282,-17.8,-19.6,1.42E-14,0.01,0.01,0.92,1.73517891,-0.5,32.2455,10.8199221,-1.05166,-0.7296387,1781.38,-8.0135007,1.176,15.535,-1,-1.2416085,2.55790971,5.6,-1.5,123,67.8,46.8,-11.2518,19.0286,12.4249,1.64384354,-0.4353217,14.7,19.3,-32.1553,-6.7714075,-1.05166,1.71183664,-1781.38,7.07519086,0.941,-14.115,1
2016,Region 4,First Round,2016 UNC Wilmington,2016 Duke,13,4,0,-19.9,-10.9,-4.8124455,-12.79465,-0.2124998,-8.3,-4.1,8.2,5.4,-2.63,-5.25,0.55,9.84,2.1,2.5,-37.6,-31.3,-5.5,-5.2,1.2,4,-5.3,0,11.2,-11.2,-3.2,4.1,10.3182,10.1246415,1.8,2.3,0.2,2,10.5,1.7,-2.4,-5,1.2,0.6,3.5,3.3,0.5,-20.5,-14.9,20.994,20.8922265,6.6,5.2,4.6,1.5,-14.1,5.8,-4.1,2,1.6,-5.4,-0.6,5.3,4.7,1.4,-131.9,-69.5,-44.2,8.538,-16.8527,-7.944,-0.4217278,-0.5058506,-14.6,-17.5,-1.42E-14,0.01,-1.42E-14,9.84,1.76247374,2.5,34.0518,1.74326979,-3.627,-2.7269604,1733.43,-9.3975253,0.678,10.53,-2,-1.05318,-0.8149757,7.3,-1.4,131.9,69.5,44.2,-16.4466,19.5834,3.6102,4.99315321,0.22890593,14.8,21.1,-35.388,-6.4692902,-3.627,2.70198815,-1733.43,8.42190091,-19.915,-16.715,5.6
2016,Region 4,First Round,2016 Northern Iowa,2016 Texas,11,6,1,-2.5,1.2,-5.0535087,-7.0116,-0.0837207,-0.3,0.4,-6.4,-2.1,-0.16,-3.62,0.25,-13.86,-3.2,-2.9,-25.1,-25.1,-1.9,-8,-1.9,9.9,-5.3,-6.8,4,2.9,-2.7,4.3,12.5834,13.5431989,5.8,5.9,2.9,5.9,-4.7,3.3,-14.5,3.2,-1.1,-2.8,6.4,7.8,2.6,2.1,-3.3,14.6171,13.8984709,0.7,0,1.3,-5.8,16.1,3.3,-3.5,-5.8,2.3,-11.6,-2.7,-1.5,1.7,-1.3,-132.2,-92,-66.4,6.6307,-16.7132,-5.5668,-3.4500001,-0.516694,-12.1,-29.3,0,-0.01,-0.01,-13.86,0.84584601,-2.9,35.4859,-6.7560721,-2.3728,-2.785261,1090.64,-7.9047195,-3.092,9.54,0,-0.1797674,-1.1721698,7,1.3,132.2,92,66.4,-15.3058,23.3866,14.0874,5.48246662,-0.4002148,8.4,23.5,-32.096,-6.6114137,-2.3728,2.5674063,-1090.64,11.5272164,6.566,-10.83,-5.4
2016,Region 4,First Round,2016 Green Bay,2016 Texas A&M,14,3,0,-18.5,-10.7,-9.5117212,-17.81685,-0.3496397,-8.6,-3.7,0.9,0.1,-1.47,-2.56,0.25,-3.59,8.5,9.1,-29.5,-29.1,-2,11.9,-3.2,-8.8,-4.3,-0.7,4.1,-3.5,-7.8,-1.3,15.8722,14.7647187,2.8,3.1,2.1,0,9.8,5.3,1.3,-8.2,1.8,5.1,-2.9,2.5,1.7,-12,-9.3,9.923,9.2400783,0.2,1.2,-1.3,-4.3,2.1,3.7,-3.2,13.1,0.5,-3,3.8,-5.7,-2.2,-0.4,-125.4,-71.9,-52.5,15.4697,-27.8287,-15.8234,0.91675674,0.55508299,-9.4,-21.3,0,1.42E-14,-0.01,-3.59,3.22460578,9.1,31.0595,5.92184264,-1.82435,-1.9395445,1142.97,-8.1206841,-12.546,11.125,0,0.69627965,0.37612698,6.5,0.4,125.4,71.9,52.5,-16.7604,19.0965,8.8409,-1.1043701,-0.0119525,-0.9,6.8,-32.36,1.72880642,-1.82435,2.38418629,-1142.97,7.94105912,-21.465,-13.09,2.7
2016,Region 4,First Round,2016 VCU,2016 Oregon St.,10,7,1,7,1.1,-0.2948032,3.7781,0.09256951,-2.8,0,-6.7,-2.1,-1.42,-4.71,0.48,-1.3,1.3,2.3,-28.2,-38.3,-2.8,0.9,4.6,-5.5,-1.6,-1.4,2.8,-1.4,5.3,6,12.5848,13.2327502,1.5,0.1,2.8,0,-7,3.3,1,-7.2,0.1,4.1,-0.3,3.2,2.7,-1.9,-5,16.067,15.982384,0.9,-1.3,3.7,0.5,0.2,5.1,-1.6,-0.4,-0.2,5.7,-1.8,-3.4,3.7,-0.8,-125.6,-77.2,-54.2,13.0141,-20.2024,-14.573,0.30300431,0.1357144,-3,-10.9,-0.01,0,-1.42E-14,-1.3,1.49293905,2.3,32.7872,5.24941588,-3.23224,-1.8204817,839.12,-9.2735756,14.485,12.135,-2,-0.3622601,0.61577514,0.7,0.8,125.6,77.2,54.2,-12.8646,18.4825,8.2331,-2.5199613,-0.0281738,7.4,5.8,-30.3478,-4.5197,-3.23224,2.2328181,-839.12,8.91255099,0.301,-11.335,-3.1
2016,Region 4,First Round,2016 Cal St. Bakersfield,2016 Oklahoma,15,2,0,-23.7,-12.7,-11.261779,-18.35029,-0.2302359,-12.1,-5.2,2.5,2.1,-1.5,-3.56,-0.38,7.99,-3.2,-2.6,-38,-26.2,-1.6,8.4,0,-8.5,-4.7,8.6,-1.1,-7.5,-5.9,-3.1,10.9343,10.3768511,2.9,4.4,0.6,-2.7,11.2,-0.5,4.2,16,4.9,9.8,3.1,0.9,0.6,-10.9,-9.6,20.4136,22.0759978,9.8,5.5,10,5.1,-8.4,3.8,-0.9,5.1,4.8,-7.7,13.2,-1.7,8.8,-5.1,-124.5,-76.1,-58.6,10.9617,-23.285,-14.3075,4.22321547,0.60683357,-7,-12.4,0,0,-0.01,7.99,1.8450339,-2.6,30.9431,2.02161624,-2.46772,-2.4940327,738.09,-6.9959506,-13.998,10.065,-1,-0.8802988,-3.6718547,2.8,5.1,124.5,76.1,58.6,-5.4161,13.4345,4.9358,4.52535596,0.34280259,2.1,14.9,-32.6346,-5.1340292,-2.46772,2.26205048,-738.09,6.39158537,-27.192,-11.25,1.3
2016,Region 2,First Round,2016 Florida Gulf Coast,2016 North Carolina,16,1,0,-35.9,-20.2,-16.800988,-29.42813,-0.4622975,-11.3,-4.8,5.1,2.5,-0.43,-2.42,-0.52,-0.68,-1.7,-4.6,-40,-36.6,0.7,18.2,-7.3,-11,-3.6,6.4,-15.9,9.4,-17.8,-4.8,9.8161,8.04419781,3.8,7.2,-1.4,-5.4,6.7,1.7,1.6,0,4.1,5.3,1.7,4.2,-2,-19.6,-15.5,16.832,17.0714016,4,4.9,0.4,4.3,-3.9,0.8,-12.3,11.3,4,4.9,13.4,4.7,1.4,-1.2,-132.9,-71.3,-65.6,19.5669,-26.8827,-14.3292,1.98229336,1.16805401,-15.3,-16.5,-1.42E-14,1.42E-14,0,-0.68,1.29944639,-4.6,32.7636,3.69869772,-1.79566,-2.9804055,659.18,-8.159258,-33.086,10.8,-3,-0.5771802,0.62945353,13,1.2,132.9,71.3,65.6,-11.9773,14.9831,16.2682,-1.658739,-0.3387055,8.9,10.8,-35.6688,-3.7042215,-1.79566,2.40541111,-659.18,8.62360375,-39.692,-14.885,4.1
2016,Region 2,First Round,2016 Providence,2016 USC,9,8,1,2,4.6,3.12153932,-1.1916,-0.0204174,-2.7,0.8,-5,-4.2,-0.74,-3.86,-0.12,-3.99,-3.1,-2.8,-28.7,-34,1.3,-3.7,1.1,2.6,-3,-4.2,3.3,0.8,2.5,5.8,10.205,10.9081069,0.8,1.4,-0.2,2.6,9.2,0.6,-1,12.7,-0.2,1.9,7.8,-4.4,-0.4,-3.9,-1.3,18.1735,18.6718982,3.2,0,6.4,-3.9,7.5,4.2,-2.2,0.1,3.9,-7.3,-0.5,-2.9,6.3,-3.8,-129.6,-74.6,-70.7,8.5187,-19.8839,-11.4856,2.5990414,-0.1493502,-9.1,-18.4,0.01,0.01,1.42E-14,-3.99,-6.160982,-2.8,31.3534,-3.0725666,-2.81934,-2.2174972,953.02,-7.0324205,2.009,9.59,-1,-0.8061183,-2.8906954,3.3,3.8,129.6,74.6,70.7,-17.2726,20.1016,9.9409,4.17711911,-0.2526827,12.7,13.2,-32.8216,-5.9647171,-2.81934,2.37636028,-953.02,9.77179104,-5.991,-10.925,2.6
2016,Region 2,First Round,2016 Chattanooga,2016 Indiana,12,5,0,-18,-10.3,-2.7479541,-15.37786,-0.2582662,-5.6,-3.5,1.5,3.1,-0.39,-1.74,0.55,-5.76,-1.4,-2.2,-31.5,-22.8,5.8,-0.9,-4.6,5.7,-3.8,-5.2,10,-4.8,-5.2,-0.2,9.0971,7.88751714,2.3,1.7,1.8,6.7,12.7,1,3.7,8.7,4.6,-1.6,3.4,-3.1,1.4,-16,-10.3,21.1166,19.8525974,8.8,6.1,8.5,5.2,2.5,0.5,-8.8,5,-0.9,3.8,3.6,-0.2,7.8,9.7,-123.1,-72.3,-64.6,16.0242,-17.8995,-7.4234,-0.0477683,-0.0787063,-4.8,-9.3,-0.01,0,0,-5.76,1.37491906,-2.2,32.9833,3.01181426,-1.18206,-1.9777705,848.13,-8.968697,-7.89,12.755,-3,-1.1677245,-2.1957107,5,-9.7,123.1,72.3,64.6,-21.1462,18.0396,6.9608,-0.0100218,-0.0857862,-2.8,8.4,-36.8066,-7.1436033,-1.18206,2.13543125,-848.13,6.53910963,-26.13,-14.71,5.7
2016,Region 2,First Round,2016 Stony Brook,2016 Kentucky,13,4,0,-22,-14,-5.9828977,-16.66187,-0.2476167,-5.5,-1.3,1.6,4.4,-0.02,-3.77,1.31,-4.72,-0.5,-0.4,-40.9,-33.7,-1.6,7.4,-6.6,-0.8,-9.3,3.6,-7.1,3.4,-7.9,4,10.1728,10.2478965,8.3,8.9,4.5,-3.1,-8.9,0.7,2.7,18.2,4.8,10.7,7.4,3.7,4.6,-20,-18.2,23.5647,23.5721233,6.4,7.6,2.8,-2.7,10.7,2.4,-12,2.9,7.6,7.8,15.3,1.5,2.5,-0.9,-130.3,-70.3,-60.2,12.1515,-22.8579,-9.2368,3.13221939,0.24060594,-12,-10.6,0.02,0.01,0,-4.72,-3.3555323,-0.4,34.1867,2.09624409,-2.55992,-3.0272505,923.43,-6.5229289,0.669,12.09,0,-1.2939536,-1.1914836,11.9,0.9,130.3,70.3,60.2,-15.3866,15.4599,11.3236,-3.431835,-0.3094762,13.7,15.5,-35.3048,-8.9382878,-2.55992,2.43123848,-923.43,7.46699824,-11.471,-14.035,1.8
2016,Region 2,First Round,2016 Michigan,2016 Notre Dame,11,6,0,4.4,1,-1.4412958,-1.4275,0.00819356,-0.4,-0.8,-0.1,1.5,0.22,-0.37,-0.3,8.67,0.6,0.6,-21.3,-28.8,1.8,-2.2,-7.6,9.9,1.1,-9.3,7.2,2.1,8.5,8.7,11.385,11.2358046,5.8,7.4,0.8,1.9,1.5,0.1,-6.9,4.6,-2.3,3.2,8.8,0.1,1.1,-3.9,-7.7,19.15,18.68871,2.3,1.8,2.2,0.6,6.4,2.9,-6.5,-4,0.3,-3.2,-4.3,2,2.7,8.9,-138,-85.2,-84.7,11.7296,-17.6537,-4.8724,1.92456519,-0.2513325,-7,-25.8,1.42E-14,-0.01,0.02,8.67,0.61108854,0.6,39.3966,-3.9311912,-0.23549,-2.5473333,508.44,-9.206526,11.17,11.22,1,-0.8581289,-0.8232816,0.2,-8.9,138,85.2,84.7,-18.8739,21.3618,10.941,2.95378795,-0.2999447,10.8,19.4,-36.9444,-6.6624733,-0.23549,2.57409508,-508.44,15.2115954,-9.588,-14.055,-3.8
2016,Region 2,First Round,2016 Stephen F. Austin,2016 West Virginia,14,3,1,-2.2,4.6,-8.3800016,-11.5096,-0.1728699,-5.8,-1.7,-6.1,-2.7,-2.27,-4.69,0.45,-6.05,-1.7,-2.5,-27.5,-38.8,-2.3,-7.1,6.5,0.5,-1.3,-0.1,0,0.1,-4.1,3.6,20.8636,18.2519083,6.7,6.9,4.3,3.1,-20.9,7.3,6.3,13.8,0.5,-0.8,10.2,8.5,3.7,2.1,0.8,19.4564,17.8496986,0.6,1.2,-0.3,-0.1,6,6.3,-12.2,1.9,1.2,7.7,2.8,-3.2,-0.3,4.1,-110.8,-67.7,-25.1,8.2898,-14.191,-10.7724,-2.6328023,-0.2721563,-4.9,-15.8,-0.01,1.42E-14,0,-6.05,-4.0031965,-2.5,32.343,1.49058936,-3.24846,-1.6511955,2342.91,-11.157978,-2.822,15.36,1,0.17580348,5.28233069,7.7,-4.1,110.8,67.7,25.1,-12.8697,18.1674,10.6854,-4.4461257,-0.0509339,1.6,1.2,-27.3072,-5.7477526,-3.24846,1.89322811,-2342.91,9.92086156,8.607,-13.915,-1.3
2016,Region 2,First Round,2016 Pittsburgh,2016 Wisconsin,10,7,0,2.3,1.3,1.28451479,-0.1638,0.02730156,-5,-0.5,-1.2,-1.3,0.56,0.6,0.72,13.28,2.3,2.4,-39.9,-31.9,1.7,-0.9,-0.8,1.7,1.4,4.1,-4.1,0.2,2.4,5.2,20.0802,19.6855397,2.8,5.6,-2.9,5.1,2.3,1.4,9.2,16.1,0.2,1.2,4.7,6.5,-2.3,-1.8,-3.9,12.4863,11.93667,-1.5,-2.1,0,4.3,7.1,0.1,-6.1,-5.5,0,-5.4,0.6,-1.4,-0.5,-0.7,-129.7,-73.3,-56.8,10.0472,-16.7292,-7.4103,-0.2286375,-0.0467088,-23.8,-23.4,1.42E-14,0,0,13.28,0.21663774,2.4,32.6918,1.12374975,0.426,-2.3704914,1391.42,-10.578365,14.4,13.345,1,0.78038055,-0.1678044,2.8,0.7,129.7,73.3,56.8,-7.126,17.203,10.2866,1.91957354,0.15370848,14.3,21.9,-32.2055,-7.8671539,0.426,1.98343818,-1391.42,9.63939582,3.69,-13.34,-2.1
2016,Region 2,First Round,2016 Weber St.,2016 Xavier,15,2,0,-19.5,-11.8,-11.229992,-18.96854,-0.3305001,-8.2,-3.5,-0.8,0.6,-1.15,-1.23,-0.14,-0.45,-4.3,-4.7,-17.5,-37.9,7.9,2.6,-4,1.4,-5.4,1.6,5.3,-6.9,-13.3,-0.6,8.2072,8.35560012,7,7.1,4.5,-2.7,12.2,-0.3,-0.3,-3.2,-1.2,-1,4.7,6.2,4.5,-14.1,-11.2,16.245,17.4832361,4.3,4.9,1,6.2,14.1,-2,-10.5,18.5,3.9,2,6.2,1.5,0.8,1.5,-127.9,-86.8,-47.3,19.7916,-20.9275,-13.0705,-2.7448261,0.22212923,-4.6,-20.5,0.02,1.42E-14,-0.01,-0.45,0.56043731,-4.7,33.9773,1.99023247,-0.90943,-1.937579,1992.33,-10.401723,-20.405,13.435,0,-0.7449108,1.22193354,12.7,-1.5,127.9,86.8,47.3,-10.744,16.0053,5.1044,-0.5231789,0.19355306,13.9,14.2,-34.3035,-4.8808658,-0.90943,2.23761791,-1992.33,12.4292741,-21.559,-14.085,2.9
2016,Region 3,First Round,2016 Hampton,2016 Virginia,16,1,0,-39.1,-24.9,-14.79675,-35.90399,-0.6832878,-10.9,-6.5,6.5,4.8,-1.86,-2.92,0.31,-1.97,10.7,10.5,-28,-39.3,-0.4,8.7,-6.7,-2,-4.7,2.8,-7.4,4.6,-11.1,-7.5,8.6231,6.11514621,-1.5,1.1,-4,-4.2,8.3,0.8,9,-0.5,3.2,-7.2,-2.8,-1.2,-4.1,-21.2,-17.4,13.663,12.5819216,6.4,4.7,7.3,2.7,-4,1.6,-3.2,14.2,-0.5,5.8,10.7,3,6.5,-1.7,-129.2,-81.2,-55.5,15.1466,-27.3387,-13.4183,-2.0198223,0.29713393,-8.3,-17.9,0,-0.01,-0.01,-1.97,-1.0703805,10.5,28.1731,6.88003915,-1.95412,-2.8113993,1437.96,-9.8147469,-21.606,11.865,-1,-0.3671691,-1.6925574,3.6,1.7,129.2,81.2,55.5,-16.9815,16.2272,10.4622,-0.9376587,-0.281375,13,10.7,-37.2888,-4.1711975,-1.95412,2.40143416,-1437.96,9.89804083,-41.697,-13.87,3.8
2016,Region 3,First Round,2016 Butler,2016 Texas Tech,9,8,1,6,-2.6,0.82231048,1.1253,0.05750996,3.5,1.5,-4.4,-0.7,-0.24,-2.17,0.41,-6.86,3.2,1.9,-31.6,-32.7,-0.7,-0.1,7.3,-7.3,-1.7,-3.9,-2,5.8,9.8,7,18.1968,19.3943868,3.2,2.8,3.5,2.7,6.9,4.4,0.4,5.4,0.8,3.6,5.1,3.4,3.6,0,-9.5,12.378,13.0859815,0.5,0.7,0.6,3.6,6.9,0.9,-3.9,2.3,1.1,-2.2,0.6,-1,0.7,1.1,-130.3,-75.3,-48,11.9599,-19.0954,-12.3872,0.16075406,0.22766385,-11.3,-20.6,0.01,0.01,0.01,-6.86,-1.1570201,1.9,35.3052,3.46494771,-1.48435,-2.4261111,2288.28,-7.649438,24.564,13.355,1,0.62115606,1.61163444,-2.8,-1.1,130.3,75.3,48,-15.8132,21.6733,13.4413,0.89983787,-0.3789914,13.6,19.8,-31.6561,-4.0074891,-1.48435,2.7300012,-2288.28,9.47215782,4.346,-13.32,-9.5
2016,Region 3,First Round,2016 Little Rock,2016 Purdue,12,5,1,-12.4,-8,-2.2468427,-11.2674,-0.1487708,-9.3,-3.7,-0.5,1,-2.41,-5,0.83,-1.47,-3.8,-4.9,-32.3,-24.5,-1.8,4.2,-6,2,-4,6,-10.5,4.4,-4.3,-1.5,16.5449,14.1410216,8.1,6.4,7.4,2.5,3.7,-2.1,3.6,0.2,2,1,3.1,5.2,6.8,-6.1,-6.4,21.3756,20.9857661,8.6,7.8,6.7,5.2,-3.2,3.9,-5.2,12.2,3.9,5.7,16.9,3.9,5.8,-4.5,-131.4,-84.4,-67.5,9.4137,-23.1044,-9.2984,-2.4237156,0.01139741,-21,-31.4,0.01,-0.01,-2.84E-14,-1.47,3.62258708,-4.9,36.3818,6.18403062,-3.4547,-2.1274902,871.81,-7.831713,-0.892,10.84,1,-0.4358622,1.0847079,2.8,4.5,131.4,84.4,67.5,-10.0433,17.4835,14.6396,-1.5974869,-0.0575569,11.7,27.8,-32.5539,-1.8725437,-3.4547,2.28880511,-871.81,9.19634199,-1.968,-11.845,-0.3
2016,Region 3,First Round,2016 Iona,2016 Iowa St.,13,4,0,-16.3,-4.7,-6.8707563,-13.2421,-0.245389,-4.5,-0.6,7.3,5.1,-0.88,-0.09,-0.25,10.64,0.6,0.3,-20.1,-28.9,-0.2,7.2,-15.6,8.4,-6.6,5,-5.9,1,0.4,10.2,10.6444,10.030056,4.3,3.3,3.6,2.7,8.3,-0.5,-1.3,10.6,3.7,1.2,-7.3,6,3.4,-17.8,-14.8,18.265,17.6344856,8.3,10.9,2.5,1.1,-10.7,3.4,4,-0.4,1.6,3.8,14.8,9.5,2.8,8.6,-129.9,-81.3,-81.6,15.4798,-22.0464,-7.4084,-2.4185491,-0.0426639,1,-18,-0.01,0.01,0.01,10.64,-1.8768629,0.3,35.6957,-1.1151039,-0.06534,-2.3654627,-219.3,-9.0900706,-1.878,10.89,-1,-0.7231047,-1.1728153,9.8,-8.6,129.9,81.3,81.6,-14.4654,12.8593,9.5564,0.46294436,-0.0804633,2.9,10,-37.721,1.47825891,-0.06534,2.00826007,219.3,8.44200176,-43.579,-11.725,3
2016,Region 3,First Round,2016 Gonzaga,2016 Seton Hall,11,6,1,0.7,-0.5,-3.0984767,1.6065,0.01107819,-2.7,0.4,-5.3,-3.6,0.83,4.54,0.65,-4.46,-2.4,-2.1,-31,-37.3,-0.7,-6,3.4,2.6,-1,-5.7,2.6,3.1,8.9,4.7,22.6759,24.4771115,10,10.3,6,8.1,2.2,2.7,1.2,-1.3,-2.5,-3.2,15.4,6,6,2.7,-5.1,14.2686,14.8038191,5.1,4.2,5,-4.1,12.3,-4.6,-9.1,7.5,4.1,1.1,3.8,2.5,4.4,-4.1,-129.9,-76.5,-61.5,4.0244,-13.0684,-9.0492,-3.8056467,-0.2835778,-8.8,-20.5,0,0.01,-1.42E-14,-4.46,-0.250512,-2.1,35.6731,3.77553313,3.08011,-1.9349827,1203.32,-7.6201109,22.496,11.995,0,0.83371196,4.60111209,-4.2,4.1,129.9,76.5,61.5,-11.0506,23.2437,12.5557,1.09052773,-0.3449076,13,18.3,-32.2309,-8.5432595,3.08011,2.77096106,-1203.32,12.3549451,13.868,-11.675,-7.8
2016,Region 3,First Round,2016 Fresno St.,2016 Utah,14,3,0,-12,-8.4,-6.3902009,-11.41428,-0.2217401,-5.6,-2.3,1.8,1.6,-0.38,-2.87,0.28,6.18,2.8,2.9,-37.9,-23.1,3.1,-1.3,2.8,-1.6,1.3,-9,7.1,1.9,-0.3,1.7,9.5239,8.20668071,0.8,3,-2.5,-2.4,14.7,0.3,2.3,8,0.6,8.2,9.1,-2.1,-2.7,-9.9,-9.9,15.288,15.3367416,6.7,7.9,3.1,2.5,-8,3,0,3.3,2.3,-5,3,3.8,3.3,-0.7,-131.3,-83.7,-53.7,10.4127,-19.374,-9.6419,5.31908655,0.12164068,-21.4,-23,0,1.42E-14,-0.01,6.18,1.50889321,2.9,33.023,4.11245241,-1.90695,-2.6269388,1609.36,-8.8288464,1.273,10.4,0,-0.5420026,-2.9004783,2,0.7,131.3,83.7,53.7,-19.7545,24.357,12.7548,3.69223017,-0.2593908,-3.7,9.5,-34.6624,-0.3645611,-1.90695,2.44290232,-1609.36,8.20283566,-17.575,-14.55,-1.78E-15
2016,Region 3,First Round,2016 Syracuse,2016 Dayton,10,7,1,-0.2,-0.9,-2.8504849,2.5067,0.02301842,-4.7,-2.5,-7.5,-3.3,1.82,1.17,0.15,-18.88,-3.6,-2.8,-20.1,-24.9,5.8,4.9,-10.3,5.3,1.9,0,-4.6,4.7,4.2,2.4,17.7663,18.1881385,3.5,3.9,1.2,2.4,3,-0.4,9.4,3.7,3.8,5.6,2.2,-2.2,1.1,-2.3,-3.3,11.427,12.1928977,4.5,3.3,4.3,0.6,11.6,1.8,6.4,-8.2,3.8,3,4.7,4.4,3.8,-3.2,-124.4,-79.2,-61.6,16.1054,-25.4919,-8.8008,3.00678059,0.14639649,-10.7,-26.3,-0.01,-0.01,-0.01,-18.88,-0.8756155,-2.8,31.6719,5.83692543,0.78325,-1.6542043,531.22,-7.3408841,8.382,11.95,1,0.60756896,-0.389127,-1.8,3.2,124.4,79.2,61.6,-13.6968,22.2527,15.4371,0.41330585,-0.0887884,6.2,17.3,-31.409,-1.7272045,0.78325,1.17385765,-531.22,7.55458987,-2.193,-9.23,-1
2016,Region 3,First Round,2016 Middle Tennessee,2016 Michigan St.,15,2,1,-24.8,-15.4,-10.33919,-25.74662,-0.3410572,-6.8,-3.4,3.4,4.2,-0.49,-1.48,-0.07,-8.03,2.3,1,-31.8,-30.9,2.5,1.5,-4,2.5,-6.8,0.9,1.2,-2.1,-1.3,3.3,9.8032,7.38077449,9.2,6.9,8.7,-11,1.7,-3,4,1.6,1.3,14.6,8.8,1,8.8,-21.1,-18.7,23.812,22.8602104,7.5,3.9,9.3,6.2,-12.8,1.9,-11.7,22.1,5.7,2.6,2.8,4.9,7.9,-1.1,-131.7,-84.9,-57.5,9.9838,-22.5921,-8.4275,4.71200434,0.04088021,-20.2,-29.2,0,-0.01,0,-8.03,0.03192314,1,34.7396,7.35570182,-1.01258,-2.3071993,590.15,-6.8340045,-2.968,11.165,-2,-1.3005584,-3.0598272,4.6,1.1,131.7,84.9,57.5,-17.0252,15.7212,6.2475,1.86736698,-0.0989138,13.4,18.3,-36.209,-2.8377311,-1.01258,2.11534492,-590.15,9.39099624,-39.025,-15.835,2.4
2017,Region 1,First Round,2017 Mount St. Mary's,2017 Villanova,16,1,0,-27.9,-20.3,-18.795328,-35.01032,-0.5557963,-12.2,-9.3,4.9,6.3,-2.7,0.22,-0.28,0.32,2.8,2.6,-23,-28.3,0.6,11.8,-8.6,-3.2,-6.9,15.4,0.5,-15.9,-11.6,-6.4,7.0019,6.05604291,2.8,0.6,4.4,-3.7,11,1,-4.6,-12.2,3.7,2.4,0.2,-8.9,4.7,-16.5,-13.9,19.542,20.6375921,8.3,10.9,2.6,13.4,2,4.6,4.9,9.3,1.3,7.8,14.6,7.5,2.8,6.5,-121.8,-85.3,-76.8,15.2796,-25.1779,-14.4187,1.88801025,0.4123706,0.6,-17,0.02,0.04,0,0.32,1.69543846,2.6,30.6434,2.86819042,0.13956,-1.8853239,496.86,-10.099008,-20.384,7.02,0,-1.1373413,-2.2482221,5.2,-6.5,121.8,85.3,76.8,-12.7507,8.3819,2.1496,-2.2260531,0.90252583,-2.1,3.1,-37.0623,3.35760685,0.13956,2.25506451,-496.86,9.29902478,-29.687,-12.61,2.6
2017,Region 1,First Round,2017 Virginia Tech,2017 Wisconsin,9,8,0,-10.3,-8.3,-1.8160766,-7.3531,-0.0913705,-5,-2.4,1,2,-0.96,-1.86,-0.3,-4.73,5.3,5.6,-26.7,-27.9,3.4,13.2,-19.4,6.1,-0.5,-0.6,1.7,-1,2.8,2.7,26.0617,24.9594324,9.7,12.2,2.6,-0.4,14.1,2.7,-2,9.6,-1.4,9.8,8.2,-0.7,2.8,-11.5,-11,11.17,12.0911879,0.8,1.7,-0.5,-7.1,5.1,-0.2,-5.6,2.4,-2,-2.4,1.2,2,-0.4,6.9,-129.5,-85.8,-74.2,21.0498,-24.1923,-5.0231,4.48223922,0.26836473,-6.6,-18,0.05,0.09,0.07,-4.73,0.13181922,5.6,36.7087,-0.8093911,-1.25402,-2.5259826,1021.83,-9.1721365,-0.144,12.08,2,1.57728507,-1.2270558,-0.1,-6.9,129.5,85.8,74.2,-14.2006,19.1354,9.5484,1.38037654,0.00181834,4.5,15.1,-34.8638,-4.643683,-1.25402,2.30912995,-1021.83,12.4758392,-25.425,-12.645,0.5
2017,Region 1,First Round,2017 UNC Wilmington,2017 Virginia,12,5,0,-4.9,-4.6,-3.2707259,-14.2804,-0.1737295,-0.8,-0.8,-3.2,-1,-1.88,-1.81,0.52,-14.57,10.1,11.1,-18.5,-37.4,2.4,-3.2,1.4,1.8,-0.7,6.2,-2.7,-3.5,4.7,3.5,30.6866,30.3272977,9.5,11.1,4.8,-1.5,-3.1,7.1,8.3,1.4,0.8,2.7,15,8.3,4.5,-3.8,-8.1,8.367,9.5395349,-0.2,-4.2,5.6,0.1,-13.7,4.7,0.1,9.3,6.3,-2.3,-9,3.2,4.9,6.9,-129.2,-85.8,-70,12.7334,-17.9413,-12.0109,-1.2421933,-0.061774,-4.6,-23,0,-1.42E-14,0,-14.57,1.20980465,11.1,36.1242,6.07276713,-1.28679,-2.5216897,219.39,-6.5002962,18.044,13.03,0,2.36937237,-1.3325007,-1.2,-6.9,129.2,85.8,70,-12.9285,12.9639,6.7305,3.76430317,0.32637054,16.9,17.5,-35.1269,-2.0394574,-1.28679,3.02389034,-219.39,10.7058685,-3.588,-13.17,-4.3
2017,Region 1,First Round,2017 East Tennessee St.,2017 Florida,13,4,0,-15.6,-13.5,-6.9243794,-14.9055,-0.1924741,-7.3,-3.4,-2.8,-0.7,-0.6,-1.23,0.52,-0.72,1,1.2,-33.3,-24.4,4.6,5,-8.9,3.9,-4.8,-0.6,-2.1,2.7,-10.3,-5.6,18.5122,17.6723626,10.5,9.9,7.5,-0.9,9.9,0.5,0.8,13.3,6.6,-7.4,7,6.3,7.7,-6.3,-7.8,19.3608,18.8903864,3,4.6,0.7,0.2,2.6,5.4,-4.8,0.4,2.4,2.6,11.3,-3,0.4,1.7,-119.7,-81.8,-44.1,18.1002,-20.343,-8.3384,-6.4586695,0.12664076,-4.9,-7.8,0,0.01,0.02,-0.72,-1.3027184,1.2,33.065,2.37597617,-0.86952,-2.8870809,2336.83,-7.3971142,-16.855,12.07,2,-0.0493534,2.7551901,4.7,-1.7,119.7,81.8,44.1,-12.9153,19.3362,12.3138,-2.5647632,-0.21846,4.7,18.2,-31.621,-6.3518702,-0.86952,1.96581626,-2336.83,6.13113432,-8.607,-13.04,-1.5
2017,Region 1,First Round,2017 USC,2017 SMU,11,6,1,-15.6,-8.5,-5.1368162,-12.9184,-0.1588141,-6.2,-3.5,6.2,5.4,-0.4,2.5,-0.82,10.36,7,5.5,-18.6,-27.2,7.2,15.2,-6.3,-9,-4.9,2.4,-2.4,-0.1,-3.6,4.9,17.6939,17.5256348,6.2,7,4.1,4.8,12.7,2.6,4.5,0.4,5.1,2.1,-2.5,6.5,3.9,-12.5,-13.4,19.905,19.1933922,5,4.4,4.1,-1.8,12.6,1,-6.3,9,2.7,0.5,5.3,4.2,3.7,2,-131,-74.2,-77.9,24.2601,-30.1737,-17.5905,-2.1575595,0.76812248,-6.1,-20.6,0.01,0.03,0.02,10.36,2.65840479,5.5,33.8148,4.85044564,1.74325,-1.9073881,768.81,-7.8766539,-20.088,10.695,-1,-0.1455845,-1.6904943,8.5,-2,131,74.2,77.9,-13.729,13.9082,8.245,1.52117715,-0.0652427,9.6,15.7,-36.347,-2.4485262,1.74325,2.19661029,-768.81,6.58815291,-33.383,-13.33,-0.9
2017,Region 1,First Round,2017 New Mexico St.,2017 Baylor,14,3,0,-17.8,-10.3,-7.9534606,-17.69317,-0.2430775,-6.7,-2.5,1.7,2.1,-1.15,-2.31,-0.13,1.77,4.8,4.1,-26.5,-32.9,0.5,6.2,-10.3,4.1,-5.2,1.3,-1.1,-0.2,-8.5,2.1,17.771,16.4871933,7.6,10.3,2,-1.4,13.7,-2.8,6.3,-2.1,-0.8,10,9.3,2.1,1.4,-8.4,-12.2,14.551,14.2502459,5.3,3.8,5.3,3.5,-1.1,-1.5,-11.7,15.7,7.9,6.2,6.2,0.6,5.1,-1.9,-123.5,-66,-56,15.1773,-23.6645,-10.6321,4.21684807,0.06576434,-10.5,-22.9,0.05,0.08,0.08,1.77,1.60851908,4.1,33.1372,4.27803045,-1.50016,-1.3249278,1544,-6.7291486,-17.392,12.485,0,0.42656692,-0.4696765,10.6,1.9,123.5,66,56,-16.5762,19.1664,11.0767,-1.6577248,-0.1118293,14.5,17.1,-31.6919,-5.2693463,-1.50016,2.09897544,-1544,10.2589477,-17.019,-12.83,-3.8
2017,Region 1,First Round,2017 Marquette,2017 South Carolina,10,7,0,-1.3,-3.4,-1.0876731,0.5409,0.00307905,-4.9,-2.8,2.1,3.6,-0.52,-0.55,0.11,5.08,1.5,1.9,-25,-32.2,-0.3,-1.9,-4.8,6.7,2.9,1.2,-2,0.8,12.7,10.8,32.4267,33.0696667,12.6,7.4,13.4,6.8,-15.6,7.4,-4.3,12.6,0.2,9.5,10.5,2.7,12.3,-6.8,-14.1,2.175,3.5859712,-5.2,-5.2,-3.5,-0.5,4,-0.5,-4.9,-8.7,0.1,-4.4,-8.2,-0.3,-3.4,1.2,-120.9,-78.4,-46.4,9.4879,-16.6164,-6.3477,1.09566407,-0.233004,-9.8,-24.6,0.02,0.04,0.01,5.08,3.97425371,1.9,34.2754,0.40031458,-0.37748,-2.2008244,1711.57,-8.4602029,22.815,11.45,1,3.01659962,3.29309818,-1.9,-1.2,120.9,78.4,46.4,-11.9676,21.2549,10.5564,1.89680467,0.09467619,19,24.5,-28.9285,-5.9971433,-0.37748,1.6595833,-1711.57,9.403525,-10.08,-12.415,-7.3
2017,Region 1,First Round,2017 Troy,2017 Duke,15,2,0,-25.5,-17,-16.424586,-22.41299,-0.3957967,-9.2,-4.7,9.1,8.7,-2.04,-1.89,0.61,7.02,-0.5,-0.2,-31.4,-22.8,-3.4,-1.3,-10.1,11.4,-3.4,8.2,-9.7,1.6,-2.8,2.7,13.9929,13.8658441,4.3,2,6,2.3,9.7,-0.4,1.2,1.6,2.8,-4.6,-4.4,5.9,6,-20.4,-19.6,13.771,14.0747506,4.9,4.3,3.9,3.3,6.3,1.5,-1.9,-2.9,1.1,-0.3,10,2.9,4.1,4,-131.3,-78.9,-57,9.6842,-19.8727,-6.309,-5.563075,-0.5649061,-5.7,-13.7,0.04,0.01,0.04,7.02,-1.7370897,-0.2,33.6532,5.23179545,-1.31348,-2.7178252,1957.5,-8.8548346,2.101,11.985,-2,0.22177825,0.72308094,5.5,-4,131.3,78.9,57,-8.9483,12.3176,11.6081,1.3532726,0.07869962,-2.3,15.4,-37.0547,-4.1710935,-1.31348,2.25813555,-1957.5,9.33534583,-28.97,-14.51,0.8
2017,Region 4,First Round,2017 South Dakota St.,2017 Gonzaga,16,1,0,-40.9,-22.7,-17.488934,-34.38739,-0.5513308,-10.4,-4.7,6.6,5.2,-0.98,-2.95,-0.05,4.03,-1.6,-3.2,-22.2,-21.5,1.8,6.4,-19.8,13.4,-2.2,-6.1,-6.9,13.1,-15.3,-6,23.1249,20.6488023,12.2,13.4,6.1,11.3,14.6,-0.6,2,8.7,0.1,0.4,9.3,7.9,6.9,-23.2,-16.7,8.595,8.0818714,4,6,0.9,1,11.1,0.4,-1.1,-0.2,0.5,-4.9,4.9,3.3,1.2,7.4,-131.8,-88.5,-68.1,9.7196,-24.3804,-6.5694,-3.25697,-0.129537,-3.4,-24,0.03,1.42E-14,-1.42E-14,4.03,-3.7175138,-3.2,33.6178,3.45827026,-2.12546,-2.974489,1435.74,-8.6430883,-28.149,9.55,-2,1.64988784,-2.3238691,9.3,-7.4,131.8,88.5,68.1,-17.8797,16.8682,16.4911,2.94242661,-0.5430986,5.9,24.5,-41.28,-0.3280744,-2.12546,1.92661818,-1435.74,13.089258,-42.236,-16.765,6.5
2017,Region 4,First Round,2017 Vanderbilt,2017 Northwestern,9,8,0,2.5,2.1,-1.8752343,0.7266,0.01251094,-5.7,-2.4,-2.1,-1.4,0.43,1.81,0.14,0.41,0.9,0.3,-17,-31,3.8,-3.9,-10.1,14.1,-0.6,4.2,-1.5,-2.7,4.4,3.1,16.6252,18.0726866,6.3,4.4,4.2,10.9,-0.6,-0.3,-5.7,2.4,-0.3,4.3,3.9,1.2,4.1,-0.3,-1.2,15.124,15.8941937,1.8,2.2,0.5,4.7,0.2,0.1,-3.8,13.8,2.6,3.6,5.9,0.7,0.4,-4.1,-131.8,-86.3,-68.2,9.6923,-19.5736,-4.752,0.85807026,-0.3014165,-8.5,-28.9,-0.03,-0.07,-0.07,0.41,1.51864114,0.3,33.0091,-0.8395619,1.21246,-2.2887936,819.23,-6.508173,9.104,9.665,0,0.14688681,0.90768135,-1.3,4.1,131.8,86.3,68.2,-8.3314,17.3043,9.6366,-1.6321882,0.18769265,19.9,27.8,-33.4617,-0.8558723,1.21246,2.18798064,-819.23,9.02320249,0.932,-11.035,-0.9
2017,Region 4,First Round,2017 Princeton,2017 Notre Dame,12,5,0,-9.4,-4.6,-6.2091783,-8.5937,-0.1373323,-6.1,-3.5,1.5,1.6,-0.59,-0.32,-0.06,3.44,-3.2,-4.2,-19.6,-21.9,-0.6,2,-13.3,11.2,-1.7,3.7,0.2,-4,-1.8,4,11.5987,11.6931215,4.5,2.3,4.4,0.6,-1.7,3.6,-6.8,3.6,-1.5,6,-3.5,1.8,3.9,-9.2,-8.8,21.9948,22.927017,5.1,4.1,4.2,10,-3.5,6.7,-2.7,9.6,1.1,-4.6,9.6,-2,4,5.4,-131.5,-92.7,-88.6,10.5907,-19.4241,-5.8338,0.87674484,-0.2377361,-0.9,-21.2,0.07,0.1,0.07,3.44,-0.4772798,-4.2,35.78,-1.7767784,-0.19568,-2.8710901,48.19,-9.0361674,-4.356,8.865,-1,-1.0225738,-0.551069,5.8,-5.4,131.5,92.7,88.6,-7.3732,14.3394,8.369,2.56518424,0.15491167,5.4,23,-35.9674,-2.2275117,-0.19568,2.67242657,-48.19,9.21622287,-19.828,-12.06,0.4
2017,Region 4,First Round,2017 Bucknell,2017 West Virginia,13,4,0,-15.4,-9.5,-8.3076152,-18.08309,-0.2416222,-7.5,-3.9,-1.9,-1,-1.38,-0.76,-0.59,-5.49,-1.1,-1.2,-25.1,-35.2,-1.9,-2.9,0.9,2,-3.6,3.8,-2.7,-1.2,-8.8,-3.4,19.4009,17.7470152,6.7,8,2.8,0.4,-5,9.3,-5.6,0.3,0.6,14.8,9.5,6,2.6,-4.5,-6.2,16.114,16.5744867,3.8,4.1,2.1,2.1,5.5,2.8,-10.3,8.4,5.3,-4.2,6.9,1.3,2,3.9,-116.5,-75.7,-49.7,7.3368,-12.8609,-8.9972,5.05633409,-0.1933882,2.3,-9.2,1.42E-14,0.02,0.02,-5.49,-2.0461647,-1.2,30.5695,-1.9058149,-0.55208,-2.0455267,928.95,-6.4246843,-23.204,10.705,0,0.38958444,0.43049697,5.4,-3.9,116.5,75.7,49.7,-10.0896,16.3256,8.8304,2.3590337,0.05805505,8.5,12.2,-32.8018,-5.509415,-0.55208,1.89417276,-928.95,9.17249701,-15.698,-13.465,-1.7
2017,Region 4,First Round,2017 Xavier,2017 Maryland,11,6,1,-7.9,-4,-2.1259372,0.4809,0.01798479,-5.8,-1.1,0.4,1.9,1.2,-0.53,0.53,-0.38,0.5,0.1,-31.1,-20,3.2,10.5,-13.9,3.4,-2,-1,2.5,-1.4,-4.8,7.7,16.0169,17.1405914,4.5,6.7,0,-1.6,9,-0.7,2.9,11.2,-3.4,0.6,-1.5,6.2,0.6,-10.7,-11.5,14.1395,15.6658961,0.8,-1.6,2.9,0.2,4.9,-1.3,-5.6,1.2,1.1,-7.7,2.6,-8.1,3.3,3.1,-126.6,-76.9,-54.3,18.7149,-24.3629,-9.1162,-1.4466529,0.27616928,-8.7,-15.5,0.07,0.08,0.05,-0.38,0.01316091,0.1,32.5333,0.38921637,-0.36321,-2.1118663,1537.91,-7.4921828,-0.475,11.945,0,0.19509336,1.27889568,12.5,-3.1,126.6,76.9,54.3,-16.4681,20.2667,11.5989,1.8970933,-0.0410743,3.9,22.6,-33.9738,-4.8084122,-0.36321,1.70173172,-1537.91,11.1831196,-9.604,-14.5,-0.8
2017,Region 4,First Round,2017 Florida Gulf Coast,2017 Florida St.,14,3,0,-14.8,-6.6,-7.5188657,-17.7266,-0.2936232,-3.1,-1.2,0.2,1.2,-2.28,-2.34,0.59,-7.14,-4.7,-5.8,-32.1,-30.7,5.6,9,-5.2,-3.8,-9.6,-2.4,-3.8,6.2,-2.7,3.5,15.5679,14.1788397,6.7,10.5,-0.4,-1.9,-3.3,1.7,4.2,1.2,2.2,10.2,9.5,5,-1.3,-12.8,-10.1,12.191,12.1063683,4.8,3.8,4.2,0.6,2.9,1,-4.4,0.2,6.3,-7.1,6.5,0.3,3.7,4.5,-128.5,-71.4,-56.2,21.7473,-22.2176,-12.5486,4.35599112,0.59107513,-1.4,-1.4,-0.03,-0.03,-0.02,-7.14,-0.5417791,-5.8,33.8931,2.36794075,-1.71276,-2.5656991,1131.34,-6.7216264,3.528,12.66,0,0.46568825,-1.1628177,6.2,-4.5,128.5,71.4,56.2,-22.4397,18.41,15.0482,3.87397363,-0.6158266,-1,-1,-36.3086,-5.0818059,-1.71276,2.19052236,-1131.34,9.71410298,-14.466,-14.555,2.7
2017,Region 4,First Round,2017 VCU,2017 Saint Mary's,10,7,0,-9.9,-5.4,-2.5589643,-10.3352,-0.1346414,-9.3,-1.9,1.7,0.6,-1.18,-2.56,0.18,11.49,8,9,-42.1,-27.1,5.1,8.5,-10.2,1.7,0.1,0.3,9.7,-10,-1.1,2.7,15.7612,13.697981,5.9,6.4,3.1,2.1,10.8,-2.5,10,14.8,3.1,0.4,10.6,-3.3,2.9,-7.1,-8,23.178,22.4359486,10.8,11,6.1,5.3,-13.2,3.7,-5.9,17.5,-0.5,13.5,11.4,4.7,5.5,1.3,-128.4,-86.3,-71.8,15.2261,-21.3826,-9.7174,-0.0154284,0.38763411,-17,-14.6,-0.03,-0.02,-0.04,11.49,1.60065651,9,33.5139,5.72707777,-1.64468,-2.640475,380.69,-10.777453,-0.594,11.465,-2,-0.6938046,-4.0911005,3.8,-1.3,128.4,86.3,71.8,-9.8077,15.2219,4.4438,-4.1762143,0.35042224,-2.3,11.8,-36.7743,-1.7412257,-1.64468,2.25247251,-380.69,8.57404968,-12.114,-13.565,-0.9
2017,Region 4,First Round,2017 North Dakota,2017 Arizona,15,2,0,-25.4,-14.2,-13.142964,-23.053968,-0.4311553,-10,-5.2,3.8,3.2,-2.2,-3.79,0.69,-7.93,5.3,5.4,-33.3,-36.6,-2.6,1.8,4.1,-5.9,-5,-1.2,-0.3,1.5,-12.6,-0.4,8.0122,7.74920649,6.3,3.7,7.8,4.2,7.4,-1,0,-0.6,-0.8,4.4,6.1,0.5,7.6,-19.5,-13.8,14.419,13.7020968,3.4,1.6,5,7.2,1.6,3,-5.4,7.9,2.9,0.2,1.5,1.6,4.2,4.5,-126.6,-86.4,-53.8,11.809,-19.0938,-13.2157,0.20398558,0.20057789,-11.3,-16.4,-0.03,-0.06,-0.04,-7.93,-0.1466734,5.4,34.0509,3.68080693,-2.55064,-2.0952875,1689.28,-10.271621,-12.018,10.97,0,-0.5600452,-1.3662875,12.2,-4.5,126.6,86.4,53.8,-16.4508,16.1578,8.9952,1.33217747,-0.2615497,16.5,16.6,-34.631,-6.2498408,-2.55064,2.31794373,-1689.28,13.1409391,-20.574,-15.49,5.7
2017,Region 2,First Round,2017 UC Davis,2017 Kansas,16,1,0,-31.3,-19.6,-18.300788,-30.72735,-0.5308842,-13.6,-7.6,5.8,5.7,-1.4,-2.38,0.39,5.87,-1.8,-1.4,-35.2,-28.2,-0.7,2.6,0.2,-2.8,-8.8,0.4,-0.9,0.6,-15.7,-5.3,2.9923,3.53257507,0.8,1.9,-0.6,-5,10.3,-1.6,-0.8,2,0,1.8,-1.3,3.4,-1.2,-18.2,-14.3,18.23,19.3664399,7.5,5.1,7.8,-4.2,3.2,1.9,-6,1.2,2.4,-1.3,10.3,-1.7,7.7,0.9,-123.1,-77.4,-57.7,8.1317,-20.2736,-11.2532,0.29713869,0.15386346,-18.6,-25.9,-0.04,-0.04,-0.03,5.87,-1.5707361,-1.4,29.172,1.95487848,-1.68602,-2.119061,1228.83,-7.7545767,-29.509,9.565,-4,-1.4458184,-1.4395923,10.4,-0.9,123.1,77.4,57.7,-18.3192,16.0498,10.0609,1.59233617,-0.2528409,2.5,9.2,-35.4621,-6.4329252,-1.68602,1.60516938,-1228.83,9.34055279,-31.304,-13.955,3.9
2017,Region 2,First Round,2017 Michigan St.,2017 Miami FL,9,8,1,1.7,0.2,-2.497175,-1.9849,-0.0443359,-10.8,-5.1,-2.2,-0.8,-2.16,-2.09,-0.34,20.26,3.4,3.5,-27.5,-34.6,2,1.6,-4.9,3.3,-5.2,-3.1,3.1,0.1,2.8,2,17.1436,17.4158643,6.7,6.5,4.5,-7.2,5,-2.4,1.4,14.3,4,1.9,9.5,-0.5,4,4.8,-1.7,14.7924,16.1237243,4.9,6.4,1.2,-0.4,-0.8,-3.5,-6.4,-6.7,1.8,4.8,7.5,0.7,1,-1.4,-125.3,-81.8,-68,14.8234,-19.4108,-9.0436,0.56925465,-0.0018628,-10.3,-19.2,-0.03,-0.02,-0.05,20.26,-4.7291001,3.5,33.0803,-1.0496159,-1.39668,-1.6838123,1023.16,-8.3547913,-0.298,10.36,1,0.2326195,2.05588237,-0.8,1.4,125.3,81.8,68,-17.6711,22.3044,9.6853,-2.21084,-0.2591802,12.3,11.1,-32.5191,-8.0071458,-1.39668,1.59473731,-1023.16,7.27999847,2.214,-11.765,-6.5
2017,Region 2,First Round,2017 Nevada,2017 Iowa St.,12,5,0,-9.3,-7.8,-4.5632848,-9.7715,-0.1282104,-2.4,-2.2,0.6,3.4,0.69,0.95,-0.89,-10.32,0.3,1.5,-24.2,-25.1,1.7,-4.1,-0.2,4.2,-0.2,5.9,-2,-3.9,5.8,4.7,18.0487,17.8210996,3.7,2.2,3.7,0.1,16.1,4.3,-1.4,9.5,1.6,-0.7,-5.2,9.7,3.6,-11.4,-12.2,18.406,17.0070533,6.9,2.3,9.5,1,-0.5,1.8,0.1,2,2.7,-1.5,8.7,-0.4,8.8,4.4,-134.3,-85.1,-76.8,12.0754,-18.6021,-8.1604,-4.4231806,-0.1672071,-15.6,-28.8,-0.04,-0.05,-0.02,-10.32,-1.3889422,1.5,34.2261,-0.768244,0.654,-2.7803999,387.7,-10.073663,2.036,11.6,-2,0.03725796,0.13870889,-1.1,-4.4,134.3,85.1,76.8,-9.4507,15.3443,8.7389,2.21259078,0.25479847,11.8,26.7,-38.7893,-3.5868455,0.654,2.39737657,-387.7,8.50659056,-35.161,-11.915,-0.8
2017,Region 2,First Round,2017 Vermont,2017 Purdue,13,4,0,-16.4,-11.1,-4.7185566,-12.3389,-0.1632493,-7.1,-5.8,2,2.9,-0.22,-2.46,0.37,6.6,-4.8,-4.6,-35.3,-31.7,-1.6,14.9,-12.9,-2,-3.5,10.5,-2.7,-7.9,-6.3,-0.4,18.1431,17.2794103,8.7,9.8,4.4,-1.2,12.2,-0.1,5.6,0.1,2.8,2.7,-3.3,11.4,3.4,-13.3,-10.7,17.9643,17.4599961,7.5,5.8,6.1,5.7,7.7,1.3,-4,20.7,-1.2,9.5,16.5,-1,5.4,6,-127.8,-87.6,-81.5,20.4932,-26.1017,-10.904,-3.012501,0.48145627,-10.7,-16.9,-0.03,-0.06,-0.04,6.6,2.30952653,-4.6,36.8656,5.12474235,-1.71268,-2.1534593,686.66,-14.805766,-5.869,12.075,-1,0.07309986,0.17589523,5.9,-6,127.8,87.6,81.5,-7.1145,10.9311,4.3555,-4.5866547,0.47043311,12.3,22.2,-35.2466,-0.8454546,-1.71268,2.48104879,-686.66,7.85544114,-18.565,-11.97,2.6
2017,Region 2,First Round,2017 Rhode Island,2017 Creighton,11,6,1,-2.3,-3.8,-3.7646426,-3.9746,-0.0546233,-3.8,-2.3,-3.8,-1.6,-0.23,-1.95,0.06,1.66,-5.2,-4.8,-31.2,-34.3,0.6,6.8,-2.2,-4.7,-6.3,3.8,2.1,-5.9,-0.7,1.6,14.6193,14.8549529,0.7,0.6,0.6,-2.1,11,3,3.4,3.5,8.9,-1.5,-0.9,-0.5,0.5,-2.5,-5.3,20.5863,20.7517679,13.3,11.4,11.1,-2.7,-17.5,2.4,5.2,9.6,-0.2,3.3,13.9,6.9,10.2,3.4,-127.2,-83.8,-58.5,15.5629,-22.7436,-14.0051,-0.7588961,0.36705889,-12.4,-23.2,0.04,0.06,0.05,1.66,0.40764946,-4.8,32.4838,3.81925624,-1.41474,-2.4010142,624.81,-11.991579,-0.504,12.14,-2,-0.5792351,-1.4792266,2.3,-3.4,127.2,83.8,58.5,-15.7075,15.0165,6.8318,2.12155689,0.18508385,3.3,4.5,-37.2985,1.05432468,-1.41474,2.51767741,-624.81,5.53944716,-3.786,-11.885,-2.8
2017,Region 2,First Round,2017 Iona,2017 Oregon,14,3,0,-24.1,-16.8,-11.565485,-19.82584,-0.3308639,-8.5,-4.7,5.3,2.8,-1.4,-1.79,0.15,4.16,3.7,3.3,-22.8,-25.4,-3.6,1.6,-4,2.5,-7.6,-0.4,3.8,-3.5,-7.7,-3.7,16.2968,14.9924734,7.3,3.5,8.6,5.5,4.6,3.6,-2.9,7.2,-2.5,-9.6,1.2,4.5,8.4,-18.4,-13.3,11.533,10.6354157,6,7.6,1.9,1,1,1,-0.3,4.6,9.8,10.6,9.5,0.4,1.9,4.7,-128.4,-79.6,-74.4,4.0502,-17.242,-9.9115,-7.6355724,-0.1208366,3,-16.4,-0.03,-0.02,-0.03,4.16,1.26950143,3.3,33.7551,1.24994789,-1.24694,-2.3428721,714.5,-5.0097613,-12.341,8.74,0,0.65146604,7.75078984,4,-4.7,128.4,79.6,74.4,-16.4623,15.3889,7.8645,-4.6784218,-0.0989531,-2.8,8,-37.076,0.1540429,-1.24694,2.06892582,-714.5,12.2478181,-32.632,-13.56,5.1
2017,Region 2,First Round,2017 Oklahoma St.,2017 Michigan,10,7,0,0.1,2.6,-0.4918569,-0.5137,-0.0060907,2.6,5.6,5.7,4.3,-1.8,-1.76,-0.45,10.95,8.9,9,-35.2,-20.6,1.5,7.4,-14.4,7,0.2,13.2,-3.1,-10.1,16.9,18.9,25.8598,27.1409027,2.1,0.3,2.5,10.6,10.3,1.8,8.6,5.5,0.1,0.1,-4.1,-2.4,2.5,-18.3,-16.3,18.862,20.1931346,4.1,4.2,2.6,5.2,-15.1,6.2,6.9,1.3,-3.6,4.6,13.3,1,2.4,15.2,-126.2,-75.1,-58.6,15.9684,-17.8164,-3.4862,-0.2120283,0.01166603,-17,-21.3,0.05,0.06,0.07,10.95,-3.519362,9,34.2463,8.47559274,-1.1084,-3.0886898,1518.98,-12.685197,21.391,14.115,0,0.13075197,0.06436023,2,-15.2,126.2,75.1,58.6,-9.0572,8.9692,4.9214,-2.713739,0.58438808,6.7,23.6,-38.775,3.17229183,-1.1084,2.00945784,-1518.98,10.9327263,-38.127,-15.065,2
2017,Region 2,First Round,2017 Jacksonville St.,2017 Louisville,15,2,0,-27.8,-15.1,-14.725417,-26.135355,-0.4752418,-9.8,-6,2.5,3.2,-1.59,-1.44,0.19,-11.91,-3.9,-4.5,-27.8,-30.1,-1.9,-0.1,-1,1.1,-5.2,-7,2.2,4.9,-10.2,-2.1,14.9028,14.2987623,7.3,6.5,5.8,2.6,-6,-0.9,2.8,8.3,2.7,7.8,4.6,6.9,5.6,-19.1,-12.8,12.399,11.3431541,2.1,5.5,-2,-3.5,0,0.7,-8.3,-0.8,6.6,-2.2,9.7,-2.2,-2.3,-1.8,-126.6,-75.5,-56.8,10.2213,-20.5334,-10.698,0.59382945,-0.0886749,-10.2,-20.8,1.42E-14,0.02,0.03,-11.91,-0.0823472,-4.5,30.683,3.28851994,-1.03788,-2.5381131,1121.48,-5.9031149,-15.629,10.475,-1,0.36780849,-1.6126702,8.1,1.8,126.6,75.5,56.8,-15.8328,21.2702,11.6452,-0.7189639,-0.5146294,13.8,21.6,-34.607,-7.1722349,-1.03788,1.83227133,-1121.48,8.44627308,-30.54,-14.155,6.3
2017,Region 3,First Round,2017 Texas Southern,2017 North Carolina,16,1,0,-39.1,-21.8,-12.623629,-31.67386,-0.5866301,-9.8,-5.2,8,6.5,-3.58,-1.45,0.1,-2.2,-2.7,-2.8,-26.5,-41.5,3.8,10,-5.2,-4.9,-2.5,1.7,0.2,-1.8,-13.5,-4.6,9.5566,8.61030437,-0.3,3.4,-4.5,1.3,13.5,2.1,7.2,0.2,-2.7,-0.5,4.6,-4.7,-4.5,-25.9,-17.2,14.789,14.3132485,3.4,2.1,4.3,2.6,0.9,2.9,-7.6,10.8,0.2,0.7,5.3,-1.3,2.9,-2.1,-129,-66.2,-58.4,20.8532,-29.0942,-15.79,2.75024407,0.51857771,-12.4,-21.4,0,1.42E-14,0.01,-2.2,1.20192614,-2.8,30.5683,4.83774231,-1.05723,-2.6319626,1547.72,-9.9066397,-25.705,12.74,0,-0.3471097,-2.9798174,8.9,2.1,129,66.2,58.4,-13.5262,17.1507,8.4525,-0.1914049,0.0575946,20.2,18.6,-33.8605,-3.3352119,-1.05723,2.39459563,-1547.72,12.222549,-49.679,-12.87,8.7
2017,Region 3,First Round,2017 Seton Hall,2017 Arkansas,9,8,0,1.1,1.3,-1.277315,-1.65,-0.0112367,-0.1,3,-4.7,-2.7,0.67,0.08,-0.52,-12.24,-2.6,-2.1,-31.7,-35.9,-3.8,6.2,-0.3,-6,1.6,1,-5,4,7,9.5,8.76,7.4483195,2,2.8,0.5,-6.2,-1.4,-1.1,1.8,-3.7,-1.1,-6.5,-3.6,8.3,0.6,-6.6,-8.2,20.7873,19.5400483,2.5,2.2,2.4,4.5,2.7,1.2,-7,1.2,4.5,3.8,11.5,-4.4,2.5,-1.1,-128.3,-73.4,-47.9,12.1809,-23.2206,-14.139,-5.3252744,0.29223895,-11.3,-17.2,-0.01,-1.42E-14,-0.01,-12.24,-2.0151375,-2.1,30.9818,4.41798326,0.03887,-2.4647759,1794.51,-7.1952497,11.942,11.875,0,-1.2438026,3.73818555,2.5,1.1,128.3,73.4,47.9,-10.8359,19.0105,11.2795,-3.1075501,-0.0689027,19.8,25,-34.078,-7.1257506,0.03887,1.99515987,-1794.51,13.7693905,-18.29,-14.335,-1.6
2017,Region 3,First Round,2017 Middle Tennessee,2017 Minnesota,12,5,1,2.4,5.2,-1.5110666,-1.9325,-0.0413496,-6.2,0.3,-5.1,-4.1,-1.43,-0.89,0.84,-0.04,-4.3,-5.2,-36.2,-34.9,-1.6,-4.4,7.5,-3.2,-5.5,-6.9,1.9,5,0.9,5,18.6567,18.5889688,9.4,9.3,6.5,1.8,1,2.1,0.2,0.5,-0.2,-2.9,4.3,17.4,5.9,5.7,0.3,12.5917,11.9475098,1.2,0.5,2,-0.1,1.6,4,-5.8,6.9,10.4,-2.9,5.8,-7.8,1.1,-4.8,-130.3,-85.4,-64.2,10.341,-18.3695,-11.838,-6.7563546,-0.0785553,-28.1,-30.4,-0.04,-0.06,-0.03,-0.04,-2.4613013,-5.2,36.0765,2.93598558,-0.65077,-2.2157867,801.09,-5.545222,12.315,10.155,0,0.59800045,6.52042443,4.1,4.8,130.3,85.4,64.2,-19.4624,25.5188,13.155,-0.8684833,-0.5514062,27.1,29.6,-30.1016,-4.1343951,-0.65077,2.50593324,-801.09,10.9036142,18.243,-12.07,-5.4
2017,Region 3,First Round,2017 Winthrop,2017 Butler,13,4,0,-16.1,-6.8,-7.1773902,-16.28276,-0.3002419,-5.5,-1.5,1.3,0.6,-1.54,-0.84,0.16,1.08,4.3,5.3,-18.8,-27.1,5.4,-5.5,-0.3,5.8,-1,1.6,0.4,-2.1,-5.7,3.6,9.3747,8.49266507,3,0.2,4.6,1.8,1.4,2.2,-0.8,5.4,5.7,-10,-0.7,1.9,4.6,-15.1,-10.4,16.162,15.7768173,8.2,8.9,4.5,1.6,2.4,3.6,0.6,8.2,-1.6,11.6,10.5,7.3,4.5,5.4,-128.2,-88.4,-53.6,12.5059,-15.101,-8.6594,-6.1938997,-0.132089,-8.5,-26.7,-0.02,-0.04,0,1.08,-2.7347971,5.3,34.1784,3.3959994,-0.61421,-3.1792658,1779.84,-10.824886,-10.565,13.56,-1,-0.6206248,1.10903661,9.3,-5.4,128.2,88.4,53.6,-9.8501,17.5172,10.3429,-2.9941005,0.07023184,16.6,31.6,-36.3322,-1.9045871,-0.61421,2.68014325,-1779.84,6.57506757,-31.083,-12.33,4.7
2017,Region 3,First Round,2017 Kansas St.,2017 Cincinnati,11,6,0,-9.5,-7.9,-4.1149854,-4.7627,-0.0395971,-6,-3.1,-3.4,0.3,-0.24,0.54,-0.11,-2.82,2.2,1.6,-26.8,-29.8,2.3,4.6,-3.9,-0.8,-0.3,9.1,-7,-2.1,-4.6,0.2,20.1398,20.349946,7.7,10.5,2,-4.6,11,1.6,-0.1,8.1,2.1,1.1,14.7,2.2,1.8,-5.1,-8.1,19.7311,20.2805677,2.8,7.2,-4,-3.6,0.3,7.2,-3.3,2.6,5.1,-0.1,12.5,7,-3.7,-2.3,-122.4,-72.6,-65.1,12.2099,-21.8775,-11.197,0.18275054,0.21146138,-8.7,-21.1,0.03,0.06,0.03,-2.82,1.54289957,1.6,30.8368,-0.2533676,0.37366,-2.3517438,1257.41,-6.1305364,-9.177,9.35,-1,0.05258836,0.22967548,4.8,2.3,122.4,72.6,65.1,-7.4327,13.1945,8.5145,-0.0699483,0.31385326,17.4,25.6,-32.3952,-0.0293139,0.37366,1.54518699,-1257.41,8.61571803,-10.081,-11.205,-3
2017,Region 3,First Round,2017 Kent St.,2017 UCLA,14,3,0,-20.7,-13.7,-13.691582,-21.21735,-0.374771,-6.2,-2.2,8.1,4.6,-2.29,-2.5,0.19,10.65,-4.4,-5.7,-28.9,-26.7,-2.4,0.2,0.6,-0.9,-7.9,5.2,-2.8,-2.3,-1,3.1,4.6153,4.65094487,-0.3,3.6,-4.8,4.6,7.2,-1.9,9.8,-1.5,5.3,-2.3,3.4,2.9,-4.8,-25.6,-16.9,20.07,19.2272378,9.9,10.9,5.5,4.3,-7.3,3.9,0.6,12.5,7,6.7,13.7,10.2,5.3,5.6,-131,-74.2,-80.1,5.2635,-19.3052,-11.6697,-0.2185087,-0.0358083,-12.8,-26.6,-0.04,-0.07,-0.05,10.65,0.02914367,-5.7,31.0347,6.81720389,-1.88614,-2.8775254,-31.87,-7.3740687,0.204,10.805,-1,-1.521456,-2.2951267,4.1,-5.6,131,74.2,80.1,-17.0584,10.7507,7.5735,-0.1378685,-0.0023224,9,17.1,-40.6098,1.97937917,-1.88614,1.93584952,31.87,9.67772806,-36.76,-14.01,8.7
2017,Region 3,First Round,2017 Wichita St.,2017 Dayton,10,7,1,6.7,7.1,2.63039529,10.7386,0.10876098,-3.4,-0.7,-0.9,-0.4,1.13,1.29,-0.72,7.09,0.3,0.7,-24.2,-22.8,1.1,4.9,-1.8,-3,-1.3,-5.3,4.8,0.5,9.6,9.6,23.0098,20.360949,7,3.8,8.3,1.8,6.3,4.9,6.9,3.8,0.6,-1.3,-4.7,8.3,8.7,-0.4,-2.5,19.0764,17.6477728,10.3,9.5,7.7,-0.6,8.5,2.7,-1.6,12.2,2.6,10.1,13.7,-1.3,7,0.5,-126.4,-89.1,-45.6,14.7334,-20.8541,-11.7765,-5.063391,0.23761952,-9.8,-23.6,0.01,0.02,0.02,7.09,-1.7323695,0.7,35.1243,6.14925849,0.90518,-1.8840782,2147.78,-7.7881332,5.952,14.49,1,0.34086103,1.80923325,0,-0.5,126.4,89.1,45.6,-11.8443,23.4818,11.9398,-4.0337985,-0.1834514,6.8,24.2,-33.824,-1.4051397,0.90518,2.41952489,-2147.78,8.02466114,-12.032,-12.17,-2.1
2017,Region 3,First Round,2017 Northern Kentucky,2017 Kentucky,15,2,0,-26.9,-17.1,-13.79176,-25.93035,-0.4184466,-7.7,-3.5,5.6,3.5,-0.74,-2.83,0.34,0.18,-4.7,-5.3,-24.9,-34.7,-3.4,2.4,-11.8,9.3,-7.1,-0.1,-1.8,2,-5.7,-1.1,14.7742,14.125535,5.5,3.9,5.4,0.3,2.6,0.4,4.1,8.9,-0.5,-1.8,-4.1,7.9,4.8,-18.7,-15.8,13.828,14.9116004,3.4,3.3,2.5,-0.7,11.7,1,-7.7,6.1,0.2,-1.1,4.9,0.9,3.1,3.3,-128.6,-81.2,-56.3,9.554,-19.8301,-7.8444,-3.9483078,-0.3023162,-0.4,-16.4,0.05,0.07,0.07,0.18,-0.7916431,-5.3,32.6446,5.17815463,-2.05765,-2.9369837,1276.51,-7.1253917,-2.548,12.14,0,0.24444239,1.18038648,4.6,-3.3,128.6,81.2,56.3,-20.4813,18.4604,11.4635,1.1533857,-0.3062661,12,10.8,-36.154,-6.0053387,-2.05765,2.23458308,-1276.51,13.0864114,-17.272,-15.245,2.9
2018,Region 1,First Round,2018 Kansas St.,2018 Creighton,9,8,1,-7.6,-5.7,0.47845513,-2.5249,-0.0369593,-4.4,-2.3,-2.5,-0.9,-0.21,0.14,-0.22,-5.74,-6.4,-5.8,-25.8,-15.6,3.9,3.5,-2.8,-0.7,-3.8,-1.2,6.1,-4.9,-2.9,-1.9,13.0036,15.2727105,3.5,4.5,1.2,1.4,9.4,-1.4,1.4,4.7,0.6,-4.1,3.4,0.9,0.6,-4.1,-3.7,19.0304,21.4694777,8.5,10,4.4,0.7,-9.5,6,10.4,3.5,-1,6,12.2,1.1,4.2,11,-130.2,-95.2,-78.5,15.6928,-19.9041,-12.3887,-1.8553454,0.21883416,-8.4,-22.6,-0.03,-0.03,-0.03,-5.74,0.50261689,-5.8,36.398,0.96029055,0.07222,-2.4962652,836.37,-14.88212,-5.854,12.1,-2,-0.6139911,1.24171501,1,-11,130.2,95.2,78.5,-18.2096,18.1195,10.0972,-2.1286517,0.00077112,-6.1,12.8,-38.261,5.75110336,0.07222,1.92836212,-836.37,10.0299897,-9.258,-11.275,0.4
2018,Region 1,First Round,2018 Davidson,2018 Kentucky,12,5,0,-4.3,-1.8,-7.1382743,-5.5018,-0.07806,0.7,4.1,0,-1.8,-0.73,-0.65,1.57,-5.15,-4.7,-4.6,-9.6,-31.3,-3.8,-4.8,-1.8,6.5,-5.9,-7.8,-7.4,15.1,4,5.6,21.38,20.9844354,10.8,8.4,9.2,10.7,-7.7,2.6,-8.6,9,-2.7,4.2,6.1,10,8.8,-3.5,-7.4,13.932,12.5671472,0.5,0.9,0.9,2,14.2,-2.4,-12.2,-2.8,5.4,2.2,3.6,-1.8,0.5,7.5,-133.6,-87,-71.9,6.3077,-16.0728,-10.8004,-2.4521891,-0.3072106,7.6,-23,0.04,0.03,0.03,-5.15,-2.8965468,-4.6,40.2534,-3.8481973,-0.49824,-1.8131753,527.79,-6.4857265,25.84,10.725,1,0.84331307,2.06530594,1.6,-7.5,133.6,87,71.9,-20.8702,20.9005,17.2259,-1.5182953,-1.0389534,13,15.3,-34.1782,-9.8905118,-0.49824,2.69233057,-527.79,14.6031067,16.483,-15.61,-3.9
2018,Region 1,First Round,2018 Buffalo,2018 Arizona,13,4,1,-6.7,-2.5,-5.078698,-8.8761,-0.099546,-0.1,1.5,7.1,5.5,-2.05,-3.21,0.27,0.99,5.1,5.5,-24.8,-33.7,-1.2,4.7,-9.5,4.9,-6.3,3.5,-5.1,1.6,10.1,12.7,14.6415,13.5171461,5.5,6.8,2,-3.6,-1.5,0.1,7,4.4,4.1,3.8,4.1,3.6,1.2,-14.8,-15.1,15.221,14.764966,8.1,8.9,4.4,2.1,-2.8,0.6,-4.6,8.7,2.3,-5.2,11.4,6.9,3.8,9.2,-130.9,-81.2,-59.9,12.7267,-18.1706,-7.7671,0.7264379,-0.066763,7.5,-6.7,-0.04,-0.05,-0.04,0.99,4.31950651,5.5,37.2363,4.67069546,-2.1851,-2.1619112,1592.88,-7.5810016,20.165,14.03,0,0.01991229,-0.4558879,2.6,-9.2,130.9,81.2,59.9,-16.3925,13.1663,10.6704,4.43592607,-0.1532671,7.7,8.8,-37.2654,-3.5163984,-2.1851,2.7261969,-1592.88,8.1446433,-20.647,-15.71,-0.3
2018,Region 1,First Round,2018 Loyola Chicago,2018 Miami FL,11,6,1,6.6,1.6,-0.7057906,-0.5701,-0.0709558,-2.2,-0.7,-7.1,-3.2,-0.64,-2.63,0.57,-1.14,-2.2,-1.8,-28.8,-27.1,-4.2,6.7,-6.5,-0.3,-6.8,-3.6,2.7,0.8,5.2,3.7,13.7322,13.5196143,9,7.8,7.4,0.8,4.8,0.1,-6.2,6.8,-2.2,-17.8,7.1,3.1,7,3.6,-1.9,17.1179,15.7781885,5.7,5.9,3.7,-3.7,3.4,3.5,-3.1,-2.4,1.5,-3.4,2.7,5.5,4.5,6.9,-125.8,-94.7,-83.6,12.8452,-18.3472,-9.8738,-9.7853413,0.08108409,1.9,-11.5,0.03,0.07,0.05,-1.14,-2.3301749,-1.8,37.2568,-2.8280201,-1.77181,-2.1300625,81.05,-8.4289891,13.226,11.215,2,-0.3405873,7.20821558,-1.5,-6.9,125.8,94.7,83.6,-19.0868,21.9589,11.884,3.88524505,-0.3108603,7.1,16.8,-33.715,-5.0340338,-1.77181,2.00699157,-81.05,13.2333967,10.941,-9.835,-5.5
2018,Region 1,First Round,2018 Wright St.,2018 Tennessee,14,3,0,-20.6,-12.6,-9.8857343,-19.33186,-0.3314476,-9.7,-4.7,-2.7,-2.6,0,0.38,0.06,-3.98,2.4,2,-28.7,-24.7,-1,-3.3,4.9,-1.6,-2.8,-2.2,-1.3,3.5,-15.6,-6.3,8.3779,7.3692522,2.2,1.9,2.1,0.7,-2.3,2,-2.7,5.3,-2.2,-8.9,5.1,0.4,1.5,-10.4,-6.3,16.588,17.7791188,2.4,1.4,3.5,4.2,6.5,3.1,-8.7,11.6,5,-3.3,0.2,2,3.5,-5.2,-121.7,-81.2,-59.2,7.1463,-20.3097,-13.1305,-4.142417,-0.0689177,-6.7,-17.7,-0.04,-0.05,-0.06,-3.98,2.5262747,2,28.9268,0.69841356,0.26454,-2.2131983,1568.84,-7.0439642,-21.78,9.125,-2,-0.7685494,-0.474638,9.3,5.2,121.7,81.2,59.2,-12.0383,21.2997,12.11,2.85902134,-0.2158284,18.9,34.4,-30.6653,-3.7619535,0.26454,1.83922832,-1568.84,13.618637,-14.198,-11.54,4.1
2018,Region 1,First Round,2018 Texas,2018 Nevada,10,7,0,-8.2,-8.1,-1.1434406,-2.7237,0.01112966,-6.2,-3.6,2.2,2.2,-0.56,2.57,-1.19,3.92,-3.8,-4.2,-22.3,-24.7,9.9,2.4,-2,-0.4,2.8,0.9,4.2,-5.2,-3.9,1.3,7.652,7.1396937,0.6,0.7,0.3,-4.2,2.5,1.1,0.3,-4.8,4.8,7.7,3.4,-5.4,0.2,-12.1,-9.4,25.987,25.3338153,7,4.5,6.8,3,11,4.4,2.1,9.5,3.3,2.3,4.9,2.5,6.1,1.8,-132.5,-84.6,-72.9,20.6742,-21.9198,-14.065,4.82226173,0.33343338,-0.8,-9.9,0.05,0.07,0.03,3.92,4.03771056,-4.2,32.0386,3.23250531,1.75031,-3.0772975,888.06,-8.1588073,-11.875,10.42,-3,-1.8901633,-1.6618065,5.2,-1.8,132.5,84.6,72.9,-10.9994,17.9015,7.712,0.85750375,0.2444203,6.4,20.1,-37.7346,-0.159177,1.75031,2.30248201,-888.06,7.13875106,-35.061,-12.13,2.7
2018,Region 1,First Round,2018 Georgia St.,2018 Cincinnati,15,2,0,-23,-17.6,-11.032813,-19.78739,-0.2750064,-7.6,-5.1,-1.3,0.1,-0.75,-2.19,0.2,-12.5,1.3,1.4,-21.2,-18.7,3.7,0.8,-4.3,3.5,-0.8,1.7,-12.8,11,-12.8,-6.9,22.887,20.7309833,11.3,10.2,8.2,-0.3,4.2,5.6,-2.9,-1.6,7,12.2,12.9,2.8,7.6,-11.6,-10.8,11.32,10.3688677,4.5,6.6,1.8,-1.1,-2.3,3.5,-5.3,1.6,6,17.1,11,5.9,1.5,-4.4,-122.9,-74.6,-65.1,9.4913,-20.4753,-10.1402,3.47326965,0.02421473,-1.1,-19.9,-1.42E-14,0,1.42E-14,-12.5,-3.4068757,1.4,32.3097,3.04338847,-1.47637,-2.2718603,567.62,-5.5189118,-20.78,7.28,1,1.16865895,0.32131251,5.9,4.4,122.9,74.6,65.1,-7.6085,18.4327,18.1081,-6.4543241,-0.2383211,3.2,22.5,-31.67,-3.0357358,-1.47637,1.66048078,-567.62,5.85054732,-19.32,-12.4,0.8
2018,Region 4,First Round,2018 Texas Southern,2018 Xavier,16,1,0,-31.8,-19.5,-19.658573,-29.3499,-0.6274498,-3.2,-0.6,6,5.5,-2.72,-0.67,0.19,1.05,0.3,0.9,-22,-30.8,4.9,5.3,-1.4,-3.9,-1,-9,12.1,-3.1,-3,1.9,6.2318,7.5265289,0.8,-1.3,2.9,-3.1,18.4,-1.5,5.6,-5.4,-0.6,3.5,0.6,-6.5,2.3,-27.3,-21.6,7.8,8.4870225,4.2,6.4,-0.2,12.2,8.8,-1,2.2,3.2,-2.6,-8.9,0.5,6.4,0.5,8,-134.1,-86.4,-60.4,15.4445,-21.5058,-14.0922,2.51996165,0.36728635,-1.4,-16.8,-0.05,-0.06,-0.05,1.05,0.34160329,0.9,34.2124,7.91179569,-0.47792,-2.2049558,2124.36,-11.184301,-4.641,13.415,0,0.13262235,-4.1230335,4.9,-8,134.1,86.4,60.4,-19.2163,19.0949,7.313,5.57089724,-0.1747288,5.1,11,-38.471,2.20228103,-0.47792,1.96774275,-2124.36,9.73450377,-52.039,-14.93,5.7
2018,Region 4,First Round,2018 Florida St.,2018 Missouri,9,8,1,8.3,-0.2,0.50492143,0.3522,-0.0114999,-3.6,-1.5,-0.7,-0.4,0.55,-0.01,-0.21,6.49,5.4,6.2,-26.7,-16.9,8.6,11.6,-12,0.4,-2.6,5.4,2.6,-8,11.7,2.6,18.019,18.202802,7.3,9,2.8,-4.4,6.7,-1.6,4.9,5.5,1.2,4.3,3.3,2.5,2.3,5.7,-2.7,13.2766,14.6828316,5.6,5.3,2.8,2.1,7.5,-1.6,-0.7,7,3.4,4.8,7.9,1.1,3.4,3.9,-126.6,-77.6,-65.6,26.791,-26.4928,-11.5849,0.90478963,0.53916488,-2.6,-5,0.04,0.04,0.04,6.49,0.46016241,6.2,35.8696,3.73379265,0.0764,-1.9295218,1503.56,-7.8462449,17.88,12.605,0,0.49802247,-2.8604541,-9.1,-3.9,126.6,77.6,65.6,-7.0516,13.17,6.4304,-1.1608991,0.26389327,-2.2,16,-33.4584,-1.4921476,0.0764,2.21715999,-1503.56,6.82170532,8.133,-11.885,-8.4
2018,Region 4,First Round,2018 South Dakota St.,2018 Ohio St.,12,5,0,-15.3,-8.5,-3.8704852,-10.5187,-0.1329654,-2.5,-0.9,3.4,2.3,0.14,0.46,0.17,-6.41,4.6,3.6,-16.9,-29.1,-3.5,1,-4.8,3.8,-2.3,-4.5,0,4.6,-2.7,2.3,19.5882,20.4472342,6.2,5.2,4.6,6.1,6.8,4.2,-0.2,-4.9,-1.2,5.6,1.8,6.3,4.4,-16,-10.8,12.112,14.483742,4.2,5.3,1.5,1.2,6,-3,-7.4,9.8,3.4,1.7,7.8,0.3,1.2,7.4,-136.6,-97.2,-78.2,6.2336,-16.5469,-8.7172,0.23433435,-0.1406725,-1,-25.9,-0.01,2.84E-14,-0.01,-6.41,-1.2752623,3.6,37.673,3.61763124,0.318,-2.3290238,782.62,-7.9727887,-2.704,12.85,2,0.87902534,-2.1006932,5,-7.4,136.6,97.2,78.2,-16.0375,20.0228,13.4966,-1.1704524,-0.319108,9.6,23.8,-37.8674,-4.8879105,0.318,3.48624091,-782.62,16.2654682,-28.236,-13.97,5.2
2018,Region 4,First Round,2018 UNC Greensboro,2018 Gonzaga,13,4,0,-18.9,-12.7,-6.4088061,-15.679,-0.2250265,-10.4,-5.5,-0.3,0.8,-1.29,-0.47,0.25,4.17,-3.3,-4.2,-18.4,-19.4,6,-3.8,-6.1,9.8,-4.2,-1.5,0,1.5,-12,-4.1,10.5829,8.28760294,5.1,7.6,0.1,-1.7,-3,-2.4,11,7.7,5.6,1.9,9.1,2.9,0,-14.3,-8.6,23.2084,22.1066579,10.1,11.8,5.1,-1.2,-8.2,5.6,-9.2,2.3,2.5,7.7,13.7,6,5,4.2,-125.2,-86.8,-74.2,9.9433,-17.9469,-7.28,0.60597426,-0.1839153,-2.1,-20.8,0.03,0.02,0.03,4.17,-1.0351106,-4.2,32.4646,7.24772629,-0.36821,-2.6672735,470.76,-9.2457431,-17.71,10.83,-2,-1.2002202,-0.1824344,7.9,-4.2,125.2,86.8,74.2,-16.5633,17.7223,13.3143,-1.4294721,-0.1826425,-3.6,12.7,-37.1496,-5.7931377,-0.36821,1.9733523,-470.76,7.18419945,-21.054,-15.06,5.7
2018,Region 4,First Round,2018 San Diego St.,2018 Houston,11,6,0,2.9,-5.3,-4.0351622,-6.3892,-0.0553782,-3.2,-2.9,-4.4,1,2.77,3.58,-0.54,-0.72,1.9,0.6,-26.2,-21.9,2.5,1.9,0.3,-2.3,-0.1,-2,-0.7,2.7,1,1.7,16.0387,15.502495,6.2,8.5,1.6,1.4,-6.8,2.4,6,3,2.4,0.3,7.5,8.3,1.6,4.3,-7.1,18.6512,18.8541219,5.1,3.1,5.6,-0.9,3,1.5,-9.4,-1.6,0.3,1.5,1.3,3.2,5.5,0.5,-126.5,-82.4,-63.2,12.4068,-21.5212,-13.5899,-1.7417295,0.18546794,-12.5,-23,1.42E-14,0.02,0,-0.72,3.1398993,0.6,32.6452,4.35654851,2.49808,-2.0492336,1125.4,-9.9311805,-3.908,12.53,-2,-0.2346364,0.61910249,0.7,-0.5,126.5,82.4,63.2,-10.7699,19.789,12.2568,1.48591301,-0.1137476,14.7,34.9,-34.4242,-8.6352957,2.49808,1.93452152,-1125.4,9.89922383,2.344,-12.895,-11.4
2018,Region 4,First Round,2018 Montana,2018 Michigan,14,3,0,-11.6,-7,-7.9949286,-12.3605,-0.1986738,-8,-1.9,-1.6,0.3,-1,-1.86,0.11,-3.17,4.4,3.4,-42.6,-24.6,-0.3,7.4,-3.8,-3.6,-5.1,-3.9,14.8,-10.8,-6.1,0.6,17.4345,15.1261305,3.3,4.9,-0.2,0.2,8.7,2,9.6,0.6,-0.8,-0.5,0.5,5.4,0.9,-8.1,-7.6,16.5868,15.2072569,6.1,8.2,1.1,-6.6,-11,7.3,0.4,11.2,-0.6,8.6,11.5,-3.4,0.3,2.8,-128.1,-89.2,-59.3,15.6116,-21.9073,-11.1927,-1.7000099,0.44656017,-16,-11.7,0.02,0.03,0.03,-3.17,1.12663768,3.4,32.6938,7.92304981,-1.22814,-3.3694143,1142.81,-10.886685,-9.064,13.125,-1,0.13681358,2.61053162,6.7,-2.8,128.1,89.2,59.3,-16.2314,20.4573,5.8561,-5.1934759,0.06890578,4.8,19.4,-35.878,-0.0500169,-1.22814,2.5682882,-1142.81,9.92986785,-12.771,-12.965,0.5
2018,Region 4,First Round,2018 Providence,2018 Texas A&M,10,7,0,-6.8,-9.8,0.03395697,-4.9897,-0.0710266,-6.3,-3.8,-3.8,-1.8,-1.13,-1.62,0.34,-5.13,-1.1,-1.7,-29.4,-30.3,-0.7,4.1,0.6,-4.7,-3.5,-3.2,-0.1,3.3,-1.3,-3.1,14.6311,15.1692063,3.2,4.4,0.9,2.2,10.2,-1.7,1.1,-3.4,-0.3,-2,1.5,5,0.6,-3.4,-6.7,14.1965,13.8379647,1,0.8,0.6,-7,0.6,-0.3,-5.4,7.2,6,-4.8,-0.2,2.2,0.6,-2.8,-128.4,-79.1,-68.4,11.0614,-22.5002,-14.4196,-2.1022945,0.25188809,-10.4,-18.4,-0.04,-0.04,-0.05,-5.13,0.02391107,-1.7,32.348,3.15332357,-1.14046,-1.5721213,821.08,-5.822272,1.27,10.475,-1,0.05589533,2.65005428,-1.8,2.8,128.4,79.1,68.4,-19.7562,20.3927,13.7181,2.81912529,-0.3324932,-2.3,-0.7,-31.8577,-2.8523117,-1.14046,2.25680067,-821.08,8.83058409,-2.278,-11.545,-3.3
2018,Region 4,First Round,2018 Lipscomb,2018 North Carolina,15,2,0,-26.2,-12,-10.264623,-24.671177,-0.4066929,-10.4,-4.1,6.6,3.6,-0.19,-0.68,-0.3,3.69,5.1,3.4,-20.2,-28.2,-3.4,9,-7.2,-1.8,-1.1,0.1,-1.8,1.7,-12.1,-0.2,6.8689,5.81235218,1.8,8.5,-5.3,4.2,15.4,-3.9,2,-1.3,-3.6,0.8,6.1,2,-5.5,-15.4,-12,18.529,19.4182996,0.6,-1.5,2.9,4.2,-10.1,3,-14.3,12,-0.7,-8.7,-2.6,1.5,1.7,6,-127.1,-83.5,-65.7,12.917,-23.2805,-12.6505,1.40735946,0.18553815,1,-19.2,0.04,0.05,0.03,3.69,-2.5636737,3.4,33.3843,0.4770789,-0.49402,-1.9656509,908.99,-7.6345084,-24.74,12.175,-1,-1.0840024,-3.259211,11.9,-6,127.1,83.5,65.7,-13.9,17.122,11.6135,4.86573587,-0.0854738,2,12.4,-33.9502,-6.7379663,-0.49402,1.81544044,-908.99,11.4216086,-33.14,-15.405,3.4
2018,Region 2,First Round,2018 Radford,2018 Villanova,16,1,0,-40.2,-21.2,-17.123275,-31.456878,-0.512593,-11,-5.8,10.8,7.3,-2.55,-1.15,0.25,7.72,-6.9,-5.5,-24.7,-14.9,-1.2,-1.9,-1.8,3.7,-10.6,5.5,3,-8.5,-15.6,-4.1,7.6061,6.43685039,0.2,-2,2.3,-2,6.1,-0.1,5.5,-2.5,0.9,9.8,1.2,-7.5,3.5,-25.7,-16.9,23.755,24.2368079,10.2,11.3,5.6,1,-2.8,5.6,-0.5,3.9,0.3,0.1,9.5,11.4,5.1,7.8,-128.1,-84,-82.9,6.7002,-19.2103,-10.4392,5.32895986,-0.1902052,-2.4,-18.3,0.04,0.05,0.04,7.72,0.40918331,-5.5,30.8136,7.11527726,-0.71235,-2.5456236,1041.65,-8.9090328,-21.423,9.83,-3,-1.4973496,-6.7146173,11.5,-7.8,128.1,84,82.9,-17.2137,12.2827,6.4141,3.33137962,0.08055617,-7.6,12.7,-40.7828,-0.5605815,-0.71235,2.03989201,-1041.65,9.89900989,-33.431,-14.08,8.8
2018,Region 2,First Round,2018 Alabama,2018 Virginia Tech,9,8,1,1,3.5,-2.4689749,-2.8136,-0.0488443,-3.4,0.1,-3.4,-0.6,1.31,2.11,-1.04,4.58,0.3,-0.3,-21.4,-22.8,6.9,10.3,-2.8,-7.5,3,-12.1,14.1,-1.9,-1.5,6.5,10.0817,8.63934473,1.7,4.6,-2,-2.6,12.8,-1.7,0,-4.7,3.7,-0.7,2,2.2,-1.9,-0.8,-2.8,20.3826,19.5377099,10.3,10.5,6.6,2.9,-0.3,1.8,7.1,10.5,-3.9,5,7.4,3.1,6.3,6.2,-125.9,-87.7,-56.5,25.3068,-24.5836,-16.592,-0.1896359,0.67462446,2.8,-5.4,0.05,0.07,0.07,4.58,-2.7964047,-0.3,32.01,1.13016194,1.48021,-2.1010502,1210.96,-13.085089,-10.782,11.505,-1,-1.0244405,-1.8073725,8,-6.2,125.9,87.7,56.5,-17.913,21.9343,9.907,-0.1719107,-0.1740998,-9.5,4.3,-37.9089,3.79440351,1.48021,1.86383264,-1210.96,5.92414774,-12.552,-12.555,-2
2018,Region 2,First Round,2018 Murray St.,2018 West Virginia,12,5,0,-12.8,-8.8,-4.9566532,-9.0797,-0.1830846,-4.2,0.6,0.7,2,-1.02,-0.43,0.25,-9.23,-2.8,-3.2,-22.3,-25.5,1.1,-4.7,3.6,1.1,-0.7,-2.3,5.2,-2.8,-3.2,3.8,15.7624,15.7496483,5.6,8.9,0,2.4,-7,6,2.5,-1.1,-1.9,10.9,13.8,4.7,-0.7,-15.8,-12.6,18.707,17.8903813,3.4,1.3,4.5,4.4,1,1.7,-9.4,12.9,6.3,4.1,-3.3,3.2,4.1,2,-124.7,-73.7,-57.4,9.5679,-13.1626,-9.1486,4.81583993,-0.1257279,4.8,-4.8,0.02,0.04,0.06,-9.23,-1.4581211,-3.2,33.9072,2.22506702,-0.30904,-2.1118876,1495.72,-5.5275914,-2.487,14.45,0,-0.2461531,2.20622789,7,-2,124.7,73.7,57.4,-11.0848,21.4263,10.8303,0.28229115,-0.0054298,12.8,26.2,-32.3363,-7.383928,-0.30904,2.67205984,-1495.72,10.8328788,-25.778,-11.295,3.2
2018,Region 2,First Round,2018 Marshall,2018 Wichita St.,13,4,1,-14.8,-8.3,-5.9152366,-14.68398,-0.2588828,0.4,1.2,0.4,3,-1.17,-0.3,-0.93,-14.59,6.1,5.9,-13.9,-30.8,4.9,6.9,-12.5,5.6,-1.2,7.3,1.8,-9.1,1.1,5,7.471,6.2767697,5.6,10.4,-0.8,4,-0.2,-0.8,-0.4,14.3,3.5,0.5,7.9,2.6,-1,-17.7,-13.2,17.981,16.960373,5.6,5.3,3.7,6,6.1,1.8,-3.6,13.7,3.5,3.6,7.9,2.6,2.9,9.2,-131.8,-88.2,-69.9,16.9627,-21.165,-9.3822,0.27896369,0.15112083,4.1,-18.2,-0.05,-0.03,-0.05,-14.59,-0.9914737,5.9,37.1424,-1.6152039,-0.19762,-2.6870814,991.26,-7.8460354,-5.96,13.1,-1,-1.0414967,0.4842297,3.9,-9.2,131.8,88.2,69.9,-11.2555,12.0722,4.4738,-0.6967958,0.54155045,3.4,6.7,-37.0762,0.07719633,-0.19762,2.13784536,-991.26,7.24213726,-45.027,-13.685,4.5
2018,Region 2,First Round,2018 St. Bonaventure,2018 Florida,11,6,0,-16.2,-7.1,0.02522193,-7.5183,-0.1614466,-4.9,-0.5,-1,-2.1,-0.38,-1.14,0.34,-4.23,1,2.1,-32.7,-17.2,0.6,1.6,-1.9,0.2,-1.4,2.9,-5.8,2.8,-9.8,-1.6,15.8618,15.2727367,3.4,1.9,4.1,1.7,8.2,3.8,-0.7,7.4,2.8,-3.8,-1.9,6.3,3.5,-10.6,-5.5,14.047,15.4357504,2.2,-2.1,5.5,0.3,-6.2,6.1,0.8,-7.6,2.3,-7.8,-1.9,2,4.8,1.2,-128.9,-80.7,-56,10.3257,-17.1194,-8.7333,-4.1550022,0.05721985,-2.5,-6.8,0.02,0.03,0.02,-4.23,0.1395743,2.1,33.504,2.14545948,-0.79878,-3.06387,1877.56,-7.3313465,-16.75,11.98,-2,0.23616862,-0.32693,8.2,-1.2,128.9,80.7,56,-8.8568,18.5352,14.4252,5.33436634,-0.0304111,-4.4,17.3,-33.3683,-5.6772435,-0.79878,2.03438216,-1877.56,7.97324613,-18.61,-12.025,5.1
2018,Region 2,First Round,2018 Stephen F. Austin,2018 Texas Tech,14,3,0,-23.2,-16.9,-6.5007536,-16.37951,-0.2633837,-9.7,-6.3,1,3.8,-1.28,-0.45,0.14,0.94,4.4,4.5,-28.7,-27,0.5,7.4,-1.3,-5.9,-5.2,-0.5,-4.2,4.9,-11,-4,12.8957,13.009347,6.7,6.9,4.6,0.5,1.9,1.2,4.3,3.6,-0.4,1.9,6.6,3.5,5.3,-13.4,-12.9,14.6094,14.6280706,3,4.4,0.7,0.7,-10.2,8,-4.7,-7.4,2.4,9.7,7.6,-0.5,0.3,2.5,-113,-77,-31.1,14.4018,-21.9991,-13.7467,-1.0823808,0.4396954,-0.7,-9.7,0.01,0.02,0.01,0.94,-0.884956,4.5,30.5668,5.77683662,-0.33885,-2.3120924,2232.57,-7.2191705,-19.182,11.915,1,-0.1290575,0.92951363,7,-2.5,113,77,31.1,-15.438,17.5144,12.8037,-4.8036683,-0.3412192,-1.6,3.7,-30.033,-5.8558955,-0.33885,1.29735011,-2232.57,9.34669883,-23.624,-14.47,0.5
2018,Region 2,First Round,2018 Butler,2018 Arkansas,10,7,1,-4.4,-2.4,-1.0832739,2.2317,0.04259093,-0.4,1.9,2.6,2.8,-0.48,-0.82,-0.47,-4.03,-1.6,-1.7,-21.3,-30.4,-3.8,4.3,-0.1,-4.2,-3.6,-4,-1.5,5.6,3.7,12,14.073,15.04329,3.6,6.1,0.1,4.6,-15.1,3.7,-4.3,-6.9,-0.5,-4,2.1,9.6,-0.1,-9.2,-14.5,19.4284,21.4671636,2.2,1.8,2.6,-6.4,2.2,4.5,-4.7,-0.6,4.9,-0.1,7.5,-5.4,2.3,10.2,-129.8,-87,-59.9,15.1376,-21.1851,-13.4344,-4.0823544,0.12566239,-0.3,-16.3,0.03,0.03,0.03,-4.03,-0.5488059,-1.7,35.6922,-0.4712218,-0.58183,-2.3568059,1270.75,-6.6060335,1.845,12.12,-2,-0.5962865,1.58705897,8.3,-10.2,129.8,87,59.9,-18.8564,18.411,10.9032,-1.2396174,-0.4087593,13.7,18.8,-36.4034,-5.5920908,-0.58183,2.53356642,-1270.75,10.718469,-26.736,-15.505,-5.3
2018,Region 2,First Round,2018 Cal St. Fullerton,2018 Purdue,15,2,0,-31.4,-17.3,-13.073784,-25.3509,-0.4906424,-8.7,-4.3,8.4,6.6,-1,-4.16,-0.55,-2.71,1.6,1.9,-37.2,-26.7,0.4,9.9,-4.2,-5.6,-2.1,2.9,3.8,-6.7,-11.1,-0.7,8.4022,8.14803957,5.2,7.3,0.6,5.8,22.2,-2.9,-1.7,0.9,1.6,-5.2,6.3,1.2,0.5,-24,-16.8,19.579,19.7996601,9.8,9.7,5.7,-1.7,1.3,2.8,1.2,7.6,3.1,-3.5,10.9,6.9,5.6,5.2,-127.7,-88.7,-59.3,18.348,-24.6337,-13.1775,-2.3511255,0.58583658,-10.2,-9.9,0.04,0.06,0.04,-2.71,-2.2171858,1.9,31.8716,0.81243001,-2.88733,-2.6575091,2061.61,-7.1698204,-25.181,10.075,-3,-1.019179,-5.7150872,10.4,-5.2,127.7,88.7,59.3,-9.7211,13.7889,4.3788,4.04838834,0.20710632,12.8,26.4,-39.5236,0.40923175,-2.88733,1.62402051,-2061.61,10.3611463,-52.4,-14.455,7.2
2018,Region 3,First Round,2018 Penn,2018 Kansas,16,1,0,-24.6,-12.5,-11.460439,-19.54341,-0.2866422,-11.1,-5.1,6.9,4.2,-1.64,-1.75,0.03,7.35,-0.1,0.3,-19.9,-25.6,-6,5.5,-8.4,2.9,-14.4,-4.6,13,-8.4,-10.1,0.4,5.8592,7.37458637,4.5,5.6,2,-5.7,8.8,1.9,-7.5,7,-3.1,-0.5,2.8,-0.2,1.5,-16.4,-12.9,21.0753,24.1630374,11.2,8.4,10.6,-3.8,-5.7,0.5,-6.4,16.8,2.4,-5.2,3.5,4.2,10.2,6.5,-131.2,-92.3,-83.5,10.0194,-22.0669,-11.4637,-0.31365,-0.0832443,3.2,-19.7,-0.01,1.42E-14,-1.42E-14,7.35,-0.715962,0.3,34.6745,-3.838916,-1.22351,-2.4255195,181.29,-8.0953988,-18.019,9.085,-3,-1.4800936,-0.543651,10.5,-6.5,131.2,92.3,83.5,-26.1333,19.4138,6.3678,5.87734446,-0.2266585,1,5.6,-39.3753,-5.4592195,-1.22351,2.94631899,-181.29,12.932921,-29.149,-13.57,3.5
2018,Region 3,First Round,2018 NC St.,2018 Seton Hall,9,8,0,1.8,0,-1.6273638,-2.2029,-0.0748766,0.8,-1.5,-2,2.7,-1.6,-0.48,-0.37,2.03,1,2.1,-28.6,-35.1,3.2,6.2,-3,-3.3,3,6.3,-5.5,-0.8,10.4,8.8,17.4266,17.3566891,3.4,2.3,3.8,-3.2,5,1,5.1,6.8,1.3,6.7,2,-1,3.5,-5.2,-8.9,15.041,15.3917257,1.3,-1.5,4.8,-0.4,2,2.8,-2.3,4.9,-0.6,-5.6,-2,4.6,4.8,7.5,-126.6,-71.8,-70,16.3216,-19.5098,-12.1262,2.37620435,0.37248053,-2.2,-12.6,0.07,0.07,0.05,2.03,0.02266727,2.1,35.3244,4.38153023,-0.32634,-2.1864385,823.08,-9.8718561,16.061,13.02,1,0.27697642,-2.2003379,-1.6,-7.5,126.6,71.8,70,-10.8666,13.9472,9.9476,5.09254053,0.3217846,1.7,3.1,-33.3093,-3.6009087,-0.32634,2.24690733,-823.08,9.39352073,-13.673,-12.61,-3.7
2018,Region 3,First Round,2018 New Mexico St.,2018 Clemson,12,5,0,-7.8,-2.4,-2.6092512,-6.712,-0.0722788,-8.8,-5.3,-2.8,-0.6,-1.92,-1.34,-0.06,5.56,2.7,2.3,-26.6,-22.2,0.3,6.6,-5.7,-0.8,-4.5,-1.8,5.1,-3.2,-5,-1.4,14.9518,13.1888025,4.2,8,-1.5,-6,2.1,0.3,7.5,1,-2.5,-4.7,12,-3.2,-1.4,-0.9,-0.8,18.8739,17.3615103,7.2,6.2,5.8,3.6,0.5,1.4,-4.6,11.2,6.9,4.6,10.5,-1.7,6.4,-2.4,-127.7,-88.9,-76.2,13.7052,-23.0435,-11.8644,-0.694631,0.21119435,-2.3,-15.5,0.07,0.09,0.09,5.56,-2.9305351,2.3,33.512,5.59588818,-0.91896,-2.3113369,431.84,-6.6004152,-10.834,10.9,1,-0.3641043,-1.4865109,3.6,2.4,127.7,88.9,76.2,-12.634,20.3551,10.9036,-1.05426,-0.0774504,4.9,20.1,-32.7482,-5.3382121,-0.91896,2.75635256,-431.84,10.8610328,-2.469,-11.055,0.1
2018,Region 3,First Round,2018 Charleston,2018 Auburn,13,4,0,-7.7,-1.8,-6.3749525,-15.90062,-0.351487,0.6,3.2,-0.4,-0.8,0.97,0.63,0.85,-7.35,-7.6,-7.9,-23.5,-20.6,-3.8,2,-0.2,-1.8,-6.9,-2.9,9.6,-6.7,3,5.8,12.3256,9.62997027,3.3,4.7,1,4.1,-1.6,6.1,-2.7,-9.4,1,11.4,4.7,1,0.6,-8.5,-7.7,13.043,11.9264294,1.6,0.6,1.5,3,8.6,1.1,-5,4.3,6.1,-9.9,2.5,-9.5,0.7,4.3,-130,-85.1,-53.6,10.4069,-19.3578,-12.235,4.99636872,0.00430529,0.2,-15.2,-0.01,-1.42E-14,-0.02,-7.35,-3.1866751,-7.9,34.5344,1.70506469,0.48485,-2.3414291,2604.42,-5.775668,15.535,12.785,1,0.04747346,-1.1831646,2.8,-4.3,130,85.1,53.6,-16.5878,21.1625,8.1938,1.84476551,-0.0693661,1.8,16.2,-34.285,-4.9079776,0.48485,2.79618046,-2604.42,8.63518175,-5.865,-13.855,0.8
2018,Region 3,First Round,2018 Syracuse,2018 TCU,11,6,1,-8,-8.2,-2.6101774,-5.3272,-0.0585886,-2.5,-1,-4.7,-1.1,2.01,1.61,-1.09,-13.26,-5.8,-5.6,-30.6,-21,2.5,-2.4,5,-2.6,4.9,-11,1.7,9.3,-3.8,-1.3,6,5.2084741,-5.5,-3.7,-5.8,1.1,9.5,-1.5,9.2,-9.4,7.1,-2.9,-1.3,-3.7,-5.7,-7,-7,26.5128,27.3414906,10.1,10.4,7.2,-3.5,2.8,1.9,-5.2,-11.4,0.6,1,6.7,11.8,7.8,3.6,-126,-75.2,-63.7,10.2618,-16.029,-11.6946,1.00222329,0.10201628,-9.4,-11.5,0.01,0.04,0.02,-13.26,-3.9721092,-5.6,29.86,7.75534998,0.97461,-1.7958499,1745.46,-9.2920825,-12.548,13.26,-2,-2.1000886,-4.6091278,2.5,-3.6,126,75.2,63.7,-15.4675,22.403,16.3812,4.05212294,-0.4423083,-5.9,3.9,-36.4015,-9.0382858,0.97461,0.60148576,-1745.46,4.98930746,-29.213,-13.005,0
2018,Region 3,First Round,2018 Bucknell,2018 Michigan St.,14,3,0,-22.8,-13.3,-10.966336,-19.5324,-0.2916212,-5.5,-1.1,4.5,2.9,-0.3,-0.1,0.69,-1.08,4.2,4.7,-24.9,-32.5,1.5,1.1,-4.7,3.6,-7.2,4.2,0.2,-4.4,-6.7,1.2,15.5456,13.8644794,11.4,17.2,1,-0.7,13.2,-2.6,0.4,-2.6,3.9,7.3,19.2,12.1,1.6,-15,-14.4,17.615,17.484435,10.2,9,8.1,5.4,1.9,-2.1,-8.7,18.8,9.6,5.5,11,5.6,6.8,2,-132.1,-82.5,-57.7,7.5689,-18.4739,-9.8088,0.42057155,-0.0349085,-6.1,-19.2,0.02,0.03,0.02,-1.08,-0.057434,4.7,36.443,1.81249554,-0.03201,-1.7243773,1814.26,-4.8724276,-2.772,11.56,-3,-0.0974516,-0.0106416,7.9,-2,132.1,82.5,57.7,-15.3358,13.6094,6.6944,0.04468301,0.0791824,8.2,12.2,-37.742,-2.5568659,-0.03201,2.2243945,-1814.26,8.37423619,-14.418,-15.43,0.6
2018,Region 3,First Round,2018 Oklahoma,2018 Rhode Island,10,7,0,0.8,1.1,-0.5432945,0.0372,0.03355041,-1.7,-0.3,-2,-1,2.23,2.65,-0.93,4.32,7.7,7.1,-28.7,-30.9,6,-3.9,-5.9,9.9,4.8,-2.2,-3,5.2,3.8,3.2,17.8,19.4027109,3.7,3.1,3.2,1.4,-7.6,5.6,0.4,1.9,3.7,0.9,2.4,0.7,2.7,-4.2,-2.2,11.001,10.8990792,0.3,1.6,-1.1,-0.1,4.9,1.6,-1,6,-2,-5.5,3,-0.4,-1,6.6,-127.2,-83.6,-70.1,15.9879,-14.0102,-5.9322,-0.3729516,-0.3541283,6.9,4.3,0.02,1.42E-14,0.03,4.32,-4.0053388,7.1,33.0655,2.4843375,1.93187,-2.7144122,882.37,-9.6209202,-3.21,12.66,0,0.71471886,-0.6191288,-0.6,-6.6,127.2,83.6,70.1,-9.6175,17.8572,12.4696,1.96520671,-0.1253602,0.6,8,-35.1727,-0.9102509,1.93187,2.27691854,-882.37,7.86966407,-14.406,-11.545,2
2018,Region 3,First Round,2018 Iona,2018 Duke,15,2,0,-32,-23.9,-13.897509,-26.26217,-0.4167132,-9.3,-6.2,11.5,8.6,-3.21,-3.49,1.59,9.88,0.6,0.2,-22.5,-29.4,-2.1,4.2,-8.4,4.1,-12.2,3.1,-2,-1.1,-12.5,-4.4,16.794,14.9354696,8.1,6.5,6.7,0,8.4,0.9,-4.8,0.8,1,0.7,2.3,6.2,6.2,-22.7,-19.5,15.214,15.8529293,3.9,4.2,2.3,4.6,5.7,1.1,-8.6,5.7,5.4,7.9,8.5,-0.8,1.2,8.2,-130.6,-76.8,-83.5,10.7789,-20.6621,-9.2929,-2.7037407,-0.0635271,-0.8,-13.9,-0.04,-0.01,-0.02,9.88,1.51089779,0.2,36.318,-0.0274349,-2.4937,-1.8068792,288.64,-6.9841332,1.165,8.715,-1,0.39731313,3.52047021,8.1,-8.2,130.6,76.8,83.5,-22.9081,12.629,9.2218,-3.8676196,-0.2096386,-3.2,-2.3,-37.0828,-4.0512543,-2.4937,2.33528856,-288.64,11.8309935,-13.301,-15.45,3.2
2019,Region 1,First Round,2019 North Dakota St.,2019 Duke,16,1,0,-43.2,-31.7,-19.614608,-35.19105,-0.5478448,-12.7,-5.2,9.5,7.8,-2.09,-1.34,0.71,8.47,-7.2,-7.6,-17.1,-26.7,-2.6,-5.8,-7.2,13,-9.7,-3.9,5.6,-1.8,-10.1,-7.7,18.4609,17.4592711,9.2,7.5,7.5,7.4,8.1,4,-9,-2.6,-1.4,6.1,4.7,8.7,6.8,-28.4,-23.8,10.333,10.5636674,-0.2,5.4,-6.4,-5.6,8.4,-3.1,-10.7,7.2,6.7,10,9.9,-6.9,-6.2,5.4,-132.1,-88.1,-83.1,6.2676,-18.2742,-6.919,-0.9736245,-0.5309312,1.2,-16.4,0.01,-0.01,0.01,8.47,4.87011995,-7.6,34.3304,-1.3683564,-0.96348,-2.358335,620.13,-5.5363252,-3.867,7.075,0,1.07589784,4.45594944,2.4,-5.4,132.1,88.1,83.1,-25.6963,18.6318,10.8766,-8.8076337,-0.3077833,-1.2,2.8,-37.1738,-2.2553197,-0.96348,2.82992765,-620.13,13.5014866,-22.791,-15.985,4.6
2019,Region 1,First Round,2019 UCF,2019 VCU,9,8,1,-3.9,-2.1,0.80663202,-1.1134,-0.012527,-5,-1.5,-8.5,-3.8,1.32,4.35,0.79,-11.94,-1.9,-3.3,-30.5,-20.6,9.1,-3.4,1,2.4,-2,-2.6,5.4,-2.8,-1.1,1.4,21.6878,24.1987977,9.7,8.7,7.8,-4.4,9.2,6,-1,2.7,4.8,7.5,12.1,3.8,8,-1,-3.6,8.5785,10.0720077,5.1,9.1,-0.6,5.2,6.4,-1.8,-1.5,1.1,4.2,5.8,11.3,0.2,-0.9,-8.2,-120.6,-79.3,-50.8,16.8598,-19.3936,-10.744,1.12445478,0.06609682,-1.8,-1.7,-0.01,-0.02,-0.02,-11.94,-1.1966021,-3.3,30.0825,2.66269191,2.90325,-1.780415,1060.36,-7.3766566,6.871,10.37,-1,1.21400243,0.63795965,2.5,8.2,120.6,79.3,50.8,-12.2988,24.8282,13.856,-3.8205898,-0.0445749,-0.2,19.6,-30.4559,-0.5493063,2.90325,1.88710582,-1060.36,7.27757724,4.336,-8.98,-2.6
2019,Region 1,First Round,2019 Liberty,2019 Mississippi St.,12,5,1,-4,-3.3,-4.9817926,-9.8561,-0.1647776,-3.8,-1.4,0.2,1.3,-1.96,-3.54,0.18,0.75,-3.5,-5.5,-21.8,-23.9,-2,11.3,-17.5,6.1,-8.5,6.1,-4.1,-2.1,2.8,5.9,13.8477,12.0643406,6,8.4,1.3,6.7,-5.7,2.5,-4.1,3.4,-2.8,12.3,-1.4,9.5,1.1,-7.3,-9.3,17.6515,16.7118793,5.9,4.9,4.9,4.8,-0.1,1.5,-8.4,5.4,4.8,1,6.7,7,4.4,9.5,-123,-83.1,-77.6,17.341,-21.7152,-7.8202,2.77965517,0.06674729,0.7,-13.3,0.06,0.07,0.05,0.75,0.54965578,-5.5,36.6205,-2.4108439,-2.34948,-1.9098618,116.73,-6.5128674,6.782,11.09,-2,-0.3381633,-0.7556257,3.1,-9.5,123,83.1,77.6,-14.2721,14.4631,9.9383,1.87904523,0.00016423,2.9,12.8,-33.3918,-7.3448231,-2.34948,2.49926071,-116.73,12.0067641,-11.039,-12.68,-2
2019,Region 1,First Round,2019 Saint Louis,2019 Virginia Tech,13,4,0,-20,-11.1,-7.9696135,-18.19706,-0.2684677,-11.4,-4.8,-2.6,0.4,-0.2,0.03,-0.04,-2.49,2.5,2.6,-17.3,-17,-2,11.9,5.1,-17,-1.4,0.7,5.4,-6.1,-15.1,-2.2,8.6116,6.83644844,-2.1,-0.9,-2.4,-12.4,13.3,2.7,8.7,-2.1,2.4,-2.4,-3.2,-1.8,-2.3,-11.9,-8.8,22.1306,22.650576,9.5,7.3,8.1,4,-1.5,1.9,-4.5,4.7,-1.5,0,4.8,5.6,8,-1,-122.4,-81.4,-69.6,14.7042,-29.2433,-23.5811,-0.2505803,0.66227596,1.1,-20.3,0.03,0.02,0.02,-2.49,1.52867741,2.6,26.8193,5.17232544,0.00338,-1.8175973,815.88,-10.243375,-29.278,9.76,-1,-1.2773152,-3.6049806,12.9,1,122.4,81.4,69.6,-11.4848,18.387,8.5758,3.15255825,0.13915477,-3.6,15.7,-36.2286,-4.0356772,0.00338,1.61239404,-815.88,7.32452986,-23.226,-12.64,3.1
2019,Region 1,First Round,2019 Belmont,2019 Maryland,11,6,0,-3.8,1.9,-2.8031098,-6.9037,-0.1042465,-3.7,-1,0.7,1.6,-0.35,0.2,0.81,2.2,7.9,4.9,-16.8,-28.3,1.8,8.1,-12.6,4.5,-7.2,-7.8,10.6,-2.8,2,6.9,20.9911,19.6019185,11.8,14.8,5.1,1.7,1.5,-1.1,0.9,9.7,-0.7,6.3,10.2,5.4,4.9,-1,-4.9,12.06,11.1082153,3,4.1,0.6,5,5.2,-3.5,-9.6,7.9,3.1,5.9,4,-3.3,0.4,4.6,-134.2,-91.5,-84.7,21.1975,-25.3824,-10.6762,0.94206443,0.12560818,6.4,-13.3,-0.01,0.03,0,2.2,-2.1121433,4.9,41.1768,-0.5430917,0.20821,-1.6744823,283.08,-6.6293928,13.369,12.48,2,0.96726541,-1.2259156,4.9,-4.6,134.2,91.5,84.7,-18.8129,21.8406,9.488,-3.5060264,-0.3290592,9,16,-33.2945,-6.9025342,0.20821,2.992234,-283.08,9.70750266,9.637,-12.305,-3.9
2019,Region 1,First Round,2019 Yale,2019 LSU,14,3,0,-10.3,-7.4,-8.0432235,-12.37867,-0.1991113,-3,-1.2,1.3,1.8,0.01,-0.1,1.1,-2.28,2,1,-26.3,-27.5,0.8,10.1,-5.4,-4.7,-10,-4.4,0.6,3.6,0,2,14.1824,13.0829266,5.9,6.4,3.3,4.5,-3.7,2.6,-4.1,13.2,3.9,6.6,3.5,2.9,2.8,-9.3,-9.3,15.37,16.2435694,4.5,5.9,1.1,1.7,7.1,-3,-12.9,-2.7,4.5,7.4,5.9,1.8,1,5.2,-127.8,-81.6,-67,23.5107,-23.4813,-13.6355,1.67029727,0.43625216,-5,-12.5,-0.04,-0.05,-0.05,-2.28,-0.5305143,1,35.6373,-2.2402668,-0.0652,-2.4289274,1200.05,-7.6126902,12.32,11.705,0,-0.0323903,1.479304,2,-5.2,127.8,81.6,67,-22.9551,23.6796,15.138,-3.0370705,-0.5324237,1.8,5.6,-34.265,-8.3557483,-0.0652,2.24724364,-1200.05,8.2032737,-2.437,-14.035,4.44E-16
2019,Region 1,First Round,2019 Minnesota,2019 Louisville,10,7,1,-3.8,-4.2,0.37120937,-6.5133,-0.0964222,-2.9,-1.1,-6,-2.3,1.74,0.49,-0.22,-8.72,-0.6,0.2,-34.3,-22.6,3.4,7.2,0.5,-7.6,-4.2,7.2,2.6,-9.9,-3.1,1.8,18.2655,16.7988932,1.9,2.7,0.4,-1.8,10.4,-1.3,6.1,11.8,-0.3,-3.8,-0.5,3.3,-0.3,-0.4,-6,17.1624,16.3540266,1.8,2.3,0.3,8.9,6.8,-1.2,-1.1,3.2,-3.4,-3.7,5,-0.9,0.1,-5.3,-131.7,-85,-63,18.2633,-26.7782,-15.9128,-2.4976458,0.62726015,-8.7,-11.4,0,-0.02,0,-8.72,0.6580924,0.2,31.0624,1.85622171,0.33881,-2.1768997,1248.15,-11.34408,-8.614,11.665,0,0.12599677,-1.7917501,4.9,5.3,131.7,85,63,-10.9314,16.3152,7.4382,1.04716548,0.36117842,1.8,15.2,-33.3904,-1.8921328,0.33881,2.19139948,-1248.15,8.53327493,-3.034,-11.13,-5.6
2019,Region 1,First Round,2019 Bradley,2019 Michigan St.,15,2,0,-32.5,-24.9,-18.255812,-31.718975,-0.4876323,-11.4,-8.8,4.6,5.7,-0.81,0.36,0.27,-1.17,-2.6,-2.9,-27.8,-22.6,-1,-7.8,9.6,-1.9,-2.7,-8.1,6.6,1.5,-15.1,-11.2,10.5241,8.03893362,6,5.4,5,1.3,8.6,-4,0.3,-0.9,3.2,-7.5,8,7.7,5.4,-18.7,-13.5,20.479,18.8757291,8.2,8.4,5.4,3.1,-0.3,-0.1,-7.4,14.6,6.9,0.1,8.2,1.3,5,-3.2,-128.9,-85.3,-65.7,2.365,-18.396,-12.3838,-6.3106074,-0.1914123,-15.2,-28.8,-0.01,-0.01,-0.03,-1.17,1.77464687,-2.9,31.918,4.46984009,0.24129,-1.8666175,998.06,-6.3791638,-26.678,8.57,-2,-0.8864994,0.48644528,3.9,3.2,128.9,85.3,65.7,-17.6522,22.8807,12.1506,0.92682026,-0.3162921,10.8,26.8,-35.619,-1.3844708,0.24129,1.65349588,-998.06,7.91510299,-32.771,-14.06,5.2
2019,Region 4,First Round,2019 Fairleigh Dickinson,2019 Gonzaga,16,1,0,-44.4,-30.4,-16.302981,-37.0374,-0.6130126,-8.5,-4.8,11,9.1,-2.04,-0.84,-0.14,-3.29,-3.7,-3.6,-30.4,-26.2,3.2,5.3,-5.7,0.3,-5.1,-0.5,-2.7,3.2,-13.4,-5.7,13.848,13.197742,10.3,8.1,9.5,4.8,10.4,-0.5,2.3,12.1,5.3,11.8,7.7,1.9,9.8,-33.5,-24.7,14.693,13.8432025,8.1,10.7,2.2,6.4,5.8,5.9,2.5,4.4,4.1,4,13.3,4.5,1.1,9.8,-126.8,-79.8,-73.2,13.0332,-20.7198,-10.14,2.89278676,0.23087255,3.9,-4.7,-0.02,-0.02,0,-3.29,4.09791957,-3.6,33.3808,4.87623672,-0.5964,-3.3934555,1041.34,-7.0375048,-26.35,9.455,0,0.23329754,-2.7854299,7.7,-9.8,126.8,79.8,73.2,-21.8518,14.1971,12.1341,-1.4706978,-0.274946,-10.3,-4.4,-41.064,3.01795008,-0.5964,1.81060714,-1041.34,8.76123681,-63.271,-15.145,8.8
2019,Region 4,First Round,2019 Baylor,2019 Syracuse,9,8,1,-2.1,-3.6,0.43829855,-1.0065,-0.0376065,-5.3,-5.1,-4.1,-1.4,-2.49,-2.3,-0.19,7.96,-0.6,-0.8,-12,-19.4,0.1,-0.8,8,-7.2,0.6,-3.6,8.6,-5,7.6,-1.4,19.6037,18.5466031,3.4,4.4,1.7,-4.9,-2.2,3.3,4.8,-13.4,4.2,-3.6,12.1,0.4,1.2,-5.5,-2,11.9892,11.3258408,0.9,2.4,-1.1,0.1,0.3,0.1,-1.3,-5,4.5,11.1,-0.2,-1.4,-1.2,-3.5,-120,-69.7,-59.3,13.535,-21.7918,-18.3282,-1.1147368,0.12085587,-4.2,-25.3,-0.05,-0.1,-0.08,7.96,3.14407381,-0.8,28.5909,7.97455116,-1.55052,-1.0890899,865.28,-5.2485493,10.602,9.655,0,0.76462283,1.85636121,-9,3.5,120,69.7,59.3,-13.5602,23.3888,10.6354,-5.4971714,0.03235552,12.6,29.8,-30.883,-3.3776519,-1.55052,1.5911789,-865.28,6.13115532,-9.628,-11.27,3.5
2019,Region 4,First Round,2019 Murray St.,2019 Marquette,12,5,1,-0.4,-2.5,-1.4567467,-5.089,-0.0727703,-2,0.3,-0.9,0.4,-0.64,-0.93,-0.05,-1.17,0.4,-0.4,-27.4,-22.9,8.1,8.7,-9.7,0.9,-0.3,9.1,-3.1,-6,6.1,5,16.3086,14.8372856,9.3,12.4,2.5,5.9,-2.5,-0.6,6.2,8.3,2.5,5.2,9.8,2.1,2.5,-5.8,-7.5,15.444,13.7235823,7.7,2.1,10.8,4,7.5,0,0.9,6.4,1.9,-1.6,0.4,7.4,9.9,1.6,-127.2,-82.3,-66.8,24.5091,-24.1949,-11.3598,1.93667429,0.42980034,4.3,1.6,0.02,0.06,0.04,-1.17,2.6245317,-0.4,36.725,2.19084847,-0.65424,-1.8333863,1128.23,-8.0910281,8.634,13.565,1,0.11319362,-3.765574,-1.1,-1.6,127.2,82.3,66.8,-5.2204,13.8837,9.2354,5.05871007,0.38933642,3.5,19.6,-33.0985,-4.3616054,-0.65424,2.55313839,-1128.23,7.912978,-9.272,-9.915,-1.7
2019,Region 4,First Round,2019 Vermont,2019 Florida St.,13,4,1,-4.6,-0.8,-8.4218996,-13.83676,-0.1638514,-4,-0.1,-4.5,-2.1,-2.18,-3.45,-0.5,-4.62,-3.6,-3.2,-20.8,-23.5,-3.1,0.8,-3,2.2,-12.3,-2,2.1,0,-1.6,3.9,17.5197,15.1528323,5.1,5.8,2.7,2.8,0.2,3.7,0.6,2.1,3.6,4,3,9.3,2.4,-3.3,-4.6,13.7584,13.1712088,1.7,4.5,-1.7,1.6,10.1,0.2,-11.3,2.6,3.9,-2.4,9,-3.9,-1.9,-0.6,-124.5,-90.7,-65.1,5.5956,-18.868,-11.083,-0.8403629,-0.1115498,-1,-22.1,0.02,0.05,0.03,-4.62,-1.7612188,-3.2,33.0035,3.44412902,-2.36451,-2.3316641,1636.47,-7.2052177,-8.004,11.635,0,0.40046383,7.87043628,5.5,0.6,124.5,90.7,65.1,-22.1454,21.3682,11.9509,-0.7595755,-0.3793003,0.5,6.5,-31.0716,-7.9362612,-2.36451,2.55569597,-1636.47,7.54371431,-8.152,-11.865,-1.3
2019,Region 4,First Round,2019 Arizona St.,2019 Buffalo,11,6,0,-13.5,-10.9,-5.5196513,-9.1279,-0.1074009,-4.5,-2.8,-3.7,-0.4,1.14,0.48,-1,-1.93,-2.6,-3.6,-28.2,-12.6,8.2,1,-0.4,-0.4,-0.9,-7.4,8.1,-0.6,-3.7,0.7,15.2209,13.6945561,3.6,1.8,4.4,-2.5,12.1,1.9,5.8,11,1.2,5.8,2.8,-1.1,4.3,-11.1,-11.6,16.3254,15.3337827,4.8,8.6,0,-2.1,-6.4,3.3,-5.2,0.2,1.4,11.5,5.4,2.1,0.3,0,-126.6,-82.8,-54.1,17.5254,-20.6906,-13.4533,1.77594081,0.27261151,0.6,-5,0.01,0.05,0.04,-1.93,0.16778621,-3.6,30.6308,6.35419657,0.34668,-3.2094189,1271.78,-8.6067464,-16.758,11.9,-1,-0.0734745,1.2909614,4.4,0,126.6,82.8,54.1,-18.0756,24.5406,14.1093,-4.8119454,-0.1747559,-15.5,5.7,-35.355,-2.6407623,0.34668,1.75216509,-1271.78,9.25541518,-31.374,-13.835,-0.5
2019,Region 4,First Round,2019 Northern Kentucky,2019 Texas Tech,14,3,0,-19.3,-13.5,-9.0429348,-20.18842,-0.2752671,-8.6,-4.3,0.8,3.2,0.03,0.71,-0.27,3.25,1.6,2,-18.8,-25.3,-1.7,9.5,-10.6,1.1,-4.1,1.4,-4.5,3,-10.5,-1.1,23.2882,22.054252,12.2,14,6.3,-2.2,-2.1,5.4,2.1,13.4,4.2,-1,7.2,11.6,6.2,-10.1,-12.5,10.018,10.472317,4.8,3.4,4.9,0,-1.7,0.3,-2.1,0.1,4,-1.8,7.2,0.7,4.5,0.4,-122.7,-85.6,-58.2,12.5675,-26.8132,-13.3524,-4.327098,0.16580191,1,-22.6,0.02,0.01,0.03,3.25,1.36754373,2,32.164,0.53879921,0.49056,-2.0565726,1132.82,-5.9594301,-23.778,10.355,1,1.342994,4.23970633,9.4,-0.4,122.7,85.6,58.2,-16.4394,18.8543,13.38,1.53416573,-0.1615318,4.7,16.3,-34.4731,-4.0506551,0.49056,2.10634463,-1132.82,7.82593349,-20.715,-12.59,-2.4
2019,Region 4,First Round,2019 Florida,2019 Nevada,10,7,1,-1.5,-0.3,-3.4766844,-0.599,0.01989078,-8.2,-4.7,-1.3,-1,-0.92,-1.13,-1.32,11.91,-6.1,-6.5,-16.6,-19.2,2.6,-5.1,1.8,3.3,-2.1,1.2,3.4,-4.7,-1.4,-0.6,15.1419,14.3130934,2.3,3.8,0.1,4.6,2.8,1.2,6.4,-0.9,4.1,-5.4,8.1,-0.3,0.2,-2.7,0.4,22.105,21.4963164,5.7,6.5,3.1,1.8,7.1,8.2,5.2,5.2,2.2,5.7,7.4,3.1,3.1,0,-125.8,-86,-67.7,7.7299,-18.7185,-12.2244,-1.9534391,-0.1342542,-0.8,-22.7,0.04,0.06,0.03,11.91,1.03394845,-6.5,30.8572,5.85900692,-0.77811,-2.6729037,631.16,-8.2355691,-17.126,9.68,0,-0.6695611,1.05208107,0.8,0,125.8,86,67.7,-17.1632,19.3029,11.2088,-1.4654906,0.11126039,-3.2,7.3,-34.648,2.05722128,-0.77811,2.17597787,-631.16,7.94162274,-25.533,-11.855,3.1
2019,Region 4,First Round,2019 Montana,2019 Michigan,15,2,0,-30.7,-15.9,-12.194181,-25.88829,-0.3696096,-15,-5.2,3.2,2.2,-1.48,-2.27,0.98,8.42,3,1.8,-32.6,-23.6,0.8,3.6,-11.8,8.2,-4.9,2.8,1.1,-3.8,-18.8,-5.2,21.279,20.475538,12.6,11.7,9.4,4,7.1,0.9,2.2,6.8,-1.9,9.2,7.6,8.7,8.7,-12.2,-10.7,11.702,12.083748,2.1,2.8,0.4,-4.7,-10,5.8,0.5,9.5,2.1,9.8,6.2,-2,-0.2,2.9,-131.5,-97.3,-79.1,14.7996,-21.7138,-6.8635,0.12083722,-0.1724658,-7.2,-14.8,-2.84E-14,0,0.02,8.42,1.34526604,1.8,36.6045,3.55969735,-1.51076,-3.4059587,-78.14,-8.4222934,-25.864,10.37,1,1.02149317,3.80374769,13.6,-2.9,131.5,97.3,79.1,-16.2281,19.4839,10.0358,-5.4210955,0.05790341,2.1,14.1,-35.4165,-0.4398639,-1.51076,2.5145837,78.14,11.4632972,-15.018,-12.14,1.5
2019,Region 2,First Round,2019 Gardner Webb,2019 Virginia,16,1,0,-34.4,-24.6,-15.952935,-36.398722,-0.5232072,-10.1,-6.5,7.8,9,-1.95,-3.43,0.13,3.34,7.2,7.5,-21.8,-16.3,-0.5,12.4,-7.5,-4.9,-5.6,-1.1,-4.2,5.4,-12.1,-0.9,19.5587,16.7530637,11.3,8.3,10.5,6.5,11.3,1,-3.3,7.9,-1,-3.1,3.3,3.6,8.8,-23.1,-23.5,15.353,15.3203084,5.5,2.3,7.1,2.1,2.6,3.4,1,2.3,3.5,3.6,2.6,3.6,5.8,4.2,-132.6,-90.5,-74.9,18.6306,-28.3582,-16.0423,-4.2521891,0.42655678,2.9,-16.3,0.07,0.1,0.06,3.34,-2.2652413,7.5,35.5366,1.14898378,-2.26105,-3.183596,562.56,-7.3654096,-18.307,10.075,0,0.6848973,-1.56528,11.2,-4.2,132.6,90.5,74.9,-17.6521,19.2098,14.1662,0.68427332,-0.2792214,1.2,21.3,-38.4983,-1.9180999,-2.26105,2.03152009,-562.56,12.1883811,-37.09,-12.66,-0.4
2019,Region 2,First Round,2019 Oklahoma,2019 Mississippi,9,8,1,4.1,0.2,1.58117953,0.4514,0.00337348,-4.5,-2.3,-2.5,-1.3,0.51,0.19,0.48,2.9,0.6,0.8,-31.9,-19.5,-1.9,5.9,-4.5,-1.4,-1,6.5,-7.8,1.4,6.1,5.4,11.7047,12.2458068,-0.4,1.8,-3,-0.9,-1.8,3.6,-3.3,-6.7,-1.4,5.7,-8.3,7.1,-2.8,-3.1,-5.2,18.9127,20.3540265,5.9,7.6,2.5,10.9,7.6,-0.7,-2.5,4.2,0.4,-6.6,13.9,5.5,2.5,0.9,-125.9,-86,-79.6,15.4974,-22.2809,-10.1444,0.38165947,0.16742649,-15.5,-20,0.05,0.02,0.05,2.9,-0.1392154,0.8,31.0912,0.43665266,0.13784,-1.8467063,173.51,-9.0991215,16.222,9.75,0,-0.7160833,-1.7663683,-0.7,-0.9,125.9,86,79.6,-9.2765,16.9875,13.2629,3.79159885,0.10275517,5.4,22.9,-34.0965,-2.6991589,0.13784,2.18733082,-173.51,10.5488029,0.47,-9.985,-2.1
2019,Region 2,First Round,2019 Oregon,2019 Wisconsin,12,5,1,-11.2,-9,-7.2042112,-8.5229,-0.0857789,-10.6,-4,-3.9,-3.1,1.22,0.17,-0.37,4.48,1,0.5,-25.6,-20.7,3.6,2.7,-7.2,4.5,3.5,-2.7,-8.2,10.8,-10.6,-6.3,20.566,17.6400565,6.9,8.2,3.1,5.4,4.4,-0.6,3.2,7,3.8,0.5,3.6,8.3,3.6,3.3,-2.8,18.2609,15.9827842,4.7,0.8,7.2,-5.4,-7.8,6.6,4.1,-6.3,3.2,-1.4,0.7,4.2,6.9,-5.2,-129.6,-91.7,-81,12.7191,-22.0118,-10.1105,-2.4999624,0.03385445,-5,-16.5,-0.01,-0.03,-0.01,4.48,2.58948657,0.5,33.003,3.503256,0.11831,-3.1117011,-440.62,-7.7441771,-18.953,8.92,-1,0.20533463,1.11495275,4.3,5.2,129.6,91.7,81,-9.2845,21.4924,19.8126,3.45788025,-0.2711272,-2,15.2,-32.912,-2.8952788,0.11831,1.89883846,440.62,6.21095563,0.54,-9.07,-6.1
2019,Region 2,First Round,2019 UC Irvine,2019 Kansas St.,13,4,1,-5.6,-2.3,-5.6238118,-10.76033,-0.1818567,-11.8,-6.9,-2.9,-0.3,0.1,1.03,-0.02,12.97,1.1,1.8,-25.2,-29.1,-2.1,5.3,5.2,-10.5,-4.9,4.3,0.7,-5,-7.4,-0.1,18.8683,17.9995262,3.3,1.2,4.8,3.4,-1.9,5.8,8,-6,2.5,-1.3,-5.1,9.3,4.5,1.7,-2,10.816,9.43995115,5.8,8.3,0.3,-4.5,-3.1,-0.7,-1.7,15,1,-0.8,13.6,4,-0.5,-7.3,-125.9,-86.3,-76.4,11.8327,-22.5185,-17.7978,-4.2864388,0.38051782,-5,-22.2,-0.08,-0.08,-0.08,12.97,-2.0034688,1.8,30.7255,9.44887046,0.68639,-2.0117246,-207.24,-11.625133,-16.234,10.265,0,0.74780868,0.45923049,7.3,7.3,125.9,86.3,76.4,-6.8952,19.1423,9.2518,0.80179449,0.12588133,15.7,26.8,-31.4849,-0.7343831,0.68639,2.588023,207.24,8.46452243,3.567,-8.77,-3.7
2019,Region 2,First Round,2019 Saint Mary's,2019 Villanova,11,6,0,2.7,6,-4.3341432,-1.0639,0.00819007,0,2.4,0.3,1.2,-0.13,0.84,-0.23,-0.47,-1.3,-1.1,-25.7,-15.1,-2.7,5.8,-1.4,-4.5,-6.9,13,9,-22,8.1,12.2,16.4353,15.4763597,4.1,2.8,4.3,4.6,1.1,1.8,4,-18.3,-1.9,-0.9,-1.5,6.9,3.5,-3.6,-6.1,20.0499,17.8386229,4.8,4.8,3.5,-1.2,5.9,-0.6,-7.6,14.7,-0.3,-5.4,7.6,0.7,3,5.9,-132.2,-87.4,-77,11.9852,-18.7336,-12.7773,-2.9685224,0.22330574,2,-12.9,-0.04,-0.03,-0.04,-0.47,-2.5885537,-1.1,36.1299,6.72389877,0.53298,-2.1229752,787.16,-10.170049,9.939,12.505,1,-0.3691084,1.96522893,4.1,-5.9,132.2,87.4,77,-11.453,12.8143,2.6428,2.94872017,0.7086634,-2,14.5,-35.8924,-4.3103254,0.53298,2.79220889,-787.16,13.0599268,-8.864,-13.675,-2.5
2019,Region 2,First Round,2019 Old Dominion,2019 Purdue,14,3,0,-32.4,-17,-7.6779763,-20.47267,-0.2973348,-10.2,-2.4,4.1,1,-0.68,-1.22,0.2,0.51,-0.9,-1,-19.7,-15.4,-2.3,0.3,5.6,-5.8,-3.7,-1.1,6,-4.9,-19.8,-4.2,6.8868,4.78703192,-1.8,-3.4,0.9,-7.3,-3.1,1.6,5.7,-1.2,2.7,1.7,-3.7,-0.1,0.6,-19.4,-12.7,24.7422,25.5455192,7.1,7.7,3.9,6.5,-3,2.7,-10.2,1.2,6.2,-2,6.8,5.3,5,-4.5,-128.1,-81.3,-75.9,9.1062,-23.0288,-15.299,0.44402123,0.08238922,-8,-26.6,0.06,0.07,0.07,0.51,1.13469122,-1,29.3142,5.96975228,-0.8223,-2.1540504,57.69,-6.6635745,-32.386,10.015,-1,-1.7032522,-3.646874,15.6,4.5,128.1,81.3,75.9,-12.2555,22.1238,10.4286,3.0585866,-0.0110669,-0.8,24,-34.2023,-8.1249327,-0.8223,1.97275359,-57.69,6.46273512,-29.638,-12.005,6.7
2019,Region 2,First Round,2019 Iowa,2019 Cincinnati,10,7,1,-8.6,-5.5,-2.7217106,-1.0954,-0.0407011,-2.1,-0.8,1.6,2.1,1.53,0.76,-0.41,1.87,5.5,6,-18.2,-25.5,1.7,5,-1.2,-3.8,0.7,7.4,-15.2,7.9,5.1,5.8,22.648,22.5189311,4.5,6.8,1,7.6,11.8,3.7,0.5,9.5,-0.3,3.2,10.1,-1.2,0.9,-11.8,-11.3,10.359,11.571346,-2.6,-6.1,2.4,2,9.3,2.4,-8.6,-4.9,6.9,-4.1,-1.8,-0.5,2.1,1.3,-127.3,-74.1,-60.3,13.1709,-21.1312,-13.41,2.04509463,0.25647359,-0.2,-18.9,-0.04,-0.04,-0.06,1.87,1.76009287,6,32.7057,-0.5773843,0.57004,-2.3307181,1227.32,-6.048375,3.078,11.775,-1,1.28294364,0.82086122,0.7,-1.3,127.3,74.1,60.3,-10.3072,16.4102,16.3627,2.40523994,-0.0216262,7,16.1,-32.157,-8.2494893,0.57004,1.69964662,-1227.32,9.75030377,-23.799,-13.345,0.5
2019,Region 2,First Round,2019 Colgate,2019 Tennessee,15,2,0,-27,-18.7,-13.94095,-22.6933,-0.37342,-6.2,-3.8,8.1,7.4,-0.12,0.66,-0.58,1.45,-1.9,-0.7,-19.2,-27.3,-3.6,3.4,-4.5,1.2,-6.1,4.9,-13.5,8.6,-4.4,1.1,14.5393,13.3662574,8.5,9.3,4.7,8.6,-5.5,-1.1,0,5.6,3.6,9.8,6.9,8.1,4.1,-26.5,-19.8,16.728,17.3582196,4.7,5.3,2.3,5.7,4.8,2.1,-4.7,8.8,5.3,-4.9,8.2,7.5,2.8,9.2,-128.6,-80.9,-74.7,9.595,-18.1725,-9.6162,1.6895679,-0.0361221,6.1,-13.4,0.05,0,0.03,1.45,-0.5023998,-0.7,35.5381,0.85675656,0.44645,-2.2937224,388.37,-6.2212623,-13.694,11.44,0,-0.0451011,-2.0127144,5.5,-9.2,128.6,80.9,74.7,-13.7194,12.4226,15.1808,4.12672257,-0.3001349,7.3,18,-37.6153,-1.3584551,0.44645,1.73724702,-388.37,8.98254164,-55.525,-14.125,6.7
2019,Region 3,First Round,2019 Iona,2019 North Carolina,16,1,0,-33.4,-20.5,-20.173517,-32.24928,-0.5835861,-6.2,-3.3,7.3,6.1,-1.67,-0.4,0.23,-3.49,-4.8,-4.2,-13.9,-21.2,-4.1,11,-11.7,0.7,-2.8,3.5,-10.1,6.6,-5.1,-0.9,15.813,13.9465032,4.7,5.8,2.2,5.8,8.2,1.2,2.5,-4.3,-3.1,-7,-7.7,10.8,1.6,-22.1,-19.7,10.279,9.1586571,0.6,1.7,-0.3,5.9,2.1,1.5,-4.5,5.5,-1.6,-2.2,11.1,-2.7,-0.4,6.5,-128.5,-86.4,-74.3,14.7957,-26.5447,-13.5075,-7.043696,0.14251927,5.1,-23.3,-0.05,-0.06,-0.06,-3.49,2.73174396,-4.2,34.2665,3.679606,-0.32788,-2.0298109,530.98,-8.9802106,-7.491,11.97,0,0.8142334,4.50910621,4.2,-6.5,128.5,86.4,74.3,-13.7408,16.2826,13.922,-0.6640921,-0.1534912,4.9,21.1,-34.9819,-0.869106,-0.32788,1.80262761,-530.98,10.9633808,-39.522,-13.01,2.4
2019,Region 3,First Round,2019 Washington,2019 Utah St.,9,8,1,-1.4,-0.8,1.04520257,-3.2529,-0.0358852,-5.5,-2.4,-6.2,-2.4,-0.66,-0.57,0.83,-4.46,-2.7,-2.1,-20.1,-26.7,7.2,1.7,-1.6,0.1,0.9,-10.2,12.9,-2.7,-6,0,10.6333,10.0795373,5.9,10.2,-0.2,-1.4,1,-2.6,7.4,-3,7.1,-2.9,18.3,-1.5,-0.4,-5.6,-0.9,19.3526,17.7833186,7,8.7,2.6,4.2,2.2,6.1,2.7,3.3,4.7,3.8,0.4,6.1,2.3,-0.1,-121.1,-82.1,-59.6,14.5836,-21.3351,-11.7458,0.2007082,0.22090483,-6.6,-22.9,0.01,0.02,0.01,-4.46,1.20338644,-2.1,32.5306,6.67311602,-0.3948,-2.1402169,1331.12,-7.2143203,-5.988,11.93,1,-0.8426587,-0.1938114,6,0.1,121.1,82.1,59.6,-19.3067,25.611,9.9438,0.57791069,-0.1670397,4.3,13.5,-31.9323,1.39746697,-0.3948,1.34948595,-1331.12,5.5680396,-3.049,-10.305,4.7
2019,Region 3,First Round,2019 New Mexico St.,2019 Auburn,12,5,0,-6.4,-2.7,-4.4888788,-9.7437,-0.1237283,-4.3,-0.8,3,2.6,-1.07,-0.71,-0.16,18.1,-1.2,-2.4,-9.5,-11.3,-2.1,6.7,-9.9,3.1,-10.3,-4,14,-10.2,7.8,7.8,16.3653,15.6296616,2.2,6.2,-1.5,-3.9,-2.5,7.6,4.3,1.2,-4.6,10.3,2,0.6,-1,-12.7,-10.5,20.5537,20.6049139,5.5,3.3,5,0.6,-1.4,1.8,-10.1,15.6,10.1,-11.5,2.2,-6.9,4.7,8.7,-120.2,-74.6,-65.9,17.9922,-22.2315,-12.5798,4.83520688,0.03440935,13.5,-11.4,0.02,0.03,0.01,18.1,-0.1438706,-2.4,32.2474,0.91251111,-0.47739,-2.0973831,728.21,-5.4137051,14.938,13.035,-1,-0.3728511,-1.8111609,-1.33E-15,-8.7,120.2,74.6,65.9,-20.3982,22.1132,7.3713,4.03420599,-0.1173083,-3.4,20.1,-34.8141,-8.8650896,-0.47739,2.82702817,-728.21,12.362971,-28.549,-13.49,2.2
2019,Region 3,First Round,2019 Northeastern,2019 Kansas,13,4,0,-7.4,-5.4,-10.913035,-11.95825,-0.2220584,-2.7,-0.4,-1.7,0.8,-0.59,-0.27,1.05,-5.19,-4.4,-3.7,-12.3,-29.1,3,3.1,-7.9,4.7,-1.7,-3.2,2.3,1,-2.4,3.5,19.4244,17.801932,9.4,10.5,5.2,7,6.6,1.8,-5.6,1.9,-3.1,6,7.8,6.1,4.5,-7.3,-8.9,10.028,9.728572,0.5,-0.3,1.4,-3.4,4.9,-2,-5.4,3.1,3.8,4.5,0.1,-3.6,1.1,9.1,-129.4,-95,-77.1,17.07,-20.5881,-10.0387,0.52814752,0.0414737,0.9,-19.7,0,0.02,-1.42E-14,-5.19,2.6968855,-3.7,37.9906,-2.0810773,-0.20314,-1.8672744,625.89,-8.2083984,10.128,11.38,2,1.01453502,3.2312502,5.9,-9.1,129.4,95,77.1,-16.9494,18.7949,11.5149,-2.5220473,-0.1735181,2.3,12.1,-34.4705,-5.7546656,-0.20314,2.65253666,-625.89,15.6052703,-2.899,-13.005,-1.6
2019,Region 3,First Round,2019 Ohio St.,2019 Iowa St.,11,6,1,-8.9,-3.6,-3.438302,-6.7691,-0.0798747,-8.7,-4.1,1.9,3.3,-0.97,-0.15,-0.06,9,-1.8,-1.8,-21,-23,0,3.1,-4,0.9,-1.4,2.7,-0.5,-2.2,-1.8,2.5,12.1228,12.210671,2,2.8,0.5,1.9,10.4,0.1,-2.3,9.1,-0.2,6.3,1.6,-0.1,0.5,-7.8,-6.1,24.8024,24.0817872,6.7,7.6,3.5,-1.2,-1.5,2.2,-2.4,3.7,3.4,1,12.7,3,3.6,2.1,-127.9,-87.7,-80.3,14.2917,-24.6372,-12.3547,2.78224982,0.05841167,-11.4,-30.9,-0.02,-0.04,-0.02,9,1.47558362,-1.8,31.3745,-1.8304396,-0.09612,-2.3693713,790.24,-7.1454249,-3.114,8.405,-2,-1.2421421,-2.7912689,4.3,-2.1,127.9,87.7,80.3,-14.7817,19.9073,10.7954,-0.2567205,0.08882573,9.3,25.9,-36.475,-2.3100874,-0.09612,1.95970135,-790.24,12.2708821,-12.39,-12.385,1.7
2019,Region 3,First Round,2019 Georgia St.,2019 Houston,14,3,0,-16.7,-13,-9.0297738,-16.82753,-0.2646414,-5.6,-4,-1,1.6,0.37,-0.91,0.42,-10.8,3.6,3.8,-15.2,-11.4,1.2,12.1,-14.5,2.4,-1,6.7,-9.6,2.9,-4.7,-1.3,16.1926,16.6974838,12,8.7,10.8,-3.6,-1.9,1.6,-2.9,-4.1,7.7,-7.9,0.6,5.6,10.2,-12,-11.8,11.829,12.7752239,2,0.3,2.9,0.4,0.6,4.3,-1.1,-2.7,4,0.4,6.1,0.8,2.7,-1,-127.3,-82.2,-63.5,15.6283,-28.6006,-13.0596,-7.5194478,0.25996661,2.5,-18.5,0.02,-0.02,0.01,-10.8,-0.8892224,3.8,34.8864,3.34994483,-0.6844,-2.3870522,584.64,-6.6007362,-6.649,10.435,1,0.50475114,4.33883751,3.4,1,127.3,82.2,63.5,-10.7257,16.9028,15.5164,0.27949594,0.0725369,0.2,23.9,-32.8183,-3.3662639,-0.6844,1.81770616,-584.64,6.11554554,-21.354,-11.105,0.2
2019,Region 3,First Round,2019 Seton Hall,2019 Wofford,10,7,0,-13.9,-8.9,-4.4648346,-7.8074,-0.1024538,-2.2,0.6,0.9,2.3,1.35,0.75,-0.28,-5.02,2,3.2,-23.4,-16.7,3.3,7.3,-4.1,-3.2,0,2.1,1.6,-3.7,2.6,5.6,11.6608,9.89352474,-0.3,-0.1,-0.3,0.1,3,1.8,4.7,3.3,3.6,-8,-1.7,-2.8,-0.2,-15.3,-14.4,21.9609,18.8410341,8.5,5.6,8,-3.4,-4.9,3.8,-2.9,-3.3,-2.8,8.8,8.3,1.1,7.4,7.2,-127,-84.4,-73.1,16.2803,-23.8428,-15.0018,-2.8124659,0.3764464,6.1,-9.2,0.02,0.06,0.03,-5.02,-1.3008442,3.2,31.5561,4.06194059,0.55541,-2.5313242,659.29,-10.254017,2.018,11.77,-2,-1.0129694,-1.3754517,3,-7.2,127,84.4,73.1,-9.6636,13.6497,8.3574,-2.0810426,0.13337123,-1,20.5,-38.2964,-5.4978319,0.55541,2.03494174,-659.29,7.78690541,-29.821,-13.415,0.9
2019,Region 3,First Round,2019 Abilene Christian,2019 Kentucky,15,2,0,-29.4,-16.8,-11.237402,-25.32704,-0.4071218,-12.5,-6.9,4.5,3.6,-2.17,-1.68,1.53,1.77,-1.3,-0.3,-27.5,-36.8,-2.9,0.8,3.3,-4.1,-6.2,-1.1,-2.5,3.5,-16.7,-5.3,12.8156,10.5431795,5.4,6.2,3.3,1.7,7.4,1,1.9,9.4,-0.2,7.1,6.7,6.3,3.4,-14.4,-11.3,16.684,15.9124318,3.7,3.5,2.9,1.7,4.1,4.9,-8.8,3.2,6,4.1,6,1,2.1,2.3,-122.3,-82.1,-57.5,8.6318,-20.5995,-12.3537,1.04900084,0.06042914,-9.7,-23.3,0.04,-1.42E-14,0.04,1.77,-0.238584,-0.3,33.5304,1.96213924,-1.12659,-2.0479002,1789.77,-6.4178438,-9.394,10.43,0,-0.3027502,-1.905461,11.4,-2.3,122.3,82.1,57.5,-18.2944,18.351,11.5993,-1.5242633,-0.3744936,20.3,21.1,-31.6459,-6.7977811,-1.12659,2.29814027,-1789.77,12.0845237,-0.999,-14.58,3.1
2021,Region 1,First Round,2021 Norfolk St.,2021 Gonzaga,16,1,0,-44.2,-26.6,-13.531747,-40.36625,-0.6139646,-12.6,-6.8,12.7,9.3,-1.54,-1.24,0.84,16.36,-3.2,-6.7,-29.6,-22.4,-0.2,1,-2.9,1.9,-0.5,-14.8,2.3,12.7,-20.9,-3.6,11.1258,9.3767627,2.2,-0.7,4.9,0.6,12.7,2.5,5.4,3.2,3.3,-4.6,-2.9,-2.9,4.5,-29.4,-23,21.756,21.4772644,13.6,16.8,4.8,3.3,-5.3,4.6,-1.7,-1.1,-2.8,6.3,17.4,6.5,5.1,5.6,-125.1,-88.7,-56.8,7.3409,-20.4066,-9.4369,-2.5824724,-0.0364391,-12.7,-24.8,-0.02,-0.02,-0.01,16.36,-0.5655434,-6.7,30.1959,8.5376507,-0.89543,-2.8230698,1419.79,-12.997623,-32.606,10.11,0,-0.8920243,-1.6193776,17.3,-5.6,125.1,88.7,56.8,-24.7593,24.9746,19.1321,-1.4389986,-0.7858382,-10.7,6.7,-40.2908,-0.1369814,-0.89543,1.87228733,-1419.79,8.75620614,-43.932,-16.305,6.4
2021,Region 1,First Round,2021 Missouri,2021 Oklahoma,9,8,0,-3.5,-1.7,1.78790214,-1.4939,0.00088141,-1.8,0.5,-2.6,0.3,0.75,0.78,0.34,0.62,1.3,1,-24.4,-28,2.4,6.1,-5.6,-0.6,-2.1,0,5.3,-5.4,3.5,5.8,15.4644,16.0378582,2,6.3,-3.4,-3.7,14.7,-0.2,1.1,4.2,0.7,4.5,5.2,0.8,-3.1,-5,-7.5,16.3287,16.7645403,2.3,2.5,1.1,3.3,-7.3,2.6,1.9,5.5,-1.9,-4.1,3.8,-0.6,1,-0.9,-128.2,-87.4,-74.2,16.0246,-23.4385,-12.4765,3.02829951,0.23968762,-3.2,-16.5,-0.06,-0.09,-0.09,0.62,-0.247441,1,31.7242,0.60295133,0.5412,-2.734329,898.7,-9.8650718,11.127,9.785,-1,-0.0806202,-0.785446,2.3,0.9,128.2,87.4,74.2,-14.4218,20.6651,8.917,1.54558072,0.1070667,15.1,22.7,-33.2976,-1.2049177,0.5412,2.32135399,-898.7,9.77635431,-8.134,-10.615,-2.5
2021,Region 1,First Round,2021 UC Santa Barbara,2021 Creighton,12,5,0,-6.3,-2.1,-3.1256607,-9.0734,-0.1112532,-5.3,-1.6,1.8,1.3,0.37,1.99,0.1,5.6,-2.8,-3.4,-27.2,-24.8,2.2,6.6,-1.3,-5.2,-8.2,2.4,9.7,-12.2,0.6,3.3,15.6768,14.0129092,6.1,7.3,2.7,5.7,9.8,1.3,0,6.8,-1.7,-3.4,1.8,9.3,2.6,-6.7,-5.3,17.8596,18.0280362,8,9.7,3.3,-12,-1.1,5,-0.3,11.4,3.5,4.5,12.4,-0.2,3,3.3,-129.1,-94.3,-83.9,15.5524,-22.2333,-15.1116,-4.1528204,0.39965452,-7.5,-19,0.06,0.09,0.07,5.6,-1.7532174,-3.4,34.8032,0.07586477,1.35594,-2.3485068,537.61,-9.5350475,2.526,10.565,-2,-0.1854339,1.59698503,2.7,-3.3,129.1,94.3,83.9,-14.9741,16.5993,5.267,-2.1138601,0.20647951,4.1,18,-36.021,-0.22693,1.35594,2.6906689,-537.61,13.3226019,-14.252,-10.505,1.4
2021,Region 1,First Round,2021 Ohio,2021 Virginia,13,4,1,-11.9,-12.1,-5.5191093,-11.54,-0.1467636,-3.5,-1,3.3,4.6,-0.77,-2.46,-0.49,4.57,10.9,9.4,-24.1,-17.7,-3.6,5.7,-7.4,1.8,-5.9,5.4,-3,-2.4,-2.3,3.4,20.0196,17.8970818,7.9,10.3,2.6,-3.5,5,-1.8,6.1,7,-2,2.9,8.1,5.2,1.7,-15.2,-15.5,13.749,13.9206252,5,3.7,4.4,5.1,-8.2,4.6,4.3,2.4,6.5,6.8,0.9,11.9,3.9,10.9,-132.4,-98.2,-93.6,10.7298,-20.2351,-10.7967,0.20378316,0.00262724,3,-14.7,-0.02,-0.04,-0.01,4.57,3.53036529,9.4,38.3948,2.67062623,-1.50284,-2.3249885,300.98,-7.038492,-11.763,12.78,-2,0.71221795,1.1409345,5.7,-10.9,132.4,98.2,93.6,-15.8192,14.09,10.7467,0.73909661,0.04853846,-2.4,13.1,-37.6806,1.2672693,-1.50284,2.13243279,-300.98,16.2597879,-30.713,-11,-0.3
2021,Region 1,First Round,2021 Drake,2021 USC,11,6,0,-17,-9.4,-3.7648078,-7.582,-0.1468428,-5.7,-3.7,3.8,4.4,-3.28,-3.02,0.3,3.31,-1.3,-0.5,-33.4,-32.9,1.1,4.4,-0.8,-3.5,-7.8,-0.6,-3.9,4.5,-3.2,1.2,23.2907,21.9175683,9.1,12.2,2.4,-1.7,0.4,2.2,4.3,-7.6,0.8,-3.7,12.1,8.3,3.1,-12.4,-10.7,13.5768,13.0905878,3.7,2.4,4,-9.3,7.8,0.7,-10.8,4.4,6.3,12.1,2.3,3.4,5.6,0.4,-130.5,-80.5,-82.8,10.8455,-20.06,-11.9093,-4.0472656,0.28132707,-18.6,-26.5,-1.42E-14,0.02,0.02,3.31,-1.3807647,-0.5,36.7156,5.424889,-2.05477,-2.0441913,344.73,-6.8472817,-1.63,10.17,0,0.99249434,0.99871863,4.4,-0.4,130.5,80.5,82.8,-16.4456,17.2836,13.548,-2.9671005,-0.4124316,19.3,22.4,-32.9691,-8.6711153,-2.05477,2.95002492,-344.73,11.6137657,-19.22,-13.215,1.7
2021,Region 1,First Round,2021 Eastern Washington,2021 Kansas,14,3,1,-4.6,-4.5,-7.4402756,-14.37985,-0.1799722,-5.3,-3.2,0.6,1.6,-0.98,-0.67,0.17,9.09,1.9,3.9,-22.9,-28.6,-3.1,2.5,-4.8,2.2,-1.5,-0.2,0.9,-0.6,-0.7,1.3,19.0861,17.7306576,7.1,8.3,3.4,6.8,3.9,3.5,-3,7.1,-0.7,-2.9,1.6,12.8,2.5,-2.7,-6,8.597,9.01200452,2.2,1.7,2.1,-1.3,2.8,-1.2,-5.6,8.5,5.1,-11.7,1.8,-0.1,1.5,-1.7,-129.3,-92.4,-84.9,9.9035,-19.0756,-10.676,-4.7243681,-0.0735826,-3.2,-21,-1.42E-14,0,0.01,9.09,-2.1422838,3.9,34.5735,-0.8141611,-0.47417,-2.3462847,655.72,-8.250171,0.637,9.25,0,1.03936903,0.79644514,2,1.7,129.3,92.4,84.9,-9.1324,19.6248,12.0778,5.4883717,-0.0289303,8.9,21.1,-32.2406,-5.3860974,-0.47417,2.75942259,-655.72,13.5010857,-3.255,-10.18,-3.3
2021,Region 1,First Round,2021 Grand Canyon,2021 Iowa,15,2,0,-16.5,-13.2,-8.3639443,-21.92666,-0.2282426,-3.2,-0.7,3.3,4.2,-0.49,0.32,0.47,-4.41,-4.3,-4.7,-24.2,-20.9,-0.3,6.2,-3,-3.3,-0.9,0.4,-0.1,-0.4,-4.4,4.8,8.9615,7.14623936,4.5,9.6,-2.6,1.7,11.9,-4.1,4.4,-4.1,0.2,-3.9,5,10.1,-3,-15.3,-17.8,26.9189,28.1728244,9.9,7.6,8.9,1.6,2.6,3.2,-7.9,18.2,5.6,8.3,8.3,5.6,8.1,0.4,-133.5,-84.9,-81.5,13.785,-20.9698,-14.2424,-2.4447515,0.25413432,-2.6,-15.1,0.06,0.05,0.08,-4.41,2.82407554,-4.7,33.6017,2.08609427,0.1263,-2.3552713,14.32,-7.8528015,-4.472,10.71,-3,-1.7033639,1.30486399,9.2,-0.4,133.5,84.9,81.5,-9.4197,18.7918,12.0202,-0.7017378,-0.0025638,1.7,21.1,-38.2137,-3.9351309,0.1263,1.90429894,-14.32,11.4775571,-21.639,-13.06,-2.5
2021,Region 4,First Round,2021 Texas Southern,2021 Michigan,16,1,0,-31.8,-16.5,-11.415082,-36.84603,-0.597465,-12.1,-6.3,4.7,3.9,-0.17,-2.1,0.41,7.71,5.9,4.7,-39.5,-28.2,3.1,15.7,-11.2,-4.5,-3.1,-0.1,-4.6,4.6,-16.5,-7.7,10.3409,7.11238225,3.4,8.7,-5.8,-4.1,14.4,-6.4,8.1,1.7,5.4,11.2,1.7,4.1,-4.5,-15.6,-8.9,14.396,14.4926136,8.4,8.1,6.3,8,-4.9,3.1,-3,6.5,2.5,13.3,15.3,0.4,5.8,-5.4,-127.7,-86.5,-73.9,18.7774,-30.4474,-13.9983,5.3379019,0.85758992,-17,-16,-0.01,0.02,0.01,7.71,0.31214286,4.7,29.5954,4.50926179,-1.41158,-2.9790107,1108.25,-8.6378295,-35.718,9.26,-2,-0.3018155,-2.9427959,8.8,5.4,127.7,86.5,73.9,-13.4196,18.2182,13.1486,-5.31572,-0.2353646,7.2,16.8,-35.5723,-3.4907071,-1.41158,1.71828015,-1108.25,7.29671542,-33.318,-11.64,6.7
2021,Region 4,First Round,2021 St. Bonaventure,2021 LSU,9,8,0,0.8,1.3,-0.3734385,1.2305,0.00720984,3.7,1.8,-1,1.6,-0.29,-0.47,0.9,-16.51,-7.5,-5.9,-23.8,-19.7,2,7.8,4.3,-12.1,-0.2,5.2,-11.4,6.2,7.1,9.4,11.128,10.2953057,2,-2,5.4,2.8,-1.3,1.5,0.8,6.1,3.3,4.7,-5.4,1.4,4.4,-10.1,-8.3,29.2825,27.0716698,7.3,7.9,4.4,9.6,5.6,3.4,-3.1,-15.3,0,2.8,13.5,7.4,4.1,-2.7,-129.1,-73.7,-80.9,19.4994,-25.6122,-19.8264,0.25229586,0.64769923,-0.1,-11.2,0.01,-0.03,-0.01,-16.51,3.48606073,-5.9,32.4895,2.74119833,-0.31316,-2.3563403,-13.94,-11.517863,18.563,9.47,-1,-1.8346525,-1.7948377,2.3,2.7,129.1,73.7,80.9,-8.2546,18.9453,17.0271,0.90696193,-0.02277,3.6,23.8,-33.6717,-6.8044081,-0.31316,1.99035129,13.94,7.34907665,1.837,-10.37,1.8
2021,Region 4,First Round,2021 Georgetown,2021 Colorado,12,5,0,-9.6,-7.5,-5.9655587,-7.6247,-0.1091077,-5.9,-2.4,-1.9,0.1,0.69,1.58,-0.19,-9.37,3.9,3.4,-26.4,-24.5,2.1,-5.8,2,3.7,3.3,0.6,-4.1,3.5,-7.2,-4.4,14.9572,15.4140561,1.9,-0.4,3.3,2.8,2.3,-1.9,6.8,4.1,2.5,-9.8,-1.9,2.6,3.3,-3.7,-3.3,20.781,21.6956767,4,2.9,4.1,13.5,4,-0.6,-3.6,-5,0,5.1,1.7,5.1,3.5,-2.7,-125.5,-83.8,-85.9,5.8416,-16.0725,-9.2109,-6.0241942,-0.2023958,-12.6,-24.9,-0.04,-0.02,-0.05,-9.37,1.7132588,3.4,28.4814,7.713794,1.1284,-2.5019242,450.27,-11.693382,-17.461,8.65,0,-0.5418869,-0.3354124,2.8,2.7,125.5,83.8,85.9,-6.9948,17.4353,12.8366,-0.2079203,0.01243697,9.5,25.3,-34.84,-6.1859273,1.1284,1.37408919,-450.27,8.77984262,-10.07,-10.84,0.4
2021,Region 4,First Round,2021 UNC Greensboro,2021 Florida St.,13,4,0,-24.5,-13.9,-5.7542093,-13.91648,-0.3100276,-6.4,-3.3,1.2,0.2,-2.6,-0.87,-0.21,-2.96,-0.1,-2,-21.1,-22.4,-1,0.4,0.2,-0.5,-7.1,-1.5,-4.9,6.4,-10.1,-6,9.7454,7.94731832,1.7,6.1,-3.3,-5.8,-12.5,4,1,-5.3,4,8.2,7.4,2.6,-2.6,-14.7,-7.9,20.4769,19.8333285,6.3,3.8,7.1,3.1,-3.7,0.8,-9.8,2.4,8.1,1.9,7.1,0.9,6.1,-2.8,-123.6,-74.6,-70.8,8.2512,-22.3965,-15.0015,4.33457744,-0.0017205,-2.8,-16.4,-0.04,0,-0.04,-2.96,-4.7070833,-2,30.1948,2.46435319,-0.64664,-1.9466057,525.49,-6.2121892,-20.405,8.295,-2,-1.0158483,-0.4546798,4.1,2.8,123.6,74.6,70.8,-19.712,19.331,15.1681,0.58082222,-0.4324467,-0.3,7.6,-32.5122,-9.2586872,-0.64664,2.59145763,-525.49,7.97189172,-29.715,-13.025,6.8
2021,Region 4,First Round,2021 UCLA,2021 BYU,11,6,1,1.3,-1.9,-0.9114675,-5.0287,-0.01523,2.8,1.8,-3.8,-0.9,-0.68,-2.77,-0.62,-9.06,-5.1,-3.6,-33.5,-22.2,0.4,3.6,-0.5,-3,1.7,4.2,-3.3,-0.9,6.6,5,21.2418,21.5949365,5.4,5.1,4.3,3,3.2,-0.7,7.5,4.9,2.3,-4.4,-5.6,9.5,4.5,-3,-7,15.6211,15.349333,4.3,5.1,2.2,0,-0.2,-1.4,-4.4,7.5,0.1,1.1,6.1,5.3,3,4.3,-130.7,-93.1,-82.2,12.408,-21.5851,-11.5306,-5.9182251,0.20422412,-30.5,-39.4,-0.03,-0.01,1.42E-14,-9.06,0.10460308,-3.6,34.772,7.2362271,-1.90327,-2.1789095,314.2,-13.039217,3.652,12.065,-2,0.57364948,-0.557235,-1.6,-4.3,130.7,93.1,82.2,-8.0433,13.6031,10.8289,1.08824609,0.17603693,13.1,30.9,-35.8732,-2.5657879,-1.90327,2.35238581,-314.2,11.83254,-11.642,-12.38,-4
2021,Region 4,First Round,2021 Abilene Christian,2021 Texas,14,3,1,-7.9,-4.2,-5.1971576,-10.4549,-0.1815906,-10.8,-5.5,-1.6,0.2,-2.74,-1.73,0.34,8.63,2,0.8,-30.1,-24.1,-0.1,6.9,-9.8,2.9,-14,-1.1,8.9,-7.7,-4.3,-1.1,9.7809,8.17230099,6.2,5,5.4,0.7,-2.7,-1.6,3.7,25.6,-0.7,10.9,2.2,-0.4,4.7,-1.1,-3.1,20.9284,20.934677,7.5,6.1,6.6,1.7,-8.5,6.5,-3.4,1.4,0,-4.1,6,0.1,5.9,-2.1,-115.9,-83.3,-52.8,11.4734,-22.4225,-9.5033,3.99352664,0.08983769,-2.2,-11.8,-0.01,0.01,-1.42E-14,8.63,-3.9568559,0.8,33.15,-0.2416283,-1.21164,-1.9931216,950.38,-8.8506112,-7.748,11.885,1,-1.0431869,-2.0903404,3.2,2.1,115.9,83.3,52.8,-21.8435,20.7373,9.1191,3.14124016,-0.1555703,2.1,8.5,-27.636,-5.5767183,-1.21164,2.06019558,-950.38,9.98826434,1.482,-9.75,-2
2021,Region 4,First Round,2021 Maryland,2021 Connecticut,10,7,1,-3.4,-1.6,-1.9694139,-3.1836,-0.0613948,-0.3,1.4,-1.8,-0.4,0.21,-1.57,0.11,-13.22,-0.9,-0.3,-24,-24.9,1.2,-7.4,-2.4,9.8,-1.7,-6.7,-1.8,8.5,6,5.5,19.2364,17.7773436,6.4,7.2,3.3,-0.4,-4.3,2.8,-8.9,7.2,3.6,0.4,14.5,-0.4,2.9,-4.8,-7.2,21.3826,19.762876,1,2.6,-0.7,1.4,4,-0.6,-12,-2.9,5.6,-3.7,-1.4,5.1,-1.3,-3.2,-129.2,-87.7,-75.3,7.6751,-14.9237,-7.2965,0.04377245,-0.447003,-3.6,-17.4,0.06,0.09,0.07,-13.22,0.47910243,-0.3,33.2184,-3.9157162,-1.04406,-2.4107666,501.19,-6.3657794,12.516,9.065,-1,-0.1967494,1.30776011,-0.5,3.2,129.2,87.7,75.3,-14.8889,23.2707,16.1298,2.61542513,-0.478029,5.2,17,-32.134,-9.2672516,-1.04406,2.2246965,-501.19,8.69917019,-7.309,-11.28,-2.4
2021,Region 4,First Round,2021 Iona,2021 Alabama,15,2,0,-24.7,-15.1,-10.057126,-26.02358,-0.3709591,-7.5,-3.3,-2,-3.5,-1.36,0.24,-0.13,-8.58,-5.3,-5.5,-28.8,-15,-3.3,2.8,-6.4,3.5,-0.4,-1.3,10.4,-9,-13.7,-11.4,13.637,12.1176969,5.9,3.5,6.7,5.7,4.2,-1.4,3.7,12.2,-2.2,3.6,-0.5,3.6,5.4,-11.1,-3.9,10.315,11.9427957,5.7,4.3,5,2.9,-17.7,1,-5.3,-3.5,3.2,3.6,1.1,0,5,-6.6,-118.2,-79,-57.1,9.5287,-22.6224,-11.1694,-0.7803974,-0.1202102,-9.4,-21.7,0.02,0.03,0.04,-8.58,-1.611063,-5.5,28.1383,4.11175551,0.15202,-2.3248342,943.76,-8.0518036,-26.289,8.64,0,0.31663746,2.29406576,2.3,6.6,118.2,79,57.1,-11.4123,22.2744,9.807,-0.494726,0.20239788,-14.2,5.7,-31.0958,-7.188788,0.15202,1.38717603,-943.76,7.66702767,-21.349,-11.505,7.2
2021,Region 2,First Round,2021 Hartford,2021 Baylor,16,1,0,-32.2,-23.4,-11.556825,-32.22785,-0.533344,-10.1,-7,4.2,6.4,-0.57,1.34,-0.06,-3.08,-3.7,-1.8,-23.2,-20.1,-2.1,0.1,-8.2,8.1,-4.9,0.6,-3.1,2.4,-13.6,-7.4,3.7207,3.18318751,1.3,3.2,-1.3,2.6,-3.1,5.6,-6,-5.1,-3.9,-8,-3.7,5.7,-0.5,-18.5,-16,23.045,24.0794544,9.9,3.4,13.1,2.9,2,2.8,-8.7,6.5,-0.4,6.1,6.2,-0.7,12.2,4.6,-118.4,-77.9,-87.7,9.6955,-20.6015,-9.2777,-4.9207021,-0.266043,-6.6,-23.4,0.03,0.08,0.04,-3.08,0.90929011,-1.8,28.3026,-1.1508312,0.9186,-2.1587425,-716.4,-8.6687075,-27.192,6.745,-4,-1.8330005,-2.9320771,6.2,-4.6,118.4,77.9,87.7,-14.0172,16.8834,13.068,0.20698725,-0.1744731,-1.1,14.1,-36.6904,-9.1990696,0.9186,1.99412861,716.4,14.5225016,-37.419,-12.08,2.5
2021,Region 2,First Round,2021 Wisconsin,2021 North Carolina,9,8,1,7.7,1.9,-0.3886054,2.5669,0.05458433,-1.7,1.8,-6.8,-3.6,-0.87,-0.89,1.36,-6.06,-6.1,-6.9,-21,-37.6,-4.3,-7.2,4.8,2.4,-2.6,-5,-0.6,5.6,6.4,5.9,22.4989,19.5614689,0.7,-0.5,1.6,7.3,-0.2,5.8,-2.6,3,0.5,0.8,3.2,0.5,1.5,2.4,-4.1,20.2438,17.5682731,0.6,1.8,-1.3,-4.4,6.4,-2.8,-16.2,2.8,1.8,1.3,1.4,0.9,-1.7,-5.5,-128.8,-83.6,-82.6,3.9725,-16.329,-10.068,-0.0003858,-0.3475694,-8.8,-25.7,-0.03,-0.05,-0.04,-6.06,0.16711475,-6.9,32.8301,0.42858263,-0.7666,-1.703387,104.61,-6.92166,28.016,8.62,0,0.2047429,1.35634342,-0.5,5.5,128.8,83.6,82.6,-15.314,22.6444,13.4053,-0.9162347,-0.4988573,18.4,16.8,-29.2352,-7.1306973,-0.7666,2.78978237,-104.61,8.41480674,18.768,-11.71,-6.5
2021,Region 2,First Round,2021 Winthrop,2021 Villanova,12,5,0,-14.5,-8.9,-2.0664314,-13.67932,-0.1749364,-8.6,-3.5,5.4,4.4,-1.3,-1.02,0.12,16.42,6.5,8.8,-20.1,-19,-0.5,1.2,0.1,-1.2,-3.8,-2.1,10,-8,-5.4,1.5,9.109,7.69333745,1.2,2,-0.1,0.4,9.9,-0.5,10.8,4.9,-2.2,-3.8,2.6,0.4,0.9,-14.2,-10.4,22.4485,22.455129,3.8,3.6,2.8,10.3,-3.8,9,-5.7,14.4,-4.6,0.8,5,-2.3,2.9,6.6,-125.5,-89.5,-74.7,11.5954,-17.5207,-12.7749,-1.9251021,0.04661011,-4.5,-22.9,0.07,0.09,0.09,16.42,0.48677837,8.8,33.507,6.48697014,-0.72234,-3.1081146,146.9,-20.626215,-9.534,13.68,0,-1.2822392,1.08168041,6.9,-6.6,125.5,89.5,74.7,-15.2235,20.7258,9.0624,-0.5439396,0.02357833,9.2,30.1,-34.197,-3.3365131,-0.72234,2.18884382,-146.9,13.5317646,-25.482,-12.43,3.8
2021,Region 2,First Round,2021 North Texas,2021 Purdue,13,4,1,-8.1,-8.6,-6.1667649,-10.5741,-0.1348101,-2.3,-2.5,-2.3,-0.2,-1.33,-1.99,1.43,-12.77,-1.7,-3.3,-17.1,-28.3,0.2,5.5,2.2,-7.7,-4,-3.3,5.6,-2.4,0.1,-1.3,14.0213,10.7411898,5.4,3.2,5.8,6,-3.1,-3.5,3.8,-8.6,-1.1,0.8,1.3,3,5.4,-8.6,-7.4,19.9474,17.4678426,5.7,7.3,1.9,-1.5,0.5,2.7,-5.3,13,2.3,1.7,0.6,9.3,0.7,-0.3,-122.6,-88.9,-78.6,15.401,-22.76,-16.9074,-1.7952384,0.29217831,-9.2,-32.1,0.01,0.04,0,-12.77,4.01006872,-3.3,34.2974,6.44742212,-1.33665,-1.4585091,151.95,-7.9673795,11.83,11.1,1,-0.5473383,-1.2901748,-1.4,0.3,122.6,88.9,78.6,-14.5637,22.5181,11.2722,1.57375025,-0.1314215,14.2,23.9,-30.168,-2.9968444,-1.33665,2.12010191,-151.95,10.467762,-0.65,-9.46,1.2
2021,Region 2,First Round,2021 Utah St.,2021 Texas Tech,11,6,0,-6.4,1.2,-2.0442179,-4.4365,-0.0465619,-7.5,-3.6,-4.3,-3.9,1.14,2.64,0.09,-4.1,2.5,3.3,-28.9,-28.4,1.2,13.1,-7.6,-5.6,-1.9,-2.3,-6.2,8.5,-3.5,-0.8,14.3135,12.9745954,2,4.8,-1.4,3.5,-7.1,4.1,5.3,15.8,7.4,-5,-2.8,3.5,-1,-0.1,2.1,23.1428,22.4199933,4.1,5.8,1.6,-2.7,13.2,3.4,-12.5,-0.8,3.8,11.8,10.3,0.4,2.2,-7.1,-120.5,-79.6,-68.7,18.5718,-27.69,-14.3124,-3.0055499,0.58027914,-13.6,-22.7,-0.06,-0.06,-0.04,-4.1,0.39763642,3.3,27.5658,0.35844431,1.80477,-2.6316347,956.02,-7.2044089,-4.286,9.11,0,-0.8038943,1.0383492,2.7,7.1,120.5,79.6,68.7,-8.2719,21.1578,15.5062,-4.9918953,-0.3729813,12.6,25.8,-30.8821,-10.247691,1.80477,1.78368196,-956.02,6.11037313,1.325,-11.43,2.2
2021,Region 2,First Round,2021 Colgate,2021 Arkansas,14,3,0,-9.8,-6.2,-4.1849307,-11.3069,-0.0666949,-5.4,-2.6,0.4,1.1,-1.45,-0.83,0.27,3.63,-3.1,-1.2,-26.5,-27.2,-3.7,11.4,-10,-1.4,-5.3,-1.7,-0.5,2.2,-5.2,1.3,20.9176,21.1683554,9.4,8.5,7.4,4.5,1.7,6.6,2,9.6,-0.1,-4.6,6.3,-0.1,7.1,-8.9,-7.4,10.834,12.0252908,5.9,2.5,7.8,6.1,7.7,-0.8,-6.3,8.2,6.3,-6.8,3.7,-1.3,6.7,1.7,-132,-88.5,-82,13.9181,-22.1084,-10.2587,-3.441718,0.25354505,6.2,-11.3,0.02,0.06,0.04,3.63,-1.4883714,-1.2,38.5538,2.44349891,-0.61792,-2.4018821,26.11,-6.7118142,-5.601,12.785,3,1.02954964,2.34296938,6.5,-1.7,132,88.5,82,-14.2487,20.9607,15.2787,4.71798578,-0.2783872,2.7,13,-33.5086,-7.0914813,-0.61792,3.56064643,-26.11,10.5300055,-13.29,-10.255,1.5
2021,Region 2,First Round,2021 Virginia Tech,2021 Florida,10,7,0,-0.5,0.2,-0.2769416,-2.3315,-0.038005,-3.1,0.7,-2.6,0,-1.02,-0.83,0,-1.26,-4.2,-2.1,-23.7,-26.9,-1.5,-7.2,2.6,4.7,-5.3,-2.1,-3.3,5.4,3.8,5.9,16.6253,15.3575308,5,3.3,5.1,-0.6,-1.6,3.3,-3.2,5,2.4,11.4,2.9,4.9,4.7,-4.7,-5.8,16.1474,15.9114971,4.1,4.3,2.7,5.8,2.9,-3.1,-6.5,-1.6,4.3,-1.9,9,1.6,2.6,0.9,-123.8,-84.9,-67.3,6.923,-15.7297,-10.6419,2.58680969,-0.3609224,-1,-14.5,-0.06,-0.08,-0.03,-1.26,0.14825978,-2.1,32.6025,0.03886131,-0.5779,-1.6511664,856.35,-6.2041117,5.89,10.085,-1,0.05094983,-0.3684845,2.1,-0.9,123.8,84.9,67.3,-16.6543,18.3777,14.0646,1.3370717,-0.3758586,10.5,17.8,-32.5509,-7.3011394,-0.5779,2.5197833,-856.35,7.46863743,-7.285,-11.79,-1.1
2021,Region 2,First Round,2021 Oral Roberts,2021 Ohio St.,15,2,1,-16.3,-8.2,-10.937244,-24.20908,-0.4070849,-0.4,3,4.8,4.4,-0.65,0.06,-0.47,-7.27,5.2,4.5,-16.1,-28.6,-1.7,-0.3,-7.8,8.1,-0.8,13.7,-5.9,-7.8,1.7,9.3,11.8069,10.385901,4.7,2.3,4.7,12,-6,-0.7,-4.2,-12.4,1.8,0.5,-7.7,11.4,3.7,-22.9,-17.5,14.834,14.701878,2.7,3.1,0.9,6.1,4.5,2.9,3.9,5.2,0.1,5.8,5.1,6.1,1.6,6,-135.8,-87.3,-67.7,7.5901,-18.5381,-7.8135,-3.6074342,-0.2040405,-5,-31,-0.02,-0.02,1.42E-14,-7.27,-1.6225595,4.5,37.5198,2.48178591,0.02538,-2.4202082,1225.26,-9.5982826,-0.488,11.725,2,-0.1149274,-0.1339628,7.6,-6,135.8,87.3,67.7,-3.2263,8.7514,6.4864,-1.1170469,0.62752551,7.7,18.7,-35.9485,0.04228533,0.02538,2.96519865,-1225.26,9.33348127,-43.697,-12.85,5.4
2021,Region 3,First Round,2021 Drexel,2021 Illinois,16,1,0,-26.1,-17.7,-13.273858,-28.9939,-0.3807396,-5.8,-1.2,6.1,4.8,0.1,-0.53,0.16,-0.29,-5.7,-6.3,-31.3,-34.9,-0.3,7.8,-10.6,2.9,-5.1,-0.9,-2.3,3.1,-4.6,1,18.7985,15.353026,7.7,8.1,4.5,9.2,-2,-3.5,7.2,13.9,-3,20.7,4.2,3.9,4.3,-21.6,-18.7,13.432,13.7979649,6,4.9,5.5,-6,12,-1.8,-8.7,13.8,-2,3.9,7.8,0,5.2,6.1,-129.7,-91.1,-74.6,12.2032,-22.0973,-8.6686,7.3288325,0.13208201,-18,-29.3,-0.04,-0.07,-0.03,-0.29,1.79919598,-6.3,35.0598,4.31498844,-0.38767,-2.3641075,921.2,-12.855297,-6.152,11.725,-1,0.68692814,-0.0029094,5.6,-6.1,129.7,91.1,74.6,-20.0325,16.4099,11.2543,-0.8191272,-0.3401486,6.3,5.2,-37.2152,-6.1297873,-0.38767,2.31284414,-921.2,13.9204993,-35.824,-15.13,2.9
2021,Region 3,First Round,2021 Georgia Tech,2021 Loyola Chicago,9,8,0,-11.4,-5.9,0.00975487,-5.2045,-0.0494809,-5.4,-0.7,-2.8,-2.1,0.2,0.41,0.26,-9.43,4.5,3.8,-28.6,-28.4,9.1,5.3,-8.3,3,4.2,-4.3,6.3,-1.9,-4.7,-1.6,26.6695,24.4934788,7.2,9.3,2.4,2.6,6.6,5.7,3.8,12.5,0.8,7.2,12.8,0.3,2.3,-6.8,-4.4,15.633,13.3331132,4.1,7.3,-1,2.7,1.8,4.3,3.9,5.5,-1,1.5,4.7,3.5,-1.5,9.1,-121.2,-98.3,-89,19.7581,-20.7487,-9.9105,3.3858652,0.31624802,-14.5,-21.8,0.03,0.04,0.06,-9.43,1.49608943,3.8,33.8171,1.69654054,0.2691,-2.2146024,-51.97,-13.157972,-8.194,9.335,0,1.02901672,0.00667672,3.1,-9.1,121.2,98.3,89,-14.808,17.9846,9.0778,-0.6092003,0.06000793,1.1,13.7,-34.9861,4.20320002,0.2691,2.1037233,51.97,9.82675205,-14.074,-11.235,2.4
2021,Region 3,First Round,2021 Oregon St.,2021 Tennessee,12,5,1,-4.6,-3,-1.9551475,-10.8896,-0.1480082,-4.8,-1.2,-2.7,-2.4,0.85,2.09,0.61,-2.34,-3.2,-1.7,-26.4,-28,-1.2,-4.3,7,-2.7,-2.1,4.6,-8.7,4.1,-0.9,0.5,21.5846,20.8718514,2.8,2.1,2.8,2.9,2.9,5.7,1.2,14.3,2.7,13.2,4.6,2.7,2.6,-1.2,-3.4,9.6507,10.0703603,-0.3,-2.7,2.4,1.4,-3.1,0.3,-2,7,6.6,-11.5,1.8,1.7,2.5,-4.9,-123.2,-80.8,-61.6,3.6985,-17.8602,-13.2597,4.91505304,-0.0726779,-9.6,-22.9,0,0.03,0,-2.34,0.90052197,-1.7,27.9347,0.54542662,1.39458,-2.2874924,1692.81,-6.368737,6.72,7.82,0,1.14852558,-1.9318582,1.4,4.9,123.2,80.8,61.6,-12.5198,18.6995,15.4052,5.98132448,-0.0554237,11.5,19.1,-31.8058,-1.4548529,1.39458,2.01108418,-1692.81,9.54973688,2.738,-12.42,-2.2
2021,Region 3,First Round,2021 Liberty,2021 Oklahoma St.,13,4,0,-0.5,1.1,-6.5151418,-10.39708,-0.1584146,-4.4,-2.4,-1.1,-0.1,-1.85,-0.93,0.74,-6.95,-8.4,-8.3,-15.1,-32,-2.8,-0.4,-9.1,9.6,-4.9,-10,6.5,3.5,3.7,4.7,18.8507,16.8411047,10.2,9.9,7.1,7,-5,3.7,-7.1,9.1,-3.3,0.5,4.7,12.8,6.9,-2.9,-3.5,8.286,8.2405269,4.2,5.1,1.6,1.6,6.8,-4.1,-9.5,5.4,3.8,-3,7,-6.6,1.3,4.8,-126.4,-92.4,-78,7.5447,-16.1527,-7.2627,-4.1804925,-0.3010999,7.3,-17.4,0.08,0.1,0.11,-6.95,0.69514883,-8.3,38.2552,-3.3214058,-0.62548,-1.7217084,416.7,-8.0048415,14.504,10.095,2,1.08878157,5.6138586,1,-4.8,126.4,92.4,78,-17.6199,23.5491,13.6892,-0.0725894,-0.5771924,1.7,9.9,-32.0332,-7.5760611,-0.62548,3.11505911,-416.7,13.1172211,0.182,-12.205,-0.6
2021,Region 3,First Round,2021 Syracuse,2021 San Diego St.,11,6,1,-9.6,-7.3,-2.5352209,-5.0692,-0.088377,0.4,0.7,-3.2,0,1.56,0.81,-0.87,-15.87,2.8,3.2,-15.3,-16.6,1.9,2.6,2.8,-5.4,2.9,2.1,-5.9,3.8,-0.1,2.3,24.2809,22.9404859,4,6.2,1,5.2,-4.3,6.5,5.9,-3.7,6.2,5.9,5.5,5.7,1,-8.3,-9.6,13.2413,14.0021849,4.2,1.3,5.8,-3,9.2,3.9,3.9,-14.9,1.1,1.7,2.1,5.4,5,-1.4,-123.8,-81.6,-79.5,12.789,-23.6195,-16.2918,1.35860903,0.19011704,-15,-41.1,-0.01,0.02,0.01,-15.87,0.558312,3.2,30.5955,5.16403458,0.56365,-1.6415154,1009.1,-9.0210158,-12.337,9.68,0,1.08066569,-2.0605921,2.4,1.4,123.8,81.6,79.5,-10.1093,19.5596,15.2772,1.77909751,0.03949289,7.3,25.8,-33.0817,-6.0115805,0.56365,1.26948307,-1009.1,6.21701831,-26.69,-9.185,-1.3
2021,Region 3,First Round,2021 Morehead St.,2021 West Virginia,14,3,0,-16.1,-10,-4.9382149,-16.42501,-0.3416617,-5.4,-1.2,0.7,1.4,0.16,-0.23,-0.12,-4.03,-3.6,-4,-28.2,-25.5,-1.8,0.3,3.1,-3.4,-0.9,1.6,-9.4,7.9,-6.2,1.4,4.3577,3.11365893,1.7,0.5,2.4,-1.1,8.3,-2.2,0,-0.7,7.9,-1.4,-1.4,4.9,1.8,-16.4,-11.5,19.8586,18.9616061,1.7,-1.2,5,3.8,16.3,1,-10.7,2.5,-1.5,7.6,2.4,-2.1,5.2,-2.2,-121.4,-76.9,-72.2,12.4539,-18.099,-13.0562,-2.3849257,0.07456122,1.5,-10.3,-0.04,-0.09,-0.08,-4.03,0.69238889,-4,29.7063,2.72748002,-0.16095,-2.1977612,682.03,-12.156855,-11.536,9.735,-2,-1.4892252,1.93428219,7.6,2.2,121.4,76.9,72.2,-8.092,20.2181,16.1596,-2.700636,-0.1948087,11.2,26.5,-30.881,-9.954406,-0.16095,1.53253153,-682.03,6.27500315,-30.088,-11.045,4.9
2021,Region 3,First Round,2021 Rutgers,2021 Clemson,10,7,1,-0.3,-2.4,-1.1451121,1.9776,-0.0023798,-1.7,0,-7.6,-2.8,0.99,0.09,0.22,-11.47,3.6,3.3,-26.9,-20.5,3.1,6.3,1.3,-7.6,1.4,4.8,3,-7.9,-4.4,-0.3,17.9464,16.0759082,1.4,4.5,-2.7,-6.5,-1.9,5.2,0.9,0.6,4.4,-4.7,1.1,5.7,-2.2,5.4,-2.2,16.3616,13.2256434,2.7,1.8,2.5,6.1,-9.6,-0.6,2.7,0.3,1,-0.2,1.5,3,2.2,-2.9,-123.6,-90.2,-85.9,16.9787,-22.741,-16.7756,-2.5380404,0.49151812,-8.1,-15.6,0.02,0.02,0.03,-11.47,-0.4478377,3.3,30.908,0.85017725,0.08163,-1.876448,-554.36,-9.6605575,-5.72,8.875,0,0.14513818,1.18310369,4.1,2.9,123.6,90.2,85.9,-7.6195,18.8983,9.0605,1.30612124,0.35563584,8.4,23.2,-30.6873,-0.455278,0.08163,1.95728748,554.36,6.4082951,13.074,-7.62,-7.6
2021,Region 3,First Round,2021 Cleveland St.,2021 Houston,15,2,0,-35.9,-20.2,-6.7279956,-27.44731,-0.4785966,-11,-7.2,6.8,4.3,-0.15,-0.22,0.22,-0.29,1.6,1.2,-28.1,-15.2,-1.7,5.4,-2.2,-3.3,-1.8,5.3,-5.5,0.2,-12.5,-5.1,10.7503,9.74659234,7.7,9.1,3.4,1.7,-10.5,3.1,2.9,1.3,0.3,8.6,1.8,14,2.2,-20.3,-15.4,19.4426,19.345537,2.4,-1,4.7,1.4,-6.5,4,-7.5,-1.3,7.4,7.1,7.5,-8.1,4.1,-6.3,-123.3,-69.8,-57.8,9.349,-24.1053,-15.3473,0.3009445,0.20612003,-6,-19.5,0.01,2.84E-14,-1.42E-14,-0.29,2.43524649,1.2,28.9054,3.40224242,-0.15482,-2.3054123,708.76,-6.3108551,-23.522,9.1,0,-0.7881285,1.59818761,7.4,6.3,123.3,69.8,57.8,-7.875,17.9326,14.6976,-4.0608356,0.07905795,8.5,34.1,-32.5648,-7.8538584,-0.15482,1.90101468,-708.76,12.0656592,-37.504,-12.615,4.9
2022,Region 1,First Round,2022 Georgia St.,2022 Gonzaga,16,1,0,-18.9,-11.5,-11.849651,-31.12395,-0.4315787,-9.6,-5.2,5.9,3.5,-2.87,-2.49,0.64,6.97,-6,-5.6,-29.2,-26.5,-1.5,-4.8,1.8,3,-4.5,-5.5,3.4,2.2,-15.2,-5.4,12.696,12.3362564,1.9,1.5,1.6,2.1,8,0.1,9.8,11.9,5.9,-10.2,2.3,0.9,1.9,-19.3,-10.3,22.1175,21.5113581,9.7,15.5,0,3.1,-3.1,6.8,1.7,-1.7,4.5,8.8,17.1,6.1,-0.5,-2.6,-127.5,-84.5,-85.1,-0.674,-21.0993,-11.3823,-5.4195781,-0.2685972,-16.2,-29.7,0.01,0.03,0.02,6.97,0.39387977,-5.6,27.8221,7.91080589,-1.81802,-3.0564508,-55.51,-6.8324188,-21.368,6.665,-1,-0.8356666,0.61300549,9.8,2.6,127.5,84.5,85.1,-20.4305,17.3364,10.3765,-3.5489136,-0.3497522,0.8,10,-38.5373,1.97423431,-1.81802,1.89933596,55.51,7.14394959,-26.013,-13.025,9
2022,Region 1,First Round,2022 Memphis,2022 Boise St.,9,8,1,-1.4,-1.2,-2.1402816,-0.1922,0.02477838,-7.1,-2.7,-2.6,0.8,-0.68,0.86,-0.68,15.03,6.5,5.8,-36,-18.6,7,8.8,-6.4,-2.5,2.8,0.8,-5,4.2,0.1,3.1,18.3374,18.5421149,4.4,4,3.5,-2.9,12.6,-2.8,15.6,16.3,7.9,2.6,2.8,-0.4,2.9,4.9,-1,14.2951,13.6708712,4.6,5.8,2,-5,2.3,2.4,0.4,-10.2,0.7,12.1,11.5,-0.8,2,-1.6,-117.6,-79,-67.7,23.1516,-22.8502,-11.3826,0.64633261,0.61194915,-15.2,-10.4,0.02,0,0.04,15.03,-0.1719359,5.8,30.1428,7.78862468,0.64622,-2.3112321,862.1,-9.1101535,-7.987,12.32,2,0.38275381,1.84131042,3,1.6,117.6,79,67.7,-8.0061,21.15,15.98,-5.8308578,-0.0147785,0,18.6,-30.465,-4.4432239,0.64622,1.29192243,-862.1,5.30281932,3.173,-9.325,-5.9
2022,Region 1,First Round,2022 New Mexico St.,2022 Connecticut,12,5,1,-10.4,-5.8,-2.3711384,-9.2255,-0.1532934,-6.7,-3.1,1.2,1.7,-0.1,-0.59,-0.12,3.43,0.9,1.1,-26.3,-23.2,1.6,-5.3,-3.2,8.5,-2.8,-4.5,-3.3,7.9,-2.9,-1,13.2087,11.2541172,6.5,11.3,-1.5,1.3,3.5,-2.7,5.8,9.8,4.6,10,12.2,8.8,-1.9,-9.3,-5.1,16.2219,15.1460267,4.1,2,5.3,0.8,2.8,-0.5,-11.8,4,10.4,0.5,4.4,-0.1,5.4,-7,-127,-75,-74.3,8.706,-17.4136,-7.3648,3.38771224,-0.3729466,-3.6,-14.5,0.03,0.02,0.01,3.43,-1.9338388,1.1,31.6206,2.44978804,-0.38585,-2.5569006,706.26,-5.3530172,-7.027,10.74,-1,-0.2700102,-2.3155229,1.9,7,127,75,74.3,-11.2023,23.2715,17.6208,1.10781644,-0.4005992,7.7,22.7,-31.7591,-9.9268314,-0.38585,1.86571697,-706.26,7.08088926,-20.607,-10.585,4.2
2022,Region 1,First Round,2022 Vermont,2022 Arkansas,13,4,0,-5,-2.9,-5.2357506,-5.9545,-0.1029287,-5.8,-2.6,-1.4,-0.7,-0.41,-1.09,0.48,10.28,-6.9,-5.8,-17.7,-28.1,-2.7,5,-9.3,4.3,-6,-4.5,1,3.4,0.7,3.9,18.7239,16.6599063,9.8,12.5,4,1.5,-5.7,5.7,-1.8,0.5,-1.7,1.4,6.7,10.7,4.3,-3.5,-3.1,13.3636,11.9185649,1.5,5.7,-3.7,6.9,15.3,-0.3,-12.3,9.4,3,-4.1,8,-0.8,-4,1.7,-130,-100.7,-80.6,14.8323,-22.1345,-10.3292,-2.6382616,-0.0428004,0.5,-22.9,0.04,0.04,0.04,10.28,-3.4959906,-5.8,37.9473,-0.6034349,-0.70149,-1.9583034,580.69,-7.5947864,8.584,11.52,2,0.5400116,2.67578618,3.2,-1.7,130,100.7,80.6,-15.0545,23.526,14.2688,0.09175772,-0.3969003,9.6,21.5,-31.6959,-6.5025792,-0.70149,3.12545337,-580.69,12.8820887,-5.096,-11.67,0.4
2022,Region 1,First Round,2022 Notre Dame,2022 Alabama,11,6,1,-0.2,-1.3,-0.1029454,-3.7289,-0.0364558,2.2,1.8,-1,0.9,0.97,0.46,0.2,-6.79,-7.4,-6.2,-21,-16.7,-1.8,-0.7,-5.9,6.7,-5.4,-6.3,18.8,-12.4,7,4.2,13.2612,13.7930015,4.6,2.7,4.7,4.7,-7.5,2.2,-8.6,9.2,-6.7,2.2,0.1,3.5,4.1,-5.9,-8.7,17.7348,18.7305863,2.4,6.4,-0.9,3.7,10.7,-4.8,-11.5,8.8,2.8,0,4.1,-5.7,-1.1,4,-132,-87.7,-80.6,10.4627,-16.6809,-7.5638,-0.9351751,-0.2550358,0.9,-13.9,0.04,0.05,0.06,-6.79,-0.6851682,-6.2,36.6738,-3.5229686,0.30636,-2.0652775,322.02,-7.3835452,13.99,10.775,0,-0.4455209,4.44286,-2.8,-4,132,87.7,80.6,-21.1914,24.4253,9.2276,-1.9459806,0.02727872,-2.2,14.5,-33.668,-4.6592856,0.30636,2.96345641,-322.02,18.7990938,-7.895,-12.315,-2.8
2022,Region 1,First Round,2022 Montana St.,2022 Texas Tech,14,3,0,-22.9,-14.3,-9.3999453,-20.83244,-0.3820089,-9.8,-5.5,1.2,0.6,-1.58,0.05,-0.73,-5.56,1.2,0.6,-18.4,-29.7,3.3,11.5,-2.3,-9.2,-5.5,-5.1,3.2,1.8,-14.1,-6,19.4715,17.4948311,8.6,8.9,5.9,6.5,8.4,5.1,0.6,-6.5,3.2,7.4,7.1,5.6,5.5,-15.7,-8.5,8.978,8.2518221,3.8,6.9,-1.4,-5.9,-0.1,-2,-10,13.5,3.8,8.7,7.9,-0.2,-1.5,0.6,-119.3,-90.6,-55.1,17.3906,-25.0682,-17.705,0.90952033,0.58123456,-4.9,-23.6,0.05,0.09,0.09,-5.56,1.34059577,0.6,31.2295,4.29035364,0.03472,-1.6968097,1856.4,-7.6844988,-37.742,10.325,1,0.98504783,3.13965432,8.1,-0.6,119.3,90.6,55.1,-20.13,21.2779,12.8915,-4.9588295,-0.3683291,5.2,11.2,-32.3566,-4.8904405,0.03472,2.62338329,-1856.4,8.7074575,-38.717,-13.595,7.2
2022,Region 1,First Round,2022 Davidson,2022 Michigan St.,10,7,0,6.5,5.5,-0.742288,-0.0689,-0.0293329,6.6,5.6,-3,-1.3,-0.55,-0.37,0.1,-10.46,-2.4,-3,-21.1,-22.8,-0.9,-5.2,1.6,3.5,-1.5,-3.3,-6.8,10.1,15.1,13.4,20.3778,20.2174431,8.1,6.3,7.2,4.8,4.6,0.5,-3.4,3.3,-0.3,3.2,8.3,5.8,6.9,-9.9,-7.8,9.297,9.4337928,2.6,1.3,4,0.8,2.4,-2.3,-8.5,8.4,6.3,-4,5.9,-3,4.2,4.5,-133.8,-96.5,-80.4,9.2536,-15.2261,-9.8949,-1.3012244,-0.2376452,-9.4,-27.3,-0.01,-1.42E-14,0,-10.46,-0.9681928,-3,39.3387,0.10498998,-0.28599,-1.8536488,795.74,-6.7225056,29.409,12.215,2,1.17257431,-1.409212,-1.7,-4.5,133.8,96.5,80.4,-12.1179,19.1102,16.3446,2.05779194,-0.3634315,15.2,30.6,-33.4646,-4.8669976,-0.28599,2.50611669,-795.74,10.9114401,-17.401,-11.995,2.1
2022,Region 1,First Round,2022 Cal St. Fullerton,2022 Duke,15,2,0,-21.6,-14.1,-12.230658,-21.60934,-0.4766359,-9,-2.7,6.8,4.6,-1.93,-2.79,1.39,3.86,-1.8,-1.6,-36.2,-27,-2.1,1.4,2.3,-3.7,-8.8,-5.4,4.7,0.7,-12.8,0.2,9.0052,7.61213938,2.2,1.8,2.1,9.2,16.8,-2,0.5,-7.1,-2.6,-0.5,3,0.8,1.4,-20,-18.2,16.81,17.2338764,4.8,7.8,-0.3,3.8,2.5,5.3,-3.9,2.4,4.8,10.5,5.6,5.3,-0.7,2.6,-130.7,-82.6,-90.7,9.4474,-20.2099,-12.8614,-0.6323359,0.13862727,-12.1,-12.7,-0.02,1.42E-14,-1.42E-14,3.86,-2.0685686,-1.6,31.7618,5.35167407,-1.90377,-2.6745389,-131.17,-6.9547542,-12.01,8.22,-2,-0.6990174,-1.0473682,13,-2.6,130.7,82.6,90.7,-23.9222,19.4143,9.7566,-3.8234083,-0.4181627,5.9,10,-37.3772,-1.5056314,-1.90377,1.85564235,131.17,16.5271517,-11.555,-12.77,1.8
2022,Region 4,First Round,2022 Norfolk St.,2022 Baylor,16,1,0,-22.4,-14.2,-11.958338,-26.17497,-0.5102116,-7.4,-2.6,2.7,1.2,-0.97,-1.8,0.65,-1.88,2.1,-0.4,-28.3,-17.2,4.3,6.2,-6,-0.3,-4.2,-0.7,-6.1,6.7,-7,-3.3,10.8762,9.22047211,3.7,1.8,4.6,-0.6,12.2,3,1.4,-7.9,2.9,-3.3,-2.4,0.5,3.8,-14,-9.9,15.589,15.4894105,7.8,7.2,5.5,5,-4.8,0.3,-9.1,1.5,-0.3,9.4,10.3,4.9,4.6,-2.7,-120.5,-78.3,-72.2,21.3612,-25.0103,-13.0616,-2.8594713,0.30151954,-8.2,-11.1,0.01,0.01,0,-1.88,-3.3718391,-0.4,29.2977,5.65764918,-1.232,-1.8608787,173.22,-9.542038,-8.96,9.2,-1,-0.3868341,0.72299378,3.7,2.7,120.5,78.3,72.2,-17.3242,23.2581,18.5341,-2.5874944,-0.2749919,2.3,18.9,-33.1157,-6.4386359,-1.232,1.55367538,-173.22,8.72890865,-23.38,-11.115,4.1
2022,Region 4,First Round,2022 Marquette,2022 North Carolina,9,8,0,-14.5,-8.1,-3.7111485,-2.0435,-0.0605425,-6.9,-1.6,2.7,0.1,-0.4,-1.06,-0.89,14.78,1.3,1,-21.4,-27,8.2,2.8,-8.4,5.6,0.3,4.4,-2.3,-2,-10.2,-0.4,12.7762,12.0033585,2.8,4.6,-0.2,1,5.3,-3.2,1.6,11.4,4.2,-5.4,2,3.8,0.7,-6,-3.4,17.272,17.4706985,5.4,4.5,4.5,7.3,-0.1,2.6,1,-1.3,0.6,9.6,8.7,-1.2,3.8,1.2,-133,-95,-92.4,18.4746,-20.7266,-9.6214,-3.2896235,0.12511647,-4.4,-14.4,0.08,0.08,0.06,14.78,0.36207521,1,36.422,-0.1337147,-0.75012,-2.4170934,106.5,-9.2923049,-22.313,10.675,1,-0.4428894,2.20463202,9.8,-1.2,133,95,92.4,-8.4496,17.2138,10.876,-4.1590615,0.19516832,0.5,6.9,-33.3232,-2.7572563,-0.75012,1.98281163,-106.5,7.05090701,-20.795,-9.315,2.6
2022,Region 4,First Round,2022 Indiana,2022 Saint Mary's,12,5,0,-5.3,0.7,-3.7194921,-4.8715,-0.0035431,-6.6,-0.7,-2.7,-3.3,0.2,-0.18,-0.9,8.24,2.3,3.4,-39.4,-23.7,9.6,1.8,-4.7,2.8,1.8,-12,8.2,3.8,-1.2,3.5,17.6026,17.8626378,3,4.4,-0.5,-1.5,9.1,2.2,5,21.5,5.6,6.6,10.7,-5.5,-1,1.3,3.1,17.1427,17.2960164,7,9.2,2.5,0.6,-7.4,0.3,-2.3,3,-0.5,0.9,6.4,3.9,2.5,-2.2,-128.7,-98.9,-88.3,17.7659,-18.1405,-8.2368,5.01750541,0.24216538,-17.1,-10.4,0.03,0.06,0.04,8.24,-2.8121804,3.4,32.3436,2.895844,-0.09726,-3.053412,300.27,-13.873774,-13.302,10.325,0,0.04219402,-2.5542058,4.7,2.2,128.7,98.9,88.3,-13.132,25.1664,13.949,0.85703494,-0.3757055,0.6,18.2,-34.1398,-3.2411342,-0.09726,2.37207411,-300.27,6.38661372,-7.977,-9.185,1.8
2022,Region 4,First Round,2022 Akron,2022 UCLA,13,4,0,-20.9,-12.5,-9.3203019,-21.35769,-0.373094,-4.9,-2.6,4.3,3.5,-1.44,-0.13,-1.04,-5.91,-3.4,-3.8,-20.5,-33.2,0.2,-2.6,-0.8,3.3,0.2,6.8,-10.9,4.1,-4.9,1.7,14.9223,13.1928481,5.1,5.1,3.4,-3.1,10.9,2,4.3,-2.3,0.8,-3.5,4.5,5.9,3.2,-14.1,-12.4,13.415,12.4651872,1.3,1.8,0.5,3.3,3.6,4.2,-5.6,9.6,2.3,-8.1,5.1,3.2,0.5,0.4,-131.6,-87.9,-74.7,9.4211,-17.8137,-11.2557,-3.5048815,-0.1393494,-7.6,-24.6,0.01,-0.01,0,-5.91,0.84480005,-3.8,33.1513,5.48374717,-0.0914,-3.0567556,815.18,-9.5999675,-18.421,12.105,-1,0.23371082,-1.3579658,6.6,-0.4,131.6,87.9,74.7,-3.2428,12.7125,11.9355,4.36296858,0.07619846,18.1,27.4,-34.8964,-6.2655062,-0.0914,2.75127887,-815.18,10.5622931,-34.489,-11.73,1.7
2022,Region 4,First Round,2022 Virginia Tech,2022 Texas,11,6,0,-4.2,-1.6,-1.6196182,-2.5429,-0.0193474,-2.5,0,-3.8,-2.9,-0.03,0.96,-0.52,-8.83,-0.7,0,-24.9,-27,3.3,-2.2,-5.3,7.5,1.9,3.1,-3.9,0.8,1.6,4.4,22.8621,24.1894945,8.7,6.4,7.7,7.4,-13.1,6.3,-1.9,11.5,0.2,-3.3,2.4,8.7,7.3,-6.5,-1.7,15.4075,16.6097852,1.4,1.5,0.6,0.5,7.1,0.6,-5.8,2.7,0.7,-5.7,2.6,2.2,0.7,0.5,-122.7,-83.9,-82,12.5171,-16.9337,-6.7415,-5.377267,-0.1921257,-6.9,-18.7,0.01,0.04,0.02,-8.83,0.38157803,0,33.3505,1.11896903,0.61536,-2.3999906,173.38,-8.8744536,-3.096,9.3,1,0.73387353,1.94560638,2.8,-0.5,122.7,83.9,82,-8.8765,18.5994,13.0683,2.9823338,0.11459934,12.7,25.4,-31.3374,-4.3235893,0.61536,2.21080523,-173.38,9.42448344,-21.476,-10.055,4.8
2022,Region 4,First Round,2022 Yale,2022 Purdue,14,3,0,-10.5,-8.7,-11.870699,-20.05288,-0.3942419,-5.5,-2.8,5,4.1,-1.98,-3.78,0.19,-2.16,3.7,3,-22.7,-19.7,-1.3,9.4,-4.8,-4.6,-6.6,0.6,-2.6,2,-7,1.2,2.4936,2.26256783,0.5,1.3,-0.6,1.7,11.3,-4.2,2,-6.7,2.5,-4,-3.7,2.9,-0.6,-18.3,-11.9,22.0288,24.1935,8.1,4.8,8.7,2.2,5.2,0.9,-8.7,10.9,0.2,-2.2,9.1,0.7,7.9,5.6,-132.1,-89.1,-78.5,12.3401,-23.508,-15.3848,-2.3577327,0.32727356,-9.2,-26.9,-0.08,-0.1,-0.09,-2.16,-0.7561663,3,33.8253,4.09082571,-2.57664,-2.1435957,563.17,-9.3214091,-12.27,10.295,-3,-1.9336027,0.71290784,8.2,-5.6,132.1,89.1,78.5,-19.2883,18.5441,13.5812,2.49600469,-0.2001126,1.2,18,-37.8388,-5.8798359,-2.57664,2.15570175,-563.17,9.70804245,-31.13,-15.335,6.4
2022,Region 4,First Round,2022 San Francisco,2022 Murray St.,10,7,0,-1.9,1,-1.8770881,1.9789,0.03982394,-5.5,-1.5,0.4,-0.2,0.71,1.4,0.7,4.68,3.1,2.9,-15,-31.9,4.5,4.9,-9,4.1,-2.5,-0.8,8.1,-7.3,1.6,2.9,15.6273,14.425928,5.1,3.9,4.6,1.6,3.8,2.9,4.9,1.5,1,2.1,2.2,-1.2,4.6,-7.9,-5.7,19.1294,17.4504654,6,5.1,5.8,-1.2,-1.1,1.4,-11.7,7,0.5,-10.7,4.5,1,5.6,0.9,-125.3,-85,-83.7,18.2939,-23.2249,-13.2097,-0.0044758,0.12986319,3.2,-19.4,-0.05,-0.04,-0.04,4.68,1.08484043,2.9,32.5689,5.71309406,0.98005,-2.6102681,-273.1,-9.2936888,9.124,9.595,-1,-0.341572,-4.077591,1.3,-0.9,125.3,85,83.7,-12.1683,17.5446,8.6445,6.51007091,0.20078323,0.1,5.7,-34.0306,-8.9491522,0.98005,2.50251319,273.1,7.80621138,-6.681,-12.855,2.2
2022,Region 4,First Round,2022 Saint Peter's,2022 Kentucky,15,2,1,-15.4,-7.8,-12.43519,-22.31932,-0.3349599,-13.2,-8.3,7,4.7,-0.64,-1.07,0.02,12.78,-2.3,-2,-33.7,-35.6,-2.9,10.4,-4.9,-5.6,-5.4,3.3,-11.7,8.3,-12.2,-6.4,5.1553,3.73362578,1.3,-1.3,4.5,-3,12.4,-3.4,6.6,5.4,8.2,-3.1,-8.9,3.5,3.8,-13.6,-8,25.7152,25.0272459,9.2,9.7,5.5,-0.5,-13.8,4.3,-9.8,1.4,-2.2,4,19.1,3.9,5.5,-8.3,-124.3,-77.8,-69.2,10.5481,-24.5176,-14.359,-3.290269,0.45085602,-7.1,-13.5,0.01,-1.42E-14,0.01,12.78,0.10871757,-2,28.5486,7.69300418,-0.72456,-2.5884381,856.2,-8.3401166,-22.846,8.88,-1,-1.9375372,-0.9090487,5.8,8.3,124.3,77.8,69.2,-14.9742,18.4801,15.9844,-0.9082664,-0.4236667,15.7,12.5,-32.7691,-7.2078195,-0.72456,1.68517249,-856.2,5.82727819,-25.272,-11.775,5.6
2022,Region 2,First Round,2022 TCU,2022 Seton Hall,9,8,1,6.3,3.3,0.99977461,-0.058,0.01610237,-2.3,-2.1,-6.8,-2.8,-0.95,-1.71,-1.09,-0.49,-1.5,-1.7,-33.7,-29.8,0.8,1.8,0.3,-2.1,-0.7,-1.9,2.7,-0.8,3.6,2.5,14.7411,14.0894566,3.5,5.7,-0.7,-10.5,3.4,-3.1,8.7,5.7,0.4,11.5,12.4,-4.8,-0.9,6.1,0.7,15.1345,13.906764,-0.1,-1.7,1.8,4.4,4.1,0.9,-6.6,-14.3,5.5,1.5,-5.5,0.3,2.3,-10.4,-124,-74.3,-83.5,9.282,-20.587,-13.7148,7.01127111,0.16746461,-7.5,-10.2,0,-0.02,-0.01,-0.49,0.952255,-1.7,28.2366,3.74501059,-1.1836,-2.2992997,662.66,-6.186884,-3.21,8.285,1,-0.0371832,0.66276458,-1.1,10.4,124,74.3,83.5,-11.7154,22.1856,12.2635,0.20202268,-0.0450261,5.1,10.8,-29.6468,-11.3386,-1.1836,1.63070766,-662.66,7.85841544,4.171,-9.09,-5.4
2022,Region 2,First Round,2022 UAB,2022 Houston,12,5,0,-14.9,-9.8,-6.263972,-12.4643,-0.1520857,-6,-3.8,2.9,1.2,-0.77,-0.21,-0.06,3.7,4.6,4.8,-24.4,-23.8,1.5,5,4.9,-10,-4.6,0.2,1.7,-1.9,-6.8,-1.2,21.6382,22.223586,9.4,7.1,9.3,3.4,-5.6,5.4,6.1,-11.2,5,1.1,9.7,5,9.2,-15.6,-9.3,18.892,19.0560821,5.7,7.6,1.7,-4.2,-2.8,4.3,-10.4,13.6,8.6,9.4,5.6,7.2,0.9,-2.1,-123.5,-74.1,-75.2,14.9375,-25.1799,-17.9764,-2.408694,0.45586671,-11.1,-21.7,-0.01,2.84E-14,0.01,3.7,-3.3464082,4.8,32.0168,10.9316545,-0.11607,-2.0457008,205.88,-5.2852302,-15.966,9.97,0,0.32669198,2.4196459,5.6,2.1,123.5,74.1,75.2,-18.8268,21.482,11.6788,-2.4604461,-0.062287,8.5,18.6,-33.285,-3.4605963,-0.11607,2.55892667,-205.88,7.82324238,-35.436,-12.085,6.3
2022,Region 2,First Round,2022 Chattanooga,2022 Illinois,13,4,0,-2.2,1.2,-3.9419947,-8.3142,-0.1572959,-3.1,0.7,0.8,1.1,-0.28,-2.24,-0.04,-2.34,-2.7,-2.6,-31.1,-16.9,-0.7,10.6,-19.6,9.1,-3.6,2.1,0.3,-2.3,3.8,4.4,15.89,15.2440494,6.5,8.4,1.9,4.5,-1.4,-1.4,6.9,4.9,-2.1,-5.9,-0.3,6.8,2,-9.4,-7,14.969,15.0848793,3.5,-0.4,6.1,1.2,4.4,0.3,-7.1,13.1,-2.9,1.7,3.3,-5.7,5.6,1.8,-131.7,-81.8,-85.6,13.7578,-24.3895,-7.0383,-4.5994312,0.00082045,-16.2,-25.9,0.06,0.06,0.06,-2.34,0.37717418,-2.6,35.4468,5.86269262,-1.51234,-2.7253135,104.84,-12.799205,8.138,11.18,0,0.12484167,4.16752154,0.6,-1.8,131.7,81.8,85.6,-14.2888,19.2784,12.7957,-0.8295493,0.02025118,-2.5,15.7,-34.6293,-5.4520719,-1.51234,2.57499066,-104.84,13.7663443,-21.53,-12.425,2.4
2022,Region 2,First Round,2022 Michigan,2022 Colorado St.,11,6,1,-9,-6.7,-4.1445161,-0.2085,0.05016459,0.8,3,1.8,1.9,2.12,3.72,-0.61,-8.62,1.7,0.8,-23.4,-27.1,1.6,6,5.8,-11.8,0.7,-3,7.7,-4.8,-0.6,8.5,15.9041,15.1776874,2.4,2.5,1.3,3.7,3.9,1.3,6.3,2,-0.3,-0.2,0.6,2.8,1.2,-8.4,-9.6,15.6002,15.7955249,4.9,5.5,2.7,4.5,3.8,-0.1,1.9,11.9,1.4,2,1.5,5.1,3.2,7.7,-134.4,-98.2,-89.1,17.476,-22.0668,-18.6628,-1.0085568,0.51557875,-12.6,-25.8,-0.02,-0.04,-0.02,-8.62,0.00603829,0.8,34.1383,4.83602646,2.49304,-2.6680874,337.26,-9.2575581,-7.489,11.35,-2,0.03304887,-1.6466248,9.1,-7.7,134.4,98.2,89.1,-14.7579,18.6651,9.4272,1.08587121,0.06695745,13.7,25.9,-39.4098,0.43648866,2.49304,2.75937575,-337.26,11.2002603,-21.337,-12.845,-1.2
2022,Region 2,First Round,2022 Longwood,2022 Tennessee,14,3,0,-24.7,-14,-11.206326,-22.75591,-0.4031583,-9,-4.6,3.9,2.5,-1.19,-2.62,0.67,1.61,-1.2,-1,-22.6,-15.6,-1.2,3.2,-1.3,-1.9,-2.8,0.9,-4.2,3.4,-12.3,-4,19.9093,17.8116963,4.9,1.8,6.7,1.7,4.1,4.3,5.7,2.4,-1.6,5,1.3,1,7.1,-11.6,-10.1,7.815,6.6042736,-1,-5.9,3.8,-3,1.2,2.5,-7.2,11.7,1.5,0.2,-3.3,-5.4,3.9,-1.1,-120,-81.1,-74.7,8.6318,-20.9968,-12.6072,0.34997025,0.10507329,-1.9,-18.8,0.01,-0.02,-0.02,1.61,-1.250277,-1,29.2752,7.23417353,-1.77466,-2.0299421,830.39,-6.914105,-12.608,9.78,1,1.21734789,1.17039174,8.3,1.1,120,81.1,74.7,-13.381,19.6458,15.1324,-0.0673891,-0.1200031,0,23.1,-31.2625,-3.4959903,-1.77466,1.84774017,-830.39,14.0964733,-13.98,-11.155,1.5
2022,Region 2,First Round,2022 Loyola Chicago,2022 Ohio St.,10,7,0,2.5,0.4,0.4395924,1.8724,-0.0093985,-0.8,-1,0.7,2.9,-0.49,-0.24,0.68,-2.25,0.2,-0.6,-21.6,-22.2,-0.1,7.8,-15.2,7.4,-2.4,7.9,-6.4,-1.5,1.6,3.6,10.087,9.59882602,8.4,9.6,4,-1.6,2.7,-3.1,-3.5,9.4,-0.5,5.6,5.6,2.3,3.8,-6,-9.7,23.431,22.3801299,7.8,7.1,5.8,2.7,5.1,3.2,-4.9,7.1,1.4,-2.8,9.7,8.9,5.6,6,-129.7,-93.6,-77,15.2301,-21.6775,-7.5136,1.29665764,-0.0120272,4.2,-12.3,0.06,0.11,0.03,-2.25,3.91078343,-0.6,37.9695,-1.8543819,-0.15612,-2.4404073,1041.42,-7.2932962,10.116,11.72,0,-1.3745432,-1.1033009,2,-6,129.7,93.6,77,-7.9933,14.3215,11.8405,4.21460971,0.17561085,15.2,32.7,-35.1014,-5.6198779,-0.15612,2.57893153,-1041.42,12.0408408,-2.932,-11.835,-3.7
2022,Region 2,First Round,2022 Delaware,2022 Villanova,15,2,0,-19.5,-13.1,-12.728091,-21.8277,-0.3366735,-7.1,-4.8,8,7.5,-0.19,1.15,-0.34,1.47,3.5,4,-18.8,-18.4,3.3,9,-5,-4,-1.1,4.3,6,-10.3,-2.7,-1,13.0093,13.8630677,6,6,4,-0.3,9.5,0.4,-1.2,-1.9,-1,5.1,4.9,2.9,3.7,-13.7,-12.8,13.384,13.9122764,2.7,2.8,1,6.6,1.2,3,0.3,4,-0.9,3.3,4.8,-4.8,0.5,2.3,-128.8,-83.1,-80.5,18.4993,-23.7414,-16.0234,0.86238129,0.41105633,-0.2,-15.9,0.02,0.04,0.04,1.47,1.84726674,4,33.786,1.89344127,0.751,-2.6354215,1449.51,-12.439921,-8.88,9.815,0,0.08554554,-0.1172001,1.7,-2.3,128.8,83.1,80.5,-5.6477,15.3143,6.6343,-2.7365992,0.33667236,-5.2,16.6,-34.5605,-2.7926772,0.751,2.38552715,-1449.51,9.21230586,-34.718,-10.93,0.9
2022,Region 3,First Round,2022 Texas Southern,2022 Kansas,16,1,0,-31.6,-19.8,-17.17682,-26.82445,-0.5019712,-14,-8.4,8.1,6.8,-0.02,0.26,0.72,21.66,-0.2,-1.4,-34.4,-30.4,1.7,5.4,-1.7,-3.9,-3.6,-3.1,0.7,2.5,-17.9,-7.3,4.2459,4.0476367,1.8,1.3,1.6,-3.6,4.9,-3,4.9,-5.2,5.6,4.3,0.2,2.2,1.6,-17,-10.3,19.9141,21.5629089,9.2,9.3,6,6.8,-1.5,-0.4,-5.2,7,4.3,1.4,12.5,2,5.7,-5.4,-125,-75.7,-72.4,13.0882,-24.3653,-14.727,1.00150097,0.36866503,-10.9,-16.3,0.01,-1.42E-14,0.01,21.66,-0.3899386,-1.4,28.5078,7.16729488,0.17568,-2.4371722,193.35,-8.6372606,-41.406,8.345,0,-1.4891429,-2.3359806,10.6,5.4,125,75.7,72.4,-15.084,20.1596,12.8285,0.85630026,-0.2887546,6.7,11.9,-34.8828,-4.4065983,0.17568,1.82066135,-193.35,6.88559602,-32.316,-11.905,6.7
2022,Region 3,First Round,2022 Creighton,2022 San Diego St.,9,8,1,-6.4,-5.2,-0.9042106,-4.6825,-0.0619614,-7.5,-1.8,-9.2,-4.8,0.97,1.07,-1.16,-10.87,2.9,1.7,-23.6,-35.6,8.3,4,-4.3,0.3,-3.5,1.1,-3.7,2.4,-8.4,0,19.6331,17.8209131,6.9,10.8,0.3,5.6,-4.6,1.2,1.6,0.1,2.3,5.3,8.3,8,0.8,10.7,0.4,11.9865,9.1088931,3.9,3.1,4.1,-2.8,11,-3.8,-1.2,4.9,5.1,9.2,6.6,1,3.7,-11.4,-123,-86.4,-91.8,18.8884,-25.2316,-14.7252,0.90160476,0.31526502,-5.3,-15.1,0.03,0.01,0.02,-10.87,1.46288594,1.7,28.3135,1.57175997,0.73299,-1.934002,-406.32,-6.2507459,-30.428,6.22,0,0.65899176,-0.53421,8.4,11.4,123,86.4,91.8,-9.7357,19.9282,11.7724,-3.2495119,-0.16851,20.1,20.4,-30.8411,-5.1936418,0.73299,2.0578215,406.32,8.39876453,11.099,-6.76,-10.3
2022,Region 3,First Round,2022 Richmond,2022 Iowa,12,5,1,-16.5,-10,-6.1679313,-13.70189,-0.205764,1,2.9,1.5,2.6,-0.83,-0.1,0.96,-12.24,-2.9,-3,-21.5,-25.1,-3,-5,-0.4,5.4,-3.1,-0.6,3.9,-3.3,-5.9,8.9,11.1252,9.95015776,1.7,2.2,0.9,1.9,4.7,4.9,-7.8,2.8,-1.2,5.4,6.8,-2.6,0.3,-14.2,-17.1,22.2275,21.6231097,3.1,2.6,2.5,2.6,6.9,6,-5,5.5,2,-1.9,1.5,1.4,2.1,5.4,-134.5,-88,-89,7.6892,-17.4247,-10.6689,3.39844297,-0.3545067,1.4,-16.8,0.03,0.04,0.04,-12.24,2.27449545,-3,34.3954,-3.8748081,-0.0849,-2.820332,228.44,-8.0635375,-1.102,9.1,-1,-1.0779561,-2.1820118,14.8,-5.4,134.5,88,89,-16.9573,18.902,9.3761,1.62301435,-0.0001784,4.7,15.5,-37.3301,-4.2928461,-0.0849,2.92337006,-228.44,14.7270486,-15.02,-12.775,-2.9
2022,Region 3,First Round,2022 South Dakota St.,2022 Providence,13,4,0,-2.3,-0.8,-4.3828374,-2.4368,-0.0732658,-1.7,1,1.7,-0.6,-1.03,-1.52,-1.33,5.03,5.4,4.2,-29.6,-20.5,-0.3,1.6,0,-1.6,-3.5,-6,2.7,3.3,8.2,6.9,18.7139,18.0926187,13,9.7,13,5.1,8.9,0.5,-4,1,-3.6,7.2,10.1,6.5,13.7,-11.2,-7.7,6.609,7.5709691,-1.2,-1,-0.9,-1.5,17.2,-1.5,-6.3,10.3,2.8,-2.3,-1.1,-5.2,-0.8,8.2,-135.8,-93.3,-78.7,12.7314,-16.0728,-10.1935,-1.3765174,0.09433108,-1.8,-10.5,-1.42E-14,-0.01,0.03,5.03,-0.821175,4.2,42.1445,0.762471,-1.04608,-2.5421158,1287.3,-9.0322768,2.999,13.21,3,1.35364397,5.70568642,-1.3,-8.2,135.8,93.3,78.7,-15.4584,21.5834,13.6904,-0.3450843,-0.3263181,0.1,17.9,-33.9351,-4.6705841,-1.04608,3.03817552,-1287.3,14.6338148,-31.332,-12.675,3.5
2022,Region 3,First Round,2022 Iowa St.,2022 LSU,11,6,1,-12.4,-8,0.54471205,-5.1357,-0.0412267,-10.7,-5,-5,-2.5,-1.21,-1,1.02,-4.02,-3.4,-2.5,-16.7,-27.9,-1.7,-0.2,9.1,-8.8,-3.2,-12.9,9.6,3.2,-17.7,-6.1,15.8239,14.9993761,4.8,3.2,4.1,-0.6,-10.3,4.9,-3,6.1,0.7,2.5,2.3,9,3.3,0,-4.1,17.2038,17.0901078,1.1,-0.2,2.3,1.3,-3.2,4.1,-5.2,-3.6,3.5,2.6,-6,-3.7,2.7,-7.1,-109.4,-78.4,-64.3,12.3396,-25.2427,-21.5115,-1.8794051,0.16644938,0.9,-15.5,-0.04,-0.04,-0.04,-4.02,3.10752185,-2.5,25.8307,-0.9771758,-0.6915,-1.4587755,635.26,-6.0546444,-20.043,5.95,-1,-0.1317931,2.88888541,11.6,7.1,109.4,78.4,64.3,-24.4685,28.5636,16.0212,-0.667356,-0.5497399,7.6,11.9,-26.76,-6.2295084,-0.6915,1.68618831,-635.26,9.17358046,13.158,-9.355,-4.1
2022,Region 3,First Round,2022 Colgate,2022 Wisconsin,14,3,0,-15.3,-9.8,-12.552373,-11.36661,-0.2862344,-5,-3.1,4,4.7,-1.28,-1.74,0.98,0.75,0.5,0.7,-24.3,-28.1,-2.7,10,-18.4,8.4,-2.1,4.4,-4,-0.4,-0.4,1.9,13.4618,12.6198674,6.5,2.8,7.9,1.3,-0.9,0,2.5,15.8,0.3,9.8,-2.3,-1.5,7.8,-11.2,-9.9,6.339,6.5783784,-0.8,0.7,-2.4,7.1,8,3.5,-1,-8.9,-1,-2.7,5.9,-1.5,-3.1,2.5,-137.3,-98.9,-88.9,13.1715,-20.8149,-5.754,2.85897881,-0.0464209,-0.2,-18.7,-0.02,-0.07,-0.03,0.75,2.91970687,0.7,37.9015,1.77167727,-1.17002,-3.5232391,-550.23,-12.030078,8.526,12.345,1,0.79014498,0.6677698,2.3,-2.5,137.3,98.9,88.9,-8.325,19.0438,12.5868,-0.319858,0.07549695,13.6,27.9,-33.8166,-3.9633944,-1.17002,2.25734117,550.23,9.75523519,-13.916,-10.345,1.3
2022,Region 3,First Round,2022 Miami FL,2022 USC,10,7,1,3.4,1.8,-1.5091055,-1.8287,-0.0026576,2.7,1,-0.8,0.9,-2.41,-1.36,0.22,-11.72,0.1,1.4,-29.6,-28.6,1.3,3.1,-4.4,1.3,0,2.1,-8.6,6.5,8.7,5.8,18.7328,18.2882324,9.5,13.3,1.6,3,2.6,0.5,-3.8,0.8,0.2,-1.7,16,6.1,0.7,-5.8,-7,8.337,8.715514,-2.3,-3.8,0.2,-2.5,6.3,2.6,-3.5,-3.8,2.6,2.3,-4,3.1,1.2,3.4,-133.1,-85.3,-89.3,12.4153,-20.9104,-10.844,-1.7117528,0.08196733,-8.8,-17.4,-0.01,-0.03,0,-11.72,-2.0632493,1.4,38.3745,-0.9512517,-0.90766,-2.187317,-239.84,-8.0937722,19.333,9.855,2,1.10127721,-0.2608413,-2.9,-3.4,133.1,85.3,89.3,-13.2078,15.9234,13.8531,0.32862771,-0.1689745,6.8,12.3,-32.5955,-4.5702645,-0.90766,2.43713827,239.84,10.6295402,-9.112,-11.325,-1.2
2022,Region 3,First Round,2022 Jacksonville St.,2022 Auburn,15,2,0,-9.7,-11.1,-12.632202,-22.21153,-0.3680577,-7.9,-6,-1.2,2.6,-0.99,-2.21,1.12,-8.03,-5.2,-4.8,-21,-15.2,1.9,-2.4,-4.3,6.7,-7.9,-3.4,-1.5,4.9,-18.3,-11.4,16.1759,14.4192819,10.1,9.2,7,-4.6,-2.6,0.7,-1,5.1,-0.9,15.9,8.9,5.5,7,-6.6,-12,10.519,11.0196908,2.3,4.5,-0.5,-4.1,10.5,0.4,-7,-1.1,12.6,3.6,9.3,-5.1,-0.9,-3.4,-125.5,-83,-80.3,8.9273,-18.4566,-8.614,4.51299077,-0.208271,3.1,-10.3,-0.03,0.01,-0.02,-8.03,3.54088075,-4.8,31.7887,2.26063019,-1.59502,-2.4155116,965.48,-4.2009035,-22.954,8.995,1,0.61934656,2.29876101,6.9,3.4,125.5,83,80.3,-19.4067,22.5466,17.4267,-3.3065169,-0.3924253,-3.9,9.9,-33.0079,-4.8302023,-1.59502,1.68915332,-965.48,9.73383006,-5.708,-10.175,-5.4
2023,Region 1,First Round,2023 West Virginia,2023 Maryland,9,8,0,-2.3,-2.8,0.45086217,0.7742,0.03079711,-4.3,-1.9,-0.1,1.5,-0.47,0.63,0.06,6.01,5.4,4,-32,-27.5,0.5,-3.7,-0.6,4.4,0.2,3.1,-1.4,-1.8,3.6,4.4,21.3778,21.0940211,3.8,3.6,2.7,1.4,11.9,-0.1,6.5,2.4,-1.2,3,4.4,3.4,2.7,-5.7,-7.1,16.1364,15.1658718,0.4,1.5,-1.1,1.2,-4.6,4.7,-0.9,-4,3.6,-12.6,1.4,2,-1.2,1.4,-126,-79.6,-60.3,8.6426,-15.9775,-8.8913,0.06406398,-0.2507717,-11.6,-17.6,0.06,0.03,0.04,6.01,1.98633216,4,32.5491,6.24639726,0.44642,-2.5650817,1786.85,-9.0072424,9.93,12.04,0,0.53465436,-2.0637582,0.8,-1.4,126,79.6,60.3,-10.2877,15.6732,11.0628,5.54742482,0.15390963,2.2,10.5,-32.5181,-2.7535085,0.44642,2.11894627,-1786.85,10.6590004,-13.854,-12.455,-1.4
2023,Region 1,First Round,2023 Charleston,2023 San Diego St.,12,5,0,-3.3,-2.4,-3.9906377,-8.4942,-0.1364154,-6.8,-2.4,-3.8,-1.4,0.2,-0.36,-0.72,0.77,4.3,5,-12.5,-33.1,-0.8,-0.9,-6.5,7.3,-4.6,1.7,0.3,-2,-3.5,0.8,19.7036,19.0751221,4,3,4.1,0.7,3.3,2.9,9.3,1.9,-0.1,11.5,4.1,-1.4,4.7,-2.9,-3,12.3119,13.5578442,2.2,0.3,4.1,5.6,9.6,1.7,-6.2,7.1,0.4,8,0.8,-1.6,3.9,-3,-126.8,-81.9,-78.9,8.2228,-21.4793,-13.071,4.06967413,-0.1906528,5.9,-21.5,0.02,0.08,0.06,0.77,-1.7303236,5,32.6095,7.62309863,-0.25148,-2.3914108,680.65,-8.0621802,-17.58,11.7,1,0.76265561,0.16170112,4.3,3,126.8,81.9,78.9,-12.4495,19.6572,10.7721,-2.6414396,-0.0185976,19.9,24.7,-31.2271,-6.5199486,-0.25148,2.65967695,-680.65,11.2989212,-10.74,-10.065,-0.1
2023,Region 1,First Round,2023 Furman,2023 Virginia,13,4,1,-10.8,-4.8,-6.0999303,-7.98633,-0.1737692,-3.7,-0.4,0.4,-0.4,0.03,-0.97,-0.4,-1.46,6.4,7,-13.9,-28.7,3.9,7.5,-14.1,6.7,-5.6,3.2,-2.4,-0.8,-2.1,-0.6,19.4456,18.4656968,7.3,12.6,0.4,-1.3,8.6,3.9,4.6,5.6,-2.7,10,9.6,3.4,0,-8.1,-4.2,5.391,6.3416279,0.7,-0.8,2.2,-0.7,2.7,4.7,1.6,22.6,5.3,-3.9,0.6,-1.1,2.3,5.8,-132.4,-92.8,-72.9,19.0336,-23.161,-10.4353,4.37074943,0.11678334,4.7,-17.6,-0.04,-0.07,-0.04,-1.46,-0.3353468,7,36.6303,0.75350894,-0.65557,-2.7208023,1115.18,-6.5016913,-9.685,12.725,1,1.55736561,0.23137011,1.5,-5.8,132.4,92.8,72.9,-14.5512,16.4291,10.9604,2.09092116,-0.0389381,2.2,9.4,-35.1823,2.98030921,-0.65557,2.77529225,-1115.18,10.9072249,-19.545,-12.36,3.9
2023,Region 1,First Round,2023 NC St.,2023 Creighton,11,6,0,-4.9,-7.4,-1.0304237,-7.3493,-0.0727563,-2.2,-1,1.1,1.8,-0.87,-0.85,0.67,7.2,0.5,1.5,-32.6,-24.5,0.4,-0.9,-6.7,7.6,-3.1,4.2,4,-8.2,5.5,1.5,19.9275,20.2205723,4.5,5.9,0.8,-0.9,5.5,0.7,7.4,-2.1,3.8,2.4,3.7,5.4,1.1,-9,-8.9,14.032,16.0107869,4.5,3.9,3.8,3.3,-5.9,2.5,1.1,12.9,3.1,4.3,4.1,3.4,3.8,3.2,-136.4,-93.9,-92.8,7.8974,-17.8242,-6.7143,-0.1619776,-0.2703938,-18.9,-26.5,-0.04,-0.04,-0.05,7.2,-0.9347704,1.5,37.2191,7.43933941,-0.5705,-2.6303196,47.85,-9.5223435,20.415,10.91,1,0.64698217,3.95099079,-4,-3.2,136.4,93.9,92.8,-15.994,15.5326,8.1522,-0.3303252,0.31105459,-3.4,4.1,-35.698,0.33252578,-0.5705,3.37673484,-47.85,7.63130038,-9.463,-11.81,0.1
2023,Region 1,First Round,2023 UC Santa Barbara,2023 Baylor,14,3,0,-14.4,-9.5,-6.7507094,-13.3389,-0.2819906,-1.5,0.5,4.6,4.3,0.82,0.79,0.45,-8.91,-2.7,-2.3,-33.1,-23.6,-3.2,11,-2.2,-8.8,-3.6,12.6,0.7,-13.4,0.7,6.5,9.464,9.2172656,2.8,1.5,2.9,3,3.5,3.1,-4.5,-7.5,-2.7,-7.6,-8.1,6.5,2.4,-14.6,-15.9,17.159,16.8957277,3.3,1.9,2.7,-0.3,8,0.6,-8.6,7.9,0.7,-7.7,7.6,1.4,2.2,8.5,-126.5,-81.5,-67.3,21.1756,-22.9095,-15.4266,-6.3107753,0.56722773,-12.8,-17.2,-0.01,0.01,-0.01,-8.91,1.36006496,-2.3,35.423,0.74384136,0.50884,-1.5370559,1592.59,-13.265987,5.068,12.11,-3,-0.7358048,-0.9294128,5.8,-8.5,126.5,81.5,67.3,-6.6498,11.0531,4.0778,3.66902951,0.59170912,11.3,26.4,-34.1015,-5.7572944,0.50884,2.36118267,-1592.59,14.1501458,-24.119,-13.64,-1.3
2023,Region 1,First Round,2023 Utah St.,2023 Missouri,10,7,0,4.2,-1.4,-0.5753324,4.9628,0.06083851,6.3,4.7,0.1,1.9,1.82,2.28,-0.24,-9.22,-1.1,-0.5,-13.8,-22.9,3.1,3,-0.7,-2.2,-5.4,-0.2,9.3,-9.1,13.9,12.9,12.392,11.7735448,3.3,2.4,3.1,1.5,0.3,6.9,-9.9,4.6,2,-5.9,-0.2,4.3,2.9,-11.1,-14.3,20.4083,19.5204734,7.3,10,1.8,1.6,-0.7,-0.2,-2,9.6,0.9,5,9.8,4.3,1.5,10.8,-126.5,-83.7,-69.6,20.2983,-18.7173,-12.812,-4.4414484,0.19500608,5.5,-9.9,0.06,0.09,0.05,-9.22,0.25435374,-0.5,34.3345,-5.2992059,1.58855,-1.9036886,1551.07,-11.011768,34.221,11.36,0,-0.7485671,2.24101296,-1,-10.8,126.5,83.7,69.6,-15.9364,17.8687,6.7835,-1.4209061,0.12054353,0.9,13.4,-38.0364,-0.735285,1.58855,2.30519138,-1551.07,10.5409308,-33.393,-12.565,-3.2
2023,Region 1,First Round,2023 Princeton,2023 Arizona,15,2,1,-17.3,-11.9,-10.763532,-17.2937,-0.2712152,-6.8,-3.2,2.8,2.5,-1.03,-2.92,-0.22,-1.78,-4.6,-5.1,-20.6,-29.4,0.7,16.4,-18.5,2.1,-5.8,1.4,3.4,-4.8,-6.6,-0.4,11.9735,12.160411,5.3,7.6,1.2,-0.1,6.2,0,2.2,-1.5,-1.1,-1.3,-3.6,8.2,1.4,-12.7,-11.5,16.452,18.0859441,8.8,9.4,5.1,2,7.2,-3.9,-8.3,22,-1.5,0.2,14.1,-0.8,5.1,4.5,-133.3,-91.5,-76,19.4929,-28.0823,-12.4503,-2.9073817,0.37482096,1.1,-16.3,0.03,0.08,0.06,-1.78,1.90415809,-5.1,34.7043,3.17856429,-2.11398,-2.1896232,568.54,-10.835486,-14.718,10.6,-2,-0.3538426,-0.5271265,6.2,-4.5,133.3,91.5,76,-15.6455,15.0517,7.8911,0.38720424,0.04543339,4.2,11.8,-38.8088,-2.4700409,-2.11398,2.56904029,-568.54,10.9071492,-26.93,-15.225,1.2
2023,Region 4,First Round,2023 Fairleigh Dickinson,2023 Purdue,16,1,1,-35.7,-26.9,-21.585318,-36.7962,-0.7290945,-5.9,-4.6,11.8,9.9,-5.19,-6.46,0.68,1.21,5.1,4.7,-27.6,-21.8,-2.3,9.3,-11.5,2.2,-2.7,4.1,-5.8,1.7,-6,-3,11.3596,11.9648279,4.3,4,3,1.3,8.6,-0.9,8.1,0,-2.9,1.6,-4.8,5.9,3,-28,-23.9,0.937,1.5088773,-3.6,-2,-4.3,-1.3,2.4,4.4,-9.4,4.5,-0.3,4.6,-0.4,0.7,-3.1,6.7,-129.9,-78.1,-80.8,11.5692,-24.3094,-11.4574,-2.0876502,0.13323663,-13.5,-29.2,0.03,0.03,0.02,1.21,5.09706919,4.7,34.9743,7.06453255,-4.32849,-2.1975654,1132.31,-9.3583765,-2.936,10.255,-1,0.63677874,5.06761545,3,-6.7,129.9,78.1,80.8,-15.9131,14.4062,13.5799,-2.8174178,-0.0112335,2.4,15,-33.8672,-1.5139942,-4.32849,1.95483289,-1132.31,15.6805783,-40.38,-16.28,4.1
2023,Region 4,First Round,2023 Florida Atlantic,2023 Memphis,9,8,1,4.9,1,0.00083128,-0.4583,-0.0256349,-2.3,-1.7,-1.4,1.6,-0.79,-0.79,-1.4,2.01,-3.9,-3.3,-13.3,-37,1.1,5.7,-6.7,1,-4.6,-8.4,2.8,5.6,10.3,6.9,18.2617,18.0295352,8.2,7.1,6.4,-2.1,-5.4,4.2,-1.9,-4.7,-3,-8.8,3.6,6.5,5.8,-2.2,-5.9,18.6555,19.131379,7.3,8.3,3.6,-0.2,9.2,-0.1,-6.5,21.2,6,-10,11.7,1.2,2.9,0.9,-125.7,-81.8,-73,12.6593,-21.6412,-13.6194,-6.7727997,0.13349646,11.1,-12.6,0.08,0.08,0.07,2.01,1.81592484,-3.3,34.6962,2.8175367,-0.54596,-1.7832505,1260.89,-6.7768461,6.683,10.6,1,-0.0375625,3.23211918,-3.4,-0.9,125.7,81.8,73,-17.0929,21.7433,13.1849,5.12277713,-0.6491296,13.2,14,-33.5109,-5.3346619,-0.54596,3.2975284,-1260.89,13.9124599,-23.542,-11.155,-3.7
2023,Region 4,First Round,2023 Oral Roberts,2023 Duke,12,5,0,-7.6,-4.1,-2.9084288,-5.2398,-0.130252,-3.1,-0.1,-1.7,-1.6,-2.09,-1.3,1.8,-9.01,5.1,5.3,-19.1,-24.7,2.9,0,-10.3,10.4,-5.2,-6.8,2.7,4.1,-1.2,0.8,20.5359,18.7848594,9.8,9.9,6.6,1.9,0.5,3.4,-1.4,0,3.9,6.6,6.6,9.4,6,-7.5,-5,11.202,10.6609207,2.6,4.8,-0.6,5.1,8.8,-0.6,-8.8,10.2,4.2,-0.5,6.2,-1,-0.8,2,-134.4,-86,-98.5,13.4485,-18.5885,-7.952,-0.4105963,-0.1966909,1.9,-15.3,-0.01,-0.03,-0.02,-9.01,-3.9911326,5.3,39.7806,1.29727503,-0.76183,-2.2811765,324.79,-7.3862864,23.244,10.535,1,1.00931761,3.31169842,2,-2,134.4,86,98.5,-17.0216,22.1133,14.0603,-0.3756265,-0.4507688,0.5,12.8,-32.7358,-3.926609,-0.76183,3.39919795,-324.79,6.69638187,0.24,-10.57,2.5
2023,Region 4,First Round,2023 Louisiana,2023 Tennessee,13,4,0,-18.3,-5.8,-3.3424369,-16.50429,-0.2347903,-5.4,-2.2,-2.3,0.3,-0.86,-1.03,-0.08,-9.22,2.5,2.9,-26.7,-29.7,-2,3.4,6.7,-10.1,-3.6,7.2,2.8,-10,-9.3,1.8,24.273,24.6249138,10.6,7.6,10.4,-5,2.8,4.7,6.9,0.7,-1.2,10.9,9,5.9,10,-2.2,-7.6,8.633,8.7516222,-0.3,1.8,-3,0.9,-2.9,0,-10.4,23.7,3.6,-2.6,3.8,-0.9,-2.8,-3.7,-124.1,-76.1,-62.7,9.0358,-23.3186,-19.1525,1.21130172,0.33912915,-6.1,-21.2,-0.03,-0.03,-0.04,-9.22,-3.9515262,2.9,30.9378,8.5779744,-0.66375,-2.1364927,977.02,-7.6740604,-18.917,10.505,-1,1.63949066,3.9085038,11.1,3.7,124.1,76.1,62.7,-11.4604,15.7628,6.2316,-0.0719714,0.45263239,8.8,16,-32.2543,-0.377076,-0.66375,2.43463774,-977.02,12.4446597,-4.798,-13.095,-5.4
2023,Region 4,First Round,2023 Providence,2023 Kentucky,11,6,0,-6.1,-4.8,-0.2679232,-3.0682,-0.0350144,-0.1,-0.5,1.7,1.8,-1.14,-0.64,0.03,-0.4,1.6,1,-33.2,-36,1.5,8,-4.4,-3.6,-2.6,8.4,-12,3.6,7,4.8,17.2355,17.1114174,2.7,2.6,2,0.1,6.9,-0.1,9.7,5.6,6.3,-4.3,-1.3,1.9,2.2,-12.5,-9.5,15.293,14.3031071,1.2,0.8,1.5,-4.1,7,-0.4,-12,7.5,0.6,3.9,8.4,-0.5,0.9,1.5,-132.1,-73.9,-75.3,18.6043,-23.1917,-12.9606,-3.0509146,0.43257569,-3.8,-5.7,0.03,0.06,0.04,-0.4,0.67633446,1,34.1949,6.93892871,-0.42538,-2.3745751,1324.59,-9.1659956,13.497,13.64,0,0.24184689,1.04609322,-2.2,-1.5,132.1,73.9,75.3,-11.3419,14.0474,11.8332,-2.1587809,0.01869505,10.4,8,-33.8924,-6.9221255,-0.42538,2.39544429,-1324.59,7.75259227,-23.088,-13.03,3
2023,Region 4,First Round,2023 Montana St.,2023 Kansas St.,14,3,0,-10.5,-7.4,-6.9401621,-12.56637,-0.1825916,-10.7,-4.7,-1.4,1.7,1.03,-0.76,-0.52,8.75,-3.6,-3.6,-29.9,-29.5,4.3,4.5,-1,-3.5,-6.8,-6.5,8.5,-2.1,-9.2,-0.7,11.1579,11.035505,3.4,3.6,1.9,7.1,7.7,3.1,-3.5,-6.4,-1.9,0.5,0.5,4.9,1,-4.5,-6.8,12.9039,13.3392056,2.1,3.8,-0.8,1,1.5,0.1,-5.6,24.9,2.2,-1.4,7.9,-8.9,-0.3,-0.7,-121.6,-88.5,-46.4,19.283,-22.9456,-14.9136,-1.1540821,0.37904042,-5,-9.8,-0.02,-0.04,-0.03,8.75,-2.7618919,-3.6,31.0741,1.04541992,-0.53948,-1.5791218,2536.08,-11.516819,-25.024,11.25,0,-0.139709,0.41193695,8.5,0.7,121.6,88.5,46.4,-18.4955,20.2873,9.8537,-2.0031068,-0.3006617,-0.1,7.5,-31.0294,-0.3546368,-0.53948,2.65297907,-2536.08,10.7746918,-13.306,-12.33,-2.3
2023,Region 4,First Round,2023 USC,2023 Michigan St.,10,7,0,-0.7,1.8,-0.3525649,-1.0772,-0.031909,-2.7,-0.2,-3,0.1,1.29,0.84,-0.38,-3.21,3,3.3,-28.7,-29.5,1.2,-2,7.8,-5.8,0,2.9,-7.2,4.3,-1.8,6.9,16.4322,15.7322833,3.2,2.5,3,2.3,5.2,-3.4,3.8,-0.8,4.3,-5.9,1.4,7.5,1.7,-0.9,-5,15.9109,15.2420425,6.4,5.3,6.1,4.3,-4,1.7,5.6,1.3,0.3,1,5.9,8,6.2,-3.8,-132.7,-85.4,-82,12.4726,-18.7715,-14.6886,-4.6490244,0.15558265,-14.4,-21.4,-0.04,-0.05,-0.05,-3.21,-1.1927191,3.3,34.3854,4.84642732,0.61011,-2.2649149,516,-11.035216,-8.484,11.68,0,0.05846689,0.78398495,8.7,3.8,132.7,85.4,82,-6.4422,17.5326,11.7198,2.85922749,-0.0447981,18.8,27.5,-33.2188,0.07687115,0.61011,1.7389754,-516,6.64003282,-6.541,-7.315,-4.1
2023,Region 4,First Round,2023 Vermont,2023 Marquette,15,2,0,-14.4,-10.9,-11.654164,-16.40836,-0.2445608,-5.2,-3.6,5.1,4.6,-0.68,-1.7,1.31,6.34,-4.1,-3.9,-19.2,-22,-4.4,-4.2,-1.5,5.8,-8,-5.8,11.6,-5.8,-1.2,1.5,12.2991,11.9139345,3.8,5.5,1,0.5,-0.6,8.6,-12.8,-6.5,-1.3,11.1,3.4,8.4,1.4,-15.7,-12.6,14.951,17.7704398,5.3,8.8,0.2,-0.3,0.2,1.6,-4,14.5,0.2,7.4,5.9,2.9,0.2,12.7,-131,-99.6,-88.6,8.1401,-14.5094,-8.9664,2.90223728,-0.3605742,2.7,-17.2,0.02,0.01,0.01,6.34,-1.9548998,-3.9,35.955,-5.7145697,-1.12857,-2.0973106,-211.33,-10.298901,13.304,9.2,-1,-0.159524,0.22503546,2.7,-12.7,131,99.6,88.6,-22.1263,18.7788,8.6382,-2.9620776,-0.1828781,-4.4,9.8,-39.2056,-0.318426,-1.12857,3.11892544,211.33,10.9265305,-13.575,-13.58,3.1
2023,Region 2,First Round,2023 Northern Kentucky,2023 Houston,16,1,0,-30.8,-20.2,-14.730314,-28.302733,-0.4644969,-13.1,-7,3.1,3.1,-0.23,-0.24,0.53,-0.77,-1.7,-1.4,-15.6,-23.3,0,2,0.5,-2.6,-4.9,6.3,-7.1,0.8,-16.9,-7.6,13.7692,13.0527677,7.3,4.6,7.4,1.4,-8.4,4.5,3.9,1.1,1.6,-2.7,-3.7,14.1,6.4,-16.7,-12.4,15.567,16.001831,1.4,4.3,-2.2,1.7,-2.3,7.9,-4.3,-6.5,9.1,7.5,10.7,1.2,-2.4,-3.7,-122,-71.4,-77.5,7.0555,-24.5185,-17.3348,-6.2166837,0.10486645,0.7,-21.4,-0.04,-0.05,-0.02,-0.77,-1.2598181,-1.4,28.435,6.08678219,-0.14226,-2.3202512,-74.25,-5.6063183,-23.561,7.305,-1,-0.0867791,3.78800567,9.3,3.7,122,71.4,77.5,-12.9803,14.3085,11.7272,-4.462046,0.01463138,7.7,19.6,-33.3385,-3.251847,-0.14226,1.57870706,74.25,11.1279126,-22.262,-11.73,4.3
2023,Region 2,First Round,2023 Auburn,2023 Iowa,9,8,1,5.5,5.7,0.70640246,1.8463,0.03773978,-2.5,0.3,1.2,2.4,-1.46,0.53,0.06,6.55,-0.9,-2,-32.4,-28.4,5.2,1.4,-4.3,2.9,2.9,4.2,-1.2,-3,2.4,12.3,7.816,8.2145223,-3.7,-1.6,-5.2,-4.2,12.1,0.4,5.7,4.1,4.9,-2.5,-1,-5.5,-5.1,-2.8,-6.7,25.2342,25.7414381,6.3,5.2,5.5,3.4,-6.5,5.2,-0.2,9.4,-0.1,-4.5,6.8,4.7,5.2,0.4,-130,-74.9,-69.4,19.0566,-17.8574,-9.3902,1.4624305,0.07833285,-6.7,-7.8,-0.02,1.42E-14,-1.42E-14,6.55,0.32760226,-2,31.9829,1.718149,0.35192,-2.8004944,1143.73,-10.578261,5.646,11.985,0,-1.5786325,-3.5001031,9.9,-0.4,130,74.9,69.4,-8.4574,19.1553,11.814,3.95744757,0.30201767,0.6,9.9,-34.0829,-0.938154,0.35192,2.12122288,-1143.73,6.57784518,-4.962,-11.445,-3.9
2023,Region 2,First Round,2023 Drake,2023 Miami FL,12,5,0,-6.9,-1.8,-4.3461946,-2.4062,-0.0510786,-1.9,0.7,1.8,2.6,-0.43,0.76,0.67,3.67,-2.3,-2.4,-26,-27,-2.5,-4.3,6.3,-2,-6,-9.2,5.2,4,-0.8,6.7,6.521,6.5508596,1.8,0.1,3.1,2.6,4.7,2.6,-4.7,-4.1,-1.3,-18.8,2,1.2,2.9,-7.1,-8.5,20.9018,21.1620546,7.7,7.4,5.6,7.7,3.3,1.3,-9.6,7.6,2.3,2.4,8.3,0.6,5.5,6.7,-132.3,-92.3,-90.4,6.4019,-13.8887,-12.3165,-8.9544457,-0.1292276,-9.5,-26.6,-0.04,-0.05,-0.05,3.67,-3.2998718,-2.4,36.0548,0.44889063,0.52724,-2.256894,406.7,-10.331973,4.474,10.355,0,-1.5306854,6.12232073,7.5,-6.7,132.3,92.3,90.4,-18.9074,22.3134,13.6578,0.23106523,-0.5417899,10.4,21.2,-36.6521,-7.371426,0.52724,2.98264121,-406.7,13.0710907,-2.922,-12.82,-1.4
2023,Region 2,First Round,2023 Kent St.,2023 Indiana,13,4,0,-7.5,-9.5,-2.6088808,-5.4614,-0.085303,-7.5,-5.6,-0.8,1.1,-2.9,-1.16,0.73,-0.7,0.8,-0.1,-23.2,-33,0,1,-1.5,0.5,-4.8,-4.1,-9.3,13.5,-0.7,-3.6,11.0549,10.2321019,4,6.5,0,1.8,1.4,0,3,-3.1,5.2,7.6,9,1,-0.2,-5.9,-6,18.2012,17.4303214,6.6,5.4,6.1,-1.2,-8.7,5.7,2.2,3.4,6.1,5.4,6.5,5.8,5.8,-0.4,-127.9,-83,-68.5,10.4762,-20.279,-12.4592,3.70362749,0.01174251,-3.1,-15.8,0.02,0.04,0.01,-0.7,3.89891813,-0.1,34.348,4.15195545,-0.79843,-2.4894364,720.3,-6.7311703,4.783,11.28,1,-0.69958,-2.2046756,-2.9,0.4,127.9,83,68.5,-17.7132,19.5032,17.8802,0.14013696,-0.8521854,7.9,9.3,-32.775,-1.1359509,-0.79843,2.3706767,-720.3,7.26177791,-2.266,-10.42,-0.1
2023,Region 2,First Round,2023 Pittsburgh,2023 Iowa St.,11,6,1,2.6,0.5,-2.6598876,-7.0682,-0.1278487,-3.5,-3.3,-4.2,-1.5,0.12,0.77,-0.15,-5.56,2.3,3.2,-9.1,-26.4,1.7,7.9,-4.6,-3.3,-0.1,0.6,-6.3,5.7,1.4,-2.2,23.5537,22.5049178,3.1,3.1,2.2,4.2,-7.6,8.7,3.8,-3,3.8,0.9,-8.4,7.1,2.3,7.2,2.7,6.047,6.6303478,1.5,2.1,0.5,-3.6,-2.8,-3.1,-5.7,2,1.1,1,8.3,-2.8,0.5,3.2,-122,-80.9,-69.2,16.325,-24.6649,-15.3381,-3.332083,0.27068809,-3,-29.6,-0.01,1.42E-14,0,-5.56,0.96905958,3.2,31.9503,4.17368793,0.53909,-1.4921024,640.76,-8.1124172,1.5,12.565,0,1.83738002,5.74683892,-3.6,-3.2,122,80.9,69.2,-12.7893,20.4809,15.4352,-1.5215875,-0.164937,7.5,16.3,-32.1778,-4.0008988,0.53909,2.13880859,-640.76,7.69536946,16.08,-10.735,-4.5
2023,Region 2,First Round,2023 Kennesaw St.,2023 Xavier,14,3,0,-15.5,-11.7,-6.7872644,-16.05037,-0.2712402,-6.4,-2.9,5,5.6,-2.5,-2.92,-0.1,5.05,-2.7,-1.9,-27.9,-29.4,0.8,0.4,-4.5,4.1,-1.2,-3.6,-4,7.7,-1.9,2.5,6.7,6.61901841,2.5,2.6,1.2,-6.1,9.4,-1.4,2.1,-0.1,-1.6,-3.3,0.8,3.1,1,-17.1,-14.5,16.636,18.1117236,4.4,3.5,4.7,2.2,-5.4,2.1,-6,16.8,-0.6,-0.9,4,2.3,4.5,10.1,-128.5,-89.5,-69.4,11.6617,-16.3159,-7.6702,-2.4559282,-0.1086941,-4.3,-12.4,0.03,0.01,0.01,5.05,-0.0739508,-1.9,35.2469,2.74484431,-2.05263,-1.9371584,641.99,-11.528744,-5.312,12.68,-2,-0.9616305,-0.4681918,4.4,-10.1,128.5,89.5,69.4,-13.3547,15.0866,13.3115,2.07000473,-0.4114066,4.2,14,-36.3052,-1.9663606,-2.05263,2.19666575,-641.99,11.6559926,-42.718,-14.695,2.6
2023,Region 2,First Round,2023 Penn St.,2023 Texas A&M,10,7,1,-5.8,0.7,-2.3570581,-3.2467,-0.0454438,0.7,3.6,0.3,0.1,-0.01,-1.07,0.39,-6.04,-2.9,-1.7,-6.7,-28.8,-2.9,-4,2.6,1.4,-2.6,-11.8,8.7,3.1,6.2,11.2,20.6263,20.5810828,7.6,6.1,6.2,3.4,-13.7,7.3,-11.6,-6.6,-5.2,-3.2,1.8,13.6,5.7,-6.9,-10.3,12.693,13.3202946,-0.2,0.2,-0.5,5.5,20,-5.2,-11.5,-3.3,-1.7,-5.2,-3.1,-4.7,-0.1,1.6,-133.9,-89.1,-71.7,6.6629,-17.1889,-12.3913,-6.1553213,-0.1706231,-0.6,-32.7,-1.42E-14,0.03,1.42E-14,-6.04,1.43715668,-1.7,36.9555,-3.1080173,-0.69412,-1.617485,948.73,-11.172713,19.136,8.84,1,0.86635624,5.71425371,5,-1.6,133.9,89.1,71.7,-17.6131,25.9426,14.0578,1.42657468,-0.4936084,10.7,21.8,-33.3782,-7.9712445,-0.69412,2.53579971,-948.73,14.975193,-10.725,-14.5,-3.4
2023,Region 2,First Round,2023 Colgate,2023 Texas,15,2,0,-13.2,-10.2,-11.189573,-19.27803,-0.2783689,-1.5,-0.9,0.6,2.2,0.91,1.79,-0.02,-7.84,-2.3,-1.1,-29.8,-28.1,-3.1,7.2,-7,-0.3,-3.5,-1.2,-1.2,2.5,1,1.5,20.9524,20.1192112,10.8,9.9,8.2,-6.2,-6.9,7.9,-4.5,13.2,-0.6,7.5,4,10.6,8.1,-11.1,-11.6,8.911,8.8105679,0.8,2.3,-1,6.6,11.2,1.1,-4.2,3.4,1.8,-0.8,4.9,-0.1,-0.9,11,-128.2,-93.3,-86.1,13.712,-18.8701,-9.5523,-1.0571873,0.12883156,-3.4,-15.9,-0.04,-0.02,-0.04,-7.84,-0.0406058,-1.1,37.967,-2.6411381,1.23272,-2.3867933,-114.46,-8.9943405,1.972,11.55,3,1.43907247,1.30544589,0.5,-11,128.2,93.3,86.1,-15.725,16.3596,11.8565,-0.3004849,-0.2049667,15,25.1,-35.5389,-1.8140948,1.23272,2.36754629,114.46,11.7974039,-25.152,-11.925,-0.5
2023,Region 3,First Round,2023 Howard,2023 Kansas,16,1,0,-27.5,-14.6,-17.394257,-26.34921,-0.549597,-13.8,-7.3,7.2,5.9,-0.58,0.55,0.15,18.32,0.9,-0.2,-28.8,-28.8,-0.4,5.4,-6.6,1.2,-2.1,-6,2.9,3,-9.8,-1.6,12.2269,9.44065665,4.9,2.7,6,-0.7,1.6,-2.6,5.5,8.5,0.9,-1,-1.1,2,5.9,-18.4,-12.9,7.696,7.1658154,1.8,2.1,0.8,2.4,-4.8,3.2,3.2,12.5,1.3,-0.4,4.8,-5.3,0.9,2.1,-118.8,-77.9,-71.6,12.8327,-22.7553,-10.8885,-2.5928059,0.09786796,-0.6,-11,0.01,0.01,0.01,18.32,3.918155,-0.2,29.4582,5.71891511,0.38309,-2.3843331,571.6,-9.1792603,-13.927,9.59,2,0.57970825,2.20272776,8.2,-2.1,118.8,77.9,71.6,-18.8304,19.8864,12.633,-1.0476041,-0.3390019,4.7,9.5,-33.0042,2.7243989,0.38309,1.57885476,-571.6,11.024915,-27.836,-10.67,5.5
2023,Region 3,First Round,2023 Illinois,2023 Arkansas,9,8,0,0.4,-0.1,0.50752094,-2.1482,-0.0548802,-6.3,-1.9,-5,-1.3,0.02,1.03,-0.03,7.18,-0.8,0.1,-28,-40.9,2,-5.4,-6,11.4,-6.7,-6.8,4,2.8,1.4,2,18.1993,17.0014111,5.1,8.4,0.3,-3.4,-5.1,2.2,4.1,2.4,7.2,-2.8,9.6,3.1,-0.3,0.8,-2.1,16.9096,16.2914111,5.1,8.5,-1.9,-1.2,9.2,0.3,-3.7,4.9,5.3,12.9,11.7,-1.1,-2.1,-3,-124.5,-82.2,-58.9,13.6854,-18.4562,-8.1093,-1.2327164,-0.5110892,-0.2,-7,-0.01,-0.01,0,7.18,-1.4733771,0.1,31.2948,2.60115508,0.72643,-2.4765392,1130.22,-6.802367,1.644,11.315,0,0.13383315,0.08479754,0.6,3,124.5,82.2,58.9,-21.1662,23.2592,11.6429,-7.5009609,-0.6139407,18.6,10.1,-32.6074,-2.2457902,0.72643,2.41518685,-1130.22,6.42004159,0.822,-11.335,-2.9
2023,Region 3,First Round,2023 VCU,2023 Saint Mary's,12,5,0,-12,-7.9,-2.4309104,-8.7462,-0.1458765,-12.6,-7.2,-1.3,-2,-0.54,-1.28,-0.18,12.88,4.8,6,-35.4,-28.9,7.3,7.5,-8,0.7,4.7,0.5,2.2,-2.7,-8.4,-7.6,15.6214,15.0639789,5.5,6.7,1.9,-5.5,11.5,-0.5,7.2,16.5,2.6,0.1,6.3,-0.1,1.5,-1,0,19.4251,18.5868552,5.5,4.8,4.4,-1.2,0.7,7.7,-3.3,-2.7,0.2,5.1,3.7,4.4,4.2,-1.6,-121,-86.3,-66.2,17.8778,-21.2702,-9.9644,-0.0358736,0.42536055,-2.4,-3.8,-0.02,-0.02,-0.01,12.88,3.44730035,6,31.894,5.61435143,-0.81464,-3.1660224,1276.67,-8.9392502,-16.836,12.19,0,-0.3481412,0.95183601,0.8,1.6,121,86.3,66.2,-5.8787,17.2841,9.9373,-0.3587604,0.25253195,-8.4,1.8,-31.117,-6.1793339,-0.81464,1.91640272,-1276.67,6.99955527,-4.1,-9.59,1
2023,Region 3,First Round,2023 Iona,2023 Connecticut,13,4,0,-14.1,-7.4,-6.6868598,-13.6572,-0.158339,-4,-1.5,0.6,2.4,-0.81,0.5,0.16,-3.2,0.2,1.8,-37.6,-23.5,3,1.6,-3.2,1.6,-5.1,1.5,5.6,-7.1,-2.6,3.7,16.7874,16.374224,6.3,5,6,-0.5,-9.7,4.1,5.8,12.4,6.5,-5.9,2.4,9.3,6.5,-12.2,-11.1,20.2922,21.8738743,7.6,6.4,6.5,5.2,0.2,2,-8.7,12,6.4,4.3,11.9,-5.3,6.6,-3.3,-125.5,-72.1,-69.7,9.9208,-18.6095,-9.7872,-6.3788524,0.07384868,-10.2,-10.4,-0.04,-0.04,-0.04,-3.2,2.29114722,1.8,33.3016,5.95718012,0.36532,-2.4464417,818.9,-6.949689,-2.588,11.56,1,-0.283341,3.90941285,6.3,3.3,125.5,72.1,69.7,-14.2584,18.0128,9.1867,-2.1530309,0.14002143,-3.4,4.4,-32.0816,-3.4121855,0.36532,2.45188185,-818.9,6.17646615,-19.532,-10.94,1.1
2023,Region 3,First Round,2023 Arizona St.,2023 TCU,11,6,0,-5.3,-1.9,-1.0141042,-5.6871,-0.0728977,-5.7,-2.4,-3.4,-3.2,-0.43,0.87,-0.13,-6.61,-1.7,-1.5,-25.5,-31.5,3.3,-6.4,2,4.3,-0.5,-9.5,0.4,9.1,-0.6,0,13.2833,12.3733522,-0.3,-1.2,1,-2.2,1.1,5,-1.1,1,3.1,-1.4,-0.7,1.9,1.4,-4.5,-1.9,17.1559,16.583608,3.8,8.1,-3,-0.1,0.5,3.5,-0.6,4.7,4.3,3.8,11.9,-1.9,-3.1,-8.1,-123.5,-75.5,-72.2,9.9545,-16.9073,-11.5654,-1.4522307,-0.2211099,-4.6,-12.1,0.02,-0.01,0.02,-6.61,-0.9165529,-1.5,28.0407,0.71328685,0.60042,-1.8621809,482.16,-7.0476354,-2.813,7.275,0,-0.3640926,1.09119549,0.6,8.1,123.5,75.5,72.2,-14.6452,24.4898,16.432,-3.6421547,-0.6676391,-0.4,4.6,-30.5742,1.52549975,0.60042,1.97733876,-482.16,6.8149768,-11.653,-9.43,2.6
2023,Region 3,First Round,2023 Grand Canyon,2023 Gonzaga,14,3,0,-16.4,-13,-10.405762,-18.31869,-0.2872268,-1.7,-0.2,7.6,6.3,-0.92,-1.53,-0.45,7.28,-5.6,-5,-19.8,-34.4,-1,3.2,-4.9,1.7,-1.8,1.4,-1.4,0,5.3,6.3,12.6233,11.2296341,1.2,-0.7,2.6,-2,11.1,0.4,4.5,1.8,2.4,-5.7,-6.8,7.1,2.3,-20,-19.2,17.679,18.1079438,11.3,12.2,6.4,0.2,1,0.4,-0.8,7.6,0.9,6.6,14.2,7.5,5.2,10.3,-133.2,-82.1,-68.1,9.8466,-16.9797,-10.0095,-5.0758236,0.01014389,2.5,-15.8,-0.01,0.02,0.02,7.28,-0.2393538,-5,34.086,6.72802772,-1.05171,-3.1922076,1157.09,-10.400673,5.598,13.115,-1,-0.3724663,4.03099021,1,-10.3,133.2,82.1,68.1,-12.3648,13.8717,9.8452,-0.6214095,-0.0122696,4,9.6,-42.039,-1.437652,-1.05171,2.4678467,-1157.09,11.3907263,-43.875,-15.15,0.8
2023,Region 3,First Round,2023 Boise St.,2023 Northwestern,10,7,0,5.6,2.3,0.54082509,2.3021,0.00283404,-3.1,-2.4,-10.2,-4.3,-0.03,-1.71,-0.19,-5.9,1.6,1.7,-19.7,-21.4,-1.1,-0.8,4.6,-3.8,-2.2,0.8,2.4,-3.2,-0.8,1.7,17.2903,16.4988257,3.5,4.1,2.1,6.2,-0.9,5,-0.9,-18,-1.9,-9.9,5.2,5,2.2,6.9,0.9,14.6758,13.7436424,-0.1,-1.3,1.1,5.8,2.3,2.9,-4.5,9,4,8.7,-3.7,1.1,0.4,-5.2,-129.1,-94.2,-80.6,10.3063,-19.7506,-14.0218,-5.84631,0.04320037,-5.4,-23.7,-0.01,-0.01,-0.01,-5.9,3.72358941,1.7,32.0355,5.29636131,-1.13196,-2.1124847,61.06,-6.5681593,-4.087,9.685,-1,0.2465692,4.42262941,2.5,5.2,129.1,94.2,80.6,-10.912,22.3288,12.6564,-3.2458962,0.04720279,4.4,19.8,-30.8865,-3.6776868,-1.13196,2.53092173,-61.06,10.8850744,14.082,-9.14,-6
2023,Region 3,First Round,2023 UNC Asheville,2023 UCLA,15,2,0,-26,-11.5,-10.265444,-26.12588,-0.4845348,-9.6,-4.4,0,2.3,0.45,0.43,0.87,-1.62,1.3,2.1,-23.5,-36.9,1.4,1.4,0,-1.5,-1.5,2,-6.8,4.8,-17.8,-1,16.8987,13.8321358,7.1,4.6,7.7,-0.4,13.7,3.6,-1.8,-1.2,3.9,11.9,7.8,-0.6,7.5,-13.2,-10.5,12.24,10.783429,2.9,1.3,4.2,0.4,0.3,2.6,-5,5.7,0.7,-1.3,3.7,1.3,4.3,-0.4,-123.2,-84.2,-77.2,11.6524,-18.8018,-12.3354,3.82847524,0.11641742,-4.8,-17.4,0.07,0.06,0.06,-1.62,-1.6079347,2.1,30.5648,3.02107012,0.30133,-2.5725745,560.75,-7.7584244,-32.851,9.355,0,0.50814415,0.2945708,16.8,0.4,123.2,84.2,77.2,-13.3453,17.7713,13.3362,1.84957703,-0.197722,13.8,12.7,-33.8043,-6.0236419,0.30133,2.07364136,-560.75,8.57802921,-26.511,-10.345,2.7
2024,Region 1,First Round,2024 Stetson,2024 Connecticut,16,1,0,-50.8,-31.9,-18.221999,-36.31699,-0.6118106,-7.6,-2.2,15,9.7,-0.74,-0.19,-0.64505,-6.11,0.5,1.3,-25,-21.7,1.6,-4.5,-4.3,8.8,-9.5,-2.1,5,-2.9,-13.9,-4.5,15.8671,14.3151818,8.3,8.8,4.6,4.1,-0.8,0.4,0.7,2.7,-0.5,8.2,6.2,12.3,4.7,-37.7,-27.4,12.242,12.6661015,5.1,6.3,2.2,0.9,7.4,-1.4,-5.3,14.2,6.1,9.7,11.1,-5.9,1.2,7.6,-139.6,-78,-76.6,3.9762,-14.4047,-7.6649,0.38136288,-0.3414951,-5.1,-18.1,-0.04,0,-0.01,-6.11,-3.7342254,1.3,36.069,3.39884832,-0.10722,-3.0609186,1034.6,-6.3724178,-37.404014,11.17,-1,0.13501311,1.58754427,9.4,-7.6,139.6,78,76.6,-22.4472,15.1348,10.0026,-5.8129335,-0.2042307,-8.2,1.2,-42.1121,0.25018342,-0.10722,2.43586613,-1034.6,11.6256899,-87.458137,-16.48,10.3
2024,Region 1,First Round,2024 Northwestern,2024 Florida Atlantic,9,8,1,-10.2,-2.7,-0.03202,-0.3234,0.02572331,1.3,3.8,0.8,-0.1,1.04,0.75,-0.06373,-7.45,-4.4,-4.2,-26.9,-24.3,2.8,-2.2,1.9,0.2,-1.1,-4.4,6.1,-1.8,2,8.7,13.938,13.877994,3.5,0.4,5.8,2.1,2.4,3.2,-3.5,21.7,3.2,5,-0.1,1.3,5.4,-15.4,-11.4,18.203,17.8935074,3.4,5.7,-0.3,0,-4.6,3,-5.6,-7.7,-2.5,-3.2,1.6,5.2,0.6,9.5,-135.6,-83.1,-68.4,7.9552,-14.0854,-9.8408,0.47374992,0.01068531,-10.9,-23,0.04,0.05,0.05,-7.45,0.20403838,-4.2,37.8249,-0.6993298,0.49869,-3.1961499,1066.07,-11.849638,4.448297,11.62,0,-0.4737757,0.16193812,6.7,-9.5,135.6,83.1,68.4,-17.4817,17.9655,10.7074,2.55065085,-0.0846314,-5.5,3.7,-37.2108,-4.2960242,0.49869,2.49425857,-1066.07,8.97609055,-39.979302,-16.24,4
2024,Region 1,First Round,2024 UAB,2024 San Diego St.,12,5,0,-11.6,-5.9,-4.9611957,-13.41751,-0.2333097,-4.1,-1.2,0.6,1,-0.47,0.03,-0.88448,-2.78,1.7,1.6,-28.2,-25.5,2.9,8.6,0.2,-8.8,-0.5,5.7,-4.4,-1.4,1.4,1.5,19.8341,18.0115327,2.9,2.1,2.6,4.2,7.2,1.3,7.3,1,3.4,-0.6,0.1,2.9,2.1,-8.7,-7.5,6.146,4.8886982,-1.2,1.4,-3.7,0.7,6.1,0.1,-1.7,1.9,1.9,3,1.6,4.4,-3.3,-1.9,-133.2,-73,-57.3,15.8172,-23.9291,-17.3805,-1.4807483,0.62778087,-3,-12.7,-0.01,-0.02,-0.01,-2.78,1.08203233,1.6,32.2293,6.84197481,0.03021,-2.6211263,1841.49,-7.5181538,-6.311158,12.775,2,1.58018776,-1.2729339,0.1,1.9,133.2,73,57.3,-8.6359,15.2408,11.8932,-1.5157284,0.18173112,4.8,16,-33.943,-0.9434363,0.03021,2.44019238,-1841.49,7.18585408,-22.517365,-12.97,1.2
2024,Region 1,First Round,2024 Yale,2024 Auburn,13,4,1,-20.9,-19.9,-7.9253347,-19.42873,-0.2213298,-2,-2.7,-0.5,0.7,0.52,-0.36,-0.50175,-20.2,-5.4,-5.2,-31.4,-21.1,-1.6,-3.2,1.1,2,-8.8,-9,5,4,-5.5,-5.8,19.144,17.594672,8.9,9.7,4.8,-2.9,-14.1,4.1,-1.9,10.5,1.4,4.8,10.7,7.6,4.8,-17.6,-14.2,19.231,20.0729196,4.4,6.1,1.2,1.4,9.2,1.1,-8.9,4.7,7.4,-1,2.9,4.4,0.7,-0.5,-136.8,-84.4,-64.9,3.1079,-16.5921,-10.9232,-0.4991006,-0.2140719,-0.9,-12,0.01,0.05,0.04,-20.2,0.43572834,-5.2,34.6245,0.7201141,-0.27568,-3.2041523,1356.67,-5.602735,-17.37563,10.01,-1,0.10218665,-0.6894679,-0.3,0.5,136.8,84.4,64.9,-23.4218,21.3597,13.9825,1.43584836,-0.5694926,-2.8,8.4,-37.9911,-3.5715465,-0.27568,2.27021709,-1356.67,8.9640333,-41.282071,-15.655,3.4
2024,Region 1,First Round,2024 Duquesne,2024 BYU,11,6,1,-12.6,-8.6,-4.4075989,-11.63835,-0.158452,-4.2,0,-0.4,-0.9,-2,-1.09,0.47535,0.6,-3.2,-2.8,-26.2,-12,2.7,6,-11.2,5.1,-0.5,8.4,4.7,-13,-5.7,1.2,7.443,8.48495459,2.1,1.4,2.1,1.6,1,-1.5,5.2,6.6,5.6,-13.7,-10.9,8.4,1.9,-9.2,-9.7,22.9368,23.0496202,7.1,9.6,3.1,3.1,-10,4.3,-2.8,10.9,-3.7,3.8,17.7,-2.9,3,1.2,-131.8,-82.6,-74.2,14.7456,-22.3207,-9.8651,-9.0055744,0.08785338,-12.6,-21.1,0.04,0.03,0.03,0.6,-0.0694062,-2.8,33.0125,4.60222385,-0.7616,-2.805141,284.19,-11.920029,-9.270921,11.685,-1,-1.5496866,4.04323656,6.9,-1.2,131.8,82.6,74.2,-7.8821,14.7949,7.9676,-2.9489184,0.44432184,-1.9,24.5,-36.5848,0.69283932,-0.7616,1.97318654,-284.19,6.89294474,-13.914486,-12.215,-0.5
2024,Region 1,First Round,2024 Morehead St.,2024 Illinois,14,3,0,-19.2,-11.7,-9.0115273,-18.51854,-0.3311699,-3,0.5,4.9,3.3,-0.69,-0.23,-1.17482,-7.29,-4.8,-5.5,-27,-30.5,1.1,-0.1,-16.8,16.9,-2.8,-1.1,8.1,-7,-0.4,3.9,7.425,5.9848517,6.4,9,1,-0.2,4.2,-6.2,5.9,9.8,2.9,3.3,3.6,7.1,1.2,-24.4,-15.4,22.032,20.8898301,8.1,9.3,3.8,-1.3,5.1,0.4,-9.8,3.3,0.3,5.2,10,1.8,3.1,1.9,-138.6,-79.3,-71.1,12.6055,-17.818,-2.6941,-0.2254783,-0.518208,-7,-17.2,-0.04,-0.01,-0.03,-7.29,-2.7936247,-5.5,37.94,3.63817871,-0.17714,-3.1809618,1362.32,-11.059958,-12.640746,13.2,-2,-0.9481215,2.08139511,4.3,-1.9,138.6,79.3,71.1,-14.3591,20.0429,8.0798,-1.8289784,0.14285275,3.7,11.1,-37.2597,-7.5393593,-0.17714,2.67734609,-1362.32,8.13305908,-75.82703,-14.685,9
2024,Region 1,First Round,2024 Drake,2024 Washington St.,10,7,0,-1.2,-0.5,-0.2089699,-1.5015,-0.0252586,-2.6,-0.2,-1.1,0,-2.93,-1.56,0.84444,0.74,2,2.9,-28.9,-28.7,-3,-5.3,-2.9,8.1,-5.6,-9.2,2.4,6.7,2.3,4.2,18.4037,17.6033281,7.6,8.2,4.5,2.8,-0.1,2,-0.7,11.6,-2.1,2.6,10.7,5.7,3.9,-1.6,-4.6,12.526,12.4558798,1.1,0.7,1,-0.1,0.7,1.3,-10.8,4.1,5,-0.3,-0.9,-0.4,0.6,5.3,-136.7,-95.9,-72,4.3042,-13.5458,-6.7237,-0.4589911,-0.5000682,-9.1,-21.5,-0.05,-0.07,-0.08,0.74,-0.0733462,2.9,38.8896,0.16244072,-1.03123,-2.7826652,869.9,-7.6066194,13.957725,13.085,2,0.63169396,4.04705876,1.9,-5.3,136.7,95.9,72,-18.8433,20.9057,15.0305,0.27740012,-0.6259563,12.4,23,-35.1859,-9.0207456,-1.03123,3.65774236,-869.9,20.4870209,7.392024,-14.43,-3
2024,Region 1,First Round,2024 South Dakota St.,2024 Iowa St.,15,2,0,-25.4,-13.3,-13.922054,-23.72995,-0.3844597,-9.8,-3.9,0,-0.4,-0.47,0.29,0.01833,-2.68,0,0.4,-14.8,-20.9,5.7,12.5,-7.6,-4.8,-2.2,-4.5,-10.7,15.2,-13,-6.8,21.5157,20.252157,8.2,9,4.7,0.4,-4.8,9.3,-5,-12.5,1,-11.8,-0.2,9.6,4.9,-10.5,-6.5,8.19,8.2069455,1.1,2.7,-0.3,-4.6,8.7,0.8,-6.3,10.5,2.1,-4.5,4.8,1.2,0.3,5.1,-125.7,-89.3,-70.9,22.8664,-25.5132,-16.2564,-8.7217135,0.52723488,-3.6,-23.4,0,-0.02,0.01,-2.68,-2.0886853,0.4,32.6355,0.83059954,0.20117,-2.0619857,960.75,-8.346679,-27.295255,9.275,0,1.43032989,3.61933756,6.2,-5.1,125.7,89.3,70.9,-16.6609,21.2115,18.9019,2.00909872,-0.5446274,11.3,28.1,-35.6337,-2.7839614,0.20117,2.42041572,-960.75,9.29311083,-22.105458,-13.815,4
2024,Region 2,First Round,2024 Longwood,2024 Houston,16,1,0,-47,-29.4,-18.706365,-30.759737,-0.4937456,-15.4,-9.1,6.3,4.6,1.21,1.01,-0.23496,-0.3,3.8,3.5,-30.8,-23.9,0,7.4,4.2,-11.5,-2.4,4.1,-6.7,2.6,-25.2,-13.2,18.5627,18.3150588,5.4,5.2,4.2,1.8,0.5,6.7,6.5,-12.2,-0.2,2.1,0.2,10.1,4,-19,-16.2,14.115,14.3469736,-1.6,-2.5,0.1,-0.7,-6.2,5.9,-11.4,-0.2,8.9,-0.1,1.2,-0.5,-0.1,-5.6,-124,-70.7,-55.5,11.9036,-25.2641,-18.2773,-2.4106407,0.62671498,-12.2,-19.2,0.01,0.02,0.02,-0.3,-0.7947249,3.5,26.676,10.326041,0.63368,-2.30789,869.05,-5.6736102,-56.656356,9.76,-2,0.56552973,0.67907655,12,5.6,124,70.7,55.5,-12.9044,17.9054,12.843,-0.2424613,-0.0154885,19.1,32.9,-33.3459,-9.6911397,0.63368,2.16446042,-869.05,12.7132348,-43.859074,-14.255,2.8
2024,Region 2,First Round,2024 Texas A&M,2024 Nebraska,9,8,1,-5.1,-1.1,-2.0084142,-2.0838,-0.046928,-1.2,1.7,1,-0.1,-0.32,-0.69,0.02196,-3.31,-1.9,-3,-20.2,-10.6,-1.4,11.2,-7.4,-3.7,3.4,0,-0.6,0.6,5.5,7.1,18.3262,18.1935898,-0.9,1.8,-3.5,1,10.5,2.2,11.9,-8,-1.9,-5.1,-3.7,0.5,-3.2,-10.6,-8.3,15.9743,16.2542431,3.1,3.3,1.9,4.7,1.2,1,0.2,-2.8,-6.4,-1.8,2.7,2.7,1.9,-5,-136.6,-72.3,-70.5,13.0991,-29.2939,-16.8989,-1.7645057,0.34504063,-1.8,-18.4,-0.03,-0.04,-0.03,-3.31,-6.3262415,-3,30.1464,6.45468545,-0.46554,-2.4517406,959.27,-12.28416,14.298469,11.295,1,0.26426048,-4.2805331,1.6,5,136.6,72.3,70.5,-8.5941,18.3567,13.9087,1.72900828,0.06507443,-2.2,26,-36.3081,-1.5658724,-0.46554,2.14073862,-959.27,9.62605794,-26.752954,-12.62,2.3
2024,Region 2,First Round,2024 James Madison,2024 Wisconsin,12,5,1,-7.6,-4.6,-1.526301,-7.7008,-0.128421,-3.5,-1.7,3.5,2.1,-1.15,-2.2,0.51243,7.23,5.3,4.8,-27.5,-29.5,2.1,11.8,-15.3,3.5,0.3,0.1,-0.1,0,3.6,2.6,14.3973,12.9447736,2.2,3.8,-0.6,-2,1,2.2,7.5,7.1,-3.1,-5.8,-2.9,-1,-0.9,-10.2,-7,19.104,19.2467359,5.7,3.8,6.2,2.8,-1.6,5.2,-2.9,5.7,-4.4,-4.9,3.4,3.9,5.2,5.7,-134,-85.4,-64,21.2769,-22.5898,-8.0353,-2.281615,0.26945908,-3.7,-13.3,0,0,0.01,7.23,0.7087301,4.8,38.325,4.32404263,-1.46688,-2.9391418,1370.94,-19.756612,15.407223,16.35,0,-0.4458666,-2.0032443,-1,-5.7,134,85.4,64,-9.3278,17.7118,12.567,4.36953558,0.01126729,0.7,11.2,-34.1962,-5.4378491,-1.46688,3.37130953,-1370.94,11.9348737,-22.140279,-11.91,3.2
2024,Region 2,First Round,2024 Vermont,2024 Duke,13,4,0,-21.6,-13.2,-4.870778,-17.89949,-0.2749941,-9.2,-6.2,5.7,3.5,-1.33,-2.98,0.51023,11.21,-2.2,-3.6,-20.4,-26.1,-1.3,-1,-8.3,9.2,-5.8,-2.6,3.6,-1,-9.9,-5.9,10.1724,8.54627582,2.8,4,0.9,3.3,2.1,3.1,-3.5,1.4,-0.9,6.4,2.2,3.4,1.5,-18,-7.4,21.681,20.9179063,8.5,8,6.2,-0.3,7.9,0.8,-8.5,10.6,-0.8,9.4,7.8,3.1,6.2,2.7,-139.9,-96.6,-83,8.5893,-17.8528,-9.0467,1.85366549,-0.3036167,-2.5,-19.1,0.01,0.04,0.02,11.21,0.17706482,-3.6,36.0326,-0.907712,-1.99102,-2.8336555,305.52,-8.8771592,-15.611564,10.54,-2,-1.0942281,1.02813043,4,-2.7,139.9,96.6,83,-14.684,18.8703,10.865,-2.2374603,-0.194991,-1,12.2,-39.2581,-6.5892974,-1.99102,3.46823883,-305.52,8.08997262,-29.233499,-14.065,10.6
2024,Region 2,First Round,2024 NC St.,2024 Texas Tech,11,6,1,4.3,1.8,-3.2054713,-5.489,-0.0727238,-1.1,-0.5,-0.5,0.6,0.77,1.21,0.7357,0.56,1.7,1.5,-27.5,-23.6,-2.6,3,2.3,-5.3,-2.5,1.7,2.9,-4.6,6.7,7.2,14.9861,14.5258026,1.6,0.5,2.5,2.4,5.9,3.3,-1.7,-0.7,-0.8,3.7,-1.6,2.4,2.2,-3.1,-5.5,16.615,16.4970896,2.3,2,1.6,4.6,2.7,1.4,-0.9,7.5,-0.7,2.6,2.7,1.7,2.4,3.1,-134.9,-81.6,-74.4,10.9754,-20.4806,-14.7156,0.40654162,0.16910038,-10.9,-23.4,0.01,0.02,-0.02,0.56,-1.8580443,1.5,35.1011,3.17543384,0.82559,-2.6625435,1123.7,-12.740265,25.528616,10.77,0,-0.1313603,-0.5453166,0.5,-3.1,134.9,81.6,74.4,-13.1891,17.5153,9.6094,-0.2687069,0.10627421,2.5,16,-35.2275,-1.1989399,0.82559,3.09266259,-1123.7,9.84580069,-1.296728,-12.875,-2.4
2024,Region 2,First Round,2024 Oakland,2024 Kentucky,14,3,1,-21,-15.7,-7.0418959,-17.20702,-0.3076404,-0.9,-1,4.8,4.9,-2.13,-2.83,0.41972,-8.26,-5.9,-5.8,-19.3,-22,-1.9,-8.4,7.2,1.3,-3.9,-7.1,3.8,3.4,1.9,2.8,5.905,6.3527607,2.6,2,2.5,3.8,-2.5,-0.2,0.4,1.4,-1,6.6,3.5,5.7,2.3,-22.3,-18.3,16.937,17.3872408,6.8,4.2,7.3,3.8,3.6,2.1,-0.3,-7.8,8.1,-3.6,4.5,0.7,7,9.6,-137.3,-81.7,-78.5,6.4743,-14.7376,-12.0898,1.19890996,-0.2835527,-4,-21.5,-0.01,-0.03,-0.01,-8.26,3.25242281,-5.8,35.5798,2.23518862,-2.02205,-2.7502949,887.54,-5.572165,7.288247,12.315,-4,-0.8640834,-4.5832509,0.9,-9.6,137.3,81.7,78.5,-18.0236,16.8516,11.6974,3.66971208,-0.3726825,5.4,17.4,-41.197,-4.3059306,-2.02205,1.67085213,-887.54,11.4673688,-38.353431,-14.215,4
2024,Region 2,First Round,2024 Western Kentucky,2024 Marquette,15,2,0,-26.1,-17.3,-13.193011,-19.67411,-0.3469252,-11.6,-6.3,6.2,6.7,-0.77,-1.69,-0.66561,9.79,6.1,5.9,-25.9,-19.4,-1.1,10,1.7,-11.7,-3.9,-5.5,6.2,-0.6,-10.8,-3.4,9.9944,10.1630975,2.2,2.9,0.8,-3.4,4.7,2.8,-2.3,-14.7,0.1,1.2,0.7,3.7,0.6,-17.7,-13.8,15.805,17.393571,6.8,7.7,3.6,3,-7.8,4.3,0.7,6.2,0.1,8.8,4.8,7.7,2.8,5,-127.7,-88,-79.9,13.9223,-21.4146,-17.7091,-0.3490468,0.64652847,3.9,-9.1,0.04,0.05,0.02,9.79,-0.7758032,5.9,31.789,3.2301793,-1.1959,-2.306271,324.55,-9.2518555,-23.200473,9.495,-3,-0.5016113,-0.2899951,7.4,-5,127.7,88,79.9,-17.8211,20.7987,12.9108,-1.6923058,-0.2137827,-9.2,7.8,-37.6045,-0.2122567,-1.1959,2.1477064,-324.55,10.515294,-38.431608,-11.845,3.9
2024,Region 3,First Round,2024 TCU,2024 Utah St.,9,8,0,1.5,-0.3,-2.2403573,2.178,0.04143711,-3.3,-2.1,0.9,2.7,0.8,-0.01,1.01565,10.3,1.5,1.4,-33.1,-31.4,1.4,2.3,4,-6.2,-1.8,-1.6,0.1,1.5,3.1,5.3,14.599,14.0014247,2.3,-1.9,6.6,1,4.7,-1.5,10.1,10.5,4.3,-6.7,0.9,-5.5,5.7,-4.3,-5.7,17.8074,16.2774423,3.8,6.2,-0.7,1.3,4.3,5.1,0.1,0,2.4,-3.5,5.1,5.4,-0.5,5.9,-129.2,-82,-58.8,14.9791,-18.2807,-14.9333,-3.5334235,0.37772817,-1.6,-5.1,-0.01,-1.42E-14,1.42E-14,10.3,0.39498146,1.4,34.3443,6.48658095,0.00131,-2.4969476,1526.07,-8.3649954,20.260201,13.87,0,-0.3566489,-1.3362536,2.2,-5.9,129.2,82,58.8,-18.2057,17.1214,12.597,2.06078885,-0.1646504,-3.9,-3.2,-35.2687,0.73013468,0.00131,1.76098504,-1526.07,8.83214457,0.047027,-13.97,-1.4
2024,Region 3,First Round,2024 McNeese,2024 Gonzaga,12,5,0,-13.7,-6.6,-1.8237174,-8.7018,-0.1680696,-3.5,0.1,3.9,2.2,-1.67,-1.93,0.14104,5.28,-3,-3.8,-29.5,-20.5,2.4,11.4,-8.3,-3.1,0,-1.1,-15.1,16.3,0.8,4,14.5981,13.408471,7.6,7.7,5.4,-3.2,14.8,2.3,4.9,3.6,6.4,3.1,1.3,8.4,4.6,-15,-10.8,19.829,18.8486821,8.9,12,2.5,1.2,-2.4,9,-2.9,-5.8,1.1,5.8,17.4,10.2,2.8,6.7,-132.3,-77,-68.2,18.06,-22.6031,-11.1549,-1.6902173,0.5105277,-1.1,-8.2,-0.02,-0.04,-0.03,5.28,0.74714556,-3.8,38.4087,5.62814277,-1.31987,-3.0270172,1192.48,-9.1257515,3.327512,14.145,2,-0.4936079,-0.5421989,3.2,-6.7,132.3,77,68.2,-13.0093,16.7837,20.371,-0.4813984,-0.4814905,-0.7,17.3,-36.756,-2.7295149,-1.31987,2.34063534,-1192.48,7.00091479,-29.891708,-12.94,4.2
2024,Region 3,First Round,2024 Samford,2024 Kansas,13,4,0,-0.4,-1,-3.7464057,-9.43364,-0.1714263,-6.5,-3.1,2.3,3.5,-3.09,-3.01,-0.65776,20.29,4.1,3.7,-18,-30.2,-1,13.8,-14,0.2,-3.7,-0.4,-9.6,10,2.2,5.5,18.9252,18.8771483,9.3,10.2,5.5,2.7,7.9,-1.3,3.8,6.3,3.7,-11.7,2.5,7.3,4.9,-2.9,-6.4,10.093,11.2550593,3.4,5.3,-0.6,3.8,-4.2,5.3,6.7,13,0.5,8.2,9.6,1.5,-0.2,7.9,-127,-86.1,-65.3,16.7719,-23.4783,-10.54,-8.163242,0.30661117,2.6,-18.6,-0.04,-0.04,-0.03,20.29,0.44367863,3.7,37.7979,2.88533453,-2.12582,-2.248457,934.91,-8.2579382,-3.655752,13.57,3,0.9805782,5.48579104,3.3,-7.9,127,86.1,65.3,-16.4493,16.5685,16.3348,-4.1005131,-0.5017952,5.8,9.5,-33.7924,6.85631375,-2.12582,1.7696496,-934.91,8.23500585,-13.272444,-10.965,-3.5
2024,Region 3,First Round,2024 Oregon,2024 South Carolina,11,6,1,-2.2,1,-3.3834946,-1.627,-0.0234288,-0.2,0.7,-1.5,-0.1,-0.58,0.26,-0.89713,-3.37,3.9,4.1,-32.1,-22.8,1.7,1.9,-6.8,4.9,-0.3,-4.6,8.6,-4.1,4,5.9,14.3912,14.3965612,3.8,5.9,0,-1.5,1.5,0.1,0.7,3.4,-3.6,13.9,5.3,2.3,0,-9.4,-4.7,14.095,14.4125684,-0.7,-0.5,-0.8,-0.8,-1,2.4,-6,10.1,-1.1,-8.5,-0.4,-5.6,-1,2.1,-136.9,-83.1,-72.3,12.5455,-17.7286,-8.5174,6.05272291,-0.0796538,-8.8,-13.2,-0.03,-0.02,-0.03,-3.37,0.54165712,4.1,36.3856,1.56583188,0.17173,-2.7822486,843.41,-10.451641,-2.053051,12.1,0,0.04362571,-1.4256639,1.9,-2.1,136.9,83.1,72.3,-13.6819,19.9677,10.1229,2.28546391,-0.0135527,1.2,16.9,-34.2445,-1.5902927,0.17173,2.66399908,-843.41,9.15947061,-33.523152,-13.46,4.7
2024,Region 3,First Round,2024 Akron,2024 Creighton,14,3,0,-21.4,-13.9,-9.0375732,-18.46453,-0.3234549,-7,-4.9,6.5,5.7,-1.73,-2.66,-0.30562,11.82,-1.3,-1.2,-31.3,-14.3,3.1,0.6,-14.3,13.7,-6.1,7.3,4.4,-11.7,-6,-2,10.2923,9.46394298,5.6,9.1,-0.2,-6.3,17.4,-6,4.9,7.3,-1.1,14.4,9.8,4.7,-0.6,-14.2,-11.7,18.042,18.4878489,8.9,9.9,6.1,8.7,-4.5,1.3,-0.3,13.2,0.8,-1.1,9.2,7.5,6.1,4.5,-139.7,-94.4,-96.7,11.1226,-18.3472,-5.7011,6.18156867,-0.3406936,-14.1,-23.5,0,-0.03,-1.42E-14,11.82,-1.6387458,-1.2,37.0528,3.38951304,-1.80338,-3.2845619,388.55,-10.481772,-20.872484,10.71,-2,-0.7023247,-4.6924154,4,-4.5,139.7,94.4,96.7,-14.6768,12.9569,7.6544,3.19132093,0.30726411,-3,15,-40.1701,0.35628968,-1.80338,2.51433158,-388.55,11.4289511,-46.900278,-12.55,2.5
2024,Region 3,First Round,2024 Colorado St.,2024 Texas,10,7,0,-1.3,0.9,0.44231268,-1.8005,-0.0430596,0.7,2.5,-1.2,-0.4,-0.13,-1.57,-0.79509,-0.89,-1.7,-1.3,-29.3,-31.1,-2.1,-1.6,-3.9,5.4,-8,-1,2.1,-1.1,6.5,6.1,15.256,16.0996232,5.6,10.2,-1.6,3.5,-2.4,3.8,-5.7,18.6,-0.9,8.3,12.4,5.3,-0.6,-4.7,-5.2,19.7511,19.3379398,4.4,4.9,2.1,1.5,-1.4,0.3,-3,7.8,3.1,-1.8,8.4,0.6,2.5,6.6,-133.1,-87.7,-70.2,11.0381,-17.1103,-9.1732,3.53766126,-0.2959573,-2.3,-11.3,-0.01,-0.06,-0.01,-0.89,0.98304855,-1.3,37.0332,-7.1105432,-1.05579,-2.3959508,1173.26,-7.6884926,9.203669,12.09,1,-0.468918,-1.2989005,-0.4,-6.6,133.1,87.7,70.2,-19.013,18.9953,10.225,0.91742704,-0.2248487,16.5,19,-36.2175,-1.9193925,-1.05579,2.77188736,-1173.26,11.1539877,-23.728601,-12.755,-0.5
2024,Region 3,First Round,2024 Saint Peter's,2024 Tennessee,15,2,0,-33.5,-17.9,-14.491733,-28.29235,-0.5372902,-14,-7.4,2.3,3.2,0.68,-0.74,-1.71748,11.4,-5.2,-5.2,-27.5,-24.2,-0.5,0.7,8.8,-9.6,-5.7,2.1,4.2,-6.3,-16.6,-6.7,7.5322,6.10170532,-0.4,-1.9,2.5,1.2,2.3,-0.7,6.5,-0.5,4.8,-2,-3.8,2.8,2,-18.1,-11.2,16.117,14.7796314,4.9,5.2,2.7,4.4,-8,5.7,-3,11.5,3,-7.4,6.1,0.3,2.3,-11.5,-126.6,-74.5,-49.5,2.9762,-22.3016,-17.8188,-2.0611389,0.29478145,-7,-22,-0.07,-0.07,-0.07,11.4,-1.7709099,-5.2,25.8606,8.94497097,-0.48776,-2.8438694,1725.25,-6.6210334,-42.307834,8.92,0,-0.7925727,-2.2662482,9.9,11.5,126.6,74.5,49.5,-10.7307,17.2725,9.5243,3.96911043,0.09663466,0.6,12.4,-33.1408,-0.4816343,-0.48776,1.81158099,-1725.25,6.83600491,-45.754227,-12.605,6.9
2024,Region 4,First Round,2024 Michigan St.,2024 Mississippi St.,9,8,1,1.5,1.9,-0.7797321,2.0548,0.02692269,-4.2,-0.2,-5.8,-1.6,0.39,0.06,-0.03121,-3.04,-2.5,-1.8,-28.7,-20.5,2.3,0.9,9.8,-10.8,-4.2,-12,8.8,3.2,3.3,5.5,18.0826,18.8954123,3.8,0.3,6.5,-4.5,-2.5,3.5,2.3,11.7,1.4,-3.1,3.6,-0.2,6.4,3.3,-3.4,19.9318,18.7693026,3.7,6.3,-0.3,-4.2,5.3,0,-6.7,-2.1,1.4,8.6,3.1,0.7,-0.4,-1.1,-129.7,-78.4,-67.2,15.7812,-20.8482,-17.9516,-2.7991287,0.44184613,-11.8,-18.2,0.01,-0.01,-0.01,-3.04,0.5921999,-1.8,34.4109,2.18346223,0.0279,-2.0265597,1046.94,-9.6930869,7.931023,11.26,0,-0.1904507,2.5432541,2.2,1.1,129.7,78.4,67.2,-20.5812,26.3238,15.6736,-3.9743617,-0.4925736,-1.6,13.2,-32.3081,-4.1623707,0.0279,2.42234963,-1046.94,7.58923718,7.846756,-12.445,-6.7
2024,Region 4,First Round,2024 Grand Canyon,2024 Saint Mary's,12,5,1,-8.8,-3.7,0.0236483,-5.9742,-0.1367857,-5.3,-3.7,-2.3,-0.6,-0.41,-0.85,0.62062,-2.38,6,5.9,-34.9,-29.7,4.1,4.5,-11.2,6.9,-1.2,-0.3,2.8,-2.6,-1.4,-0.4,18.4665,18.172405,6.9,8.7,2,4.2,13.1,-1.1,12.2,-2.5,6.1,3.2,5.6,7.7,1.2,-3.7,-3.4,15.3347,15.1596086,7.2,8.6,2.9,-3.4,-6.5,3.9,-9.4,10.3,3,4.2,10.4,1.8,3.2,-3.9,-129.6,-74.4,-59.4,12.1488,-19.5972,-7.6749,-0.2706596,-0.0406109,-3.8,-6.2,0.01,-0.02,0.01,-2.38,-2.955414,5.9,33.5757,9.81384994,-0.52337,-2.7042581,1455.25,-9.0220932,2.771692,14.28,0,0.35462848,0.61997402,1,3.9,129.6,74.4,59.4,-7.3985,16.4724,10.2314,-0.835559,0.0606679,-10.2,0.3,-33.8381,-4.1709608,-0.52337,2.22131265,-1455.25,6.77190168,-0.800503,-11.97,0.3
2024,Region 4,First Round,2024 Charleston,2024 Alabama,13,4,0,-12,-9.8,-5.0386194,-14.87519,-0.2354119,-1.6,-1.5,9,7.8,-0.7,-1.23,-0.80403,7.45,-4.5,-2.5,-16.2,-16.3,-0.1,-3.4,-6.3,9.7,-5.4,-8,17.6,-9.6,9.8,6.4,10.616,11.5640099,2.5,1.5,2.9,-2.1,-12.7,1.3,3.6,8.5,-4.3,4.4,4.9,-7.6,3,-19.2,-16.1,19.474,20.0391214,5.7,7.1,2.7,7.8,6.9,0.4,-8.3,8.7,0.2,-2.8,-4.5,4.6,2.8,9.2,-137.7,-75.1,-70,13.3292,-19.1779,-9.1333,3.52008891,-0.32925,6.5,-11.9,0.02,0.04,0.03,7.45,1.34955351,-2.5,37.0912,3.54389009,-0.9298,-2.7898949,1041.6,-8.4864803,11.22022,14.14,-2,0.08121359,-5.5178098,-3.4,-9.2,137.7,75.1,70,-21.9463,22.2918,6.825,3.76151592,-0.0755702,-9.6,10.6,-39.1904,-5.0701128,-0.9298,3.38953796,-1041.6,10.8577013,-51.434583,-15.845,3.1
2024,Region 4,First Round,2024 New Mexico,2024 Clemson,11,6,0,-4.8,-1.3,0.44385983,2.0002,0.01751777,-1.2,0.7,-0.6,1.9,-1.41,-0.55,-0.18997,3.54,4.8,6.5,-29.6,-23.2,-0.1,11.2,0,-11.2,-0.4,4.9,-1.5,-3.4,1.6,6.8,14.918,15.3517203,2.3,4.3,-0.6,-2.6,1.9,-0.3,8.2,5.2,6.7,-0.2,7.1,-3.6,-0.4,-6.5,-8.3,20.9562,21.7102632,5.9,5.2,4.8,5,-2.9,4.6,-0.7,-0.8,1.6,12.7,6.8,6.2,4.4,1.6,-138.1,-86.7,-71.6,13.7815,-23.1328,-17.7186,0.96762984,0.7284699,-0.6,-10.5,-0.04,-0.01,-0.02,3.54,1.197664,6.5,36.9342,6.33096815,-0.315,-3.1390113,1303.7,-8.171351,1.79953,14.29,0,-0.6531252,1.39128209,5.2,-1.6,138.1,86.7,71.6,-10.5973,15.9821,11.2896,-3.4577974,0.21853113,-0.1,13.9,-35.7289,-2.6109091,-0.315,2.6766786,-1303.7,6.57562993,-20.853077,-11.915,-1.8
2024,Region 4,First Round,2024 Colgate,2024 Baylor,14,3,0,-24.5,-12.5,-8.6792505,-20.15493,-0.4092746,-8.3,-2.3,5.9,1.6,-0.33,-0.59,-0.31954,12.46,-0.7,0.5,-26.2,-22.1,-5.4,5.4,-8,2.7,-8.1,-0.5,-0.6,1.2,-13,-2,4.465,1.8292283,2.1,1.4,2.2,-5,-3.3,0.8,-2.1,3.7,0,8,-2.6,0.1,2.1,-15.5,-10.5,19.99,19.717152,8.4,4.7,9.5,7,16,-1.6,-10.6,1,1.2,-7.8,6.9,1.4,8.8,7.5,-132.8,-88.3,-76.5,13.114,-19.8804,-10.0509,2.74127562,-0.0742653,-11,-25.8,0.03,0.05,0.04,12.46,-0.2455183,0.5,36.3681,-0.4514182,-0.38803,-1.986262,516.6,-10.5048,-29.911388,11.885,-3,-1.5383669,-3.1941354,11,-7.5,132.8,88.3,76.5,-19.1374,18.8792,12.4238,5.72062334,-0.2501515,2.4,15.8,-37.258,-9.6494336,-0.38803,2.23922019,-516.6,9.36398456,-37.853656,-14.54,5
2024,Region 4,First Round,2024 Nevada,2024 Dayton,10,7,0,2.4,-4.7,0.13495847,-0.4796,-0.0053666,-2.3,-1.9,0.4,2.5,0.99,-0.45,0.77859,4.24,2.4,2.7,-26,-14.5,1.3,4.4,1.9,-6.4,-6.4,2.9,0.4,-3.2,7.6,5.1,14.275,13.6765022,5.4,4.4,4.8,-1,24.4,0.7,-1.5,7.4,1.2,5.5,3.8,3.3,4.4,-7.9,-9.8,19.8397,19.7120744,8.4,4.6,8.9,3.7,2.9,1.5,0.3,3.4,4.6,0,11,-4.6,8.4,6,-136.2,-89.4,-60.5,14.0224,-20.1778,-15.0012,0.69048321,0.31830824,-17.3,-31.3,-0.06,-0.04,-0.04,4.24,1.5223647,2.7,37.1253,0.04468985,-0.29034,-2.4175249,1992.09,-7.8438554,30.122945,12.705,-2,-0.6003407,0.63080224,-2.5,-6,136.2,89.4,60.5,-16.1484,16.1646,10.4778,0.71592259,-0.0065979,-4.2,14.1,-38.6958,-2.0738657,-0.29034,2.31489674,-1992.09,8.20405927,-12.239627,-14.31,-1.9
2024,Region 4,First Round,2024 Long Beach St.,2024 Arizona,15,2,0,-24.6,-12.9,-13.121517,-26.641641,-0.5291745,-6.5,-3.5,4.6,3.4,-0.89,-1.21,0.0674,-0.01,-1.5,-0.7,-33.5,-23.8,-2,3.8,5.9,-9.8,-7.3,-10.8,0.4,10.3,-5.2,-0.1,13.2358,11.8324726,0.2,1.9,-2.1,-0.1,12.4,1,10.2,2.5,4,5.6,3.7,0.1,-2,-20.6,-13,13.37,13.6899177,3.8,4.6,2,-0.5,4.1,2.4,-6.7,0.1,3.1,15.6,4.6,-0.2,1.5,3.8,-130.2,-77.7,-66.9,11.1826,-21.9569,-16.748,3.25991492,0.4035861,-18.3,-24.4,-0.03,0.01,-1.42E-14,-0.01,0.16263343,-0.7,31.2528,5.38147127,-0.88591,-2.2678512,1336.32,-10.020529,-11.682364,11.85,-2,0.1983124,-2.668675,5.1,-3.8,130.2,77.7,66.9,-23.813,21.9813,16.1369,-6.7932906,-0.8135733,-5.2,4.9,-37.117,-3.8672663,-0.88591,1.6759177,-1336.32,7.3691941,-48.569142,-15.565,7.6
2025,Region 1,First Round,2025 Creighton,2025 Louisville,9,8,1,-0.8,-2,-2.4426477,-3.9325,-0.0422394,-2.5,-0.1,-1.7,0.6,0.96,1.94,-0.52126,2.93,-1.4,-1.7,-11.3,-16.7,10.7,2.6,-11.7,9.1,-8,-1.8,14.3,-12.5,4.1,1.9,21.4476,21.2691341,6.6,12.2,0.2,1.9,1.7,0.5,-0.3,16.8,1,1.5,9.4,5.5,0.4,-1.1,-3.7,19.9003,19.5618754,6.4,11.2,0.3,3,17.6,-4.8,-5,8.6,-2.8,4.3,10,3.6,0.2,5.4,-135.1,-86.5,-93.3,26.7299,-20.5467,-9.3577,0.1406027,0.08308718,7.3,-5.9,-0.02,-0.02,-0.02,2.93,-2.6636033,-1.7,36.2514,-3.5711642,1.30026,-2.5181688,185.67,-11.026684,5.430228,11.06,1,0.18700581,-0.6227356,-2.2,-5.4,135.1,86.5,93.3,-18.2861,20.824,8.1138,-1.8811446,0.0816631,-0.9,12.8,-38.388,-2.0697306,1.30026,2.49483932,-185.67,8.23662464,-9.232564,-11.82,-2.6
2025,Region 1,First Round,2025 UC San Diego,2025 Michigan,12,5,0,-4.1,-1.6,-5.8999058,-3.4969,-0.0889651,-3.8,-0.5,-6.1,-1.8,-1.54,-4.51,-1.15518,-6.13,-3.7,-3.8,-11.5,-13.2,-0.9,7.8,-18.3,10.5,-4.6,-7.9,5.5,2.4,-3.4,2.7,21.5288,18.0879737,9.1,10.2,5.2,1.6,5.3,2.6,-4.2,12.4,0,-7.8,5.2,2.7,5.3,4.7,-4.4,19.5264,18.674129,6.8,11.5,0.3,-2.6,5.2,3.5,-4.8,6.7,-0.8,0.9,7.7,8.7,0.1,3.9,-127.5,-83,-72.9,13.9006,-24.4211,-9.1516,-5.1297161,-0.0476698,4.3,-24.1,0.04,0.06,0.04,-6.13,0.62429168,-3.8,39.3844,-2.1387421,-3.12189,-2.035631,1412.06,-9.8617421,-21.36371,11.835,2,0.21767046,2.31710816,6.1,-3.9,127.5,83,72.9,-18.4435,23.5643,15.7596,1.18142151,-0.347674,-13.1,9.7,-31.5231,-0.5843206,-3.12189,2.90032623,-1412.06,11.8845292,-9.526487,-10.785,-9.1
2025,Region 1,First Round,2025 Yale,2025 Texas A&M,13,4,0,-11.4,-8,-8.0243521,-13.0396,-0.1709334,-2.9,0.8,-1.3,0.1,0.34,-0.23,-1.25396,-9.85,1.3,1.1,-21,-14.4,-5.9,10.8,3.2,-14,-2.9,-6.5,-3.6,10.1,-1.9,1.8,22.9608,20.5101823,6.6,6.9,5.1,-3.2,-3.3,5.3,5.4,-11.4,-3,10,2.1,12,5.1,-2.8,-9.7,12.167,11.564803,-1.3,0.7,-2.6,-7.1,13,-2.1,-16.2,-11.1,6.3,9.7,1.6,-1.9,-2.7,-0.7,-131.6,-71.2,-62.3,11.9742,-21.629,-18.4506,0.42043351,0.55681566,4.4,-9.1,-0.03,-0.04,-0.04,-9.85,3.58819599,1.1,36.7042,8.22882388,-0.16146,-1.2974953,2083.89,-6.0013512,-22.328572,13.85,2,1.22080281,8.18308156,3.7,0.7,131.6,71.2,62.3,-14.1697,25.4107,20.2609,-5.6103317,-0.4617382,-9.2,14.8,-30.6118,-10.309125,-0.16146,2.26689742,-2083.89,7.6667013,-19.362496,-13.745,-6.9
2025,Region 1,First Round,2025 North Carolina,2025 Mississippi,11,6,0,-1.5,0.2,-3.5700371,-2.5405,-0.0307317,-4.2,-1.6,0.3,0.9,0.23,0.48,-1.22608,0.09,1.5,2.5,-19,-21.9,0.5,9.9,-3.7,-6.2,1.8,0.5,1.4,-1.9,4.7,5,23.0985,21.5220212,3.7,3.3,2.6,3.2,-4.7,5.4,-1.6,-7.3,-1.5,0.7,1,-0.6,3.1,-3.9,-4.9,18.5386,16.995606,1.5,1.8,0.6,-1,5.6,2.4,1.7,6,1.9,-3.9,5.2,-2.4,1.3,5.4,-136.4,-87.5,-60.1,20.5914,-22.7405,-16.0518,-0.3699624,0.44698873,8.9,-2.4,-0.03,-0.03,-0.03,0.09,1.51744235,2.5,35.8683,1.98396874,0.32524,-2.65615,1643.29,-7.0523342,-3.118979,13.805,-1,0.49880318,-0.1012793,0.3,-5.4,136.4,87.5,60.1,-9.6037,18.1693,11.4165,1.22188703,0.1079881,6.2,21.3,-36.8984,-0.1344978,0.32524,2.80364344,-1643.29,9.08621494,-26.339573,-12.78,-1
2025,Region 1,First Round,2025 Lipscomb,2025 Iowa St.,14,3,0,-15,-9,-9.5666471,-17.50969,-0.2710186,-3.4,-0.3,-1.4,-0.4,-1.31,-0.67,-0.11642,-7.15,-2.2,-2.4,-11.9,-25.9,-2.1,3.2,-9.9,6.7,-2,-4.5,4.1,0.2,-6.5,-0.4,20.2291,17.3303294,7.5,9.2,3.5,4.6,2.5,7.4,-4.4,-0.9,-1.6,-0.5,3.4,8.2,2.8,-5.2,-8.6,16.253,16.129138,6,5.2,4.8,8.6,16.2,-1,-5.7,14.4,0.1,-1.6,7.7,-1.8,4.6,7.5,-131,-88.9,-78.9,13.1387,-21.005,-9.8312,-2.6987946,-0.1035317,2.7,-25.3,-0.07,-0.06,-0.06,-7.15,-0.1121983,-2.4,36.6016,-1.4083433,-0.47751,-1.9979726,1080.06,-8.8056354,-19.419738,10.835,1,0.53307209,0.40201087,6.1,-7.5,131,88.9,78.9,-16.3673,19.9447,12.2816,0.98925737,-0.181972,6.5,20.7,-37.2,-4.6707823,-0.47751,3.51184765,-1080.06,11.5613512,-15.603314,-13.34,-3.4
2025,Region 1,First Round,2025 New Mexico,2025 Marquette,10,7,1,-8.4,-5.6,-0.8963166,-4.2602,-0.0414046,-6,-1.6,-1.6,-0.2,0.15,0.66,0.40301,0.88,4.8,5.3,-28,-15.4,-1.3,5,2.7,-7.7,2.2,0.4,7.7,-8.1,-5,-1.5,16.404,15.949118,0.9,-0.7,2.3,-4.4,7.6,5.9,0.5,-8.6,5.6,0.3,-0.4,-0.9,2.2,-7.6,-4.1,22.4939,21.1074232,2.8,6.7,-1.3,5.6,-8.9,7,-4.5,-10,1.4,4.8,5.1,3,-1.2,1.9,-128.9,-81.8,-70.9,14.2276,-20.8105,-16.0928,-0.2818682,0.41015432,6.9,-1.1,0.02,0.03,0.02,0.88,0.12112112,5.3,32.1037,4.72333714,0.5263,-2.307546,409.49,-8.2173691,-6.753909,11.305,-1,-0.5924649,-0.4033953,3.5,-1.9,128.9,81.8,70.9,-9.2965,18.7363,10.2282,-2.0857192,0.27662688,-16.1,5.8,-34.566,-4.1220056,0.5263,1.96542222,-409.49,6.20884347,-12.334189,-12.045,3.5
2025,Region 1,First Round,2025 Bryant,2025 Michigan St.,15,2,0,-26.4,-17,-15.474697,-26.32695,-0.4281293,-6,-4.1,-1.6,-1.2,1.22,-1.06,1.01355,-17.51,4,4.5,-23.8,-31.3,3.3,7.6,-1.7,-5.9,-6.5,3.9,-7.1,3.2,-16,-8.9,16.1769,13.7393165,4.9,2.4,5.5,-0.4,-2.7,-0.1,9.6,-4.7,7,4.9,4.5,-4.5,5,-11.2,-8.1,12.642,11.667968,3.5,6.3,-1.4,6.1,7.8,-0.2,-6.5,18.7,7.6,6.7,13.7,-2.3,-1.4,-4,-134.1,-77.1,-68.7,17.0813,-25.1215,-17.82,1.92909356,0.47399327,-0.9,-11.9,0,-0.01,-0.01,-17.51,-0.4946277,4.5,33.7454,9.40436136,-0.70286,-2.2245309,1315.08,-6.7748654,-23.426915,12.06,0,0.49981555,1.01442919,7.1,4,134.1,77.1,68.7,-14.2879,17.0555,14.1356,-4.8620902,-0.206997,0.5,2.4,-34.1236,0.22702875,-0.70286,2.72356305,-1315.08,6.22694107,-14.990006,-12.78,3.1
2025,Region 2,First Round,2025 Baylor,2025 Mississippi St.,9,8,1,5.9,6.9,-1.0236225,1.0415,0.01175442,4,3.2,-4.7,-2.7,-0.48,-1.14,0.45479,-4.57,-4.3,-3.3,-15.6,-16.9,-0.3,-1.9,5.8,-3.9,-2.8,-11.9,13,-1.3,12.8,8.3,22.1784,21.9598966,-0.4,1.1,-1.4,5.1,-4.4,2.9,6.1,0.3,-0.3,7.2,3.6,0.4,-1.5,-2.9,-1.4,19.0737,19.0987359,0.5,5.4,-4,0.1,-1.9,3.7,-2.9,-6.6,3.3,4,-4.4,2.3,-4.5,6.3,-131,-69.6,-68.5,11.7278,-17.3541,-14.4937,3.75440256,0.03531786,-2,-20.6,-0.01,0.02,0,-4.57,1.05404678,-3.3,34.0695,3.98091239,-0.75513,-2.4402736,552.65,-6.2979041,37.242487,13.765,1,0.3270526,0.4283721,-4.5,-6.3,131,69.6,68.5,-26.2822,26.0235,13.1296,-1.9726151,-0.3188111,3.6,16.1,-34.7189,-1.1524042,-0.75513,1.83251197,-552.65,10.5651464,-2.429904,-13.03,1.5
2025,Region 2,First Round,2025 Liberty,2025 Oregon,12,5,0,-11,-9.2,-5.966294,-6.6158,-0.0576958,-6,-2.9,-2.8,-0.3,-1.83,-2.54,-0.78571,-7.55,-2.2,-2.4,-14.9,-27,0,5.3,-15.4,10.1,-3.1,1.8,2.2,-4.2,-8.1,-5.3,15.9672,15.5465277,9.3,7.7,7.8,-6.7,3.2,2.3,-10.3,10.9,-1,7.5,6.2,-2.6,7.1,-5.4,-4,17.7155,17.2558029,6.3,5,6,2.7,7.1,0.7,-2.6,15,1,-2.4,3.7,6.5,6.1,5.6,-134,-93.3,-81.7,16.4137,-18.656,-7.2322,2.31349537,-0.1420356,14,-4.1,0.02,0.02,-0.01,-7.55,0.84887121,-2.4,40.5064,-5.609698,-1.72094,-2.3312586,606.43,-8.9430014,-24.668426,11.505,3,-0.1424512,0.12935742,2.8,-5.6,134,93.3,81.7,-10.447,17.819,11.2745,4.01565695,0.09693627,4,17.3,-34.6007,-3.2736571,-1.72094,3.30033929,-606.43,11.5416079,-20.819403,-10.44,1.4
2025,Region 2,First Round,2025 Akron,2025 Arizona,13,4,0,-29.4,-18.2,-7.0274846,-19.14673,-0.2674895,-7.6,-2.1,5.1,1,-2.84,-3.13,-1.32047,9.16,2.2,1.3,-12.7,-27.4,-0.2,7.4,-11.3,3.9,-5.5,2.1,-5.3,3.3,-9,-6.7,16.8742,17.0827569,6.8,8.6,3,3.5,-2.4,0,4.8,5.3,3.1,0.8,5.8,2.3,2.4,-18.7,-11.5,15.432,16.762336,3.4,4.5,0.5,5.4,2.9,1,-6.9,12,5,11.8,9.4,-2.7,1.4,6.4,-133.4,-73.3,-73.7,14.692,-21.3151,-10.8052,-0.471623,0.08136566,4.3,-18.2,0.03,0.08,0.07,9.16,-0.6820132,1.3,37.6712,2.31193976,-2.24527,-2.1821974,1061.78,-7.6689769,-31.611348,12.66,0,0.36312056,3.80083584,2.3,-6.4,133.4,73.3,73.7,-15.6719,15.8875,13.9594,-5.9491438,-0.2125951,-3.3,5,-35.6442,-2.278017,-2.24527,2.65127667,-1061.78,9.36021169,-49.941354,-14.535,7.2
2025,Region 2,First Round,2025 VCU,2025 BYU,11,6,0,-1.7,-2.1,-3.7724806,-1.7879,-0.0438117,0.3,2.5,-2.5,-1.4,-0.23,1.01,0.72665,-8.26,-1.4,-1,-8.2,-16.4,2.8,10.8,-12.3,1.6,-3.7,8.1,4.2,-12.2,5.3,7.8,15.693,15.8573554,1.8,4.9,-1.3,3.9,2.7,0.4,10.6,4.3,7.1,10.7,1.2,-3.1,-1.9,-13.8,-9.9,27.3053,27.9542545,12.8,15,6.5,-1.5,-5.9,3,-3.3,13.8,2.1,8,18.2,8.6,6.1,4.6,-127.8,-73.9,-72,21.7284,-24.9025,-13.5502,6.05645482,0.26096699,2.9,-21.4,0.01,0.03,0.01,-8.26,-1.4037348,-1,35.1,4.32212698,0.67189,-2.0041768,666.1,-9.1667698,21.512586,14.075,1,-1.2251833,-4.5944967,2.5,-4.6,127.8,73.9,72,-7.8161,13.3322,7.0154,-0.8920592,0.4254671,-6.6,12.4,-35.6792,-0.9311744,0.67189,2.48472116,-666.1,5.80918476,-21.019536,-11.695,3.9
2025,Region 2,First Round,2025 Montana,2025 Wisconsin,14,3,0,-28,-22.6,-9.5636735,-25.590974,-0.3976068,-4.9,-2.6,7.9,6.2,-1.46,-3.06,-0.01972,-1.51,-1.1,-0.5,-24.1,-16.9,0.8,14.1,-11.8,-2.3,-1.8,5.3,7.7,-13.1,-7.8,-1.7,14.7374,14.149994,8.5,10.5,3.5,2.3,8.1,-1.7,-4,0,-2.7,-4.7,4.5,4.6,3,-22.4,-20.8,11.623,13.40312,1.4,1.6,1.2,8.8,1.9,1.4,1,9.3,-2.4,13.9,0.7,0.5,1.2,10.1,-139.7,-93.8,-70,22.2225,-25.8087,-12.7213,-3.680595,0.45906542,-3.2,-17.3,-0.02,-0.02,1.42E-14,-1.51,1.02917735,-0.5,39.7087,-1.3583065,-2.08168,-3.0120646,1736.93,-14.53203,-20.475828,12.89,0,0.62573558,-1.578867,6.1,-10.1,139.7,93.8,70,-9.8746,13.6712,6.5328,-5.3317408,0.41019691,-6.7,16.3,-38.6334,0.07351668,-2.08168,2.71571967,-1736.93,11.226517,-58.418748,-14.575,1.6
2025,Region 2,First Round,2025 Vanderbilt,2025 Saint Mary's,10,7,0,2.2,2.7,-2.7953894,-6.9272,-0.0590714,-6.2,-3.6,2.5,3.1,-1.95,-2.54,0.68076,18.6,6.7,7.8,-28.5,-29.1,0.5,2.1,-10.8,8.6,5.6,-1.6,-2.8,4.5,5.4,5.7,25.7452,24.7407419,5.5,7.8,1.3,0,9,1.9,7.3,-4,4.2,14,7.6,0.5,1,2.3,-2.8,13.504,14.029863,-2,0.3,-4.3,-2.5,-7.6,4.9,-10.8,9.8,-1,-0.4,-1.2,2.4,-4.4,1.7,-133.6,-72.7,-70.6,10.5722,-19.7857,-8.653,6.29019497,-0.240208,3.8,-6.4,0.01,0.04,0.01,18.6,-0.3374489,7.8,35.1693,5.75401084,-1.67954,-2.4132916,1116.6,-8.7935523,23.472126,11.645,-1,1.31372769,0.37665041,0.3,-1.7,133.6,72.7,70.6,-10.4252,17.6094,13.2114,-0.4090126,-0.0535235,-2.2,7.2,-33.7941,-2.5833096,-1.67954,2.90014608,-1116.6,7.65918038,12.826323,-15.465,-5.1
2025,Region 2,First Round,2025 Robert Morris,2025 Alabama,15,2,0,-26.1,-10.6,-14.123414,-27.84611,-0.456838,-5.9,-1.9,2.3,0.1,-1.18,-2.81,-1.53894,-12.13,-7.6,-6.7,-28.1,-18.2,0.3,7.9,-10,2.1,-8.1,0.5,10.4,-11,-9.4,-4.4,10.3892,8.6864733,3.4,1.9,4.1,1.6,4.5,-5,6.1,16.9,-0.3,-4.3,0.5,-4.2,4.2,-18,-6.3,21.628,22.404179,6,9.9,0.8,-1,10.1,2.1,-6.4,2.7,0.7,1.2,7.4,7.9,1.3,5.8,-132.5,-72.5,-57.6,16.556,-22.879,-11.3834,-2.13158,0.15248407,-0.8,-6,0.03,0.02,0.03,-12.13,1.73716032,-6.7,34.776,2.55451558,-2.08792,-2.6175402,1761.4,-8.5608636,-31.924868,13.745,-1,-0.9866722,-3.3649585,5,-5.8,132.5,72.5,57.6,-19.5257,14.17,7.0462,0.93871598,0.15981052,-16,-5,-37.5543,-2.0195997,-2.08792,2.00145874,-1761.4,7.49777279,-58.228386,-15.56,11.7
2025,Region 3,First Round,2025 SIU Edwardsville,2025 Houston,16,1,0,-42.3,-22.4,-19.213353,-39.76038,-0.6040546,-15.3,-6.7,6.6,7,0.41,1.25,-1.13656,-3.68,4.8,4.5,-20.6,-26.9,-0.4,5.9,0.9,-6.8,-2.8,11.8,-15.7,4,-23.7,-9.4,14.1025,13.4956745,4,3.9,3.1,-3,-1,4.6,2.5,-3.6,4.9,5.3,2.8,2.5,2.9,-22.2,-16.8,17.025,18.730532,5.2,2.7,6.8,3.8,-5,2.7,-7,-4.3,7.8,-6,9.1,3.5,6.3,-6,-129.3,-73.7,-71.4,11.9054,-26.2594,-18.1786,1.17746902,0.31764504,-0.1,-16.3,0.02,0.03,0.01,-3.68,-2.0657114,4.5,28.5814,5.61750233,0.80595,-2.4604646,435.46,-5.7860196,-59.87917,8.4,-3,-0.1189673,-3.9504579,14.3,6,129.3,73.7,71.4,-4.1332,12.5148,12.2185,4.90140919,0.14230395,17.1,30.4,-35.9233,-11.027484,0.80595,2.43278201,-435.46,7.83014134,-59.8587,-12.715,5.4
2025,Region 3,First Round,2025 Georgia,2025 Gonzaga,9,8,0,-14.7,-7.1,-0.7768214,-7.9029,-0.0509746,-4.4,0.7,2.9,1,1.59,0.95,-1.12699,-0.1,-2,-3.7,-22.6,-25.9,7.9,8.2,-5.1,-3.2,3.4,0.5,-7.3,6.8,-4.8,4.6,19.1231,18.4535695,5,4.7,3.3,-1.1,11.2,-0.6,9.7,-0.9,6.6,-4.3,3.1,1,2.7,-17.8,-11.7,27.5559,27.3152924,8.5,10,3.5,6.4,0.5,4.8,-0.9,13.1,-1,8,11.9,9.5,3.7,2.9,-131.8,-73,-70.3,23.1127,-24.9772,-15.8866,-2.6290182,0.51429098,-1.3,-10.3,0,0.03,0.02,-0.1,2.83412089,-3.7,33.075,7.44706063,0.61213,-3.3207389,1556.19,-10.908884,-26.838357,12.95,0,-0.8157708,-2.4711786,9.4,-2.9,131.8,73,70.3,-10.815,16.0508,15.6988,-1.335502,-0.121366,-0.3,9.1,-38.8436,1.5474918,0.61213,1.96654494,-1556.19,6.07933375,-61.250176,-12.735,6.1
2025,Region 3,First Round,2025 McNeese,2025 Clemson,12,5,1,-11,-7.9,-5.1477092,-10.2393,-0.094154,-6.2,-2.8,1.7,2.5,-0.89,-2.33,-0.2616,8.16,0.7,1,-25,-15,0,8,-6.6,-1.4,0.6,1.3,-9.4,8.1,-4.8,1.1,19.5208,18.055459,4.4,3.9,3.4,1.2,8.1,3.9,4.8,6.4,3.7,11.8,3,0.3,3.3,-7.8,-9,18.09,18.0265067,6.1,5.4,5,5.7,-3.2,5.9,-2.4,-2.7,1.6,10.6,6.6,7.6,4.5,3.3,-126.4,-70.4,-77.1,14.842,-19.9677,-12.9948,4.40362702,0.26316391,5.6,-3.4,0.06,0.06,0.05,8.16,-1.2035977,1,34.3943,5.06955535,-1.5225,-2.9467364,479.65,-8.7063043,-17.34504,12.26,-1,0.21852447,-1.3573236,5.9,-3.3,126.4,70.4,77.1,-6.2209,16.3676,17.3872,-2.2460548,-0.1424262,-8.8,15.9,-33.8448,-4.8927485,-1.5225,2.1230463,-479.65,7.61499338,-25.96536,-10.535,-1.2
2025,Region 3,First Round,2025 High Point,2025 Purdue,13,4,0,-12.8,-11,-6.6172226,-14.53289,-0.2233612,-1.7,-4.1,8.5,9.2,-0.13,0.18,0.63387,8.19,0.6,1.4,-18.3,-25.9,1.4,7.3,-4.1,-3.2,-1.9,9.4,-6.6,-2.8,3,5.3,18.057,18.1853709,4.4,1,5.9,3.8,6.6,2.5,4.1,-13.1,-1.6,-8.2,-6.7,8.6,5.4,-17.6,-16.5,15.085,16.136244,7.2,6.6,5.6,2.5,-1.7,0.9,-1.1,14.6,-2.7,-6,11.8,5.4,5.3,13.8,-134.8,-75.2,-60.5,22.8044,-21.1012,-14.8884,-7.7670814,0.29706414,3.1,-11.3,1.42E-14,0.01,0,8.19,-1.9136958,1.4,39.2268,6.27595919,0.12754,-2.154417,1628.69,-17.126041,15.303903,16.195,-1,-0.5097265,-1.4194403,2.3,-13.8,134.8,75.2,60.5,-6.7358,10.677,9.2188,4.16709809,0.28071361,10.2,24.1,-39.1187,-1.1722599,0.12754,3.01677326,-1628.69,12.7178899,-28.436959,-14.99,1.1
2025,Region 3,First Round,2025 Troy,2025 Kentucky,14,3,0,-23.8,-9.4,-9.7591649,-17.38207,-0.2669545,-5.2,-1.3,3.8,1.1,-0.76,-1.5,-1.97017,-4.02,-5.9,-4.7,-11.7,-20.2,2.8,15.8,-17.1,1.3,-7.3,4,-1.1,-2.9,-11.1,-1.8,8.1287,7.8405885,-0.3,0.2,-0.5,0.6,6.8,-5.9,12.7,9.3,4.8,-12.9,-6.2,-9.8,-0.4,-16.5,-7.7,23.005,23.447974,8.8,9.7,4.8,1.6,6.6,4.6,3.3,5.7,1,9.4,13.9,3.1,4.7,3.7,-131.1,-74.8,-66,22.6621,-29.0314,-16.8265,-3.8519513,0.38893166,14.9,-7.6,-0.05,-0.04,-0.06,-4.02,-0.9123705,-4.7,33.1861,5.03064913,-1.06977,-2.8394041,1496.24,-7.9981762,-41.441324,14.585,-1,-1.469993,-0.7626318,9.3,-3.7,131.1,74.8,66,-15.6581,15.4578,10.2876,-3.0379907,0.00425636,-6.7,4.9,-37.0336,1.18567702,-1.06977,1.80289317,-1496.24,6.88444031,-62.491207,-11.65,8.8
2025,Region 3,First Round,2025 Utah St.,2025 UCLA,10,7,0,-6.1,-3.4,-1.6242948,-6.538,-0.0757987,-2.2,-0.4,0.8,1.1,-0.85,-0.93,-0.07007,0.16,0.7,2.6,-12.9,-19.6,5.5,13.9,-11.5,-2.4,-2.9,5.9,-13.7,7.9,4.9,5.3,25.6489,26.8083583,5.5,6.5,2.6,-4.7,3,6.8,5.4,3.3,2.4,9.8,-0.7,4.4,2.1,-8.3,-8.7,11.339,12.525772,1.2,0.5,1.4,-1.6,-3.3,4.3,-2.5,2.1,1,0.2,7.2,-0.4,1.2,11.3,-125.1,-73.1,-58.7,25.8131,-26.1951,-15.3726,2.34697891,0.50195901,14.3,-6.2,2.84E-14,-0.03,-0.01,0.16,0.03945141,2.6,35.754,2.01684052,-0.60414,-1.8882666,1518.07,-8.7524331,9.60449,14.81,3,1.08464723,-0.5644915,0.4,-11.3,125.1,73.1,58.7,-12.5324,14.1775,16.456,-0.2725932,-0.1152275,6.1,22,-34.8366,-1.3576189,-0.60414,1.8161689,-1518.07,9.51373345,-18.932491,-13.76,-0.4
2025,Region 3,First Round,2025 Wofford,2025 Tennessee,15,2,0,-24.8,-14.6,-18.897372,-26.99496,-0.4187892,-8.7,-4.6,6,5.4,-0.68,-2.19,-0.81937,7.11,-0.9,0.1,-7.2,-11.2,-2.4,4.7,-7.8,3.1,-9.9,0,-2.6,2.7,-6.5,-0.3,24.514,20.6449144,8.9,7.9,6.7,-7.2,1.7,0.9,5.4,8.5,-0.3,2.3,7.8,1.2,6.1,-14.2,-14.2,10.796,9.101096,1,2.3,-0.5,5.1,-0.8,-1.1,-9.2,10.9,6.4,10,4.5,-0.9,-0.7,2.3,-134.4,-72.8,-67.9,8.8889,-23.4702,-15.2002,-0.660018,-0.0067157,11.4,-22.3,0.06,0.07,0.07,7.11,1.37889802,0.1,34.3955,4.13575237,-1.41571,-2.6972502,907.06,-5.5481602,-28.835153,10.56,-1,1.59917733,0.51156035,6.2,-2.3,134.4,72.8,67.9,-19.0533,18.4588,15.4946,-5.1304277,-0.2839364,-12.2,8.5,-37.1702,-2.813298,-1.41571,2.26747131,-907.06,10.0830819,-41.938431,-16.695,6.66E-16
2025,Region 4,First Round,2025 Norfolk St.,2025 Florida,16,1,0,-41,-23.8,-16.437654,-37.69011,-0.5258631,-11.7,-6,9.7,6.6,-0.88,-1.05,-0.30262,5.76,-3.4,-3.2,-35,-13.7,-0.3,11.9,-2.1,-9.8,-5.2,-3.5,4.1,-0.5,-17.6,-5.2,14.7035,12.4868803,7.1,8.6,1.7,4.6,6,-1.3,4,2.9,0.4,5,6,7.7,0.9,-26.7,-18.6,19.931,17.95372,5.3,7.5,1.6,0.8,-2.3,3.6,-4.3,-6.8,3,-1.8,7.1,2.1,1.4,2.4,-131.1,-66.5,-60.5,18.1096,-24.9832,-17.7166,0.77589541,0.8370313,-0.5,-0.6,-0.02,-0.08,-0.03,5.76,-1.6171388,-3.2,33.5118,2.91211418,-0.76119,-2.9674515,1426.38,-7.3310631,-43.439808,11.855,-2,-0.2247908,-0.0707791,12.4,-2.4,131.1,66.5,60.5,-21.3147,20.9121,13.185,1.07746302,-0.1882024,-9.9,6.1,-37.3942,-3.7964239,-0.76119,1.59806868,-1426.38,9.94208632,-64.53012,-14.465,8.1
2025,Region 4,First Round,2025 Oklahoma,2025 Connecticut,9,8,0,-2.2,-2.2,-0.0946173,-0.974,-0.0282687,-1.2,-2.4,4.8,5,-1.03,-0.46,0.52213,4.38,5.5,4.6,-23.9,-15.5,1.6,0.3,-7.7,7.4,-3.1,-2.6,3.4,-0.7,3.5,3.5,16.454,15.311187,6.6,8.6,1.9,6.4,-0.4,-1.8,-0.9,7.8,-2.1,7.2,7.6,5.4,1.5,-7.1,-5.7,21.248,19.72526,4.4,2.4,4.9,6.2,-5.2,1,-3.9,16.7,7.5,4.2,1.2,-0.6,4.5,9.8,-132,-78.8,-54,11.3381,-15.453,-7.046,1.87048923,-0.2107387,10.1,0.5,0.05,0.04,0.05,4.38,-0.7696444,4.6,37.3888,0.47830664,-0.28796,-2.6280542,2204.88,-5.0132092,14.033243,14.84,0,-0.497355,1.79900899,8.88E-16,-9.8,132,78.8,54,-21.358,19.6998,14.4144,-0.7042638,-0.1154154,-14.4,1.7,-37.1586,-0.5181966,-0.28796,2.28867921,-2204.88,12.9780479,-6.260501,-14.58,1.4
2025,Region 4,First Round,2025 Colorado St.,2025 Memphis,12,5,1,3.6,3.3,-4.196467,1.9376,0.03397867,-4,-1.6,-2.3,0.1,0.7,-0.51,-0.72386,6.89,-5.1,-4.6,-16.5,-29,-4.7,-3.7,1.9,1.8,-5.9,-8.1,3.4,4.7,7,6.2,18.4421,16.1384241,7.3,7.9,4.4,6.4,-1.8,1.7,-5.9,8.7,-1.4,-1.5,9.7,7.7,3.9,-0.1,-2.9,14.2038,13.3639371,5.1,4.3,4.9,2.1,5.8,-2.5,-9.8,4.8,5,-1.7,-0.6,5.7,4.4,6.4,-127.6,-80.9,-61.6,9.264,-16.6193,-12.1796,-2.7671041,-0.2434397,3.9,-16.4,1.42E-14,-0.03,-0.01,6.89,-0.8404543,-4.6,36.2543,-3.8941746,-0.34252,-1.636608,1193.26,-6.8284524,12.00118,11.225,-2,0.43150319,0.06127658,-0.8,-6.4,127.6,80.9,61.6,-20.1273,22.3134,12.8632,3.38700806,-0.5522559,8.2,15,-34.7083,-8.4218721,-0.34252,2.39154747,-1193.26,11.3414742,-6.608629,-14.775,-2.8
2025,Region 4,First Round,2025 Grand Canyon,2025 Maryland,13,4,0,-18.9,-11.1,-7.688245,-19.12643,-0.2329648,-10.2,-7.8,2,1.7,0.64,-0.11,0.46214,6.22,1.9,1.6,-30.6,-30.1,2.7,11.3,-8.9,-2.4,-2.3,6.9,-5.7,-1.3,-7.9,-6.7,16.0275,15.7967717,4.2,5.6,0.9,-0.4,18,1.8,5.3,2.7,6.6,0,0.2,5.8,0.7,-9.1,-4.4,17.545,18.7460493,6.8,6.3,5.1,2.4,0.7,6.1,-2.4,2,3.3,0.2,10.2,3,5,-1,-126.3,-80.7,-65.1,17.7051,-24.1905,-14.5434,-1.3200955,0.49793974,5.1,-0.6,-2.84E-14,-0.04,-0.03,6.22,0.13176617,1.6,31.0732,3.52360499,-0.06774,-2.8332515,1952.77,-7.6569639,-13.747809,11.16,-2,-0.0714487,-2.6224325,1.2,1,126.3,80.7,65.1,-7.8065,13.183,9.8815,1.33700297,0.1838907,-0.5,4.4,-35.081,-4.4112826,-0.06774,2.17262439,-1952.77,6.89433297,-14.809431,-11.79,4.7
2025,Region 4,First Round,2025 Drake,2025 Missouri,11,6,1,-9.5,-7.1,-0.4954473,-10.2778,-0.0983563,1.4,0.9,-1.2,2.8,-0.95,-2.78,-2.356331,-13.02,-10.5,-9.5,-25,-19.4,-0.6,2.3,-0.8,-1.6,-8.7,1,1.9,-2.8,-0.7,4.4,11.728,11.851524,3.1,3.5,1.6,-5.5,7.7,1.4,3.8,5.9,-2,-10.1,6.4,-4.8,2,-12.6,-11.5,26.8304,27.4565254,4.5,2.4,5.2,0.4,11,6.9,-7.9,1.5,-0.2,2.2,2,0.6,5.5,12.4,-124.1,-72.3,-39.1,15.4457,-18.2628,-12.212,-3.2448512,0.10226412,5,-3.7,-0.02,-0.05,-0.05,-13.02,0.43074689,-9.5,33.9332,2.29251603,-1.78717,-2.7053372,3102.06,-11.839652,-25.203572,14.655,-2,-1.2731487,1.23113571,5.1,-12.4,124.1,72.3,39.1,-23.1015,17.3352,11.363,0.57389305,-0.1048655,-10.5,-0.3,-36.9833,-6.6744766,-1.78717,2.17680636,-3102.06,10.7737482,-55.208722,-17.805,1.1
2025,Region 4,First Round,2025 UNC Wilmington,2025 Texas Tech,14,3,0,-21.4,-15.6,-9.0019703,-22.90905,-0.3265938,-7.3,-5.3,4.7,4.7,1.46,0.81,0.0128,8.04,-0.1,-0.4,-29.7,-12.8,-1.2,1.7,-3.6,1.8,-2,2.2,-1.3,-1,-6.1,-4,15.0455,14.9502061,4.2,5.6,1.3,5.8,4.3,1.4,6.9,9.4,2.6,-1.9,5.4,4.1,0.4,-16.2,-11.5,18.148,18.599316,4.6,3.9,3.5,8.3,-0.6,2.6,-6.2,10.2,-1.4,7.7,2.2,7.6,2.7,6.6,-134.4,-73.7,-68.7,12.5374,-20.4307,-11.4504,-1.5427234,-0.0411426,-11,-22.7,0.01,0.03,0.02,8.04,-0.6500985,-0.4,34.8,3.52648538,0.53495,-3.0573775,863.74,-11.239497,-15.981556,13.805,-3,-0.1003753,-2.583073,2.1,-6.6,134.4,73.7,68.7,-12.5137,17.0899,12.3785,-0.9476601,0.02350414,0.1,26.6,-38.7426,-3.3116927,0.53495,2.52282419,-863.74,8.44888796,-42.574472,-14.75,4.7
2025,Region 4,First Round,2025 Arkansas,2025 Kansas,10,7,1,-15.1,-9,-2.8192708,-5.5432,-0.0794299,-11.5,-7.7,-0.3,1.4,0.7,0.31,-2.04968,7.42,1.2,1,-22.6,-26.2,5.8,7.9,-4,-4,-0.8,6.1,-10.8,4.8,-11.8,-8.4,20.217,18.8945486,6.5,8.3,2.4,0.7,7.5,-0.9,0.1,0.4,6.4,4.9,6.5,4.2,1.9,-3.5,-0.5,20.7551,20.1345797,4.8,4.9,3.3,-1.4,-5.1,0.8,-2.1,12.3,6,-1.6,8.4,7.5,4,0.3,-133.7,-86.2,-82.8,23.2162,-25.379,-16.127,1.12249167,0.47309293,-6,-12.9,-0.06,-0.09,-0.06,7.42,2.54733332,1,35.6117,1.24895596,0.2357,-2.1813374,426.33,-6.7802668,-45.819782,11.08,0,-0.0320257,-3.7879916,3.4,-0.3,133.7,86.2,82.8,-11.909,15.1664,14.614,2.97675476,-0.0258598,3.2,5.1,-35.1848,-0.2851179,0.2357,2.3934073,-426.33,5.88812138,-34.671051,-10.485,3
2025,Region 4,First Round,2025 Nebraska Omaha,2025 St. John's,15,2,0,-25.3,-15.8,-14.245607,-25.871131,-0.375836,-10.9,-4.7,4.9,5.2,-0.84,-0.35,-0.55282,6.67,-1.3,-2.4,-20.6,-25.2,-3.1,-1.2,2.9,-1.7,-3.3,-6,-8,14,-13.6,-1.3,23.535,21.3936205,6.9,6.7,4.9,6.3,6,6.2,0.3,-6.4,-1,3.6,7.1,6.9,5,-8.8,-14.5,3.349,3.532842,-3.4,-2,-4.7,-3,-7.5,-0.7,-11.9,2.2,6.8,9.4,-0.4,-3.5,-5.1,2.9,-131.9,-79.2,-65.3,9.2742,-20.1653,-14.3956,-1.0280159,-0.0605282,6.3,-11.5,0,0.03,0.02,6.67,-2.0315997,-2.4,33.4059,4.3030343,-0.24839,-2.2450801,701.47,-5.992839,-35.979534,10.72,-1,2.28863152,0.11379678,12.3,-2.9,131.9,79.2,65.3,-17.9496,21.129,19.829,-6.3418516,-0.7074233,-2,9.5,-34.9587,-4.8928003,-0.24839,2.401404,-701.47,12.3952577,-21.206174,-16.06,-5.7
2026,Region 1,First Round,Duke,Siena,1,16,1,42.9,28.8,21.444041,40.99701,0.52785417,3.2,5.7,-12.3,-6.8,2.61,1.38,-0.291646,10.35,2.8,1.2,-16.3,-22.4,10.5,7.1,-12.2,5.1,3.5,-9.9,-3.9,13.8,18.3,16.4,18.725,18.794368,7.8,11.9,2.3,-0.1,9.9,0.4,9.6,10.9,0.8,7.2,11.5,0.5,2.3,24.6,12.4,18.0778,15.5633118,6.6,6.2,0,5.2,10.2,3.4,-7.3,1.6,-0.2,13.5,3.8,8.5,0,4.6,-132.6,-75.9,-70.7,24.3672,-20.2512,-10.8252,3.03881382,0.27334475,16.2,1.8,0,0,0.01,10.35,-4.2221675,1.2,40.538,2.05489032,0.91704,-2.583035,1505.53,-9.8183119,15.021478,17.675,0,-0.2694952,1.8771231,-1.9,-4.6,132.6,75.9,70.7,-12.6704,24.9176,22.1096,-4.7102123,-0.5707264,0.5,15.4,-32.7902,-4.2272432,0.91704,2.36433084,-1505.53,8.61965275,21.4473624,-10.09,-12.2
2026,Region 1,First Round,Connecticut,Furman,2,15,1,37.6,22.6,17.5736107,29.8483,0.51069635,6.2,3.7,-13,-6.2,-0.54,0.24,1.24225,-1.98,-0.5,-1.3,-17.8,-17.5,5.3,2.1,-0.5,-1.6,-6.5,0.5,9.5,-10.1,19.5,12.8,12.556,13.803996,7.3,6.2,2.6,1.4,3.7,-2.2,6.7,18.2,4.4,10,8.5,0.8,2.6,18.1,9.7,13.3347,12.7667412,7.4,13.2,3,-2.1,-7.8,-0.3,-4.1,7.3,-0.3,-8.4,12.7,10,3,4.3,-130.3,-75.8,-64.5,17.024,-17.2806,-14.055,3.94245,0.22303432,8.7,-9.4,-0.03,-0.05,-0.04,-1.98,-0.7760756,-1.3,39.1715,0.23882385,0.14342,-2.0003545,865.75,-9.3200264,46.55777,14.825,2,-0.3430866,-3.1757162,-6.7,-4.3,130.3,75.8,64.5,-15.1748,17.5025,9.8135,6.00708229,0.14880238,-11.5,1.6,-32.8569,-1.1336406,0.14342,2.35582832,-865.75,5.83501867,41.440336,-11.955,-8.4
2026,Region 1,First Round,Michigan St.,North Dakota St.,3,14,1,27.6,18.2,10.7984936,23.17604,0.31300669,3.6,4.7,-8.8,-6.1,2.57,2.48,0.05736,2.01,-1.2,-0.4,-19.2,-11.3,7.5,-1.9,9.9,-8,-1.8,-9.2,5.9,3.3,16.6,13.2,16.443,15.55749,1.9,0.8,2.4,1.5,11.5,1.2,10.6,11.9,4.3,1.6,6.4,-0.9,2.4,11,4.9,17.0014,16.3696591,5,5.2,2.8,-3.5,-1.1,0,-11.5,-3.4,0.9,2.5,1.3,3.9,2.8,4.1,-131,-77.7,-69.4,18.8126,-16.5863,-16.4584,0.70846316,0.35381213,-1.1,-13.6,-2.84E-14,0.01,0.03,2.01,1.63363678,-0.4,35.0853,2.23179299,1.66228,-1.9719207,1730.84,-9.9652668,23.389336,15.445,1,-0.2744987,1.37323696,-3.4,-4.1,131,77.7,69.4,-17.281,24.2211,15.6221,0.44445833,-0.3130451,-3.3,23,-34.79,-8.6171541,1.66228,1.80963155,-1730.84,6.81035493,15.735032,-12.955,-6.1
2026,Region 1,First Round,Kansas,Cal Baptist,4,13,1,27.3,20.8,8.56786406,18.44676,0.25976739,2.2,3.9,-13,-7,2.2,-0.11,0.34461,-5.04,0.8,1.7,-32.6,-25.9,9.5,-6.5,2.6,4,-2.5,-14.3,4.5,9.9,10.8,12.3,16.397,17.219363,5.6,3.8,5.3,4.8,-0.6,0,3.1,7.3,6,18.7,11.3,-3.7,5.3,16.5,8.5,14.0354,13.5686282,4.2,3,3,2.5,4.6,-1.7,-8.1,-7.6,-0.8,-13.9,-1.4,5.4,3,-8,-138.9,-79.2,-69.4,14.2239,-15.1721,-9.7901,8.2292514,-0.0838492,-4.6,-2,0.06,0.05,0.06,-5.04,2.4013814,1.7,36.8544,4.20186114,-0.05438,-2.6885657,983.93,-11.881608,21.332664,13.54,0,0.14637219,-3.1583673,1.5,8,138.9,79.2,69.4,-15.0953,26.5145,18.2883,8.41832882,-0.8082457,-3.9,5.6,-32.0691,-10.680245,-0.05438,2.96763222,-983.93,5.79486466,29.114838,-9.815,-8
2026,Region 1,First Round,St. John's,Northern Iowa,5,12,1,19,14,12.5372507,14.099,0.16986778,-2.8,0.2,-9,-5.2,0.68,0.91,0.30855,4.25,7.6,7.5,-24.7,-26.7,5.4,6.5,1.2,-7.7,-1.3,3.2,2.7,-5.9,4.9,7.2,21.8762,22.2060054,5,1.6,4.3,0.9,13.6,3.4,8.6,8.9,4.3,15.8,3,-2.3,4.3,14,6.7,15.8413,13.9326521,7.5,7.8,3.6,-2,-5.3,5.3,6.1,9.9,0.3,1,8.5,6.1,3.6,0.3,-132.7,-86.1,-65.5,17.3071,-22.7942,-18.2849,6.34730553,0.58095684,7,-4.7,0.01,-0.01,1.42E-14,4.25,0.26500324,7.5,34.973,4.82449307,0.59071,-2.6970428,1240.69,-9.2395792,14.642581,14.32,1,0.53953117,-3.9488097,2.3,-0.3,132.7,86.1,65.5,-10.9809,15.1758,9.3315,1.45894017,0.26990387,-6.1,1.5,-35.6757,3.34451886,0.59071,2.94564337,-1240.69,7.19116208,33.156875,-9.65,-7.3
2026,Region 1,First Round,Louisville,South Florida,6,11,1,11.7,6.1,4.25683967,9.0368,0.11108008,0.9,1.8,-3.2,-1.6,1.33,1.89,0.91796,7.12,-1.9,-1.7,-7.7,-17.1,5.8,1.2,-14.5,13.3,-5.8,-14.6,19.3,-4.7,13.1,8.9,23.135,22.318573,8.7,13,1.8,6.8,-1.4,2.8,3.1,8.2,-4.1,7.1,10.6,5.8,1.8,-1.3,-2.8,18.6761,18.7919849,4.3,3.3,0.4,3.1,6.4,1.6,-11.7,10.5,-1.5,-10.5,-4.7,-2.2,0.4,6,-131.4,-74,-55.6,17.1584,-18.8265,-7.2599,2.06600099,-0.1371645,14.9,-8.4,-0.03,-0.02,-1.42E-14,7.12,-0.3086849,-1.7,38.1309,-0.4671499,1.34745,-2.4030044,1816.76,-7.8483771,39.01652,14.75,-2,0.39832654,1.96275167,-4.2,-6,131.4,74,55.6,-23.8044,27.1978,11.8165,4.5504741,-0.3559722,-11.9,-0.4,-34.8924,-4.6274255,1.34745,2.40452794,-1816.76,9.39498484,8.341204,-15.12,-1.5
2026,Region 1,First Round,UCLA,UCF,7,10,1,9.2,4.8,1.49664517,6.6284,0.09198773,5.2,3.7,-2.5,-0.2,-0.64,-0.79,0.18408,0.81,-4.9,-4.5,-24.4,-20.9,-1.1,-4.6,8.4,-3.8,0,-7.3,-2.9,10.3,15.1,10.8,18.315,17.813921,2.3,-1.2,4.2,2.4,-0.7,2.6,5,8.1,0.4,3,2.4,-1.2,4.2,-5.9,-6,18.391,18.641395,4.3,-0.6,4.4,-1.3,-1.5,3.4,-3.2,-9.7,0.2,3,-1.4,-0.5,4.4,9.4,-135.4,-75.4,-59.4,9.2027,-12.4996,-12.4882,0.46179156,-0.0449277,-7,-20.3,-0.03,-0.04,-0.06,0.81,-1.6498269,-4.5,38.7294,3.38752082,-0.59339,-2.4093127,1977.54,-10.860251,39.114038,16.655,1,0.10134427,3.13832608,-4.3,-9.4,135.4,75.4,59.4,-17.3264,21.8543,18.0326,-0.1105963,-0.4694086,-0.1,15.9,-36.0199,-6.9160394,-0.59339,2.01808694,-1977.54,9.684348,-12.475078,-13.685,-0.1
2026,Region 1,First Round,Ohio St.,TCU,8,9,0,6.7,4.2,0.51872503,4.653,0.07366883,2.3,3.8,-5.7,-2.2,1.43,2.55,0.37801,-2.21,-3.1,-1.4,-21.8,-22.8,0.8,-7.2,5.2,2,0.6,-7.3,3.7,3.5,6.8,7.3,26.5126,25.1296461,6.2,6.9,2.3,5.6,10,3.8,4.2,-9,-2.9,0.4,8.9,8.8,2.3,-0.3,-3.3,13.313,12.336759,2.6,-0.7,1.5,-3.5,3.4,0.8,-4.8,4.2,3.8,-3.9,-2.3,-2.4,1.6,7.8,-132.2,-77.6,-51.4,11.4624,-11.3363,-10.8243,-1.6400058,-0.2188945,-2.2,-15.8,-0.05,-0.02,0,-2.21,-0.5908993,-1.4,38.2446,4.10031925,1.72729,-1.8611712,2443.95,-7.0734726,20.035002,15.95,0,1.01881735,2.42789603,0.5,-7.8,132.2,77.6,51.4,-16.5741,21.9799,15.3476,1.88600336,-0.2759841,1.9,13.7,-34.7814,-2.8560193,1.72729,2.21333214,-2443.95,12.8868674,2.376995,-14.31,-3
2026,Region 2,First Round,Arizona,LIU,1,16,1,46.1,24.6,19.4380254,41.60667,0.62689719,4.7,2.7,-13.8,-6.9,1.58,3.45,0.46658,6.86,3.3,2.2,-40,-33.8,4.7,-2.3,8.7,-6.4,-6.4,-17.9,9.7,8.2,20.5,11.6,18.094,16.668696,4.4,4.6,4.1,4.4,7.1,3.9,4,6.2,2.7,2.2,9.2,1.1,4.1,25.6,13.1,15.6109,12.7887022,8.6,9.1,4.7,-4.7,6.2,-2,-9.1,0.8,5.6,-4.7,7.3,3.5,4.7,3.6,-129.9,-68.1,-56.1,14.9513,-12.2016,-12.9612,-0.1701422,0.43838349,-3.9,-0.6,0.01,0.05,0.03,6.86,2.95850052,2.2,38.4539,2.64934517,2.40704,-1.9477277,1543.27,-6.4932611,32.344572,17.38,1,-0.0734649,-0.7476992,-8.9,-3.6,129.9,68.1,56.1,-24.5472,27.0022,15.0502,4.00650184,-1.102402,8.5,6.1,-32.6516,-8.0613353,2.40704,2.86539641,-1543.27,8.33870492,38.863164,-10.74,-12.5
2026,Region 2,First Round,Purdue,Queens,2,15,1,41.7,25.1,16.1550215,32.63644,0.53332177,15.2,10.3,-6.6,-3.9,-0.57,1.18,1.17387,-1.84,-5.4,-5.1,-19.6,-8.2,1.6,-14.2,12.9,1.4,0.6,-11.9,13.7,-1.8,38.8,24.2,14.426,14.932615,5.4,4,2.1,1.1,-9.2,1.8,2.8,18.8,-0.2,6.8,13.1,2.9,2.1,2.9,0.9,15.335,15.0518733,3.5,5.9,1.7,2.9,10.6,1.2,-4.2,-3,1.4,4.2,0.3,1.8,1.7,15.3,-138.6,-74.2,-65,9.6692,-6.2282,-9.8579,2.78415388,-0.3501745,1.1,-15.4,0.07,0.05,0.05,-1.84,-0.2229199,-5.1,43.1178,-2.3383573,0.73755,-2.5302447,1431.74,-11.265792,86.831842,18.47,2,0.76234448,1.13662691,-14.6,-15.3,138.6,74.2,65,-21.3198,22.6549,12.8088,-0.9839843,-0.2108509,-10.1,17.1,-37.0576,-2.5691859,0.73755,2.48056981,-1431.74,10.4051952,15.778709,-13.95,-2
2026,Region 2,First Round,Gonzaga,Kennesaw St.,3,14,1,30.7,21.8,15.3439115,27.528179,0.42574613,2.4,3.5,-9,-4.3,-0.32,0.08,1.49588,4.89,-1.5,-2.3,-30.7,-13.4,1,-1.8,9,-7.3,-1.1,-12.6,11.8,0.8,17.6,15.9,11.926,11.437892,7,11.7,0.1,-4.8,-13.4,2.2,3,7.3,-1.7,5.1,16.3,7.7,0.1,13.2,6,16.7465,16.595426,5.3,4.6,2.9,-1.3,9.7,3,-9.1,-1.6,8.7,12.4,0,-1.1,2.9,2.7,-132.8,-74.7,-47.3,12.4743,-13.2315,-14.7763,1.62375205,0.27975222,1.8,-1.4,-0.01,0.02,0.02,4.89,-0.0929307,-2.3,40.3068,-0.5654179,0.05431,-2.2675544,1898.63,-5.7898872,49.26634,17.25,0,-0.8051023,4.80010984,-1.7,-2.7,132.8,74.7,47.3,-16.0034,28.4876,15.7831,-4.9767652,-0.3339333,-7.2,17.9,-31.573,-7.7405062,0.05431,2.75188089,-1898.63,8.07573279,44.017788,-12.355,-7.2
2026,Region 2,First Round,Arkansas,Hawaii,4,13,1,15.9,10.6,11.2768462,20.08698,0.27197941,3.3,4.9,-8.3,-4.6,-0.18,-0.11,-0.16389,-5.82,0.1,1.4,-34.2,-22.1,11.5,1.5,-2.5,1,2.5,-5.3,6.8,-1.5,12,12,26.495,26.736439,9.9,9,8.2,5.1,-0.4,3.1,5.4,14.7,4.4,6.9,14.7,-2.6,8.2,3.9,-1.5,5.524,5.210395,1.5,1.3,-0.1,1.8,11.1,-1.2,-2.8,0.1,3.4,-6.6,-1.3,-0.8,-0.1,5.6,-136.3,-81.2,-58.3,22.6469,-17.642,-9.4606,2.48958608,0.34744413,-0.1,3.4,0.02,0.05,0.06,-5.82,1.11378209,1.4,41.6022,5.51169123,-0.06215,-2.7708733,1735.67,-8.9202469,17.567292,16.495,3,1.18725122,-1.6880868,-1.78E-15,-5.6,136.3,81.2,58.3,-16.8016,21.2102,13.5454,2.72025755,-0.0213718,-13,-2.2,-33.4321,-2.3819319,-0.06215,3.32823442,-1735.67,7.12161621,5.281617,-12.715,-5.4
2026,Region 2,First Round,Wisconsin,High Point,5,12,0,9.4,9.8,6.80728413,14.98932,0.21569371,4.1,6,-3.5,-2.6,2.52,2.82,0.1229,-4.54,-2,-1.1,-6,-16.9,-2,-9.1,-2.1,11.2,-2.2,-10.9,13.7,-2.7,14.1,14.2,16.704,17.920329,3,3.2,4.2,8.1,-0.3,7.7,-1.5,5.4,-1.9,2.6,3.8,3.5,4.2,-4.8,-4.4,15.094,14.881965,4.1,4.8,1.1,1.3,9,1.6,-5.1,2.1,-1.5,-6.6,4.7,-8.4,1.1,10.3,-137.3,-79.6,-57.5,5.8222,-13.8607,-9.2048,-0.5799503,-0.4619991,17.7,-13.5,0.02,0.01,1.42E-14,-4.54,-4.0590007,-1.1,37.5956,0.06541848,1.97368,-2.8608051,2003.27,-8.0475724,33.596383,14.5,0,0.0276736,0.65553673,0.1,-10.3,137.3,79.6,57.5,-19.4685,21.9689,12.0558,1.10043777,-0.2441422,-11.7,8.7,-38.9392,-2.8662652,1.97368,3.10530889,-2003.27,10.1701402,-9.730064,-16.04,0.4
2026,Region 2,First Round,BYU,Texas,6,11,0,-1.2,5,4.75450298,4.2126,0.0457522,3.6,5.3,3.5,1.4,0.22,-0.33,-1.13187,-2.66,1.8,2.6,-26.9,-24.6,2.1,-5.9,-0.7,6.5,-2.8,-9.9,6.8,3,14.2,14.1,19.523,18.301249,5.3,6.4,-1.1,0.6,-4,-0.9,10.6,-0.4,1.4,-3.8,8.1,6,-1.1,-15.3,-9.2,22.756,20.512302,4.7,5.3,-0.4,4,16,1.2,-6.6,-11.2,-0.5,6.6,0.9,4.1,-0.4,10.8,-138.1,-76.6,-48,13.8624,-13.2628,-7.4218,-1.8919114,-0.3279308,-4.7,-9,-0.05,-0.04,-0.04,-2.66,-4.3443103,2.6,40.147,6.16627204,-0.20679,-2.9056863,2580.74,-11.963754,19.589517,18.525,0,0.45570904,1.13103819,-0.1,-10.8,138.1,76.6,48,-21.7454,21.5562,12.7286,-2.0945184,-0.4311508,4.8,11.3,-37.7633,-5.0298537,-0.20679,2.5239645,-2580.74,7.65616483,-48.186606,-16.56,6.1
2026,Region 2,First Round,Miami FL,Missouri,7,10,1,3.3,-0.1,2.69642306,5.2876,0.03936906,1.3,2,-2.8,0.9,-0.87,-1.32,-0.43994,-7.94,0.9,1.6,-25.2,-23.1,4.7,13.5,-2.1,-11.5,-4,-10.3,5.4,4.9,8.2,9.7,17.258,17.025789,5.2,8.3,-1.8,-6.2,5.3,1.1,7.1,1.9,0.2,-2.8,8.2,2.9,-1.8,-5,-9.9,18.814,18.537131,4.5,6.1,-0.4,-1.1,11.9,0,-8.7,-3.7,0.2,13.5,6.6,-2.8,-0.4,13.7,-128.1,-73.6,-57.8,25.7546,-22.2176,-16.4033,-0.7967738,0.92379306,4.7,0.6,0,0.01,-0.01,-7.94,-1.1820986,1.6,37.8986,2.17749162,-0.87092,-1.8879923,1632.85,-8.5608857,10.541504,16.12,0,-0.2414028,4.02912431,1.5,-13.7,128.1,73.6,57.8,-25.7549,22.11,13.8214,-7.2477239,-0.5373085,-5.4,1.5,-36.1495,-4.9182461,-0.87092,2.1554589,-1632.85,8.86380403,-15.3875,-15.875,-4.9
2026,Region 2,First Round,Villanova,Utah St.,8,9,0,1.8,-2.1,-0.0506468,-0.7883,-0.0137661,0.1,0.3,-3.2,-0.5,-0.11,-0.3,-0.56224,-7.43,-1.8,-2.6,-13.4,-22.4,0.6,-2.8,-2,4.8,-3.8,-7.3,11.1,-3.8,3.9,4,18.995,18.187972,5.5,5.7,1.4,-3.9,-2.2,5.4,0.1,7.2,-3.9,-7.3,6,4.5,1.4,-2,-6.1,21.732,22.149035,5.8,7.8,1.2,-1.2,6.7,4.7,-3.7,6.1,1.3,-3.2,4.9,2.4,1.2,11.3,-129.7,-70.8,-66.5,9.2522,-17.0878,-10.9028,-4.0230256,-0.1601003,10,-15,0,0.01,0.02,-7.43,0.6035766,-2.6,35.71,-0.3454423,-0.21356,-2.6758645,1107.63,-10.172609,2.015549,12.73,-2,-0.298102,1.97404556,0.1,-11.3,129.7,70.8,66.5,-23.1271,19.7577,10.1052,1.82426154,-0.1576003,-10.7,-2.1,-38.7328,0.04592088,-0.21356,2.29271312,-1107.63,15.3164295,-10.996796,-15,-4.1
2026,Region 3,First Round,Michigan,UMBC,1,16,1,47.2,32.1,19.1098179,39.25819,0.56884819,6.9,6,-10.7,-6.9,1.51,2.72,0.93651,5.57,4.9,5.2,-20.4,-19.4,10.2,0.5,-4.5,4,-0.9,-9.5,6.5,3,25.2,17.9,16.736,17.362578,7.2,11.3,3.8,7.3,15.5,-2.3,8.8,17.9,9.4,4.1,13.3,1.8,3.8,22.1,14.3,19.1897,16.3393217,9.8,9.7,5.7,1.3,6.7,2.3,0.7,-1.7,-2.9,-0.2,7.2,6.8,5.7,5.4,-137.8,-84.3,-73.2,23.2379,-16.4934,-10.5804,1.25410594,0.13547753,15.5,5.9,-0.01,0.03,0,5.57,-1.4533864,5.2,41.6295,2.2674254,1.94512,-3.214997,1373.12,-14.206908,53.336184,17.89,1,-0.5989054,-1.1534363,-7.3,-5.4,137.8,84.3,73.2,-14.6629,25.0371,15.2472,2.81837521,-0.3290731,3.1,23.6,-35.6703,-2.6668206,1.94512,2.68556857,-1373.12,5.62823689,47.944881,-9.36,-7.8
2026,Region 3,First Round,Iowa St.,Tennessee St.,2,15,1,35,22.8,13.0458792,34.24905,0.59552271,7.1,7,-11.1,-6.7,1.11,2.12,0.88452,1.39,-2.4,-3.2,-25.2,-26.5,1.3,-6.7,3.9,2.8,-0.2,-10.9,-1.2,12.1,20.5,17.4,12.915,12.100923,3.6,3.7,5.2,-5.2,-3.6,3.5,6.7,8.7,1.1,6.5,9.2,-1.9,5.2,14.5,5.4,17.6819,13.8506555,2.7,-0.6,1.6,4.8,3,6.5,-5.8,-9.1,0.5,-1.6,-4.1,-0.1,1.6,11.3,-127.4,-76.1,-62.6,13.4842,-11.4945,-8.9244,2.48448146,-0.2456093,7.1,0.8,-0.01,0,-0.02,1.39,1.01092646,-3.2,39.8289,4.04739583,1.475,-2.3492583,1208.18,-9.0623775,53.280578,18.615,4,-0.8421134,1.17084238,-3.1,-11.3,127.4,76.1,62.6,-20.6062,25.8418,18.7153,1.49493231,-0.7179125,6.6,11.5,-31.7476,-8.0029162,1.475,2.45531279,-1208.18,10.4012178,42.076502,-10.865,-9.1
2026,Region 3,First Round,Virginia,Wright St.,3,14,1,18,9.4,14.3301764,24.66566,0.34397154,1.8,1,-6.5,-3.8,1.26,2.64,0.81349,-1.38,-2.5,-1.4,-19.3,-28.8,5,-6,-6.3,12.3,0.5,-11.4,7.6,3.8,11.3,5.8,12.503,14.157096,3.9,2.3,2.3,-1.4,-0.8,1.1,8.4,14.5,8.5,-4.4,2.7,-0.1,2.3,6.8,3.7,16.2506,16.0733652,7.4,9.8,5.2,-1.3,4.8,-0.3,-3.5,-3.3,1.8,3.2,9.8,2.5,5.2,1.5,-134.4,-72.5,-61.2,12.1827,-11.7873,-6.0153,-2.5665763,-0.383456,9.3,-7.4,0.01,1.42E-14,0.01,-1.38,-0.6188432,-1.4,37.5404,3.46031253,1.7675,-2.6310636,1928.45,-7.7881741,24.298407,15.775,2,-0.6940552,2.60670295,-5.5,-1.5,134.4,72.5,61.2,-15.9414,23.7644,13.7468,0.17901154,-0.4452061,-1.6,8.1,-34.2381,-5.0613065,1.7675,2.57979372,-1928.45,5.04014577,17.352641,-11.625,-3.1
2026,Region 3,First Round,Alabama,Hofstra,4,13,1,18,12.6,11.2174954,16.22721,0.24561003,2.3,3.2,-1.3,1.6,0.79,0.53,0.49969,7.52,9.3,8.3,-5.7,-21.8,5.9,1.9,-14.9,13.1,0.2,6.7,1.5,-8,16.5,15.7,23.927,24.293662,9.6,13.1,3.5,4.8,1.4,1.6,2,-1.7,0.7,-3.2,10.1,9.7,3.5,1.3,-3.3,11.286,10.845507,4.1,0,3.3,6.2,3.4,-2.2,-5.5,1.8,-1.7,-6.6,0.9,0.2,3.3,3.3,-141.6,-75.1,-62.6,13.563,-20.2053,-8.2616,-4.1349354,-0.0776595,12.1,-18,-0.01,-0.05,-0.02,7.52,0.08861697,8.3,40.7528,2.25805758,0.45777,-2.1791826,1496.24,-8.4667737,36.230121,15.45,0,-0.407952,1.80326608,-0.8,-3.3,141.6,75.1,62.6,-7.0449,14.4797,7.4807,3.93890807,0.40121729,2.5,15.7,-36.588,-7.8282042,0.45777,3.37660214,-1496.24,7.66174294,5.690008,-13.38,-4.6
2026,Region 3,First Round,Texas Tech,Akron,5,12,1,9.3,5.4,5.25551028,12.4257,0.16641356,5.4,3.6,-3.3,-0.4,1.14,0.69,0.44458,-9.8,-3.2,-3.9,-8.8,-19.9,2,-12.5,7.8,4.8,-1.5,-7.8,17.8,-10.1,12.1,6.4,19.028,19.659833,7,4.6,4.2,-0.7,-1.7,2.6,3.4,4.7,1.2,-1.3,7.7,8.7,4.2,-2.8,-1.1,18.9941,19.2887098,8.8,8.5,7,5.9,-2.6,-0.1,-6.2,15.9,1.1,5.6,1.7,5.5,7,12,-134.3,-74.2,-79.5,4.0747,-9.5255,-9.1728,-3.3240764,-0.3168893,5.2,-25.7,-0.01,0.02,0.01,-9.8,0.73336984,-3.9,38.8966,3.21702493,0.51927,-2.4553718,250.85,-10.812887,26.144318,13.845,-1,0.12639211,2.4176587,-5.7,-12,134.3,74.2,79.5,-20.5111,20.1584,6.6115,0.73411991,0.0356464,-0.8,15.1,-39.6616,-3.6931455,0.51927,2.99887457,-250.85,9.66526564,1.00567,-14.525,1.7
2026,Region 3,First Round,Tennessee,Miami OH,6,11,1,14.3,11,1.66317799,17.7677,0.2229366,0.4,1.8,-6.3,-5,0.93,2.09,-0.34724,8.5,-4,-4.7,-31.5,-11,7,5.3,-0.3,-5.1,1.1,-8.3,8.6,-0.2,10.2,6.7,12.533,13.868516,1.7,0.6,0.4,-4.6,7.2,-0.6,13.8,13.2,3.5,-3.7,2.6,-4.5,0.4,4.2,4.5,21.7493,21.4374395,10.9,12.3,6.9,4.7,3.3,3.1,0.7,5.6,-1.3,7.5,11.3,5.1,6.9,6.4,-132.5,-76.3,-57.7,19.8588,-19.5045,-14.0682,-0.7160172,0.57160638,0.3,-3.7,0.01,0.01,0.02,8.5,-3.7886388,-4.7,34.1933,4.09820031,1.39439,-2.9306826,1789.54,-11.256588,15.00923,15.31,-2,-0.7021382,-1.6539043,-3.5,-6.4,132.5,76.3,57.7,-18.2223,21.9372,14.0886,-0.9094512,-0.1575633,-10.6,16.2,-39.5501,0.05757085,1.39439,2.43342957,-1789.54,7.92913811,3.294094,-14.34,0.3
2026,Region 3,First Round,Kentucky,Santa Clara,7,10,1,5.7,3.7,1.15207856,2.0851,-0.0057267,0.5,1,-1.7,-1.7,0.28,0.08,0.570547,-1.65,0.2,-0.9,-22.6,-15.5,6.8,-5.3,4.2,1,1,-1.3,6.7,-5.5,7.5,3.4,16.27,16.280133,2.8,1.2,1.1,-0.8,-1.6,4.3,2.1,-3.5,3.9,-0.7,2.3,4.8,1.1,-1.8,0.3,24.6116,24.1583076,8.5,6.9,3.3,1,-8.2,1.6,-10.8,-0.2,1.9,-5.4,4.1,7.8,3.3,8.3,-132.3,-69.5,-61.6,19.9693,-15.9198,-12.2268,-1.5901092,0.00460863,8.2,2.3,-0.04,-0.04,-0.03,-1.65,0.02681069,-0.9,35.8648,2.5126123,0.04284,-1.8956183,1350.08,-8.505975,15.2219837,15.175,-3,-0.1514748,-3.8179861,-4.1,-8.3,132.3,69.5,61.6,-13.7968,17.9003,11.313,4.64655163,0.12699801,-3.5,13.3,-38.3563,-6.1491701,0.04284,2.18497767,-1350.08,7.30644154,4.9642658,-14.56,2.1
2026,Region 3,First Round,Georgia,Saint Louis,8,9,0,2.6,0.5,0.73470432,2.1582,0.00949042,-1.6,1.3,-0.1,0.8,-0.14,1.33,-0.39714,3.13,1.6,1,-14.5,-17.3,15,4.4,-6.7,2.3,3.5,-6.5,14.1,-7.5,9.9,8.7,23.527,22.062597,9.8,12.7,4.1,2.2,0,0.7,8,-3.2,4.4,-0.1,14.7,2.4,4.1,-7.1,-7.9,15.273,16.252532,10.2,9,6.8,2.7,4.3,2.6,1.1,12.9,-0.1,10.2,6.4,-1.7,6.8,9,-133.3,-74.1,-63.5,23.6757,-21.617,-14.1501,-1.2821107,0.38963996,14.9,2.4,0,0.01,0.01,3.13,-0.4932091,1,38.0366,5.45201574,0.9685,-2.3164845,1580.34,-9.2319771,14.519265,14.785,2,-0.1017155,-0.2125024,-1.2,-9,133.3,74.1,63.5,-15.2267,17.3505,6.6633,-3.6333283,0.15372711,-20.3,-2.6,-39.8886,1.13677994,0.9685,2.77487923,-1580.34,5.87997673,-18.776013,-13.995,-0.8
2026,Region 4,First Round,Florida,Lehigh,1,16,1,44.2,21.6,20.5707325,44.1617,0.73303166,6,4.1,-15,-6.2,2.24,2.93,0.66072,-5.25,6,3.6,-30.7,-28.1,11.3,1,-6,4.9,2.2,3.7,0.8,-4.5,20.3,15,12.449,12.385891,3.7,6.7,-2,-4.1,3.6,-0.6,8.2,8.7,4.7,9.5,7.9,-0.2,-2,23.7,6.6,10.9746,9.7275653,7.3,7.2,4.1,0.2,1,-1.1,-0.7,9.8,0.6,5.4,9.7,4.8,4.1,1.4,-132.3,-76.7,-58.2,22.8388,-16.3568,-10.2116,5.34304755,0.13219529,9.6,9.5,-0.02,-0.01,-0.01,-5.25,3.18983777,3.6,37.0711,0.2342334,2.07402,-2.4246096,1826.99,-11.698197,38.158494,16.67,0,-0.2222526,-2.2362971,-5.3,-1.4,132.3,76.7,58.2,-5.9548,16.047,8.8382,-0.6876493,0.31068992,5.2,16.5,-33.41,-1.7228542,2.07402,2.63509159,-1826.99,7.39876135,43.614474,-10.015,-17.1
2026,Region 4,First Round,Houston,Idaho,2,15,1,35.9,24.3,17.8583777,31.89343,0.40837019,5.3,5.4,-12.4,-6.7,0.61,0.19,0.24278,-3.91,-4.3,-4.1,-23.4,-12.3,5,-11.7,6.7,5,4.3,-4.4,10.3,-5.9,19.1,13.6,17.555,18.225385,3.4,2.6,0.1,2.7,-10.2,1.9,9.7,7.3,3.4,13.3,11.5,0.3,0.1,16.8,10.7,17.4048,16.8464086,4.6,6.5,2.4,3.1,-5.4,6,-1.3,-9,-0.2,-12.8,0.9,7.2,2.4,-1.2,-133.9,-79.6,-57.2,8.5541,-11.7776,-9.1024,6.59508959,-0.3025,-11.9,-25.9,0.02,0.05,0.03,-3.91,-0.4849601,-4.1,38.0849,6.2868166,0.11315,-2.7891495,1398.62,-14.52538,35.195205,16.045,1,-0.2408897,-3.7497762,-5.5,1.2,133.9,79.6,57.2,-9.0957,23.5332,11.6251,8.04188112,0.1211519,-7.7,19.9,-30.8318,-4.7461309,0.11315,2.9445128,-1398.62,7.41919494,31.352478,-10.57,-6.1
2026,Region 4,First Round,Illinois,Penn,3,14,1,32.7,19.6,12.5634215,30.63161,0.44694496,8.4,6.3,-6.9,-5,2.22,2.48,0.40396,1.19,-2.6,-3.3,-10,-22.8,1.8,-7.9,-3.6,11.4,3.3,-9.1,1.9,7.2,22.5,14.5,25.282,24.938151,4.4,3.8,3,11.9,4.8,4.3,7.8,-2.6,3.2,8.1,6.6,-1.4,3,10.2,5.1,8.2874,9.1329841,4.1,-1.8,7.3,-3.9,16.6,-3.7,-4.5,1.3,0,2.9,-6.3,-0.5,7.3,3.3,-140.4,-72.7,-76.6,12.06,-14.851,-9.249,3.54557834,-0.3880639,13.2,-12.5,0.02,0.03,0.03,1.19,-0.041195,-3.3,39.4076,4.67663987,1.6403,-2.3035178,941.2,-10.519866,38.270348,16.055,1,0.59406788,1.47310776,-8,-3.3,140.4,72.7,76.6,-10.6286,24.2007,15.4042,0.6103567,-0.3338795,7.1,25.2,-35.6346,-7.2682967,1.6403,2.95862193,-941.2,7.16751052,17.299672,-11.335,-5.1
2026,Region 4,First Round,Nebraska,Troy,4,13,1,23.6,16.9,13.606923,24.43732,0.37203153,3.2,2.6,-10.6,-6.3,0.36,0.58,1.074,1.34,0.3,1.8,-10.9,-5.1,-0.8,-7.2,-5.2,12.3,-1.3,-19.6,15.9,3.7,9.7,7.2,9.547,9.057898,4.7,6.1,4,4.3,-2.2,2.3,-4.9,16.3,-2.3,-4.8,13.7,-9.6,4,14.1,9.9,18.3305,17.4261533,5.1,3.1,3.3,1.2,9.7,3.5,-7.7,-3.5,-0.2,-2.6,-8,0.6,3.3,4.4,-131,-80.4,-78.9,8.5343,-14.7305,-8.4837,-0.3307561,-0.4389171,11.8,-19,0.01,0.05,0.03,1.34,-1.1624747,1.8,38.7729,-4.6479865,0.39414,-2.1757122,725.12,-9.6832256,24.781744,12.425,0,-1.1505526,-1.3251136,-2.5,-4.4,131,80.4,78.9,-22.7375,32.1005,19.4201,2.97085047,-0.5093424,-13.7,17.1,-32.1726,-5.8904688,0.39414,2.00015333,-725.12,10.3218431,37.831032,-10.81,-4.2
2026,Region 4,First Round,Vanderbilt,McNeese St.,5,12,1,17.9,11.1,6.59478171,15.0282,0.18944643,5.7,4.8,-6.3,-2.8,0.08,0.05,0.56777,-7.12,4.3,2.8,-9.6,-27,3.4,0.8,2.3,-3.2,-0.9,-8.5,5.7,2.8,15.5,14.1,25.018,24.535985,6.5,7.7,3,6.5,-4.8,9.3,-3,-1,5.9,5.4,11,3.2,3,2.2,-3.1,14.9645,14.9205877,3.6,3.8,-0.6,-1.2,-3.7,5.4,-5.8,2.6,8.7,13.6,0.7,3.5,-0.6,4.3,-130.3,-71.8,-44.7,14.9258,-19.1264,-16.112,1.62946868,0.15999654,11.1,-14.6,0.01,0.03,0.02,-7.12,4.23987144,2.8,36.6065,-0.5368527,0.01619,-2.4291834,2564.53,-5.7690613,43.079087,14.405,-1,0.77364747,3.49589204,-1.4,-4.3,130.3,71.8,44.7,-18.2921,22.8721,14.6046,-5.5623577,-0.3637724,-5.5,-0.6,-34.1772,-3.9579281,0.01619,3.22950122,-2564.53,7.20308638,11.399474,-13.745,-5.3
2026,Region 4,First Round,North Carolina,VCU,6,11,0,5.4,5.1,3.21032257,3.6359,0.07182663,0.1,1.8,-5.9,-3.8,1.3,1.49,-0.32626,0.45,-0.6,-0.7,-23,-19.3,10.7,-8,0.3,7.6,-3.4,-5.8,12.6,-6.9,5.7,4.1,18.721,17.760702,6.6,8.3,1.4,-2.8,7,3.4,2.4,6.7,-0.3,-3.1,11.9,3.8,1.4,-0.7,0.7,19.327,19.5102452,7.6,7.2,2.2,3.8,19.4,-0.3,-5.7,4.6,2.3,-4.8,2.8,6.9,2.2,5.8,-140.3,-78.3,-60.8,16.5828,-12.8226,-8.6208,-1.988554,-0.1945295,8.5,2.5,-0.04,-0.07,-0.04,0.45,-1.5049942,-0.7,38.9484,0.32455936,1.0208,-2.7630219,1681.62,-7.9667291,4.723518,15.24,0,-0.1103098,-1.7218057,-1.6,-5.8,140.3,78.3,60.8,-15.4174,19.7772,8.0949,4.24009555,-0.0379999,-4.4,10.2,-39.157,-4.6206385,1.0208,3.12413132,-1681.62,10.4561269,-4.03672,-14.655,1.4
2026,Region 4,First Round,Saint Mary's,Texas A&M,7,10,0,0.9,-0.9,2.41337242,4.4022,0.0326817,2.4,2.2,-6.7,-4.6,1.69,2.29,-1.878254,-15.64,-6.2,-5.7,-22.4,-16.9,-4.7,2,3.4,-5.4,-2.4,-5.2,14.6,-9.5,2.8,2.6,19.238,17.880925,3.7,-2.9,6.9,6.3,2.7,3.1,7.1,1.7,-1.8,-10.9,-3.5,-0.7,6.9,-1.9,-3.6,22.5001,21.9747732,8,7.5,5,1.4,9.1,-0.2,-7.4,8.6,0,-2.7,4.5,2.5,5,3.5,-134.1,-76.1,-66.4,10.7772,-18.1033,-14.4099,-6.8370663,0.09172658,3,-10.3,-0.05,-0.03,-0.05,-15.64,-2.3964463,-5.7,35.4549,6.74288737,1.50174,-2.1344113,1940.52,-9.8362278,-16.889165,14.59,0,-0.3952835,3.64740153,-0.2,-3.5,134.1,76.1,66.4,-12.948,20.8178,8.5578,2.98877904,0.06333173,-11,10.8,-37.368,-3.747306,1.50174,2.19834902,-1940.52,9.29022062,-30.713006,-13.275,-1.7
2026,Region 4,First Round,Clemson,Iowa,8,9,0,-2.3,-3,1.22770848,-3.2077,-0.0210364,-6,-3,-0.5,1.9,-0.71,0.64,0.89979,5.65,2.1,1.2,-18,-15.5,1.1,-0.9,-2.9,3.8,-4.3,-5.3,3.9,1.3,-2.2,0,17.2246,17.1668654,1.2,-0.2,0.4,-0.5,-0.7,7.6,0.8,-0.8,0.8,0.6,-7,9.7,0.4,-0.2,-3.2,24.4568,25.3196817,8.2,9.7,3.1,2.3,3.5,2.6,-5.9,11.6,-3.6,-2.9,9.8,5,3.1,9.8,-129.4,-88.5,-49,15.6267,-17.4099,-11.2944,-2.6282738,-0.0986364,6.7,-8.6,0.04,0.05,0.05,5.65,3.61077481,1.2,34.7704,2.14939663,0.42196,-2.5063848,2464.87,-13.583077,5.274186,15.145,-1,-0.7450243,0.47443932,2.2,-9.8,129.4,88.5,49,-20.0706,20.2788,14.0634,2.67461994,-0.2596813,-7.9,11,-38.1684,-2.110275,0.42196,2.95176208,-2464.87,9.78299623,12.937473,-15.115,-3
2026,Region 1,First Round,Siena,Duke,16,1,0,-42.9,-28.8,-21.444041,-40.99701,-0.5278542,-12.3,-6.8,3.2,5.7,-2.61,-1.38,0.291646,-10.35,-2.8,-1.2,-22.4,-16.3,-3.5,9.9,3.9,-13.8,-10.5,-7.1,12.2,-5.1,-24.6,-12.4,18.0778,15.5633118,6.6,6.2,0,5.2,10.2,3.4,7.3,1.6,-0.2,13.5,3.8,8.5,0,-18.3,-16.4,18.725,18.794368,7.8,11.9,2.3,-0.1,9.9,0.4,-9.6,10.9,0.8,7.2,11.5,0.5,2.3,4.6,-132.6,-75.9,-70.7,12.6704,-24.9176,-22.1096,4.71021233,0.57072643,-0.5,-15.4,0,0,-0.01,-10.35,4.22216753,-1.2,32.7902,4.22724316,-0.91704,-2.3643308,1505.53,-8.6196528,-21.447362,10.09,0,0.26949523,-1.8771231,12.2,-4.6,132.6,75.9,70.7,-24.3672,20.2512,10.8252,-3.0388138,-0.2733447,-16.2,-1.8,-40.538,-2.0548903,-0.91704,2.58303496,-1505.53,9.81831194,-15.021478,-17.675,1.9
2026,Region 1,First Round,Furman,Connecticut,15,2,0,-37.6,-22.6,-17.573611,-29.8483,-0.5106963,-13,-6.2,6.2,3.7,0.54,-0.24,-1.24225,1.98,0.5,1.3,-17.5,-17.8,6.5,-0.5,-9.5,10.1,-5.3,-2.1,0.5,1.6,-18.1,-9.7,13.3347,12.7667412,7.4,13.2,3,-2.1,-7.8,-0.3,4.1,7.3,-0.3,-8.4,12.7,10,3,-19.5,-12.8,12.556,13.803996,7.3,6.2,2.6,1.4,3.7,-2.2,-6.7,18.2,4.4,10,8.5,0.8,2.6,4.3,-130.3,-75.8,-64.5,15.1748,-17.5025,-9.8135,-6.0070823,-0.1488024,11.5,-1.6,0.03,0.05,0.04,1.98,0.77607556,1.3,32.8569,1.13364065,-0.14342,-2.3558283,865.75,-5.8350187,-41.440336,11.955,-2,0.34308659,3.1757162,8.4,-4.3,130.3,75.8,64.5,-17.024,17.2806,14.055,-3.94245,-0.2230343,-8.7,9.4,-39.1715,-0.2388238,-0.14342,2.00035448,-865.75,9.32002637,-46.55777,-14.825,6.7
2026,Region 1,First Round,North Dakota St.,Michigan St.,14,3,0,-27.6,-18.2,-10.798494,-23.17604,-0.3130067,-8.8,-6.1,3.6,4.7,-2.57,-2.48,-0.05736,-2.01,1.2,0.4,-11.3,-19.2,1.8,9.2,-5.9,-3.3,-7.5,1.9,-9.9,8,-11,-4.9,17.0014,16.3696591,5,5.2,2.8,-3.5,-1.1,0,11.5,-3.4,0.9,2.5,1.3,3.9,2.8,-16.6,-13.2,16.443,15.55749,1.9,0.8,2.4,1.5,11.5,1.2,-10.6,11.9,4.3,1.6,6.4,-0.9,2.4,4.1,-131,-77.7,-69.4,17.281,-24.2211,-15.6221,-0.4444583,0.31304512,3.3,-23,2.84E-14,-0.01,-0.03,-2.01,-1.6336368,0.4,34.79,8.61715408,-1.66228,-1.8096316,1730.84,-6.8103549,-15.735032,12.955,-1,0.27449875,-1.373237,6.1,-4.1,131,77.7,69.4,-18.8126,16.5863,16.4584,-0.7084632,-0.3538121,1.1,13.6,-35.0853,-2.231793,-1.66228,1.97192073,-1730.84,9.96526683,-23.389336,-15.445,3.4
2026,Region 1,First Round,Cal Baptist,Kansas,13,4,0,-27.3,-20.8,-8.5678641,-18.44676,-0.2597674,-13,-7,2.2,3.9,-2.2,0.11,-0.34461,5.04,-0.8,-1.7,-25.9,-32.6,2.5,14.3,-4.5,-9.9,-9.5,6.5,-2.6,-4,-16.5,-8.5,14.0354,13.5686282,4.2,3,3,2.5,4.6,-1.7,8.1,-7.6,-0.8,-13.9,-1.4,5.4,3,-10.8,-12.3,16.397,17.219363,5.6,3.8,5.3,4.8,-0.6,0,-3.1,7.3,6,18.7,11.3,-3.7,5.3,-8,-138.9,-79.2,-69.4,15.0953,-26.5145,-18.2883,-8.4183288,0.80824574,3.9,-5.6,-0.06,-0.05,-0.06,5.04,-2.4013814,-1.7,32.0691,10.6802452,0.05438,-2.9676322,983.93,-5.7948647,-29.114838,9.815,0,-0.1463722,3.15836734,8,8,138.9,79.2,69.4,-14.2239,15.1721,9.7901,-8.2292514,0.08384924,4.6,2,-36.8544,-4.2018611,0.05438,2.68856573,-983.93,11.8816083,-21.332664,-13.54,-1.5
2026,Region 1,First Round,Northern Iowa,St. John's,12,5,0,-19,-14,-12.537251,-14.099,-0.1698678,-9,-5.2,-2.8,0.2,-0.68,-0.91,-0.30855,-4.25,-7.6,-7.5,-26.7,-24.7,1.3,-3.2,-2.7,5.9,-5.4,-6.5,-1.2,7.7,-14,-6.7,15.8413,13.9326521,7.5,7.8,3.6,-2,-5.3,5.3,-6.1,9.9,0.3,1,8.5,6.1,3.6,-4.9,-7.2,21.8762,22.2060054,5,1.6,4.3,0.9,13.6,3.4,-8.6,8.9,4.3,15.8,3,-2.3,4.3,0.3,-132.7,-86.1,-65.5,10.9809,-15.1758,-9.3315,-1.4589402,-0.2699039,6.1,-1.5,-0.01,0.01,-1.42E-14,-4.25,-0.2650032,-7.5,35.6757,-3.3445189,-0.59071,-2.9456434,1240.69,-7.1911621,-33.156875,9.65,-1,-0.5395312,3.94880973,7.3,-0.3,132.7,86.1,65.5,-17.3071,22.7942,18.2849,-6.3473055,-0.5809568,-7,4.7,-34.973,-4.8244931,-0.59071,2.69704283,-1240.69,9.23957916,-14.642581,-14.32,-2.3
2026,Region 1,First Round,South Florida,Louisville,11,6,0,-11.7,-6.1,-4.2568397,-9.0368,-0.1110801,-3.2,-1.6,0.9,1.8,-1.33,-1.89,-0.91796,-7.12,1.9,1.7,-17.1,-7.7,5.8,14.6,-19.3,4.7,-5.8,-1.2,14.5,-13.3,1.3,2.8,18.6761,18.7919849,4.3,3.3,0.4,3.1,6.4,1.6,11.7,10.5,-1.5,-10.5,-4.7,-2.2,0.4,-13.1,-8.9,23.135,22.318573,8.7,13,1.8,6.8,-1.4,2.8,-3.1,8.2,-4.1,7.1,10.6,5.8,1.8,6,-131.4,-74,-55.6,23.8044,-27.1978,-11.8165,-4.5504741,0.35597221,11.9,0.4,0.03,0.02,1.42E-14,-7.12,0.3086849,1.7,34.8924,4.62742547,-1.34745,-2.4045279,1816.76,-9.3949848,-8.341204,15.12,2,-0.3983265,-1.9627517,1.5,-6,131.4,74,55.6,-17.1584,18.8265,7.2599,-2.066001,0.13716453,-14.9,8.4,-38.1309,0.46714991,-1.34745,2.40300441,-1816.76,7.84837714,-39.01652,-14.75,4.2
2026,Region 1,First Round,UCF,UCLA,10,7,0,-9.2,-4.8,-1.4966452,-6.6284,-0.0919877,-2.5,-0.2,5.2,3.7,0.64,0.79,-0.18408,-0.81,4.9,4.5,-20.9,-24.4,0,7.3,2.9,-10.3,1.1,4.6,-8.4,3.8,5.9,6,18.391,18.641395,4.3,-0.6,4.4,-1.3,-1.5,3.4,3.2,-9.7,0.2,3,-1.4,-0.5,4.4,-15.1,-10.8,18.315,17.813921,2.3,-1.2,4.2,2.4,-0.7,2.6,-5,8.1,0.4,3,2.4,-1.2,4.2,9.4,-135.4,-75.4,-59.4,17.3264,-21.8543,-18.0326,0.11059635,0.46940857,0.1,-15.9,0.03,0.04,0.06,-0.81,1.64982686,4.5,36.0199,6.91603944,0.59339,-2.0180869,1977.54,-9.684348,12.475078,13.685,-1,-0.1013443,-3.1383261,0.1,-9.4,135.4,75.4,59.4,-9.2027,12.4996,12.4882,-0.4617916,0.0449277,7,20.3,-38.7294,-3.3875208,0.59339,2.40931272,-1977.54,10.8602507,-39.114038,-16.655,4.3
2026,Region 1,First Round,TCU,Ohio St.,9,8,1,-6.7,-4.2,-0.518725,-4.653,-0.0736688,-5.7,-2.2,2.3,3.8,-1.43,-2.55,-0.37801,2.21,3.1,1.4,-22.8,-21.8,-0.6,7.3,-3.7,-3.5,-0.8,7.2,-5.2,-2,0.3,3.3,13.313,12.336759,2.6,-0.7,1.5,-3.5,3.4,0.8,4.8,4.2,3.8,-3.9,-2.3,-2.4,1.6,-6.8,-7.3,26.5126,25.1296461,6.2,6.9,2.3,5.6,10,3.8,-4.2,-9,-2.9,0.4,8.9,8.8,2.3,7.8,-132.2,-77.6,-51.4,16.5741,-21.9799,-15.3476,-1.8860034,0.27598407,-1.9,-13.7,0.05,0.02,0,2.21,0.5908993,1.4,34.7814,2.85601932,-1.72729,-2.2133321,2443.95,-12.886867,-2.376995,14.31,0,-1.0188174,-2.427896,3,-7.8,132.2,77.6,51.4,-11.4624,11.3363,10.8243,1.64000581,0.21889455,2.2,15.8,-38.2446,-4.1003192,-1.72729,1.86117119,-2443.95,7.07347263,-20.035002,-15.95,-0.5
2026,Region 2,First Round,LIU,Arizona,16,1,0,-46.1,-24.6,-19.438025,-41.60667,-0.6268972,-13.8,-6.9,4.7,2.7,-1.58,-3.45,-0.46658,-6.86,-3.3,-2.2,-33.8,-40,6.4,17.9,-9.7,-8.2,-4.7,2.3,-8.7,6.4,-25.6,-13.1,15.6109,12.7887022,8.6,9.1,4.7,-4.7,6.2,-2,9.1,0.8,5.6,-4.7,7.3,3.5,4.7,-20.5,-11.6,18.094,16.668696,4.4,4.6,4.1,4.4,7.1,3.9,-4,6.2,2.7,2.2,9.2,1.1,4.1,3.6,-129.9,-68.1,-56.1,24.5472,-27.0022,-15.0502,-4.0065018,1.10240204,-8.5,-6.1,-0.01,-0.05,-0.03,-6.86,-2.9585005,-2.2,32.6516,8.06133534,-2.40704,-2.8653964,1543.27,-8.3387049,-38.863164,10.74,-1,0.07346494,0.74769918,12.5,-3.6,129.9,68.1,56.1,-14.9513,12.2016,12.9612,0.17014218,-0.4383835,3.9,0.6,-38.4539,-2.6493452,-2.40704,1.94772767,-1543.27,6.49326111,-32.344572,-17.38,8.9
2026,Region 2,First Round,Queens,Purdue,15,2,0,-41.7,-25.1,-16.155022,-32.63644,-0.5333218,-6.6,-3.9,15.2,10.3,0.57,-1.18,-1.17387,1.84,5.4,5.1,-8.2,-19.6,-0.6,11.9,-13.7,1.8,-1.6,14.2,-12.9,-1.4,-2.9,-0.9,15.335,15.0518733,3.5,5.9,1.7,2.9,10.6,1.2,4.2,-3,1.4,4.2,0.3,1.8,1.7,-38.8,-24.2,14.426,14.932615,5.4,4,2.1,1.1,-9.2,1.8,-2.8,18.8,-0.2,6.8,13.1,2.9,2.1,15.3,-138.6,-74.2,-65,21.3198,-22.6549,-12.8088,0.98398427,0.21085088,10.1,-17.1,-0.07,-0.05,-0.05,1.84,0.22291993,5.1,37.0576,2.56918588,-0.73755,-2.4805698,1431.74,-10.405195,-15.778709,13.95,-2,-0.7623445,-1.1366269,2,-15.3,138.6,74.2,65,-9.6692,6.2282,9.8579,-2.7841539,0.35017452,-1.1,15.4,-43.1178,2.33835725,-0.73755,2.53024471,-1431.74,11.2657918,-86.831842,-18.47,14.6
2026,Region 2,First Round,Kennesaw St.,Gonzaga,14,3,0,-30.7,-21.8,-15.343912,-27.528179,-0.4257461,-9,-4.3,2.4,3.5,0.32,-0.08,-1.49588,-4.89,1.5,2.3,-13.4,-30.7,1.1,12.6,-11.8,-0.8,-1,1.8,-9,7.3,-13.2,-6,16.7465,16.595426,5.3,4.6,2.9,-1.3,9.7,3,9.1,-1.6,8.7,12.4,0,-1.1,2.9,-17.6,-15.9,11.926,11.437892,7,11.7,0.1,-4.8,-13.4,2.2,-3,7.3,-1.7,5.1,16.3,7.7,0.1,2.7,-132.8,-74.7,-47.3,16.0034,-28.4876,-15.7831,4.97676523,0.3339333,7.2,-17.9,0.01,-0.02,-0.02,-4.89,0.0929307,2.3,31.573,7.74050621,-0.05431,-2.7518809,1898.63,-8.0757328,-44.017788,12.355,0,0.80510228,-4.8001098,7.2,-2.7,132.8,74.7,47.3,-12.4743,13.2315,14.7763,-1.623752,-0.2797522,-1.8,1.4,-40.3068,0.56541791,-0.05431,2.26755437,-1898.63,5.7898872,-49.26634,-17.25,1.7
2026,Region 2,First Round,Hawaii,Arkansas,13,4,0,-15.9,-10.6,-11.276846,-20.08698,-0.2719794,-8.3,-4.6,3.3,4.9,0.18,0.11,0.16389,5.82,-0.1,-1.4,-22.1,-34.2,-2.5,5.3,-6.8,1.5,-11.5,-1.5,2.5,-1,-3.9,1.5,5.524,5.210395,1.5,1.3,-0.1,1.8,11.1,-1.2,2.8,0.1,3.4,-6.6,-1.3,-0.8,-0.1,-12,-12,26.495,26.736439,9.9,9,8.2,5.1,-0.4,3.1,-5.4,14.7,4.4,6.9,14.7,-2.6,8.2,5.6,-136.3,-81.2,-58.3,16.8016,-21.2102,-13.5454,-2.7202575,0.02137176,13,2.2,-0.02,-0.05,-0.06,5.82,-1.1137821,-1.4,33.4321,2.38193188,0.06215,-3.3282344,1735.67,-7.1216162,-5.281617,12.715,-3,-1.1872512,1.68808683,5.4,-5.6,136.3,81.2,58.3,-22.6469,17.642,9.4606,-2.4895861,-0.3474441,0.1,-3.4,-41.6022,-5.5116912,0.06215,2.77087333,-1735.67,8.92024687,-17.567292,-16.495,1.78E-15
2026,Region 2,First Round,High Point,Wisconsin,12,5,1,-9.4,-9.8,-6.8072841,-14.98932,-0.2156937,-3.5,-2.6,4.1,6,-2.52,-2.82,-0.1229,4.54,2,1.1,-16.9,-6,2.2,10.9,-13.7,2.7,2,9.1,2.1,-11.2,4.8,4.4,15.094,14.881965,4.1,4.8,1.1,1.3,9,1.6,5.1,2.1,-1.5,-6.6,4.7,-8.4,1.1,-14.1,-14.2,16.704,17.920329,3,3.2,4.2,8.1,-0.3,7.7,1.5,5.4,-1.9,2.6,3.8,3.5,4.2,10.3,-137.3,-79.6,-57.5,19.4685,-21.9689,-12.0558,-1.1004378,0.24414223,11.7,-8.7,-0.02,-0.01,-1.42E-14,4.54,4.05900071,1.1,38.9392,2.86626521,-1.97368,-3.1053089,2003.27,-10.17014,9.730064,16.04,0,-0.0276736,-0.6555367,-0.4,-10.3,137.3,79.6,57.5,-5.8222,13.8607,9.2048,0.57995034,0.46199908,-17.7,13.5,-37.5956,-0.0654185,-1.97368,2.86080509,-2003.27,8.04757237,-33.596383,-14.5,-0.1
2026,Region 2,First Round,Texas,BYU,11,6,1,1.2,-5,-4.754503,-4.2126,-0.0457522,3.5,1.4,3.6,5.3,-0.22,0.33,1.13187,2.66,-1.8,-2.6,-24.6,-26.9,2.8,9.9,-6.8,-3,-2.1,5.9,0.7,-6.5,15.3,9.2,22.756,20.512302,4.7,5.3,-0.4,4,16,1.2,6.6,-11.2,-0.5,6.6,0.9,4.1,-0.4,-14.2,-14.1,19.523,18.301249,5.3,6.4,-1.1,0.6,-4,-0.9,-10.6,-0.4,1.4,-3.8,8.1,6,-1.1,10.8,-138.1,-76.6,-48,21.7454,-21.5562,-12.7286,2.09451836,0.43115077,-4.8,-11.3,0.05,0.04,0.04,2.66,4.34431027,-2.6,37.7633,5.0298537,0.20679,-2.5239645,2580.74,-7.6561648,48.186606,16.56,0,-0.455709,-1.1310382,-6.1,-10.8,138.1,76.6,48,-13.8624,13.2628,7.4218,1.89191143,0.32793082,4.7,9,-40.147,-6.166272,0.20679,2.90568628,-2580.74,11.9637544,-19.589517,-18.525,0.1
2026,Region 2,First Round,Missouri,Miami FL,10,7,0,-3.3,0.1,-2.6964231,-5.2876,-0.0393691,-2.8,0.9,1.3,2,0.87,1.32,0.43994,7.94,-0.9,-1.6,-23.1,-25.2,4,10.3,-5.4,-4.9,-4.7,-13.5,2.1,11.5,5,9.9,18.814,18.537131,4.5,6.1,-0.4,-1.1,11.9,0,8.7,-3.7,0.2,13.5,6.6,-2.8,-0.4,-8.2,-9.7,17.258,17.025789,5.2,8.3,-1.8,-6.2,5.3,1.1,-7.1,1.9,0.2,-2.8,8.2,2.9,-1.8,13.7,-128.1,-73.6,-57.8,25.7549,-22.11,-13.8214,7.24772391,0.53730846,5.4,-1.5,0,-0.01,0.01,7.94,1.18209864,-1.6,36.1495,4.91824614,0.87092,-2.1554589,1632.85,-8.863804,15.3875,15.875,0,0.24140276,-4.0291243,4.9,-13.7,128.1,73.6,57.8,-25.7546,22.2176,16.4033,0.7967738,-0.9237931,-4.7,-0.6,-37.8986,-2.1774916,0.87092,1.88799229,-1632.85,8.56088572,-10.541504,-16.12,-1.5
2026,Region 2,First Round,Utah St.,Villanova,9,8,1,-1.8,2.1,0.05064681,0.7883,0.01376608,-3.2,-0.5,0.1,0.3,0.11,0.3,0.56224,7.43,1.8,2.6,-22.4,-13.4,3.8,7.3,-11.1,3.8,-0.6,2.8,2,-4.8,2,6.1,21.732,22.149035,5.8,7.8,1.2,-1.2,6.7,4.7,3.7,6.1,1.3,-3.2,4.9,2.4,1.2,-3.9,-4,18.995,18.187972,5.5,5.7,1.4,-3.9,-2.2,5.4,-0.1,7.2,-3.9,-7.3,6,4.5,1.4,11.3,-129.7,-70.8,-66.5,23.1271,-19.7577,-10.1052,-1.8242615,0.15760031,10.7,2.1,0,-0.01,-0.02,7.43,-0.6035766,2.6,38.7328,-0.0459209,0.21356,-2.2927131,1107.63,-15.316429,10.996796,15,2,0.29810201,-1.9740456,4.1,-11.3,129.7,70.8,66.5,-9.2522,17.0878,10.9028,4.02302559,0.16010033,-10,15,-35.71,0.34544233,0.21356,2.67586446,-1107.63,10.1726089,-2.015549,-12.73,-0.1
2026,Region 3,First Round,UMBC,Michigan,16,1,0,-47.2,-32.1,-19.109818,-39.25819,-0.5688482,-10.7,-6.9,6.9,6,-1.51,-2.72,-0.93651,-5.57,-4.9,-5.2,-19.4,-20.4,0.9,9.5,-6.5,-3,-10.2,-0.5,4.5,-4,-22.1,-14.3,19.1897,16.3393217,9.8,9.7,5.7,1.3,6.7,2.3,-0.7,-1.7,-2.9,-0.2,7.2,6.8,5.7,-25.2,-17.9,16.736,17.362578,7.2,11.3,3.8,7.3,15.5,-2.3,-8.8,17.9,9.4,4.1,13.3,1.8,3.8,5.4,-137.8,-84.3,-73.2,14.6629,-25.0371,-15.2472,-2.8183752,0.32907308,-3.1,-23.6,0.01,-0.03,0,-5.57,1.45338644,-5.2,35.6703,2.66682057,-1.94512,-2.6855686,1373.12,-5.6282369,-47.944881,9.36,-1,0.59890536,1.15343626,7.8,-5.4,137.8,84.3,73.2,-23.2379,16.4934,10.5804,-1.2541059,-0.1354775,-15.5,-5.9,-41.6295,-2.2674254,-1.94512,3.21499701,-1373.12,14.206908,-53.336184,-17.89,7.3
2026,Region 3,First Round,Tennessee St.,Iowa St.,15,2,0,-35,-22.8,-13.045879,-34.24905,-0.5955227,-11.1,-6.7,7.1,7,-1.11,-2.12,-0.88452,-1.39,2.4,3.2,-26.5,-25.2,0.2,10.9,1.2,-12.1,-1.3,6.7,-3.9,-2.8,-14.5,-5.4,17.6819,13.8506555,2.7,-0.6,1.6,4.8,3,6.5,5.8,-9.1,0.5,-1.6,-4.1,-0.1,1.6,-20.5,-17.4,12.915,12.100923,3.6,3.7,5.2,-5.2,-3.6,3.5,-6.7,8.7,1.1,6.5,9.2,-1.9,5.2,11.3,-127.4,-76.1,-62.6,20.6062,-25.8418,-18.7153,-1.4949323,0.71791252,-6.6,-11.5,0.01,0,0.02,-1.39,-1.0109265,3.2,31.7476,8.00291621,-1.475,-2.4553128,1208.18,-10.401218,-42.076502,10.865,-4,0.84211337,-1.1708424,9.1,-11.3,127.4,76.1,62.6,-13.4842,11.4945,8.9244,-2.4844815,0.24560927,-7.1,-0.8,-39.8289,-4.0473958,-1.475,2.34925833,-1208.18,9.06237747,-53.280578,-18.615,3.1
2026,Region 3,First Round,Wright St.,Virginia,14,3,0,-18,-9.4,-14.330176,-24.66566,-0.3439715,-6.5,-3.8,1.8,1,-1.26,-2.64,-0.81349,1.38,2.5,1.4,-28.8,-19.3,-0.5,11.4,-7.6,-3.8,-5,6,6.3,-12.3,-6.8,-3.7,16.2506,16.0733652,7.4,9.8,5.2,-1.3,4.8,-0.3,3.5,-3.3,1.8,3.2,9.8,2.5,5.2,-11.3,-5.8,12.503,14.157096,3.9,2.3,2.3,-1.4,-0.8,1.1,-8.4,14.5,8.5,-4.4,2.7,-0.1,2.3,1.5,-134.4,-72.5,-61.2,15.9414,-23.7644,-13.7468,-0.1790115,0.44520609,1.6,-8.1,-0.01,-1.42E-14,-0.01,1.38,0.61884319,1.4,34.2381,5.06130651,-1.7675,-2.5797937,1928.45,-5.0401458,-17.352641,11.625,-2,0.69405523,-2.6067029,3.1,-1.5,134.4,72.5,61.2,-12.1827,11.7873,6.0153,2.56657626,0.38345599,-9.3,7.4,-37.5404,-3.4603125,-1.7675,2.63106361,-1928.45,7.78817406,-24.298407,-15.775,5.5
2026,Region 3,First Round,Hofstra,Alabama,13,4,0,-18,-12.6,-11.217495,-16.22721,-0.24561,-1.3,1.6,2.3,3.2,-0.79,-0.53,-0.49969,-7.52,-9.3,-8.3,-21.8,-5.7,-0.2,-6.7,-1.5,8,-5.9,-1.9,14.9,-13.1,-1.3,3.3,11.286,10.845507,4.1,0,3.3,6.2,3.4,-2.2,5.5,1.8,-1.7,-6.6,0.9,0.2,3.3,-16.5,-15.7,23.927,24.293662,9.6,13.1,3.5,4.8,1.4,1.6,-2,-1.7,0.7,-3.2,10.1,9.7,3.5,3.3,-141.6,-75.1,-62.6,7.0449,-14.4797,-7.4807,-3.9389081,-0.4012173,-2.5,-15.7,0.01,0.05,0.02,-7.52,-0.088617,-8.3,36.588,7.82820421,-0.45777,-3.3766021,1496.24,-7.6617429,-5.690008,13.38,0,0.40795199,-1.8032661,4.6,-3.3,141.6,75.1,62.6,-13.563,20.2053,8.2616,4.1349354,0.07765954,-12.1,18,-40.7528,-2.2580576,-0.45777,2.17918256,-1496.24,8.46677366,-36.230121,-15.45,0.8
2026,Region 3,First Round,Akron,Texas Tech,12,5,0,-9.3,-5.4,-5.2555103,-12.4257,-0.1664136,-3.3,-0.4,5.4,3.6,-1.14,-0.69,-0.44458,9.8,3.2,3.9,-19.9,-8.8,1.5,7.8,-17.8,10.1,-2,12.5,-7.8,-4.8,2.8,1.1,18.9941,19.2887098,8.8,8.5,7,5.9,-2.6,-0.1,6.2,15.9,1.1,5.6,1.7,5.5,7,-12.1,-6.4,19.028,19.659833,7,4.6,4.2,-0.7,-1.7,2.6,-3.4,4.7,1.2,-1.3,7.7,8.7,4.2,12,-134.3,-74.2,-79.5,20.5111,-20.1584,-6.6115,-0.7341199,-0.0356464,0.8,-15.1,0.01,-0.02,-0.01,9.8,-0.7333698,3.9,39.6616,3.69314547,-0.51927,-2.9988746,250.85,-9.6652656,-1.00567,14.525,1,-0.1263921,-2.4176587,-1.7,-12,134.3,74.2,79.5,-4.0747,9.5255,9.1728,3.3240764,0.31688927,-5.2,25.7,-38.8966,-3.2170249,-0.51927,2.4553718,-250.85,10.8128872,-26.144318,-13.845,5.7
2026,Region 3,First Round,Miami OH,Tennessee,11,6,0,-14.3,-11,-1.663178,-17.7677,-0.2229366,-6.3,-5,0.4,1.8,-0.93,-2.09,0.34724,-8.5,4,4.7,-11,-31.5,-1.1,8.3,-8.6,0.2,-7,-5.3,0.3,5.1,-4.2,-4.5,21.7493,21.4374395,10.9,12.3,6.9,4.7,3.3,3.1,-0.7,5.6,-1.3,7.5,11.3,5.1,6.9,-10.2,-6.7,12.533,13.868516,1.7,0.6,0.4,-4.6,7.2,-0.6,-13.8,13.2,3.5,-3.7,2.6,-4.5,0.4,6.4,-132.5,-76.3,-57.7,18.2223,-21.9372,-14.0886,0.90945117,0.15756331,10.6,-16.2,-0.01,-0.01,-0.02,-8.5,3.78863877,4.7,39.5501,-0.0575709,-1.39439,-2.4334296,1789.54,-7.9291381,-3.294094,14.34,2,0.70213818,1.65390429,-0.3,-6.4,132.5,76.3,57.7,-19.8588,19.5045,14.0682,0.71601719,-0.5716064,-0.3,3.7,-34.1933,-4.0982003,-1.39439,2.93068261,-1789.54,11.2565883,-15.00923,-15.31,3.5
2026,Region 3,First Round,Santa Clara,Kentucky,10,7,0,-5.7,-3.7,-1.1520786,-2.0851,0.00572669,-1.7,-1.7,0.5,1,-0.28,-0.08,-0.570547,1.65,-0.2,0.9,-15.5,-22.6,-1,1.3,-6.7,5.5,-6.8,5.3,-4.2,-1,1.8,-0.3,24.6116,24.1583076,8.5,6.9,3.3,1,-8.2,1.6,10.8,-0.2,1.9,-5.4,4.1,7.8,3.3,-7.5,-3.4,16.27,16.280133,2.8,1.2,1.1,-0.8,-1.6,4.3,-2.1,-3.5,3.9,-0.7,2.3,4.8,1.1,8.3,-132.3,-69.5,-61.6,13.7968,-17.9003,-11.313,-4.6465516,-0.126998,3.5,-13.3,0.04,0.04,0.03,1.65,-0.0268107,0.9,38.3563,6.14917007,-0.04284,-2.1849777,1350.08,-7.3064415,-4.9642658,14.56,3,0.15147478,3.81798613,-2.1,-8.3,132.3,69.5,61.6,-19.9693,15.9198,12.2268,1.59010923,-0.0046086,-8.2,-2.3,-35.8648,-2.5126123,-0.04284,1.8956183,-1350.08,8.50597505,-15.221984,-15.175,4.1
2026,Region 3,First Round,Saint Louis,Georgia,9,8,1,-2.6,-0.5,-0.7347043,-2.1582,-0.0094904,-0.1,0.8,-1.6,1.3,0.14,-1.33,0.39714,-3.13,-1.6,-1,-17.3,-14.5,-3.5,6.5,-14.1,7.5,-15,-4.4,6.7,-2.3,7.1,7.9,15.273,16.252532,10.2,9,6.8,2.7,4.3,2.6,-1.1,12.9,-0.1,10.2,6.4,-1.7,6.8,-9.9,-8.7,23.527,22.062597,9.8,12.7,4.1,2.2,0,0.7,-8,-3.2,4.4,-0.1,14.7,2.4,4.1,9,-133.3,-74.1,-63.5,15.2267,-17.3505,-6.6633,3.63332831,-0.1537271,20.3,2.6,0,-0.01,-0.01,-3.13,0.4932091,-1,39.8886,-1.1367799,-0.9685,-2.7748792,1580.34,-5.8799767,18.776013,13.995,-2,0.10171553,0.21250235,0.8,-9,133.3,74.1,63.5,-23.6757,21.617,14.1501,1.28211072,-0.38964,-14.9,-2.4,-38.0366,-5.4520157,-0.9685,2.31648453,-1580.34,9.23197708,-14.519265,-14.785,1.2
2026,Region 4,First Round,Lehigh,Florida,16,1,0,-44.2,-21.6,-20.570733,-44.1617,-0.7330317,-15,-6.2,6,4.1,-2.24,-2.93,-0.66072,5.25,-6,-3.6,-28.1,-30.7,-2.2,-3.7,-0.8,4.5,-11.3,-1,6,-4.9,-23.7,-6.6,10.9746,9.7275653,7.3,7.2,4.1,0.2,1,-1.1,0.7,9.8,0.6,5.4,9.7,4.8,4.1,-20.3,-15,12.449,12.385891,3.7,6.7,-2,-4.1,3.6,-0.6,-8.2,8.7,4.7,9.5,7.9,-0.2,-2,1.4,-132.3,-76.7,-58.2,5.9548,-16.047,-8.8382,0.6876493,-0.3106899,-5.2,-16.5,0.02,0.01,0.01,5.25,-3.1898378,-3.6,33.41,1.72285422,-2.07402,-2.6350916,1826.99,-7.3987614,-43.614474,10.015,0,0.22225264,2.23629713,17.1,-1.4,132.3,76.7,58.2,-22.8388,16.3568,10.2116,-5.3430475,-0.1321953,-9.6,-9.5,-37.0711,-0.2342334,-2.07402,2.42460955,-1826.99,11.6981972,-38.158494,-16.67,5.3
2026,Region 4,First Round,Idaho,Houston,15,2,0,-35.9,-24.3,-17.858378,-31.89343,-0.4083702,-12.4,-6.7,5.3,5.4,-0.61,-0.19,-0.24278,3.91,4.3,4.1,-12.3,-23.4,-4.3,4.4,-10.3,5.9,-5,11.7,-6.7,-5,-16.8,-10.7,17.4048,16.8464086,4.6,6.5,2.4,3.1,-5.4,6,1.3,-9,-0.2,-12.8,0.9,7.2,2.4,-19.1,-13.6,17.555,18.225385,3.4,2.6,0.1,2.7,-10.2,1.9,-9.7,7.3,3.4,13.3,11.5,0.3,0.1,-1.2,-133.9,-79.6,-57.2,9.0957,-23.5332,-11.6251,-8.0418811,-0.1211519,7.7,-19.9,-0.02,-0.05,-0.03,3.91,0.48496013,4.1,30.8318,4.74613088,-0.11315,-2.9445128,1398.62,-7.4191949,-31.352478,10.57,-1,0.24088973,3.74977625,6.1,1.2,133.9,79.6,57.2,-8.5541,11.7776,9.1024,-6.5950896,0.30249995,11.9,25.9,-38.0849,-6.2868166,-0.11315,2.78914946,-1398.62,14.5253804,-35.195205,-16.045,5.5
2026,Region 4,First Round,Penn,Illinois,14,3,0,-32.7,-19.6,-12.563422,-30.63161,-0.446945,-6.9,-5,8.4,6.3,-2.22,-2.48,-0.40396,-1.19,2.6,3.3,-22.8,-10,-3.3,9.1,-1.9,-7.2,-1.8,7.9,3.6,-11.4,-10.2,-5.1,8.2874,9.1329841,4.1,-1.8,7.3,-3.9,16.6,-3.7,4.5,1.3,0,2.9,-6.3,-0.5,7.3,-22.5,-14.5,25.282,24.938151,4.4,3.8,3,11.9,4.8,4.3,-7.8,-2.6,3.2,8.1,6.6,-1.4,3,3.3,-140.4,-72.7,-76.6,10.6286,-24.2007,-15.4042,-0.6103567,0.3338795,-7.1,-25.2,-0.02,-0.03,-0.03,-1.19,0.04119499,3.3,35.6346,7.26829673,-1.6403,-2.9586219,941.2,-7.1675105,-17.299672,11.335,-1,-0.5940679,-1.4731078,5.1,-3.3,140.4,72.7,76.6,-12.06,14.851,9.249,-3.5455783,0.38806389,-13.2,12.5,-39.4076,-4.6766399,-1.6403,2.30351776,-941.2,10.5198663,-38.270348,-16.055,8
2026,Region 4,First Round,Troy,Nebraska,13,4,0,-23.6,-16.9,-13.606923,-24.43732,-0.3720315,-10.6,-6.3,3.2,2.6,-0.36,-0.58,-1.074,-1.34,-0.3,-1.8,-5.1,-10.9,1.3,19.6,-15.9,-3.7,0.8,7.2,5.2,-12.3,-14.1,-9.9,18.3305,17.4261533,5.1,3.1,3.3,1.2,9.7,3.5,7.7,-3.5,-0.2,-2.6,-8,0.6,3.3,-9.7,-7.2,9.547,9.057898,4.7,6.1,4,4.3,-2.2,2.3,4.9,16.3,-2.3,-4.8,13.7,-9.6,4,4.4,-131,-80.4,-78.9,22.7375,-32.1005,-19.4201,-2.9708505,0.50934244,13.7,-17.1,-0.01,-0.05,-0.03,-1.34,1.16247465,-1.8,32.1726,5.89046878,-0.39414,-2.0001533,725.12,-10.321843,-37.831032,10.81,0,1.15055259,1.32511358,4.2,-4.4,131,80.4,78.9,-8.5343,14.7305,8.4837,0.33075612,0.43891708,-11.8,19,-38.7729,4.64798645,-0.39414,2.17571225,-725.12,9.68322559,-24.781744,-12.425,2.5
2026,Region 4,First Round,McNeese St.,Vanderbilt,12,5,0,-17.9,-11.1,-6.5947817,-15.0282,-0.1894464,-6.3,-2.8,5.7,4.8,-0.08,-0.05,-0.56777,7.12,-4.3,-2.8,-27,-9.6,0.9,8.5,-5.7,-2.8,-3.4,-0.8,-2.3,3.2,-2.2,3.1,14.9645,14.9205877,3.6,3.8,-0.6,-1.2,-3.7,5.4,5.8,2.6,8.7,13.6,0.7,3.5,-0.6,-15.5,-14.1,25.018,24.535985,6.5,7.7,3,6.5,-4.8,9.3,3,-1,5.9,5.4,11,3.2,3,4.3,-130.3,-71.8,-44.7,18.2921,-22.8721,-14.6046,5.56235775,0.36377244,5.5,0.6,-0.01,-0.03,-0.02,7.12,-4.2398714,-2.8,34.1772,3.9579281,-0.01619,-3.2295012,2564.53,-7.2030864,-11.399474,13.745,1,-0.7736475,-3.495892,5.3,-4.3,130.3,71.8,44.7,-14.9258,19.1264,16.112,-1.6294687,-0.1599965,-11.1,14.6,-36.6065,0.53685274,-0.01619,2.42918336,-2564.53,5.76906133,-43.079087,-14.405,1.4
2026,Region 4,First Round,VCU,North Carolina,11,6,1,-5.4,-5.1,-3.2103226,-3.6359,-0.0718266,-5.9,-3.8,0.1,1.8,-1.3,-1.49,0.32626,-0.45,0.6,0.7,-19.3,-23,3.4,5.8,-12.6,6.9,-10.7,8,-0.3,-7.6,0.7,-0.7,19.327,19.5102452,7.6,7.2,2.2,3.8,19.4,-0.3,5.7,4.6,2.3,-4.8,2.8,6.9,2.2,-5.7,-4.1,18.721,17.760702,6.6,8.3,1.4,-2.8,7,3.4,-2.4,6.7,-0.3,-3.1,11.9,3.8,1.4,5.8,-140.3,-78.3,-60.8,15.4174,-19.7772,-8.0949,-4.2400956,0.03799986,4.4,-10.2,0.04,0.07,0.04,-0.45,1.50499418,0.7,39.157,4.62063854,-1.0208,-3.1241313,1681.62,-10.456127,4.03672,14.655,0,0.11030984,1.72180574,-1.4,-5.8,140.3,78.3,60.8,-16.5828,12.8226,8.6208,1.98855396,0.19452948,-8.5,-2.5,-38.9484,-0.3245594,-1.0208,2.76302192,-1681.62,7.96672906,-4.723518,-15.24,1.6
2026,Region 4,First Round,Texas A&M,Saint Mary's,10,7,1,-0.9,0.9,-2.4133724,-4.4022,-0.0326817,-6.7,-4.6,2.4,2.2,-1.69,-2.29,1.878254,15.64,6.2,5.7,-16.9,-22.4,2.4,5.2,-14.6,9.5,4.7,-2,-3.4,5.4,1.9,3.6,22.5001,21.9747732,8,7.5,5,1.4,9.1,-0.2,7.4,8.6,0,-2.7,4.5,2.5,5,-2.8,-2.6,19.238,17.880925,3.7,-2.9,6.9,6.3,2.7,3.1,-7.1,1.7,-1.8,-10.9,-3.5,-0.7,6.9,3.5,-134.1,-76.1,-66.4,12.948,-20.8178,-8.5578,-2.988779,-0.0633317,11,-10.8,0.05,0.03,0.05,15.64,2.39644626,5.7,37.368,3.747306,-1.50174,-2.198349,1940.52,-9.2902206,30.7130058,13.275,0,0.3952835,-3.6474015,1.7,-3.5,134.1,76.1,66.4,-10.7772,18.1033,14.4099,6.83706629,-0.0917266,-3,10.3,-35.4549,-6.7428874,-1.50174,2.13441127,-1940.52,9.83622784,16.8891646,-14.59,0.2
2026,Region 4,First Round,Iowa,Clemson,9,8,1,2.3,3,-1.2277085,3.2077,0.02103635,-0.5,1.9,-6,-3,0.71,-0.64,-0.89979,-5.65,-2.1,-1.2,-15.5,-18,4.3,5.3,-3.9,-1.3,-1.1,0.9,2.9,-3.8,0.2,3.2,24.4568,25.3196817,8.2,9.7,3.1,2.3,3.5,2.6,5.9,11.6,-3.6,-2.9,9.8,5,3.1,2.2,0,17.2246,17.1668654,1.2,-0.2,0.4,-0.5,-0.7,7.6,-0.8,-0.8,0.8,0.6,-7,9.7,0.4,9.8,-129.4,-88.5,-49,20.0706,-20.2788,-14.0634,-2.6746199,0.25968131,7.9,-11,-0.04,-0.05,-0.05,-5.65,-3.6107748,-1.2,38.1684,2.11027504,-0.42196,-2.9517621,2464.87,-9.7829962,-12.937473,15.115,1,0.74502432,-0.4744393,3,-9.8,129.4,88.5,49,-15.6267,17.4099,11.2944,2.62827379,0.0986364,-6.7,8.6,-34.7704,-2.1493966,-0.42196,2.50638477,-2464.87,13.5830766,-5.274186,-15.145,-2.2