game_date,season,conference,home_team,away_team,home_score,away_score,neutral_site_flag,home_torvik_team,away_torvik_team,home_torvik_date,home_rank,home_record,home_barthag,home_adj_o,home_adj_d,home_adj_tempo,home_wab,away_torvik_date,away_rank,away_record,away_barthag,away_adj_o,away_adj_d,away_adj_tempo,away_wab
2024-11-27,2025,Big 12 Conference,Iowa State Cyclones,Colorado Buffaloes,99,71,1,Iowa St.,Colorado,2024-11-26,8,4-1,0.934262380288011,116.935632585495,92.835912316397,69.1333948722286,0.37274625726278,2024-11-26,105,5-1,0.672699103037661,106.113319647543,99.6697792980976,67.5628004342891,0.395473425885499
2024-11-29,2025,Big 12 Conference,West Virginia Mountaineers,Arizona Wildcats,83,76,1,West Virginia,Arizona,2024-11-28,62,4-2,0.801964146270293,110.847880126648,98.1542328558425,68.1799216528955,0.215740661231111,2024-11-28,22,3-3,0.893096619555884,115.014567273201,95.6284294231228,73.0388433784346,-0.854399962396148
2024-12-03,2025,Big Ten Conference,Iowa Hawkeyes,Northwestern Wildcats,80,79,0,Iowa,Northwestern,2024-12-02,47,6-1,0.835139684043093,114.732103667874,99.6349375456525,72.6465980571584,0.0571994941760743,2024-12-02,52,6-2,0.821147225636811,110.053979501172,96.3933391995609,64.8466565421814,-0.301941776330008
2024-12-03,2025,Big Ten Conference,UCLA Bruins,Washington Huskies,69,58,0,UCLA,Washington,2024-12-02,16,6-1,0.906979227535263,113.56548300881,93.1632948161377,66.716357105791,-0.248061093786364,2024-12-02,84,6-1,0.737547159360265,107.668493236365,98.416495166256,69.6464141442574,0.418863758300033
2024-12-03,2025,Big Ten Conference,Wisconsin Badgers,Michigan Wolverines,64,67,0,Wisconsin,Michigan,2024-12-02,34,8-0,0.862584884058268,116.666908599427,99.4435495455116,68.3498657273336,1.73844818144383,2024-12-02,25,6-1,0.887407336196014,115.337878410229,96.3841490771781,69.3748227780444,0.382220324538468
2024-12-04,2025,Big Ten Conference,Maryland Terrapins,Ohio State Buckeyes,83,59,0,Maryland,Ohio St.,2024-12-03,31,7-1,0.872417195062372,112.774077166915,95.412767542332,69.5034351727551,0.144861959644969,2024-12-03,22,5-2,0.892350826581028,116.859704444282,97.2283801751114,68.1446572307121,0.0413361925602682
2024-12-04,2025,Big Ten Conference,Minnesota Golden Gophers,Michigan State Spartans,72,90,0,Minnesota,Michigan St.,2024-12-03,98,6-3,0.687500956763246,105.180915961492,98.2111723031321,61.9346024337276,-1.6064918712082,2024-12-03,33,6-2,0.864903405354197,112.184137999725,95.4588930521721,67.8409268254921,0.477955374260675
2024-12-04,2025,Big Ten Conference,USC Trojans,Oregon Ducks,60,68,0,USC,Oregon,2024-12-03,95,5-3,0.698783551359709,111.221356376654,103.373378361771,67.3491867017128,-1.43822482701584,2024-12-03,30,8-0,0.874365803936614,115.658637762112,97.7034244930754,68.3348834839097,2.62307337157603
2024-12-05,2025,Big Ten Conference,Penn State Nittany Lions,Purdue Boilermakers,81,70,0,Penn St.,Purdue,2024-12-04,46,7-1,0.828919677176744,113.561510609253,99.0008171705226,71.898068448359,0.132476478094243,2024-12-04,12,7-1,0.91341999433994,119.413530050628,97.2915278565295,64.7898364840341,1.86379959736927
2024-12-06,2025,Big Ten Conference,Northwestern Wildcats,Illinois Fighting Illini,70,66,0,Northwestern,Illinois,2024-12-05,53,6-3,0.816376195520708,110.487237673342,97.043767893454,64.8500264387642,-0.683917214223994,2024-12-05,10,6-1,0.918666337121878,116.230194382926,94.1376888428599,71.5236632614943,0.493757539289592
2024-12-07,2025,Atlantic Coast Conference,California Golden Bears,Stanford Cardinal,81,89,0,California,Stanford,2024-12-06,104,6-2,0.664168253128573,111.130593042692,104.732363556077,70.6339963526888,-0.206291375268532,2024-12-06,91,7-2,0.715936949406641,110.712146252133,102.161133338268,67.3665838973411,-0.77717356434135
2024-12-07,2025,Atlantic Coast Conference,Miami Hurricanes,Clemson Tigers,55,65,0,Miami FL,Clemson,2024-12-06,78,3-5,0.748887948080204,118.360984158661,107.632496181973,66.3902335251684,-3.26613825739457,2024-12-06,33,8-1,0.869753540771667,113.718746163679,96.4106657376751,65.5836238346907,1.4320184725405
2024-12-07,2025,Atlantic Coast Conference,NC State Wolfpack,Florida State Seminoles,84,74,0,N.C. State,Florida St.,2024-12-06,72,5-3,0.774804627639044,109.943846149322,98.7432026030434,67.5463834394344,-1.15472384224677,2024-12-06,70,7-2,0.782290416882733,107.846682729653,96.4946582894285,72.1813627878002,-0.195977087636467
2024-12-07,2025,Atlantic Coast Conference,North Carolina Tar Heels,Georgia Tech Yellow Jackets,68,65,0,North Carolina,Georgia Tech,2024-12-06,25,4-4,0.882828520215132,118.02397038284,99.0158264990772,73.6592580725279,-0.311002941955322,2024-12-06,107,4-4,0.661284893217871,109.499125761356,103.310647512172,70.7478173674699,-2.29373201035195
2024-12-07,2025,Atlantic Coast Conference,Notre Dame Fighting Irish,Syracuse Orange,69,64,0,Notre Dame,Syracuse,2024-12-06,81,4-5,0.745768202248854,112.280214382475,102.249693850572,65.443389224323,-1.8223933976772,2024-12-06,106,4-3,0.663507293697588,111.368241580488,104.98336499695,70.6116613541116,-0.643859398456074
2024-12-07,2025,Atlantic Coast Conference,SMU Mustangs,Virginia Cavaliers,63,51,0,SMU,Virginia,2024-12-06,58,7-2,0.811705298749776,116.903454223841,102.955176808073,69.8991788211778,-0.180669612848617,2024-12-06,85,5-3,0.738159902270107,107.660832713127,98.382388276831,61.6492876854254,-0.176414865089039
2024-12-07,2025,Atlantic Coast Conference,Virginia Tech Hokies,Pittsburgh Panthers,59,64,0,Virginia Tech,Pittsburgh,2024-12-06,124,3-5,0.583798979633823,105.356098283899,102.301153753784,65.9217705957911,-2.91913715895629,2024-12-06,32,7-2,0.871920980634024,116.188634902354,98.3397142240071,68.3695585584549,1.04039920248517
2024-12-07,2025,Atlantic Coast Conference,Wake Forest Demon Deacons,Boston College Eagles,72,66,0,Wake Forest,Boston College,2024-12-06,83,7-3,0.739336407940624,105.105523618252,95.9964020606992,67.0481646386758,-0.0655270221856644,2024-12-06,153,6-3,0.501319565524799,102.962208784166,102.914961994103,66.7199634376954,-1.29365407796655
2024-12-07,2025,Big Ten Conference,Michigan State Spartans,Nebraska Cornhuskers,89,52,0,Michigan St.,Nebraska,2024-12-06,30,7-2,0.873496220663202,114.626241001131,96.897780768969,68.3541049328662,0.77331203890576,2024-12-06,41,6-1,0.854740236606092,111.862719717069,95.8861567456471,69.8657135780899,0.543650200478101
2024-12-07,2025,Big Ten Conference,Michigan Wolverines,Iowa Hawkeyes,85,83,0,Michigan,Iowa,2024-12-06,22,7-1,0.88862443751168,114.68991954349,95.7407216346799,69.3269312757209,1.03513863107894,2024-12-06,45,7-1,0.838160121963956,115.358372226523,99.9864541086851,72.6912528514531,0.384291361776635
2024-12-07,2025,Big Ten Conference,Ohio State Buckeyes,Rutgers Scarlet Knights,80,66,0,Ohio St.,Rutgers,2024-12-06,35,5-3,0.864353058627674,114.889672282068,97.8010455783391,68.6573103325384,-0.293179781597296,2024-12-06,46,5-3,0.827452005589058,113.653268298812,99.1697157707051,70.715314575229,-0.87427561129834
2024-12-07,2025,Big Ten Conference,Washington Huskies,USC Trojans,61,85,0,Washington,USC,2024-12-06,86,6-2,0.733737552245721,107.522431856919,98.450547784745,68.8951934550894,0.264750266940567,2024-12-06,100,5-4,0.689114034204213,109.924025329338,102.572897916012,67.0737685018806,-2.05787318072809
2024-12-08,2025,Atlantic Coast Conference,Louisville Cardinals,Duke Blue Devils,65,76,0,Louisville,Duke,2024-12-07,55,5-3,0.812044767554515,111.8573204521,98.4920824793815,69.2955358382604,-0.238725484602729,2024-12-07,1,6-2,0.965022724589213,119.40410859491,89.4821738362988,67.3054140921155,1.25802381877934
2024-12-08,2025,Big Ten Conference,Oregon Ducks,UCLA Bruins,71,73,0,Oregon,UCLA,2024-12-07,27,9-0,0.877733416402975,115.303831943317,97.1413619190052,68.188073750165,3.20770160621949,2024-12-07,15,7-1,0.906077076033568,113.17905250766201,92.9322850250113,66.7324886259706,-0.127895700666027
2024-12-08,2025,Big Ten Conference,Purdue Boilermakers,Maryland Terrapins,83,78,0,Purdue,Maryland,2024-12-07,18,7-2,0.900480982306713,118.640311757041,97.9608202129569,64.892565772480907,1.54641989198279,2024-12-07,17,8-1,0.901049494982583,113.974814386407,94.0565053532277,70.1222194417376,0.624945035999235
2024-12-09,2025,Big Ten Conference,Indiana Hoosiers,Minnesota Golden Gophers,82,67,0,Indiana,Minnesota,2024-12-08,39,7-2,0.856643010654287,115.042817433038,98.4800175939443,70.7142700399492,0.273593495876245,2024-12-08,112,6-4,0.648807994893278,106.33986337258,100.812865963012,61.1274483413576,-2.13169114795419
2024-12-10,2025,Big East Conference,DePaul Blue Demons,Providence Friars,63,70,0,DePaul,Providence,2024-12-09,84,7-1,0.732978383656221,112.701645477519,103.227623970547,68.2719091831137,0.0571875012078767,2024-12-09,96,6-4,0.702253039505197,107.849371059771,100.095278323062,63.0689563211346,-1.76244107629993
2024-12-10,2025,Big Ten Conference,Illinois Fighting Illini,Wisconsin Badgers,86,80,0,Illinois,Wisconsin,2024-12-09,10,6-2,0.917081497620093,115.468029490782,93.6915278712446,71.4728956871314,0.112088764959446,2024-12-09,40,8-2,0.855558568907449,117.655417993401,100.793604834823,67.8382481112689,0.964493724843678
2024-12-10,2025,Big Ten Conference,Rutgers Scarlet Knights,Penn State Nittany Lions,80,76,0,Rutgers,Penn St.,2024-12-09,58,5-4,0.809680921686517,113.810578842524,100.346360422793,70.3822910095779,-1.12123085141873,2024-12-09,39,8-1,0.859704460179732,114.758996539146,98.022417752361,72.3767083651348,0.664784856182374
2024-12-13,2025,Big Ten Conference,Nebraska Cornhuskers,Indiana Hoosiers,85,68,0,Nebraska,Indiana,2024-12-12,49,6-2,0.821748197016357,110.569038728451,96.8099666613037,69.706893503073,0.306343231848037,2024-12-12,37,8-2,0.86335842692974,115.761716239968,98.6158779800585,71.32086410642,0.411625252597165
2024-12-17,2025,Big East Conference,St. John's Red Storm,DePaul Blue Demons,89,61,0,St. John's,DePaul,2024-12-16,15,8-2,0.908670105636872,117.343363127856,96.0934747276289,70.4440981072679,0.422186910033652,2024-12-16,78,8-2,0.754728535779496,113.031256920805,102.506469208862,68.967871586983,-0.564545736084554
2024-12-17,2025,Big East Conference,Villanova Wildcats,Seton Hall Pirates,79,67,0,Villanova,Seton Hall,2024-12-16,56,7-4,0.816981736913513,119.706412513358,105.104232511755,64.3335231483654,-1.69911877709971,2024-12-16,125,5-6,0.588034786794022,98.8817369957288,95.8688705406512,62.1680483290367,-3.58224115034838
2024-12-18,2025,Big East Conference,Georgetown Hoyas,Creighton Bluejays,81,57,0,Georgetown,Creighton,2024-12-17,102,8-2,0.687344466722825,107.544022712751,100.424048977928,69.3209725639354,-0.489783596642311,2024-12-17,35,7-4,0.866436580851502,114.387128677983,97.2219170025837,70.1912816887313,-0.423111636712868
2024-12-18,2025,Big East Conference,Marquette Golden Eagles,Butler Bulldogs,80,70,0,Marquette,Butler,2024-12-17,13,9-2,0.913919888720182,117.949004781303,96.0453686543567,69.2170122464262,2.13373694145993,2024-12-17,82,7-4,0.742372610472558,112.192785751621,102.328619147071,67.4576584559075,-0.718829268917025
2024-12-18,2025,Big East Conference,UConn Huskies,Xavier Musketeers,94,89,0,Connecticut,Xavier,2024-12-17,15,8-3,0.909886722313612,121.789963292929,99.6070062521482,65.3762574333505,0.450464196674295,2024-12-17,73,8-3,0.773575026267457,112.03270408951,100.680814793042,69.5747243837805,-0.344549070196546
2024-12-20,2025,Big East Conference,Providence Friars,St. John's Red Storm,70,72,0,Providence,St. John's,2024-12-19,100,7-5,0.692794281267545,108.090256264545,100.71071449253,64.199022388304,-1.70979888174184,2024-12-19,12,9-2,0.92039750869779,118.123700746643,95.4768365079591,70.545087508923,0.747522249198811
2024-12-21,2025,Atlantic Coast Conference,Boston College Eagles,SMU Mustangs,77,103,0,Boston College,SMU,2024-12-20,164,7-4,0.491262154286682,105.093967287323,105.413892690667,66.7029215574446,-1.82505389183913,2024-12-20,56,9-2,0.817570997399219,115.791758880261,101.63222310227,70.8707440555545,0.371813167915868
2024-12-21,2025,Atlantic Coast Conference,Clemson Tigers,Wake Forest Demon Deacons,73,62,0,Clemson,Wake Forest,2024-12-20,34,9-3,0.860767337212565,114.828497818702,98.0064134592482,65.1272795875801,0.896225062459647,2024-12-20,100,9-3,0.694221367559225,105.030291714729,97.8025437690148,66.1798310428439,0.284209400675992
2024-12-21,2025,Atlantic Coast Conference,Florida State Seminoles,Louisville Cardinals,76,90,0,Florida St.,Louisville,2024-12-20,59,9-3,0.808563104278197,110.041718659619,97.0844530954013,71.2633919119231,-0.434423199299129,2024-12-20,57,6-5,0.817479502095774,113.669345255905,99.7746688909542,68.8832549569268,-0.389200423699165
2024-12-21,2025,Atlantic Coast Conference,Georgia Tech Yellow Jackets,Duke Blue Devils,56,82,0,Georgia Tech,Duke,2024-12-20,110,5-6,0.640837779841831,107.580600587847,102.298225043883,71.20397355529,-2.97792381967923,2024-12-20,3,9-2,0.967320533696044,118.877909875456,88.5446704213963,66.843063879649,2.21007058564636
2024-12-21,2025,Big East Conference,Butler Bulldogs,UConn Huskies,74,78,0,Butler,Connecticut,2024-12-20,81,7-5,0.751602502291767,113.353038461637,102.948709056195,67.088340430529,-0.859071113344676,2024-12-20,17,9-3,0.904783001004407,123.390115684204,101.449913413239,65.0242552866611,0.766708181028005
2024-12-21,2025,Big East Conference,Creighton Bluejays,Villanova Wildcats,86,79,0,Creighton,Villanova,2024-12-20,49,7-5,0.827448517837314,112.455704905838,98.1249738661495,70.0964034941512,-0.915478986327069,2024-12-20,54,8-4,0.821075052405489,121.432379603117,106.363920151477,65.0536678276867,-1.42575742079664
2024-12-21,2025,Big East Conference,Xavier Musketeers,Marquette Golden Eagles,70,72,0,Xavier,Marquette,2024-12-20,67,8-4,0.784779424244087,113.546536066465,101.464978213762,69.3232598114998,-0.491112311103027,2024-12-20,13,10-2,0.912836653201327,118.846717046982,96.8916589688367,68.8439577577254,2.45669133852685
2024-12-22,2025,Big East Conference,Seton Hall Pirates,Georgetown Hoyas,60,61,0,Seton Hall,Georgetown,2024-12-21,134,5-7,0.560505914655322,98.6096049378436,96.5459917274843,63.0236658569241,-4.00156046047128,2024-12-21,84,9-2,0.733319972387845,108.515847928241,99.3786071358844,69.3118308021294,-0.153051322635378
2024-12-30,2025,Big 12 Conference,Arizona Wildcats,TCU Horned Frogs,90,81,0,Arizona,TCU,2024-12-29,16,6-5,0.918062872836345,116.41530717633,94.3536351837061,71.8134921426082,-1.20126349644759,2024-12-29,64,7-4,0.803904962906069,105.653245636377,93.4547259823369,68.5644040883482,-1.31360986815915
2024-12-30,2025,Big 12 Conference,Colorado Buffaloes,Iowa State Cyclones,69,79,0,Colorado,Iowa St.,2024-12-29,88,9-2,0.730419898039938,107.925561481131,98.9651217970201,68.6109992948518,0.593555898798716,2024-12-29,7,10-1,0.945446509836443,121.889826957568,95.1140046043046,70.9065528727595,2.08772504513814
2024-12-30,2025,Big 12 Conference,Kansas State Wildcats,Cincinnati Bearcats,70,67,0,Kansas St.,Cincinnati,2024-12-29,84,6-5,0.742849058288464,112.281151019417,102.387020054281,68.9217977658052,-2.46131536581744,2024-12-29,23,10-1,0.903175514454543,114.273276180587,94.1055805021059,65.9457394033185,1.11095252561663
2024-12-30,2025,Big 12 Conference,Oklahoma State Cowboys,Houston Cougars,47,60,0,Oklahoma St.,Houston,2024-12-29,100,8-3,0.677826264890375,109.997003087191,103.107780608749,72.2225137511081,-0.848381111705294,2024-12-29,2,8-3,0.974757472707679,121.542302054772,88.4602173752747,62.6642153912625,0.211056857999268
2024-12-31,2025,Atlantic Coast Conference,Duke Blue Devils,Virginia Tech Hokies,88,65,0,Duke,Virginia Tech,2024-12-30,3,10-2,0.972540250246438,119.32916236621,87.5049440158588,66.7036743608818,2.49626907039427,2024-12-30,144,5-7,0.525008943555792,105.454094697349,104.539993261916,65.1151083386347,-3.98645277708595
2024-12-31,2025,Atlantic Coast Conference,Georgia Tech Yellow Jackets,Notre Dame Fighting Irish,86,75,0,Georgia Tech,Notre Dame,2024-12-30,110,6-7,0.637013631074293,106.211812046663,101.142330561742,71.3886802267681,-3.31261088051518,2024-12-30,84,7-5,0.747739882323249,112.679980071356,102.520758160969,66.5422111827706,-1.70202692861425
2024-12-31,2025,Atlantic Coast Conference,Syracuse Orange,Wake Forest Demon Deacons,71,81,0,Syracuse,Wake Forest,2024-12-30,127,6-6,0.566835734600174,109.899980437728,107.359552701462,70.673997907388,-2.15001240964587,2024-12-30,104,9-4,0.668083915788944,103.366258595788,97.2660253507527,67.1182677192226,-0.00119910024005382
2024-12-31,2025,Atlantic Coast Conference,Virginia Cavaliers,NC State Wolfpack,70,67,0,Virginia,N.C. State,2024-12-30,95,7-5,0.706247231129672,103.910365280578,96.2787911984927,61.1303388529408,-1.06154655498534,2024-12-30,90,8-4,0.728711477844682,109.688781349627,100.657714326106,66.5405376204206,-1.10974136281766
2024-12-31,2025,Big 12 Conference,BYU Cougars,Arizona State Sun Devils,76,56,0,BYU,Arizona St.,2024-12-30,30,9-2,0.879494526687628,118.021369060388,99.2881653219318,69.3387730718759,-0.264919885544076,2024-12-30,66,9-2,0.799475659997138,111.359568678591,98.7411397171588,69.4669296923858,1.68193696124823
2024-12-31,2025,Big 12 Conference,Baylor Bears,Utah Utes,81,56,0,Baylor,Utah,2024-12-30,22,8-3,0.898353879807636,122.046039363113,100.979172724503,66.8424888119938,0.931131086793512,2024-12-30,65,8-3,0.801174943117027,112.141064851198,99.342182738843,72.1337889137867,-1.27347774349967
2024-12-31,2025,Big 12 Conference,Kansas Jayhawks,West Virginia Mountaineers,61,62,0,Kansas,West Virginia,2024-12-30,10,9-2,0.935091887700709,117.557589766922,93.2194922971105,70.410904876798,1.76138822461602,2024-12-30,39,9-2,0.855501086328925,112.127980010245,96.0622176933139,66.9863815126981,1.10408616697948
2024-12-31,2025,Big 12 Conference,Texas Tech Red Raiders,UCF Knights,83,87,0,Texas Tech,UCF,2024-12-30,13,9-2,0.92324149648457,121.195492241426,97.6240913335646,67.8003723432735,-0.182254924348972,2024-12-30,88,9-2,0.733502987160329,109.780012463714,100.528143764547,70.4233047207805,0.170368758040044
2024-12-31,2025,Big East Conference,Creighton Bluejays,St. John's Red Storm,57,56,0,Creighton,St. John's,2024-12-30,47,8-5,0.841621857555407,114.092821233461,98.6684182661429,70.3151076790597,-0.474293486388125,2024-12-30,19,11-2,0.910927880710032,117.302427014935,95.8304058676769,71.1934060870627,1.00193530321421
2024-12-31,2025,Big East Conference,Providence Friars,Marquette Golden Eagles,50,78,0,Providence,Marquette,2024-12-30,92,7-6,0.71299857574524,107.986755255509,99.771125986568,65.0338241622789,-2.28282556223914,2024-12-30,17,11-2,0.916700799709751,118.533947307405,96.22102607504,69.2013827016235,2.86076117662733
2024-12-31,2025,Big East Conference,Xavier Musketeers,Seton Hall Pirates,94,72,0,Xavier,Seton Hall,2024-12-30,68,8-5,0.796052554807031,113.299827600813,100.647066458957,69.54939152513,-0.942514140642206,2024-12-30,150,5-8,0.516032898937975,96.909287145195,96.3701767423896,63.4154970279416,-4.89010839023466
2025-01-01,2025,Atlantic Coast Conference,Boston College Eagles,Miami Hurricanes,78,68,0,Boston College,Miami FL,2024-12-31,167,8-5,0.478561783278891,106.810053615174,107.609980890411,66.7046759895881,-2.69830855588223,2024-12-31,114,4-8,0.633285729156674,117.525229444259,112.072425058017,66.9608247232046,-5.04476683617849
2025-01-01,2025,Atlantic Coast Conference,Clemson Tigers,Stanford Cardinal,85,71,0,Clemson,Stanford,2024-12-31,35,10-3,0.866292916995968,114.29748630689,97.1562093298562,66.0814274655543,0.716501932784811,2024-12-31,86,9-3,0.746089880830505,113.021079263239,102.909183773511,67.8364130544064,-0.646544960161832
2025-01-01,2025,Atlantic Coast Conference,Louisville Cardinals,North Carolina Tar Heels,83,70,0,Louisville,North Carolina,2024-12-31,50,8-5,0.836946438780052,115.242982245414,99.963950803283,68.911298034185,0.125581635899237,2024-12-31,40,8-5,0.855461617009138,117.794669972347,100.919782560725,74.5052441541378,0.482834292660229
2025-01-01,2025,Atlantic Coast Conference,Pittsburgh Panthers,California Golden Bears,86,74,0,Pittsburgh,California,2024-12-31,27,10-2,0.892092395436801,117.707081313393,97.9562946217865,69.6368134300975,1.5121883098532,2024-12-31,133,7-5,0.560933509698673,111.682656326728,109.328957052017,69.9886710502689,-2.18339160394615
2025-01-01,2025,Big East Conference,Butler Bulldogs,Villanova Wildcats,65,73,0,Butler,Villanova,2024-12-31,74,7-6,0.775941155773977,113.666945466979,102.029096775733,67.8421473053764,-1.2167629254942,2024-12-31,65,8-5,0.804301007333832,123.165676674777,108.921389642302,64.9707886823655,-2.02833046684198
2025-01-01,2025,Big East Conference,DePaul Blue Demons,UConn Huskies,68,81,0,DePaul,Connecticut,2024-12-31,88,9-4,0.725148150845286,111.251438485599,102.25119934642,69.7395836413548,-1.17833883818143,2024-12-31,20,10-3,0.912017932564526,124.292841051006,101.422023340975,65.4540882075348,1.25119279449885
2025-01-02,2025,Big Sky Conference,Eastern Washington Eagles,Montana Grizzlies,81,92,0,Eastern Washington,Montana,2025-01-01,261,4-9,0.300483878812255,104.898956953067,112.89694091095,68.1662788616198,-5.47517957484175,2025-01-01,169,7-6,0.477280733696211,108.75099963403,109.614389917824,69.4874180570173,-1.9405286327683
2025-01-02,2025,Big Sky Conference,Idaho Vandals,Montana State Bobcats,69,64,0,Idaho,Montana St.,2025-01-01,204,5-8,0.404734511983735,111.013776214373,114.800984344206,66.5440562057754,-5.14978039865081,2025-01-01,160,5-8,0.493870678012656,107.54180586481,107.771334417468,67.7733404862459,-4.49203787892877
2025-01-02,2025,Big Sky Conference,Northern Arizona Lumberjacks,Idaho State Bengals,67,72,0,Northern Arizona,Idaho St.,2025-01-01,251,9-4,0.315604913851452,105.603872514788,112.956550254614,67.5054642448618,-2.70220937483751,2025-01-01,276,5-6,0.274418941898876,98.7435114603687,107.45530437994,66.1403625381627,-3.63625503083428
2025-01-02,2025,Big Sky Conference,Northern Colorado Bears,Weber State Wildcats,89,72,0,Northern Colorado,Weber St.,2025-01-01,155,8-5,0.501650750752419,108.778496738446,108.716056635449,71.2278402783911,-1.89841370341767,2025-01-01,238,6-8,0.339911018108665,104.785629510681,111.010953964173,65.8435999938859,-4.98763258220772
2025-01-02,2025,Big Ten Conference,Indiana Hoosiers,Rutgers Scarlet Knights,84,74,0,Indiana,Rutgers,2025-01-01,58,10-3,0.81865946493268,113.601746057705,99.6466120542867,70.8366917502482,0.0506938083678884,2025-01-01,80,8-5,0.756404717404105,113.895492306485,103.208746932497,71.1426615278085,-1.58098856668649
2025-01-02,2025,Big Ten Conference,Minnesota Golden Gophers,Purdue Boilermakers,61,81,0,Minnesota,Purdue,2025-01-01,126,8-5,0.573127207446366,105.156370627578,102.496557613533,62.8024595545622,-2.72139958042246,2025-01-01,27,9-4,0.886425061002605,119.822293403073,100.216942383265,65.8597492848476,1.4915271877981
2025-01-02,2025,Big Ten Conference,Oregon Ducks,Illinois Fighting Illini,77,109,0,Oregon,Illinois,2025-01-01,16,12-1,0.920700163077781,117.528147669509,94.9612873432983,69.5199430242119,3.33987664838781,2025-01-01,11,9-3,0.933234744389195,116.857551209188,92.9080338932088,72.7431611509854,0.791276424377683
2025-01-02,2025,Big Ten Conference,Penn State Nittany Lions,Northwestern Wildcats,84,80,0,Penn St.,Northwestern,2025-01-01,42,11-2,0.851639952549779,114.50774615135,98.3649024033442,73.1284145814148,0.199201298512599,2025-01-01,38,10-3,0.86293126455747,110.9243382946,94.5246981142792,65.6293435038135,0.448901899673436
2025-01-02,2025,Big Ten Conference,Washington Huskies,Maryland Terrapins,75,69,0,Washington,Maryland,2025-01-01,114,9-4,0.640606912736189,107.057329913305,101.809526154878,69.3208156091825,-1.09376631490882,2025-01-01,18,11-2,0.919540926783987,115.64559278736,93.5684491137575,70.9556611964006,0.455017441563619
2025-01-03,2025,Big East Conference,Georgetown Hoyas,Xavier Musketeers,69,63,0,Georgetown,Xavier,2025-01-02,84,11-2,0.745666945776244,107.157672376109,97.5893039923528,69.3501170705547,-0.0805033173038971,2025-01-02,59,9-5,0.81706961135559,115.446357932176,101.35865236483,69.7813552668603,-0.811997538697731
2025-01-03,2025,Big East Conference,Marquette Golden Eagles,Creighton Bluejays,79,71,0,Marquette,Creighton,2025-01-02,10,12-2,0.937764315923018,119.695661348841,94.5450748370016,68.7744709020739,3.23522236212553,2025-01-02,51,9-5,0.83600487680973,112.030861561836,97.2358815925884,69.7225505716025,-0.201256013958383
2025-01-03,2025,Big Ten Conference,Ohio State Buckeyes,Michigan State Spartans,62,69,0,Ohio St.,Michigan St.,2025-01-02,42,9-4,0.857348574596461,115.619304775315,98.9239714984824,68.6507131481739,0.541500444134484,2025-01-02,26,11-2,0.894078721095965,115.51030796472,95.9543943173021,69.669838909125,1.23525647298115
2025-01-03,2025,Big Ten Conference,Wisconsin Badgers,Iowa Hawkeyes,116,85,0,Wisconsin,Iowa,2025-01-02,28,10-3,0.886102545771814,120.085666580986,100.465170079779,68.671784292113,1.38230945591403,2025-01-02,38,10-3,0.866472262930702,119.232153687457,101.337168347434,72.5962894083625,0.375632066119472
2025-01-04,2025,Atlantic Coast Conference,Clemson Tigers,California Golden Bears,80,68,0,Clemson,California,2025-01-03,34,11-3,0.869037340286638,114.496929392677,97.1236648139979,66.2896432512459,0.935459744785274,2025-01-03,125,7-6,0.584395003221512,112.890230025964,109.5934389769,69.4860176093392,-2.45749455581856
2025-01-04,2025,Atlantic Coast Conference,Florida State Seminoles,Syracuse Orange,90,74,0,Florida St.,Syracuse,2025-01-03,67,9-4,0.791910671765528,110.916633492695,98.747206778695,71.0585724689291,-1.23130161327312,2025-01-03,149,6-7,0.52235333418184,108.814155917378,107.970838474248,71.0001886961227,-3.13049360288524
2025-01-04,2025,Atlantic Coast Conference,Georgia Tech Yellow Jackets,Boston College Eagles,85,64,0,Georgia Tech,Boston College,2025-01-03,103,7-7,0.67034992635317,107.75315768531,101.303814403246,70.8092844821201,-3.19708360712123,2025-01-03,173,9-5,0.480281678641835,105.503703863581,106.230171102953,67.2773162559442,-2.5742497952673
2025-01-04,2025,Atlantic Coast Conference,Notre Dame Fighting Irish,North Carolina Tar Heels,73,74,0,Notre Dame,North Carolina,2025-01-03,94,7-6,0.702991540045527,113.085277449969,104.922484385023,66.0320659391513,-2.40035234135686,2025-01-03,52,8-6,0.833987147004693,116.574482746305,101.308396417729,74.4092568398571,0.100169521993636
2025-01-04,2025,Atlantic Coast Conference,Pittsburgh Panthers,Stanford Cardinal,83,68,0,Pittsburgh,Stanford,2025-01-03,29,11-2,0.881009204568492,117.592110278761,98.8035050178362,69.2982957546407,1.62148374421418,2025-01-03,85,9-4,0.738057057795789,112.918339888405,103.191565988457,68.0566839193195,-1.03580996380446
2025-01-04,2025,Atlantic Coast Conference,SMU Mustangs,Duke Blue Devils,62,89,0,SMU,Duke,2025-01-03,53,11-2,0.833151016383515,118.038168475495,102.634179147744,71.5742237105429,0.671359485067499,2025-01-03,3,11-2,0.97178387845212,120.083828124313,88.2726281459766,66.6472477109809,2.63561002230683
2025-01-04,2025,Atlantic Coast Conference,Virginia Cavaliers,Louisville Cardinals,50,70,0,Virginia,Louisville,2025-01-03,98,8-5,0.695190889282135,104.705989762479,97.4618098345134,60.922808996242,-0.878986317386932,2025-01-03,44,9-5,0.850806823136285,114.878771892719,98.740090978294,68.9079328848827,0.457246715160119
2025-01-04,2025,Atlantic Coast Conference,Virginia Tech Hokies,Miami Hurricanes,86,85,0,Virginia Tech,Miami FL,2025-01-03,141,5-8,0.536447142179861,106.398850668006,105.056151381268,65.3147831699225,-4.18500822359063,2025-01-03,121,4-9,0.603536648096697,115.87306368964,111.71535570188,67.4844231052022,-5.83641076960291
2025-01-04,2025,Atlantic Coast Conference,Wake Forest Demon Deacons,NC State Wolfpack,77,59,0,Wake Forest,N.C. State,2025-01-03,106,10-4,0.667157550696551,102.301276111979,96.2988448437252,67.3088209388899,0.199158233956569,2025-01-03,89,8-5,0.727874507207342,110.78268559448,101.69895102389,66.4621612050235,-1.68195959567634
2025-01-04,2025,Big 12 Conference,Arizona State Sun Devils,Colorado Buffaloes,81,61,0,Arizona St.,Colorado,2025-01-03,74,9-3,0.775045849309606,109.610989627044,98.4324176984559,68.8979526529069,1.40088746718086,2025-01-03,84,9-3,0.751655655117314,108.073733894008,98.1515456260848,68.3799762039198,0.289343006955735
2025-01-04,2025,Big 12 Conference,Cincinnati Bearcats,Arizona Wildcats,67,72,0,Cincinnati,Arizona,2025-01-03,26,10-2,0.896063665726535,112.617617415976,93.3796612135931,66.1578226813187,0.584528985614822,2025-01-03,12,7-5,0.922991887318187,118.859739921447,95.771906268348,71.3907724590335,-0.887667296807165
2025-01-04,2025,Big 12 Conference,Houston Cougars,BYU Cougars,86,55,0,Houston,BYU,2025-01-03,2,9-3,0.974922768758703,118.833674804258,86.4381691945189,62.7186512621499,0.485542923111737,2025-01-03,27,10-2,0.894801660964191,118.130805376307,98.0659252335746,68.6689722074458,-0.0859418505654223
2025-01-04,2025,Big 12 Conference,Iowa State Cyclones,Baylor Bears,74,55,0,Iowa St.,Baylor,2025-01-03,7,11-1,0.947085632507693,122.112368616795,95.0209055615875,70.6236718422357,2.62042492653637,2025-01-03,18,9-3,0.913042825921865,121.207365066969,98.7939275149773,67.3732527164484,1.17701805205623
2025-01-04,2025,Big 12 Conference,TCU Horned Frogs,Kansas State Wildcats,63,62,0,TCU,Kansas St.,2025-01-03,60,7-5,0.809422287162203,107.538666133204,94.8302704255637,67.9611045547604,-1.51253030981473,2025-01-03,81,7-5,0.754365285360358,111.853932279686,101.456071857195,69.1548756464279,-2.11915401018571
2025-01-04,2025,Big 12 Conference,Utah Utes,Texas Tech Red Raiders,65,93,0,Utah,Texas Tech,2025-01-03,73,8-4,0.776298345402089,109.400878993792,98.182261640746,72.4321356230646,-1.52428263773691,2025-01-03,20,9-3,0.906740699646381,120.742851432586,99.0755659919755,67.9000270685197,-1.07141393808343
2025-01-04,2025,Big 12 Conference,West Virginia Mountaineers,Oklahoma State Cowboys,69,50,0,West Virginia,Oklahoma St.,2025-01-03,30,10-2,0.880800163535613,112.983025900386,94.9472994619298,66.103012474298,1.89557440292187,2025-01-03,109,8-4,0.657230152690823,107.264287273047,101.361084773586,72.2248442954246,-1.25103867524793
2025-01-04,2025,Big East Conference,St. John's Red Storm,Butler Bulldogs,70,62,0,St. John's,Butler,2025-01-03,21,11-3,0.905997803405027,115.227849872228,94.6222312674216,70.5835063873903,0.506189603948918,2025-01-03,71,7-7,0.777815472336867,112.651960078582,101.022997672732,67.5619500960583,-1.84186262585894
2025-01-04,2025,Big East Conference,Villanova Wildcats,DePaul Blue Demons,100,56,0,Villanova,DePaul,2025-01-03,61,9-5,0.806899264576152,123.280576498644,108.865827756517,64.7753102959802,-1.57232692100945,2025-01-03,91,9-5,0.710758260381122,110.073008743286,101.795296460681,69.5130043113905,-1.66414740561548
2025-01-04,2025,Big Sky Conference,Eastern Washington Eagles,Montana State Bobcats,68,63,0,Eastern Washington,Montana St.,2025-01-03,258,4-10,0.304394329809052,105.574067915984,113.440533594881,68.2686576112019,-6.31547080696584,2025-01-03,160,5-9,0.501257036417367,105.964339429874,105.918018665138,67.9326541270356,-5.20811027798067
2025-01-04,2025,Big Sky Conference,Idaho Vandals,Montana Grizzlies,71,73,0,Idaho,Montana,2025-01-03,200,6-8,0.425202015263787,109.924472284631,112.844067090472,66.9866179689755,-5.10003469188692,2025-01-03,166,8-6,0.490651726619902,109.129167245466,109.484627749299,69.5124716978825,-1.78680496918377
2025-01-04,2025,Big Sky Conference,Northern Arizona Lumberjacks,Weber State Wildcats,80,77,0,Northern Arizona,Weber St.,2025-01-03,257,9-5,0.308567285402974,105.303359351057,112.956647741817,67.4128365814947,-3.71460355190036,2025-01-03,260,6-9,0.29818279014328,104.03372594591,112.072612423676,65.8913223439319,-5.84684302621207
2025-01-04,2025,Big Sky Conference,Northern Colorado Bears,Idaho State Bengals,93,92,0,Northern Colorado,Idaho St.,2025-01-03,133,9-5,0.551681574389004,109.800080589599,107.836978760792,71.2033902335505,-1.79452131154401,2025-01-03,272,6-6,0.277344180269911,98.5151710202261,107.070397591747,66.3140326933078,-3.55537380428447
2025-01-04,2025,Big Sky Conference,Sacramento State Hornets,Portland State Vikings,56,53,0,Sacramento St.,Portland St.,2025-01-03,345,4-9,0.130649108450121,94.2046726653595,111.082429893746,65.7535535890271,-7.20652178479502,2025-01-03,254,8-5,0.312539425706933,102.656352901914,109.939760434708,71.2118392951572,-3.05111547316408
2025-01-04,2025,Big Ten Conference,Nebraska Cornhuskers,UCLA Bruins,66,58,0,Nebraska,UCLA,2025-01-03,32,11-2,0.877945334359282,110.931676468272,93.4418427801544,68.8858936009646,1.21167788293603,2025-01-03,14,11-2,0.921203185835842,111.816635417423,90.2921883909041,67.1935898141461,1.50188255128458
2025-01-04,2025,Big Ten Conference,USC Trojans,Michigan Wolverines,74,85,0,USC,Michigan,2025-01-03,70,9-4,0.78884245716999,110.226795826736,98.2912118113042,68.6856915442143,-1.49856655044024,2025-01-03,11,10-3,0.937215605255549,117.993228122068,93.2762735398391,71.2211030419655,0.665860214639748
2025-01-05,2025,Big 12 Conference,UCF Knights,Kansas Jayhawks,48,99,0,UCF,Kansas,2025-01-04,76,10-2,0.772963688146978,111.544742384504,100.272695598969,70.4893645877833,0.965990742550289,2025-01-04,15,9-3,0.922290738190082,115.676041944424,93.2862772895489,69.6470737751297,1.17344524570678
2025-01-05,2025,Big East Conference,UConn Huskies,Providence Friars,87,84,0,Connecticut,Providence,2025-01-04,19,11-3,0.917096959831352,125.168114612344,101.560445628701,65.3176036754194,1.52214100944278,2025-01-04,109,7-7,0.646276256239357,105.65321380282,100.258567666735,64.5907379511073,-2.8475800121988
2025-01-05,2025,Big Ten Conference,Oregon Ducks,Maryland Terrapins,83,79,0,Oregon,Maryland,2025-01-04,22,12-2,0.907109655570602,117.321828733892,96.231862641834,69.7623831025822,2.98144858458972,2025-01-04,20,11-3,0.91606606018583,114.738932925886,93.2075038731154,70.7772143511395,-0.0970582781759446
2025-01-05,2025,Big Ten Conference,Penn State Nittany Lions,Indiana Hoosiers,71,77,0,Penn St.,Indiana,2025-01-04,42,12-2,0.855105543862944,114.930954304529,98.490948807619,73.0496136568774,0.523042860172181,2025-01-04,57,11-3,0.820883561405094,112.318462511838,98.3920895001164,70.8941834302631,0.264436386473541
2025-01-05,2025,Big Ten Conference,Purdue Boilermakers,Northwestern Wildcats,79,61,0,Purdue,Northwestern,2025-01-04,27,10-4,0.89745891171287,121.202483036155,100.366396101901,65.6287954694258,1.8478547634642,2025-01-04,41,10-4,0.857823706590438,111.352166037011,95.2407798359491,65.5389607637085,0.065022499767646
2025-01-05,2025,Big Ten Conference,Washington Huskies,Illinois Fighting Illini,77,81,0,Washington,Illinois,2025-01-04,105,10-4,0.661702590613224,106.881528563904,100.824631191012,69.1612000848814,-0.606306421672059,2025-01-04,8,10-3,0.949124094151434,119.075361132876,92.3244260744116,72.8706676928639,1.63677403848752
2025-01-06,2025,Big 12 Conference,Houston Cougars,TCU Horned Frogs,65,46,0,Houston,TCU,2025-01-05,2,10-3,0.981496880265672,120.65151343431,85.420819506384,62.589887419238,0.981889581807342,2025-01-05,63,8-5,0.807976326988265,106.24838632059,93.7686490323264,67.5923595075323,-1.23385537289828
2025-01-06,2025,Big Ten Conference,Minnesota Golden Gophers,Ohio State Buckeyes,88,89,0,Minnesota,Ohio St.,2025-01-05,132,8-6,0.560635019723022,105.103619471384,102.899415619422,62.4770352727077,-3.13150678529112,2025-01-05,43,9-5,0.851671039531566,113.403461260824,97.4142108191244,68.503678688301,0.136300555461091
2025-01-06,2025,Big Ten Conference,Rutgers Scarlet Knights,Wisconsin Badgers,63,75,0,Rutgers,Wisconsin,2025-01-05,84,8-6,0.733359349330869,112.740928870269,103.246120394373,71.3132884466769,-1.95650301765019,2025-01-05,23,11-3,0.906971127165913,122.544342498273,100.529929683321,68.7884322617855,1.81511887343522
2025-01-07,2025,Atlantic Coast Conference,Duke Blue Devils,Pittsburgh Panthers,76,47,0,Duke,Pittsburgh,2025-01-06,3,12-2,0.978565714363396,121.336865259865,87.0342270476656,66.2370604292894,3.46850470450449,2025-01-06,29,12-2,0.890671005495021,117.831727518657,98.1852888705809,68.9760756873315,1.95420871014641
2025-01-07,2025,Atlantic Coast Conference,Louisville Cardinals,Clemson Tigers,74,64,0,Louisville,Clemson,2025-01-06,34,10-5,0.874292760129747,115.349676315355,97.448060165493,68.774827768025,1.07480828293687,2025-01-06,37,12-3,0.865264384344101,114.09902992335,97.0621908278207,65.8357486149018,0.930860369645129
2025-01-07,2025,Atlantic Coast Conference,North Carolina Tar Heels,SMU Mustangs,82,67,0,North Carolina,SMU,2025-01-06,48,9-6,0.843284025474163,116.165837514493,100.351838110809,73.9802784570406,0.696151821198413,2025-01-06,58,11-3,0.82286833111135,117.92083670569,103.178113709512,71.1336606423951,0.553356270314384
2025-01-07,2025,Atlantic Coast Conference,Syracuse Orange,Georgia Tech Yellow Jackets,62,55,0,Syracuse,Georgia Tech,2025-01-06,155,6-8,0.517022190810127,108.784854378752,108.142420596115,70.7690927009863,-3.48878304554737,2025-01-06,98,8-7,0.68717558718903,107.71487554698,100.590462996348,70.8103095453763,-3.17261442115191
2025-01-07,2025,Big 12 Conference,BYU Cougars,Texas Tech Red Raiders,67,72,0,BYU,Texas Tech,2025-01-06,31,10-3,0.886991651554287,117.778855590476,98.4595511270709,68.5938673771465,-0.0538151582919361,2025-01-06,17,10-3,0.921913041288053,123.396509536588,99.557914949360807,66.9726969412194,-0.627523961944429
2025-01-07,2025,Big 12 Conference,Baylor Bears,Cincinnati Bearcats,68,48,0,Baylor,Cincinnati,2025-01-06,27,9-4,0.900510855431987,118.904672664705,98.1762556839332,66.8471248831037,0.979149718701253,2025-01-06,30,10-3,0.888524668677729,110.89815272146,92.5835469110757,66.1668762064764,0.17125326044004
2025-01-07,2025,Big 12 Conference,Iowa State Cyclones,Utah Utes,82,59,0,Iowa St.,Utah,2025-01-06,7,12-1,0.954681512681711,121.772942654384,93.4236041364092,70.1045826604111,2.9843302452193,2025-01-06,80,8-5,0.749790043235311,109.935580895255,99.9290472516139,71.4877327891202,-1.92369443020215
2025-01-07,2025,Big 12 Conference,Oklahoma State Cowboys,Kansas State Wildcats,79,66,0,Oklahoma St.,Kansas St.,2025-01-06,118,8-5,0.595848040279235,104.125900092347,100.669681998721,71.9114724301149,-1.52721502876475,2025-01-06,82,7-6,0.739473406561378,110.801605656723,101.192568441176,68.7758977583524,-2.67661008839957
2025-01-07,2025,Big 12 Conference,West Virginia Mountaineers,Arizona Wildcats,56,75,0,West Virginia,Arizona,2025-01-06,22,11-2,0.909488484958494,112.788578421352,92.2840336620537,65.7824396211578,2.21486047514517,2025-01-06,13,8-5,0.934456719782746,119.463688244439,94.8168221083743,71.3652114463202,-0.0221884937812059
2025-01-07,2025,Big East Conference,Marquette Golden Eagles,Georgetown Hoyas,74,66,0,Marquette,Georgetown,2025-01-06,10,13-2,0.942305186060243,119.894586255257,94.0408502109273,68.8136785371526,3.80972677574451,2025-01-06,77,12-2,0.764624774423575,106.325030559176,95.9712034789817,69.2125322286359,0.288389036625822
2025-01-07,2025,Big East Conference,Xavier Musketeers,St. John's Red Storm,72,82,0,Xavier,St. John's,2025-01-06,67,9-6,0.796139156527852,113.494006303739,100.814883200455,69.5057217940777,-1.37067500936609,2025-01-06,26,12-3,0.902853858497648,113.057242254148,93.1338995721074,71.0521296030538,0.74096038866521
2025-01-07,2025,Big Ten Conference,Iowa Hawkeyes,Nebraska Cornhuskers,97,87,0,Iowa,Nebraska,2025-01-06,46,10-4,0.84771084380549,119.262880660604,102.724103447383,72.7995793541144,0.111330352412093,2025-01-06,28,12-2,0.894908285436127,110.438183837219,91.6708852905262,69.1309459468075,1.89877683382962
2025-01-07,2025,Big Ten Conference,UCLA Bruins,Michigan Wolverines,75,94,0,UCLA,Michigan,2025-01-06,18,11-3,0.92188281878966,110.174131135456,88.8931719238064,67.2060658106754,1.35504847452642,2025-01-06,12,11-3,0.940704509040072,118.194541398536,92.9420114352555,71.0861001865975,1.15541836431228
2025-01-08,2025,Atlantic Coast Conference,California Golden Bears,Virginia Cavaliers,75,61,0,California,Virginia,2025-01-07,119,7-7,0.591027308491808,113.545300832331,109.967326395018,69.0845674202912,-2.72320068615645,2025-01-07,106,8-6,0.666462725725633,103.115567522211,97.0917586596704,60.6986227735179,-1.43233351065242
2025-01-08,2025,Atlantic Coast Conference,Miami Hurricanes,Florida State Seminoles,65,80,0,Miami FL,Florida St.,2025-01-07,128,4-10,0.569522345584774,116.215715569632,113.421245560072,67.5176988052573,-6.76919177727805,2025-01-07,66,10-4,0.79820485754032,111.477791501785,98.9139632467161,70.89235343452,-1.10277131957759
2025-01-08,2025,Atlantic Coast Conference,NC State Wolfpack,Notre Dame Fighting Irish,66,65,0,N.C. State,Notre Dame,2025-01-07,99,8-6,0.68223151547054794,109.94166662575,102.87463803492,66.1988233157266,-2.21558873297163,2025-01-07,88,7-7,0.714160301578978,113.254781193597,104.586654375213,65.6467769399259,-2.88213599481681
2025-01-08,2025,Atlantic Coast Conference,Stanford Cardinal,Virginia Tech Hokies,70,59,0,Stanford,Virginia Tech,2025-01-07,83,9-5,0.72475970061041906,112.548058106611,103.460447518093,67.815765336252,-1.37785361049707,2025-01-07,153,6-8,0.52504060337964,106.731189548313,105.804849880487,65.4935657557019,-4.10228398785646
2025-01-08,2025,Big 12 Conference,Kansas Jayhawks,Arizona State Sun Devils,74,55,0,Kansas,Arizona St.,2025-01-07,12,10-3,0.944674398548081,116.267471703996,90.8441231055571,70.0841165422147,1.74415655086079,2025-01-07,58,10-3,0.817011780821713,109.890888090957,96.4843519525754,69.056809939288,1.67791052947609
2025-01-08,2025,Big 12 Conference,UCF Knights,Colorado Buffaloes,75,74,0,UCF,Colorado,2025-01-07,92,10-3,0.705151784668728,108.669569801946,100.734653077364,70.89278452908,0.550445676299411,2025-01-07,85,9-4,0.718342385819235,106.415831459157,98.0954472577607,68.5166865922061,-0.0570557235723397
2025-01-08,2025,Big East Conference,Providence Friars,Butler Bulldogs,84,65,0,Providence,Butler,2025-01-07,97,7-8,0.685033704399573,107.847870416977,100.801798756522,64.8734360273982,-3.02541176194991,2025-01-07,71,7-8,0.784952181496501,110.687851953862,98.901663817282,68.0067536734559,-2.05696273920947
2025-01-08,2025,Big East Conference,Seton Hall Pirates,DePaul Blue Demons,85,80,0,Seton Hall,DePaul,2025-01-07,189,5-9,0.441555233390172,96.8259342599081,98.8236392358693,63.8400005524777,-5.5129112764931,2025-01-07,110,9-6,0.643642856569148,107.44852321158,102.064224281737,69.2779661400041,-2.11054335452135
2025-01-08,2025,Big East Conference,Villanova Wildcats,UConn Huskies,68,66,0,Villanova,Connecticut,2025-01-07,45,10-5,0.851111764168392,125.436914591963,107.792439640081,64.6013755965133,-1.47800179370334,2025-01-07,26,12-3,0.905844356411221,126.36997589329,103.7881144501,65.5707770940904,1.69050728431799
2025-01-08,2025,Big Ten Conference,Illinois Fighting Illini,Penn State Nittany Lions,91,52,0,Illinois,Penn St.,2025-01-07,10,11-3,0.949833392825111,119.255400521445,92.3452033493242,72.9738031089985,2.0146860534418,2025-01-07,49,12-3,0.844823950076072,114.457654197577,98.7756566780853,72.5698601690207,-0.172495853585383
2025-01-08,2025,Big Ten Conference,Indiana Hoosiers,USC Trojans,82,69,0,Indiana,USC,2025-01-07,52,12-3,0.84125625804345,112.633622283615,97.429703771264,70.5333476794052,0.968560861768698,2025-01-07,68,9-5,0.791324526927905,109.698264139689,97.6926935665664,68.6407518285537,-1.81356880328651
2025-01-09,2025,Big Sky Conference,Montana Grizzlies,Northern Arizona Lumberjacks,81,76,0,Montana,Northern Arizona,2025-01-08,161,9-6,0.497002499641303,108.051214555081,108.163929803521,69.4441537086631,-1.69733202530431,2025-01-08,250,10-5,0.311991010785483,105.572170507776,113.087562813284,67.1569263896663,-3.68806412985616
2025-01-09,2025,Big Sky Conference,Montana State Bobcats,Northern Colorado Bears,82,83,0,Montana St.,Northern Colorado,2025-01-08,169,5-10,0.479288473091565,104.280929736725,105.035316243688,67.7131191372063,-6.24091626682089,2025-01-08,149,10-5,0.540208571877173,110.124885026976,108.592156877348,71.0289935581403,-1.76800828535152
2025-01-09,2025,Big Sky Conference,Portland State Vikings,Eastern Washington Eagles,64,59,0,Portland St.,Eastern Washington,2025-01-08,256,8-6,0.299285829198977,101.192178257507,108.961593093686,70.1711001628816,-4.01935281811808,2025-01-08,242,5-10,0.321096692040874,104.962844556322,112.02409034036,68.1636070034618,-6.28691034038174
2025-01-09,2025,Big Sky Conference,Sacramento State Hornets,Idaho Vandals,67,80,0,Sacramento St.,Idaho,2025-01-08,342,5-9,0.138773735971267,93.1595749268505,109.186136002464,64.8515078926068,-7.0355233105839,2025-01-08,203,6-9,0.424617712264113,108.975914635039,111.89357884404,66.8130224417224,-6.01933948985473
2025-01-09,2025,Big Ten Conference,Michigan State Spartans,Washington Huskies,88,54,0,Michigan St.,Washington,2025-01-08,25,12-2,0.909026718055122,115.334563318921,94.4131041754575,69.3776836893608,2.00969444714147,2025-01-08,101,10-5,0.672623629046905,107.079616548953,100.580397427986,69.0090857639182,-0.911246036354777
2025-01-09,2025,Big Ten Conference,Ohio State Buckeyes,Oregon Ducks,71,73,0,Ohio St.,Oregon,2025-01-08,52,10-5,0.842889058099975,113.370732912553,97.9626687358339,68.4880127766866,0.367782336996777,2025-01-08,23,13-2,0.910133034514055,118.798514790999,97.1350148938346,69.1435235129934,3.5171293710929
2025-01-09,2025,Big Ten Conference,Rutgers Scarlet Knights,Purdue Boilermakers,50,68,0,Rutgers,Purdue,2025-01-08,85,8-7,0.719594493963771,111.259462256776,102.505115577491,71.0892252654559,-2.52111313707281,2025-01-08,21,11-4,0.915080911964985,121.855590237102,99.0984436126404,65.7127053963243,2.1470485417717
2025-01-10,2025,Big Ten Conference,Maryland Terrapins,UCLA Bruins,79,61,0,Maryland,UCLA,2025-01-09,20,11-4,0.919535335127782,116.913117729991,94.5946208131851,70.1634768391499,-0.36479195442714,2025-01-09,24,11-4,0.907430931349157,110.803122676871,90.8547951371219,67.146609887065,0.948021061748845
2025-01-10,2025,Big Ten Conference,Wisconsin Badgers,Minnesota Golden Gophers,80,59,0,Wisconsin,Minnesota,2025-01-09,21,12-3,0.917124518573677,122.610211247418,99.4818463926358,68.4762267628891,2.26920473266199,2025-01-09,123,8-7,0.591146717982317,106.411847981817,103.054231574003,62.3676019414335,-3.70956679076971
2025-01-11,2025,Atlantic Coast Conference,Boston College Eagles,Syracuse Orange,71,79,0,Boston College,Syracuse,2025-01-10,199,9-6,0.429752527033193,104.30001584902,106.897252318955,67.0881441902197,-3.33935845387872,2025-01-10,145,7-8,0.54432750049484,107.765739808614,106.112616342006,70.5130630111419,-3.30749155042311
2025-01-11,2025,Atlantic Coast Conference,California Golden Bears,Virginia Tech Hokies,68,71,0,California,Virginia Tech,2025-01-10,116,8-7,0.614089915662684,114.054017064959,109.538671560135,69.0731929035082,-2.6334137400385,2025-01-10,156,6-9,0.52472876494983,106.355074116245,105.443463582576,65.147589549347,-4.78184601486623
2025-01-11,2025,Atlantic Coast Conference,Clemson Tigers,Florida State Seminoles,77,57,0,Clemson,Florida St.,2025-01-10,43,12-4,0.855394094374525,113.628698246766,97.3552366388008,65.5360286044772,0.473730098694962,2025-01-10,58,11-4,0.813214878748575,110.830192972703,97.522490092107,70.8153782546243,-0.908012143715413
2025-01-11,2025,Atlantic Coast Conference,Duke Blue Devils,Notre Dame Fighting Irish,86,78,0,Duke,Notre Dame,2025-01-10,3,13-2,0.982014708371816,121.357273678285,85.7047510185206,65.8925207260615,3.78449622936224,2025-01-10,90,7-8,0.711188965296474,113.235120612774,104.70052669519,65.1918855179945,-3.57266786883242
2025-01-11,2025,Atlantic Coast Conference,Miami Hurricanes,Wake Forest Demon Deacons,78,88,0,Miami FL,Wake Forest,2025-01-10,144,4-11,0.546373231684095,114.62361903536,112.784348372362,67.4902985743867,-7.54283433355489,2025-01-10,88,11-4,0.711702197734308,103.085444779317,95.2951187559753,66.7477991971718,0.439231195427606
2025-01-11,2025,Atlantic Coast Conference,NC State Wolfpack,North Carolina Tar Heels,61,63,0,N.C. State,North Carolina,2025-01-10,102,9-6,0.67147773805644,109.849189303181,103.228529742343,65.7402858039381,-2.04806831633241,2025-01-10,39,10-6,0.864191783347648,115.893021892938,98.6669524940872,73.6533460065243,0.981022585519622
2025-01-11,2025,Atlantic Coast Conference,Pittsburgh Panthers,Louisville Cardinals,78,82,0,Pittsburgh,Louisville,2025-01-10,34,12-3,0.882811154626738,116.582916489354,97.8082867203518,68.5818068985589,1.82698586379088,2025-01-10,33,11-5,0.883741803753946,115.94735802752,97.1987543235426,68.6030713485248,1.39808385976436
2025-01-11,2025,Atlantic Coast Conference,SMU Mustangs,Georgia Tech Yellow Jackets,93,71,0,SMU,Georgia Tech,2025-01-10,65,11-4,0.796571392589795,115.947935073819,102.970800745712,70.7698065288386,0.0250555686245829,2025-01-10,101,8-8,0.67296979959591,105.390939522673,98.9806796031827,70.5114344221641,-3.91287668367431
2025-01-11,2025,Atlantic Coast Conference,Stanford Cardinal,Virginia Cavaliers,88,65,0,Stanford,Virginia,2025-01-10,86,10-5,0.720404429051135,112.111621879421,103.254145612278,67.4903290950557,-1.32184763043633,2025-01-10,109,8-7,0.63637868860204,102.491393064442,97.6227856982459,60.6920654112002,-2.15561177526271
2025-01-11,2025,Big 12 Conference,Arizona State Sun Devils,Baylor Bears,66,72,0,Arizona St.,Baylor,2025-01-10,57,10-4,0.814653620052325,109.14220855836,95.9578836214238,68.5750451899743,1.45130633855296,2025-01-10,22,10-4,0.917682988311067,119.371588005174,96.7920824191902,66.2649568337723,1.24802940973112
2025-01-11,2025,Big 12 Conference,Arizona Wildcats,UCF Knights,88,80,0,Arizona,UCF,2025-01-10,12,9-5,0.94552027706114,120.43449677653,93.9666756372387,70.9281720228245,0.561914416126845,2025-01-10,91,11-3,0.69815579830153,108.711705618098,101.067004873615,70.7790200471395,0.742511209590299
2025-01-11,2025,Big 12 Conference,Cincinnati Bearcats,Kansas Jayhawks,40,54,0,Cincinnati,Kansas,2025-01-10,41,10-4,0.861196524844634,108.787163252689,92.8211724152656,65.6198515960617,-0.23114069670655,2025-01-10,11,11-3,0.947356060872459,116.01541655665,90.2341503421881,69.5012411505374,2.0459781038386
2025-01-11,2025,Big 12 Conference,Kansas State Wildcats,Houston Cougars,57,87,0,Kansas St.,Houston,2025-01-10,98,7-7,0.683631269830316,109.915222616053,102.792096748825,68.2115430096319,-3.44610932249635,2025-01-10,2,11-3,0.983684457985638,120.827671007578,84.598309027086,62.0877124295174,1.2571023922446
2025-01-11,2025,Big 12 Conference,TCU Horned Frogs,BYU Cougars,71,67,0,TCU,BYU,2025-01-10,62,8-6,0.803791146930302,105.460088547721,93.2897258707852,67.1683025715411,-1.30206930250391,2025-01-10,30,10-4,0.889663004766608,117.724538926708,98.1839568786649,68.005506835808,-0.50321759934495
2025-01-11,2025,Big 12 Conference,Texas Tech Red Raiders,Iowa State Cyclones,84,85,0,Texas Tech,Iowa St.,2025-01-10,18,11-3,0.924880488599191,123.617973673369,99.3733812182912,66.3288867743447,0.00633962503294039,2025-01-10,8,13-1,0.959133782270536,121.827446447761,92.5912497978217,69.5225058637892,3.21160082588617
2025-01-11,2025,Big 12 Conference,Utah Utes,Oklahoma State Cowboys,83,62,0,Utah,Oklahoma St.,2025-01-10,79,8-6,0.750852179765933,109.544127104699,99.5241459828379,71.1351142033045,-1.96349696929161,2025-01-10,110,9-5,0.63376692146417,104.24359863134,99.3891065735134,71.5157427723498,-1.41924783832021
2025-01-11,2025,Big East Conference,Butler Bulldogs,Creighton Bluejays,76,80,0,Butler,Creighton,2025-01-10,77,7-9,0.752732961861332,110.31165966626,100.133671388425,67.8941815201668,-2.70513366684298,2025-01-10,40,9-6,0.861398805624214,112.492199633287,95.9683132652044,69.3256003465527,0.0274360807470208
2025-01-11,2025,Big East Conference,DePaul Blue Demons,Xavier Musketeers,63,77,0,DePaul,Xavier,2025-01-10,111,9-7,0.633119182397388,108.51140827676,103.483269570936,68.9714649377428,-2.9511398791116,2025-01-10,69,9-7,0.78478179243376,112.771935153141,100.77267337967,69.4849111354853,-1.94823038740212
2025-01-11,2025,Big East Conference,Georgetown Hoyas,UConn Huskies,60,68,0,Georgetown,Connecticut,2025-01-10,68,12-3,0.787477460436434,106.262982646357,94.8239955199434,69.1028789355847,0.0544035812467181,2025-01-10,26,12-4,0.900805436809676,125.706224290911,103.762395208767,65.0540407173862,1.18928297889028
2025-01-11,2025,Big East Conference,Providence Friars,Seton Hall Pirates,91,85,0,Providence,Seton Hall,2025-01-10,87,8-8,0.713633904896183,109.113073608592,100.784522770864,64.7948543817461,-2.92861608522435,2025-01-10,190,6-9,0.441803819058046,98.6311366812173,100.657262732719,63.4985500251002,-5.46121538804688
2025-01-11,2025,Big East Conference,St. John's Red Storm,Villanova Wildcats,80,68,0,St. John's,Villanova,2025-01-10,23,13-3,0.91017502897926,113.072174707804,92.4487729057548,70.9860026604235,1.20115939532618,2025-01-10,46,11-5,0.853915304301314,124.981032159406,107.192640677726,64.0734683058807,-1.14692095166056
2025-01-11,2025,Big Sky Conference,Idaho State Bengals,Weber State Wildcats,69,77,0,Idaho St.,Weber St.,2025-01-10,257,6-7,0.299088147286868,99.3677603876926,107.005870905944,65.9115705877904,-4.32612999997863,2025-01-10,249,6-10,0.311660477128078,104.304820634073,111.744959810537,65.5067959312889,-6.63290547766565
2025-01-11,2025,Big Sky Conference,Montana Grizzlies,Northern Colorado Bears,57,81,0,Montana,Northern Colorado,2025-01-10,166,10-6,0.494412090383747,107.738323098605,107.947937904481,69.6333575121306,-1.71018673789759,2025-01-10,147,11-5,0.540097749244383,111.149317137641,109.606583196027,70.5793488517756,-1.62946274598313
2025-01-11,2025,Big Sky Conference,Montana State Bobcats,Northern Arizona Lumberjacks,58,53,0,Montana St.,Northern Arizona,2025-01-10,172,5-11,0.475746395507326,105.06916302558,105.959981628098,67.2115449441559,-7.18863017922514,2025-01-10,248,10-6,0.311938531037871,105.037414571043,112.517131241099,67.3041638553112,-4.46842549199824
2025-01-11,2025,Big Sky Conference,Portland State Vikings,Idaho Vandals,75,63,0,Portland St.,Idaho,2025-01-10,256,9-6,0.299431884652586,99.5661361236918,107.20421370146,70.0375533324809,-4.04563929845204,2025-01-10,187,7-9,0.445045613400808,110.422987305503,112.562703418103,66.4330823706752,-6.04101692665428
2025-01-11,2025,Big Sky Conference,Sacramento State Hornets,Eastern Washington Eagles,54,65,0,Sacramento St.,Eastern Washington,2025-01-10,347,5-10,0.119268269194725,93.2106963523001,110.9102613565,64.5190018542796,-8.00759953312469,2025-01-10,243,5-11,0.320090275520105,103.357102960959,110.354654611254,68.0095495279055,-7.26418560380195
2025-01-11,2025,Big Ten Conference,Illinois Fighting Illini,USC Trojans,72,82,0,Illinois,USC,2025-01-10,7,12-3,0.959699421579964,119.173880251562,90.4601405055121,72.8385683803709,2.22517952495274,2025-01-10,71,9-6,0.782649689011689,109.624586473972,98.0674172356177,68.4110161438357,-2.29946889870479
2025-01-11,2025,Big Ten Conference,Iowa Hawkeyes,Indiana Hoosiers,85,60,0,Iowa,Indiana,2025-01-10,42,11-4,0.856851899294827,120.426735969875,103.073553361159,72.4580576619218,0.488441500913854,2025-01-10,52,13-3,0.843363277243643,112.708492720118,97.3600737485083,70.3055048068664,1.11083646142697
2025-01-12,2025,Big 12 Conference,Colorado Buffaloes,West Virginia Mountaineers,70,78,0,Colorado,West Virginia,2025-01-11,87,9-5,0.730936679617885,107.350807336805,98.4156098647006,68.3104671768116,-0.47110455816263,2025-01-11,28,11-3,0.899803869778923,112.741108869291,93.1508707049995,65.0840437537052,1.84980320173578
2025-01-12,2025,Big Ten Conference,Michigan Wolverines,Washington Huskies,91,75,0,Michigan,Washington,2025-01-11,8,12-3,0.956382855124768,121.943422180686,93.2291868511499,70.8188243261801,2.16475957300423,2025-01-11,115,10-6,0.6146480329815,106.310111604693,102.080430855432,68.803692334946,-1.07453182546948
2025-01-12,2025,Big Ten Conference,Northwestern Wildcats,Michigan State Spartans,68,78,0,Northwestern,Michigan St.,2025-01-11,58,10-5,0.817480261821238,110.565030359468,97.0497752566748,65.2561459630162,-0.364168106894342,2025-01-11,18,13-2,0.929346384596416,117.22642731896,93.6952173260053,69.1187630294773,2.29259198673165
2025-01-12,2025,Big Ten Conference,Penn State Nittany Lions,Oregon Ducks,81,82,0,Penn St.,Oregon,2025-01-11,59,12-4,0.814291547591632,113.113502010714,99.470170175224,72.2849327115727,-0.281895575720331,2025-01-11,24,14-2,0.90584878557292,118.35965425568,97.2087695841097,68.7961295935097,4.24898792246012
2025-01-12,2025,Big Ten Conference,Purdue Boilermakers,Nebraska Cornhuskers,104,68,0,Purdue,Nebraska,2025-01-11,19,12-4,0.923528533873457,121.584591975417,97.9029672406579,65.1353777133145,2.73428071326723,2025-01-11,27,12-3,0.903064176829785,111.337355122538,91.6979561176532,68.5897400010366,1.74253679307624
2025-01-13,2025,Atlantic Coast Conference,Notre Dame Fighting Irish,Boston College Eagles,78,60,0,Notre Dame,Boston College,2025-01-12,86,7-9,0.735702520671239,116.326630769336,106.418584512326,65.0863468997672,-3.56030006963152,2025-01-12,198,9-7,0.424708941611099,105.082559928992,107.892482267062,66.739019822482,-4.12088523948207
2025-01-13,2025,Big Ten Conference,Maryland Terrapins,Minnesota Golden Gophers,77,71,0,Maryland,Minnesota,2025-01-12,16,12-4,0.932627768155626,118.752343859204,94.4941720973134,69.8325367649674,0.20880720232355,2025-01-12,119,8-8,0.602016581292775,106.612175273139,102.843521070826,62.2773368056697,-3.7903136494282
2025-01-13,2025,Big Ten Conference,Rutgers Scarlet Knights,UCLA Bruins,75,68,0,Rutgers,UCLA,2025-01-12,92,8-8,0.695381940388093,109.797741301503,102.193270129183,70.2528947917383,-2.85337550501568,2025-01-12,28,11-5,0.896288967962113,110.540269411824,91.6378797415445,66.6390010171837,0.832727582470791
2025-01-14,2025,Atlantic Coast Conference,Duke Blue Devils,Miami Hurricanes,89,54,0,Duke,Miami FL,2025-01-13,3,14-2,0.980781204423484,123.643013154275,87.8337116087555,65.6738147513725,4.10719518672011,2025-01-13,152,4-12,0.524459833690817,115.544703337162,114.565066986711,67.4600847219794,-8.27132199803709
2025-01-14,2025,Atlantic Coast Conference,Georgia Tech Yellow Jackets,Clemson Tigers,59,70,0,Georgia Tech,Clemson,2025-01-13,109,8-9,0.627489580596462,105.392968078401,100.720705133479,70.3792390152504,-4.26452524697513,2025-01-13,38,13-4,0.871277540715462,115.0189111237,97.3983657827733,64.9797690874379,0.870752796296576
2025-01-14,2025,Atlantic Coast Conference,Syracuse Orange,Louisville Cardinals,61,85,0,Syracuse,Louisville,2025-01-13,145,8-8,0.554440123301829,108.678252973287,106.631679714339,70.0714787086254,-3.01966957736349,2025-01-13,30,12-5,0.884183471589902,117.032619810092,98.0718025004945,68.4207633721363,2.12351412374255
2025-01-14,2025,Big 12 Conference,Arizona State Sun Devils,UCF Knights,89,95,0,Arizona St.,UCF,2025-01-13,61,10-5,0.804806166381291,109.176387528014,96.5230144182787,67.9899697602935,1.16509686409199,2025-01-13,91,11-4,0.709156635997252,110.458878445844,102.221261661992,70.6181265025304,0.669107160233524
2025-01-14,2025,Big 12 Conference,Arizona Wildcats,Baylor Bears,81,70,0,Arizona,Baylor,2025-01-13,12,10-5,0.943452074317651,121.740278342445,95.311884972137,70.7739436225083,0.810364803035092,2025-01-13,21,11-4,0.921650066405642,120.269506489482,97.0657886541901,65.696123007726,1.87384672835136
2025-01-14,2025,Big 12 Conference,BYU Cougars,Oklahoma State Cowboys,85,69,0,BYU,Oklahoma St.,2025-01-13,32,10-5,0.883637802299614,118.712280512158,99.5253475090811,67.6702548457361,-0.860599597499646,2025-01-13,126,9-6,0.584692717445832,104.013045946316,100.964736367343,70.8359770392847,-1.84995855286948
2025-01-14,2025,Big 12 Conference,Kansas State Wildcats,Texas Tech Red Raiders,57,61,0,Kansas St.,Texas Tech,2025-01-13,107,7-8,0.635885129789481,110.239380330804,105.022194559787,68.2666335367638,-3.62984972392006,2025-01-13,16,11-4,0.929680709756763,125.199211623391,100.023208575481,65.9840617949342,-0.106644929392192
2025-01-14,2025,Big East Conference,Creighton Bluejays,Providence Friars,84,64,0,Creighton,Providence,2025-01-13,42,10-6,0.856898635771136,114.026822259863,97.5926166655811,69.1369738666498,0.499401108974958,2025-01-13,93,9-8,0.693257376996747,111.393944957309,103.769209570219,65.2091552089584,-2.91126999713956
2025-01-14,2025,Big East Conference,DePaul Blue Demons,Marquette Golden Eagles,83,85,0,DePaul,Marquette,2025-01-13,123,9-8,0.593836184532025,108.024915595526,104.515118165253,68.4985963494595,-3.64830874816906,2025-01-13,14,14-2,0.937269112332096,120.031981537808,94.8804478424213,68.4134410890805,4.12788042223843
2025-01-14,2025,Big East Conference,St. John's Red Storm,Georgetown Hoyas,63,58,0,St. John's,Georgetown,2025-01-13,24,14-3,0.90679885921096,113.697556284411,93.2889669244174,70.6070974844503,1.64573123381023,2025-01-13,73,12-4,0.777672424584674,105.387613590749,94.5153443688768,68.6812607353077,-0.341082808626699
2025-01-14,2025,Big East Conference,Xavier Musketeers,Villanova Wildcats,69,63,0,Xavier,Villanova,2025-01-13,64,10-7,0.801060270603934,113.948911942602,100.950014395672,69.0472730298992,-1.52141128153198,2025-01-13,43,11-6,0.851105994494736,125.834223726684,108.134289746064,63.6201069871217,-1.32259270270975
2025-01-14,2025,Big Ten Conference,Indiana Hoosiers,Illinois Fighting Illini,69,94,0,Indiana,Illinois,2025-01-13,53,13-4,0.826409942695231,112.009004531896,97.7968916861086,69.7798405520994,0.996176018883238,2025-01-13,9,12-4,0.951983263801157,118.787190163052,91.6149650411677,72.7710488831927,1.59982688951809
2025-01-14,2025,Big Ten Conference,USC Trojans,Iowa Hawkeyes,99,89,0,USC,Iowa,2025-01-13,54,10-6,0.824559660845366,111.665913974497,97.6062860118275,68.2745986056946,-1.26695298347708,2025-01-13,33,12-4,0.879667035250852,121.377082910834,102.096775516695,72.0311940912301,0.860730317269937
2025-01-14,2025,Big Ten Conference,Wisconsin Badgers,Ohio State Buckeyes,70,68,0,Wisconsin,Ohio St.,2025-01-13,22,13-3,0.91770390130073,123.406453049817,100.061331127831,68.2824603789091,2.52092981721813,2025-01-13,48,10-6,0.844795794278789,113.716201618573,98.13762416184,68.1524652723488,0.0781431216575641
2025-01-15,2025,Atlantic Coast Conference,Florida State Seminoles,Pittsburgh Panthers,82,70,0,Florida St.,Pittsburgh,2025-01-14,68,11-5,0.788516698902077,111.071897701105,99.0616397478198,70.2861473612349,-1.1129954752020501,2025-01-14,39,12-4,0.876411435126512,117.537719882528,99.1290083990882,68.4207902172364,1.43576485134052
2025-01-15,2025,Atlantic Coast Conference,North Carolina Tar Heels,California Golden Bears,79,53,0,North Carolina,California,2025-01-14,42,11-6,0.864058508785607,115.855519959309,98.6447608895315,72.9738645803488,1.5595745762962,2025-01-14,124,8-8,0.589483565915289,113.904196263117,110.376158698755,68.7507718709123,-3.20567556278771
2025-01-15,2025,Atlantic Coast Conference,Virginia Cavaliers,SMU Mustangs,52,54,0,Virginia,SMU,2025-01-14,122,8-8,0.595460167863076,104.371162023203,100.920934739209,60.4466054308876,-2.59184911976452,2025-01-14,55,12-4,0.823249895323262,117.374184510998,102.67640975702,70.8465999523457,0.184843219656423
2025-01-15,2025,Atlantic Coast Conference,Virginia Tech Hokies,NC State Wolfpack,79,76,0,Virginia Tech,N.C. State,2025-01-14,130,7-9,0.577528928658926,107.774503060979,104.88402699823,64.8427167273515,-4.26598234400953,2025-01-14,95,9-7,0.67950563683256,109.418628358067,102.496971706146,65.0534693968238,-2.52349992264848
2025-01-15,2025,Atlantic Coast Conference,Wake Forest Demon Deacons,Stanford Cardinal,80,67,0,Wake Forest,Stanford,2025-01-14,90,12-4,0.724112176158949,105.161005510548,96.6971272732001,66.760257258211,0.832464159919057,2025-01-14,80,11-5,0.744621071409256,115.546970582742,105.27990815979,67.2480097285446,-1.09890547331363
2025-01-15,2025,Big 12 Conference,Colorado Buffaloes,Cincinnati Bearcats,62,68,0,Colorado,Cincinnati,2025-01-14,89,9-6,0.728464370126148,107.901430678145,99.0282826030356,68.3495072847295,-0.962634251619321,2025-01-14,44,10-5,0.849958543080731,107.184416598864,92.1800995309143,65.0437039500804,-0.56626432838889
2025-01-15,2025,Big 12 Conference,Houston Cougars,West Virginia Mountaineers,70,54,0,Houston,West Virginia,2025-01-14,1,12-3,0.98551440938531,122.362957626392,84.7778542778038,62.4033310229908,1.69923833138221,2025-01-14,23,12-3,0.911413815790891,114.292679326257,93.3228541836531,65.2462697968093,2.4399428741883
2025-01-15,2025,Big 12 Conference,Iowa State Cyclones,Kansas Jayhawks,74,57,0,Iowa St.,Kansas,2025-01-14,6,14-1,0.957927543533081,122.565983315102,93.3987021780589,69.3888950445657,4.09267604662649,2025-01-14,11,12-3,0.949536086724313,114.422497859948,88.650804435293,68.9252733964326,2.91628480791753
2025-01-15,2025,Big 12 Conference,TCU Horned Frogs,Utah Utes,65,73,0,TCU,Utah,2025-01-14,58,9-6,0.80685339408398,106.479278269666,94.0314510426953,66.8680906631823,-0.782192717686189,2025-01-14,73,9-6,0.776554097721982,111.160896924318,99.7490166703437,70.7828498493989,-1.74043059283176
2025-01-15,2025,Big East Conference,Butler Bulldogs,Seton Hall Pirates,82,77,0,Butler,Seton Hall,2025-01-14,81,7-10,0.740607821344419,111.343818724349,101.635631241555,67.54938340303,-3.28613439044105,2025-01-14,183,6-10,0.448221726508311,101.739461176283,103.595083682335,64.0099867737997,-5.99512455910978
2025-01-15,2025,Big Ten Conference,Michigan State Spartans,Penn State Nittany Lions,90,85,0,Michigan St.,Penn St.,2025-01-14,14,14-2,0.93829404084326,118.129834111476,93.2343516071642,69.1758836061341,2.86940688808944,2025-01-14,56,12-5,0.818567566335152,113.810615689371,99.8351963789018,72.1439314051251,-0.689390912209658
2025-01-15,2025,Big Ten Conference,Washington Huskies,Purdue Boilermakers,58,69,0,Washington,Purdue,2025-01-14,108,10-7,0.630304406257596,107.303672621956,102.439212875482,68.8017878536051,-1.17771672582404,2025-01-14,13,13-4,0.940674954770032,124.700563896315,98.0625244602953,65.3392740134856,3.21029054163046
2025-01-16,2025,Big Sky Conference,Idaho State Bengals,Montana State Bobcats,70,67,0,Idaho St.,Montana St.,2025-01-15,263,6-8,0.287271461355694,100.097903806634,108.328013649651,65.7077736287059,-5.15544798593406,2025-01-15,178,6-11,0.463500182744774,103.885731806755,105.215410248478,67.2302106926359,-7.02123574570446
2025-01-16,2025,Big Sky Conference,Northern Arizona Lumberjacks,Sacramento State Hornets,77,53,0,Northern Arizona,Sacramento St.,2025-01-15,246,10-7,0.319345239508422,103.459383152036,110.496767981139,67.292911870194,-5.24210460711101,2025-01-15,352,5-11,0.0981998566722126,92.3535563284851,111.993471305085,64.3911093131539,-8.94630650309231
2025-01-16,2025,Big Sky Conference,Northern Colorado Bears,Portland State Vikings,72,69,0,Northern Colorado,Portland St.,2025-01-15,118,12-5,0.604132842797565,112.995728269535,108.917656585699,70.1297700507255,-1.34673042813003,2025-01-15,244,10-6,0.327118750357474,100.698734040014,107.2165088789,69.5812155339708,-3.93449406177431
2025-01-16,2025,Big Sky Conference,Weber State Wildcats,Montana Grizzlies,59,63,0,Weber St.,Montana,2025-01-15,242,7-10,0.328629046451348,106.789493919604,113.633756357174,65.3599377616687,-6.35494462886781,2025-01-15,197,10-7,0.424073880080138,106.457552037612,109.328953992807,69.182599941861,-2.6160130153241
2025-01-16,2025,Big Ten Conference,Minnesota Golden Gophers,Michigan Wolverines,84,81,0,Minnesota,Michigan,2025-01-15,110,8-9,0.629287451035519,107.693682057952,102.850543833305,62.6224597547263,-4.01550625342233,2025-01-15,9,13-3,0.9532288198167,122.432335717757,94.2000251484852,70.7719826501357,2.26548184322827
2025-01-16,2025,Big Ten Conference,Nebraska Cornhuskers,Rutgers Scarlet Knights,82,85,0,Nebraska,Rutgers,2025-01-15,38,12-4,0.874636914551495,111.481974584078,94.1549323837894,68.7766930688504,1.47142672218395,2025-01-15,92,9-8,0.710658992246063,111.148721843595,102.794429408134,69.9691818018562,-2.48549862917208
2025-01-16,2025,Big Ten Conference,Northwestern Wildcats,Maryland Terrapins,76,74,0,Northwestern,Maryland,2025-01-15,63,10-6,0.801049893900737,110.305395115791,97.7226906596397,65.3442179791164,-0.76293483229545,2025-01-15,18,13-4,0.924190240648373,118.766115553068,95.555264002213,70.2465982505009,0.264913848900595
2025-01-17,2025,Big East Conference,Georgetown Hoyas,DePaul Blue Demons,68,73,0,Georgetown,DePaul,2025-01-16,69,12-5,0.787107520984676,105.048892606657,93.7586084689042,68.3229469688904,-0.59050908986,2025-01-16,116,9-9,0.612292919379775,109.170582075221,104.917667151584,68.1921800373345,-4.05336661104586
2025-01-17,2025,Big East Conference,Villanova Wildcats,Providence Friars,75,73,0,Villanova,Providence,2025-01-16,44,11-7,0.849861928445921,124.723718894115,107.271209802036,63.412373196524,-1.69564196517892,2025-01-16,99,9-9,0.671849447712154,110.577996427682,103.898182211448,65.3347412152704,-3.29466329405625
2025-01-17,2025,Big Ten Conference,Ohio State Buckeyes,Indiana Hoosiers,76,77,0,Ohio St.,Indiana,2025-01-16,47,10-7,0.841134080726974,113.174230427478,97.9051237017541,67.8487436720133,-0.0647414033954898,2025-01-16,63,13-5,0.803094285944122,111.099522677188,98.3160727001168,69.714221275788,0.759670119483879
2025-01-17,2025,Big Ten Conference,UCLA Bruins,Iowa Hawkeyes,94,70,0,UCLA,Iowa,2025-01-16,34,11-6,0.882673678207868,110.455381895613,92.6782395069737,66.2185138652745,0.257443265951085,2025-01-16,39,12-5,0.865412628767332,122.682041340974,104.352074651576,71.9139966965102,0.495009790693208
2025-01-18,2025,Atlantic Coast Conference,Boston College Eagles,Duke Blue Devils,63,88,0,Boston College,Duke,2025-01-17,200,9-8,0.415080363063127,105.666451913372,108.865561617026,66.3219687619303,-4.56360116438941,2025-01-17,3,15-2,0.982084119740662,124.380913317066,87.8100308078359,65.3902090984813,4.34058677681803
2025-01-18,2025,Atlantic Coast Conference,Florida State Seminoles,Georgia Tech Yellow Jackets,91,78,0,Florida St.,Georgia Tech,2025-01-17,59,12-5,0.808956531790587,111.219735315059,98.1020581266389,70.4822855347786,-0.604082200457596,2025-01-17,119,8-10,0.604678722863242,104.943456300162,101.135914827612,70.0423125843375,-4.81205188427422
2025-01-18,2025,Atlantic Coast Conference,Louisville Cardinals,Virginia Cavaliers,81,67,0,Louisville,Virginia,2025-01-17,30,13-5,0.894887052581132,117.957213069241,97.9140913132013,68.1303590571767,2.5425712116542,2025-01-17,125,8-9,0.588410332382887,103.199806963331,100.041882788045,60.0566943809783,-3.28141124974028
2025-01-18,2025,Atlantic Coast Conference,Miami Hurricanes,SMU Mustangs,74,117,0,Miami FL,SMU,2025-01-17,159,4-13,0.512842637187672,115.086062293024,114.573006283322,67.103217087455,-8.16019718701624,2025-01-17,55,13-4,0.820273917086586,116.08034043879,101.72415300172,70.5085846643147,0.534145045669194
2025-01-18,2025,Atlantic Coast Conference,NC State Wolfpack,California Golden Bears,62,65,0,N.C. State,California,2025-01-17,97,9-8,0.682759595227913,111.373662403395,104.192503600199,64.7260450695814,-3.0692948119853,2025-01-17,143,8-9,0.55106086153654,112.091014369318,110.11097720419,68.3315557334272,-3.53282459079371
2025-01-18,2025,Atlantic Coast Conference,North Carolina Tar Heels,Stanford Cardinal,71,72,0,North Carolina,Stanford,2025-01-17,37,12-6,0.871568317926425,114.899837101717,97.2755790642154,72.6334207440016,1.72264469977834,2025-01-17,87,11-6,0.732787259004836,116.137991089028,106.384131682679,67.0632623569128,-1.60362074190458
2025-01-18,2025,Atlantic Coast Conference,Pittsburgh Panthers,Clemson Tigers,75,78,0,Pittsburgh,Clemson,2025-01-17,41,12-5,0.857721487974548,116.215401168207,99.4076027738589,68.5453874464521,1.03598428644433,2025-01-17,35,14-4,0.876570460158073,115.218106292798,97.1602798863398,64.6144990104571,1.33188251478272
2025-01-18,2025,Atlantic Coast Conference,Syracuse Orange,Notre Dame Fighting Irish,77,69,0,Syracuse,Notre Dame,2025-01-17,155,8-9,0.525257537870235,107.899428030092,106.954857900442,69.7683701189875,-3.46505100610212,2025-01-17,83,8-9,0.735041026463661,116.54913012418,106.653653396544,64.7124689216206,-3.39238285812142
2025-01-18,2025,Atlantic Coast Conference,Virginia Tech Hokies,Wake Forest Demon Deacons,63,72,0,Virginia Tech,Wake Forest,2025-01-17,132,8-9,0.570585061728083,109.226858172429,106.560253777803,64.6042782405957,-4.12481142017941,2025-01-17,90,13-4,0.731201706472477,105.883191581548,97.0587714290351,66.5591104418213,1.10629078809869
2025-01-18,2025,Big 12 Conference,Cincinnati Bearcats,Arizona State Sun Devils,67,60,0,Cincinnati,Arizona St.,2025-01-17,43,11-5,0.850059922569947,106.642841550163,91.7079959864491,65.0531714350858,-0.130925048029083,2025-01-17,69,10-6,0.784589658326714,110.3207544732,98.5920544157747,68.0636622039465,0.476467551638104
2025-01-18,2025,Big 12 Conference,Kansas Jayhawks,Kansas State Wildcats,84,74,0,Kansas,Kansas St.,2025-01-17,11,12-4,0.94410256405001,113.120406026496,88.4689262259174,68.6836955431029,2.89939881868259,2025-01-17,109,7-9,0.647716259509447,109.315343800504,103.676852294894,67.7431253937917,-4.00278269288898
2025-01-18,2025,Big 12 Conference,Oklahoma State Cowboys,Colorado Buffaloes,83,73,0,Oklahoma St.,Colorado,2025-01-17,130,9-7,0.575246991320156,104.229129505922,101.516206600995,70.6463017653531,-2.05744238347019,2025-01-17,92,9-7,0.717452479009649,107.49493733444,99.1280502141514,68.3527511262769,-1.49544885082485
2025-01-18,2025,Big 12 Conference,Texas Tech Red Raiders,Arizona Wildcats,70,54,0,Texas Tech,Arizona,2025-01-17,17,12-4,0.926659934925661,123.840815508761,99.3286005478292,65.4518527827553,0.37865597937021,2025-01-17,9,11-5,0.953350450011227,123.120063900667,94.706668820914,70.5742751592918,1.48445332522843
2025-01-18,2025,Big 12 Conference,UCF Knights,Houston Cougars,68,69,0,UCF,Houston,2025-01-17,88,12-4,0.731627518407786,113.018431807905,103.579828027235,70.699265016397,1.27774567196563,2025-01-17,1,13-3,0.986817709547951,124.099307789282,85.2690532397104,61.7639083043274,2.26558546120463
2025-01-18,2025,Big 12 Conference,Utah Utes,BYU Cougars,73,72,0,Utah,BYU,2025-01-17,66,10-6,0.797173188189355,112.327494752029,99.7233227852068,70.2837607924887,-1.17786541290273,2025-01-17,32,11-5,0.890984784604308,119.562298600359,99.5993694152131,67.3829976010846,-0.705671932443307
2025-01-18,2025,Big 12 Conference,West Virginia Mountaineers,Iowa State Cyclones,64,57,0,West Virginia,Iowa St.,2025-01-17,23,12-4,0.912675805134367,115.598354183647,94.2599345228009,64.539687430669,2.35825102659952,2025-01-17,6,15-1,0.961748253625417,122.727864323822,92.7189238121851,69.132623205001,4.69429980834323
2025-01-18,2025,Big East Conference,Marquette Golden Eagles,Xavier Musketeers,57,59,0,Marquette,Xavier,2025-01-17,16,15-2,0.928772271969629,120.043415030826,96.0194465580205,68.1550113867541,4.55892878356784,2025-01-17,64,11-7,0.801462548896499,112.974698582877,100.06495215627,68.846217320087,-1.15241484217991
2025-01-18,2025,Big East Conference,Seton Hall Pirates,St. John's Red Storm,51,79,0,Seton Hall,St. John's,2025-01-17,179,6-11,0.457178545257226,103.623987110521,105.182804791206,63.7779414177902,-6.40574824842424,2025-01-17,29,15-3,0.899917743660783,112.967894152345,93.3279929766439,70.2162891669081,1.99891817238121
2025-01-18,2025,Big East Conference,UConn Huskies,Creighton Bluejays,63,68,0,Connecticut,Creighton,2025-01-17,27,13-4,0.901816670677587,126.137180790107,104.015243307995,64.5971964399664,1.74275917205717,2025-01-17,40,11-6,0.861300202471825,114.357952643163,97.5670118941491,69.2417318785129,0.646732490475098
2025-01-18,2025,Big Sky Conference,Idaho State Bengals,Montana Grizzlies,86,62,0,Idaho St.,Montana,2025-01-17,243,7-8,0.326725394247394,102.076711097804,108.70057189136,65.0424513342704,-4.93274593745954,2025-01-17,196,11-7,0.430644729789196,105.876482305402,108.478636407993,68.4587528713163,-2.35857064288016
2025-01-18,2025,Big Sky Conference,Idaho Vandals,Eastern Washington Eagles,83,76,0,Idaho,Eastern Washington,2025-01-17,211,7-10,0.390232079023639,110.142292681095,114.501164647027,66.0901236894666,-6.78094846716641,2025-01-17,234,6-11,0.342726564288893,103.832263648632,109.881221801003,67.8695886963332,-6.99972334619176
2025-01-18,2025,Big Sky Conference,Northern Arizona Lumberjacks,Portland State Vikings,69,80,0,Northern Arizona,Portland St.,2025-01-17,221,11-7,0.370026158968788,103.715491127536,108.627158312492,67.5521595029004,-5.1883749198178,2025-01-17,236,10-7,0.336095306972622,100.508536731033,106.637771945027,69.0828466696313,-4.53510613448367
2025-01-18,2025,Big Sky Conference,Northern Colorado Bears,Sacramento State Hornets,68,64,0,Northern Colorado,Sacramento St.,2025-01-17,121,13-5,0.596666723223686,112.476638521267,108.711084287623,69.8364232981219,-1.28877278805191,2025-01-17,362,5-12,0.0783150283787631,90.543021543584,112.19217903007,64.6268704009254,-9.67296334313578
2025-01-18,2025,Big Sky Conference,Weber State Wildcats,Montana State Bobcats,71,80,0,Weber St.,Montana St.,2025-01-17,248,7-11,0.323699451890867,106.024014984518,113.039477092915,64.6770004625765,-7.20567482195638,2025-01-17,186,6-12,0.446541685499729,104.417230522617,106.384537549123,66.6552790712553,-7.77189637190989
2025-01-18,2025,Big Ten Conference,Oregon Ducks,Purdue Boilermakers,58,65,0,Oregon,Purdue,2025-01-17,26,15-2,0.906671827857412,119.191998287635,97.8099377545061,68.5315836657227,5.05518675385704,2025-01-17,12,14-4,0.938037075864284,123.608436932345,97.5959415364886,65.0086813690584,3.7108105365479
2025-01-18,2025,Big Ten Conference,USC Trojans,Wisconsin Badgers,69,84,0,USC,Wisconsin,2025-01-17,44,11-6,0.845181712135919,113.743658557867,98.1361736932188,68.2030057078385,-0.804299442250583,2025-01-17,20,14-3,0.918841898577428,122.156273611328,98.9171335738872,68.128389249417907,2.92111047712971
2025-01-19,2025,Big 12 Conference,Baylor Bears,TCU Horned Frogs,71,74,0,Baylor,TCU,2025-01-18,26,11-5,0.910326815037115,120.081433496562,98.1637416285632,65.2588166084364,1.59636144254208,2025-01-18,67,9-7,0.789966856779128,106.760111724585,95.1439336849851,66.270726690991,-1.40044911598004
2025-01-19,2025,Big Ten Conference,Maryland Terrapins,Nebraska Cornhuskers,69,66,0,Maryland,Nebraska,2025-01-18,19,13-5,0.920350757542908,118.730277588722,95.9724431323762,69.8594974350917,-0.209249675710546,2025-01-18,40,12-5,0.858693060017866,112.950221990873,96.5476002288422,67.9631306727736,0.603982762375765
2025-01-19,2025,Big Ten Conference,Michigan State Spartans,Illinois Fighting Illini,80,78,0,Michigan St.,Illinois,2025-01-18,14,15-2,0.932564971028221,119.284833778633,94.9261332564835,68.7358056311093,2.97727364180771,2025-01-18,4,13-4,0.963568251205962,120.568735199039,90.6875218350315,72.3968415340337,2.22584864218898
2025-01-19,2025,Big Ten Conference,Michigan Wolverines,Northwestern Wildcats,80,76,0,Michigan,Northwestern,2025-01-18,10,13-4,0.946578016691502,122.763271705217,95.6111994602366,70.1608260399073,1.6009372711119,2025-01-18,61,11-6,0.805271241349017,110.066044062833,97.284490838389,64.8530943206452,-0.366386468673786
2025-01-20,2025,Big East Conference,Villanova Wildcats,Georgetown Hoyas,63,64,0,Villanova,Georgetown,2025-01-19,46,12-7,0.842947736283969,124.327857963225,107.426485744774,63.4570116953311,-1.54624791184898,2025-01-19,82,12-6,0.74443532573222,105.298130293257,95.9498881390131,67.9886959799934,-1.52645824357065
2025-01-20,2025,Big Sky Conference,Montana Grizzlies,Idaho Vandals,72,67,0,Montana,Idaho,2025-01-19,217,11-8,0.376867923053693,105.399430552614,110.110511598726,68.3328966741709,-3.42018322099874,2025-01-19,204,8-10,0.407420892550942,110.859287972816,114.53024118418,66.0052372025472,-6.8396057306983
2025-01-20,2025,Big Sky Conference,Montana State Bobcats,Eastern Washington Eagles,74,64,0,Montana St.,Eastern Washington,2025-01-19,179,7-12,0.462631148230689,104.918841153784,106.294043995566,66.6924574824525,-7.67503815703187,2025-01-19,242,6-12,0.33261648228562,104.311239781217,110.822901601003,67.7470778033685,-7.90130121081291
2025-01-20,2025,Big Ten Conference,Penn State Nittany Lions,Rutgers Scarlet Knights,80,72,0,Penn St.,Rutgers,2025-01-19,60,12-6,0.814067481910594,115.325684914945,101.428589362416,71.6856527482072,-0.913821549077009,2025-01-19,88,10-8,0.7299225998539,113.645793760787,104.233311242883,69.1941886478746,-1.7879007116081
2025-01-21,2025,Atlantic Coast Conference,SMU Mustangs,Louisville Cardinals,73,98,0,SMU,Louisville,2025-01-20,41,14-4,0.855956180594247,118.607970805573,101.581185174934,70.2616892358083,0.618500903711424,2025-01-20,30,14-5,0.897618115128899,118.097418433726,97.7804068648466,68.5833530037595,2.47334022184379
2025-01-21,2025,Atlantic Coast Conference,Virginia Cavaliers,Boston College Eagles,74,56,0,Virginia,Boston College,2025-01-20,122,8-10,0.591036460666556,103.601584338464,100.336620236603,60.3985944707562,-3.48156780232327,2025-01-20,188,9-9,0.438783197767941,106.6548873001,108.961916410158,66.2812824063063,-4.81364979566872
2025-01-21,2025,Atlantic Coast Conference,Wake Forest Demon Deacons,North Carolina Tar Heels,67,66,0,Wake Forest,North Carolina,2025-01-20,84,14-4,0.739905895322311,106.252224699044,97.0187719265938,66.608314580936,1.30113196566626,2025-01-20,38,12-7,0.864683412161531,114.512301208435,97.4558995288193,72.1184776311864,0.809618757872373
2025-01-21,2025,Big 12 Conference,Cincinnati Bearcats,Texas Tech Red Raiders,71,81,0,Cincinnati,Texas Tech,2025-01-20,43,12-5,0.853839889674191,106.425062868912,91.2825164877059,64.9359847227974,-0.0573876738450452,2025-01-20,13,13-4,0.937913754771832,123.365105786597,97.4217732757152,65.3001026856827,0.959669016677578
2025-01-21,2025,Big 12 Conference,Colorado Buffaloes,BYU Cougars,67,83,0,Colorado,BYU,2025-01-20,95,9-8,0.691325638150384,107.669985861483,100.379271219766,68.2608157943541,-2.27762530219667,2025-01-20,32,11-6,0.88899136762819,118.709346888338,99.0640664220269,67.0138303457963,-1.19666494259657
2025-01-21,2025,Big 12 Conference,Iowa State Cyclones,UCF Knights,108,83,0,Iowa St.,UCF,2025-01-20,6,15-2,0.959034587202966,121.351829117373,92.2500464110254,69.0061167682152,4.2391930707538,2025-01-20,74,12-5,0.769629508313956,114.356148797706,102.969101808514,70.6319748819877,1.03579903167293
2025-01-21,2025,Big 12 Conference,Oklahoma State Cowboys,Arizona Wildcats,78,92,0,Oklahoma St.,Arizona,2025-01-20,118,10-7,0.602189187600273,105.301663093283,101.572970745956,70.6323234282669,-2.0135370046934,2025-01-20,9,11-6,0.948368466739001,121.167261845675,94.0734024193406,70.3651949508095,1.23933680926408
2025-01-21,2025,Big 12 Conference,West Virginia Mountaineers,Arizona State Sun Devils,57,65,0,West Virginia,Arizona St.,2025-01-20,21,13-4,0.920159175990832,114.839242704559,92.8483042569084,64.3351364527417,2.84480353897587,2025-01-20,71,10-7,0.779143086315946,109.982546819646,98.5631410937733,67.8528213431052,0.0789242766111801
2025-01-21,2025,Big East Conference,DePaul Blue Demons,Creighton Bluejays,49,73,0,DePaul,Creighton,2025-01-20,112,10-9,0.641527419711596,110.930915316667,105.456542516738,67.8199542795912,-3.61239328359391,2025-01-20,36,12-6,0.87043809249811,114.904821458092,97.3649290716116,68.5348127326861,1.19957281635351
2025-01-21,2025,Big East Conference,Seton Hall Pirates,Marquette Golden Eagles,59,76,0,Seton Hall,Marquette,2025-01-20,199,6-12,0.422733021120997,102.554534017958,105.370975272724,63.8117044585343,-6.96555649652745,2025-01-20,24,15-3,0.916074491790878,117.901729083985,95.7758695842703,67.9078322101941,3.74652414714154
2025-01-21,2025,Big East Conference,UConn Huskies,Butler Bulldogs,80,78,0,Connecticut,Butler,2025-01-20,31,13-5,0.88953358952302,125.310352341023,104.522610021421,63.9094819607495,0.866696009878909,2025-01-20,89,8-10,0.727207590194588,112.873288450773,103.64845185302,67.0806981898874,-3.21956206367793
2025-01-21,2025,Big Ten Conference,Iowa Hawkeyes,Minnesota Golden Gophers,67,72,0,Iowa,Minnesota,2025-01-20,55,12-6,0.826269715749262,122.482635478204,106.950677371204,71.5252737238266,0.124999033754699,2025-01-20,107,9-9,0.663060194455084,109.464154580538,103.206405969967,62.1404740463941,-3.38366455748975
2025-01-21,2025,Big Ten Conference,Oregon Ducks,Washington Huskies,82,71,0,Oregon,Washington,2025-01-20,29,15-3,0.899072342438531,117.176113897589,96.8833481583171,68.5239190455739,4.40104807794682,2025-01-20,110,10-8,0.643137482832877,107.327810522676,101.969089300196,68.4205635384883,-1.58171907468067
2025-01-21,2025,Big Ten Conference,Purdue Boilermakers,Ohio State Buckeyes,70,73,0,Purdue,Ohio St.,2025-01-20,12,15-4,0.940200883230174,122.351272819826,96.2859151509753,65.0128525159748,4.24851001914683,2025-01-20,52,10-8,0.831952779245133,113.25586020615,98.5495912056039,67.3880258180745,-0.903509296905185
2025-01-21,2025,Big Ten Conference,UCLA Bruins,Wisconsin Badgers,85,83,0,UCLA,Wisconsin,2025-01-20,26,12-6,0.904048978974358,112.918474351627,92.9088255982521,65.8774564560185,0.479094480855006,2025-01-20,16,15-3,0.926817944281865,123.031149262215,98.6592260989111,68.0415468811912,3.37219340155116
2025-01-22,2025,Atlantic Coast Conference,California Golden Bears,Florida State Seminoles,77,68,0,California,Florida St.,2025-01-21,132,9-9,0.575275205855054,112.039980536455,109.122657535642,67.891387259151,-3.2144732687472,2025-01-21,58,13-5,0.818458777283231,112.548904909363,98.7347052919358,70.2850608524984,-0.506458768648685
2025-01-22,2025,Atlantic Coast Conference,Clemson Tigers,Syracuse Orange,86,72,0,Clemson,Syracuse,2025-01-21,36,15-4,0.884145808035333,116.935364655473,97.9934375234807,63.9354192932115,1.89155921439313,2025-01-21,149,9-9,0.540168773419348,107.424462514325,105.930795009259,69.718943614011,-3.26013297322738
2025-01-22,2025,Atlantic Coast Conference,Georgia Tech Yellow Jackets,Virginia Tech Hokies,71,64,0,Georgia Tech,Virginia Tech,2025-01-21,121,8-11,0.592819670024969,105.669596342906,102.273784179995,69.8620242740344,-5.30668883399534,2025-01-21,142,8-10,0.55521071765511,108.917071601251,106.837012781043,64.659875237645,-4.96891515898529
2025-01-22,2025,Atlantic Coast Conference,Stanford Cardinal,Miami Hurricanes,88,51,0,Stanford,Miami FL,2025-01-21,81,12-6,0.752325749072189,116.40232324683,105.682468005029,66.5475771596773,-0.929000689770047,2025-01-21,187,4-14,0.445066572251426,114.908750751969,117.134525174161,66.9202320199297,-8.92473222482556
2025-01-22,2025,Big 12 Conference,Baylor Bears,Kansas State Wildcats,70,62,0,Baylor,Kansas St.,2025-01-21,26,11-6,0.905337140077873,120.125313282082,98.7102602967018,65.4357336184866,0.942468880636354,2025-01-21,106,7-10,0.660164952220106,111.365210060123,105.116924321599,67.1811285313451,-4.1061231334057
2025-01-22,2025,Big 12 Conference,Houston Cougars,Utah Utes,70,36,0,Houston,Utah,2025-01-21,2,14-3,0.98365281708026,123.051505415685,86.170098734497,61.6075141468876,2.65306360105403,2025-01-21,63,11-6,0.805128660702061,111.899707340145,98.9130359294371,69.8705274320439,-0.757033213248105
2025-01-22,2025,Big 12 Conference,TCU Horned Frogs,Kansas Jayhawks,61,74,0,TCU,Kansas,2025-01-21,64,10-7,0.804064651886318,107.543623009663,95.1184625017785,66.4402262084621,-0.609860235307886,2025-01-21,10,13-4,0.942738017898546,115.032168858274,90.1642877886071,68.2241035490796,3.04876690798512
2025-01-22,2025,Big East Conference,St. John's Red Storm,Xavier Musketeers,79,71,0,St. John's,Xavier,2025-01-21,22,16-3,0.916704179140768,113.411629657525,92.062583133169,70.2849255710655,2.20235059318587,2025-01-21,55,12-7,0.822560507776717,112.648297114373,98.5828488182589,68.5110663596175,-0.527093799255899
2025-01-22,2025,Big Ten Conference,Nebraska Cornhuskers,USC Trojans,73,78,0,Nebraska,USC,2025-01-21,39,12-6,0.861381437276505,112.901946716093,96.3190912988305,67.8329488014675,0.423522124962681,2025-01-21,51,11-7,0.834048193539865,113.685856559044,98.7942636399161,68.0571544018085,-1.36144564831392
2025-01-22,2025,Big Ten Conference,Northwestern Wildcats,Indiana Hoosiers,79,70,0,Northwestern,Indiana,2025-01-21,59,11-7,0.817722214623537,110.484941605126,96.9657953713148,64.9224115044263,-0.504175445222305,2025-01-21,65,14-5,0.803986720745147,111.417424486483,98.548938685513,69.098682497821,1.23703947343667
2025-01-23,2025,Big Sky Conference,Eastern Washington Eagles,Northern Arizona Lumberjacks,61,70,0,Eastern Washington,Northern Arizona,2025-01-22,244,6-13,0.32802195413177,104.70406140189,111.441340034772,67.32595330708,-8.68603482493174,2025-01-22,234,11-8,0.349038519788983,104.522595419257,110.343751351951,66.9913660532593,-6.07873225360387
2025-01-23,2025,Big Sky Conference,Idaho Vandals,Northern Colorado Bears,77,76,0,Idaho,Northern Colorado,2025-01-22,209,8-11,0.391291401383223,110.092215793999,114.404830857515,65.7250174918683,-7.57893091327164,2025-01-22,141,14-5,0.557656494143689,112.209068040929,109.971338519199,69.2444696441538,-1.33496654797289
2025-01-23,2025,Big Sky Conference,Portland State Vikings,Weber State Wildcats,74,56,0,Portland St.,Weber St.,2025-01-22,218,11-7,0.37727098626537,101.799640022591,106.333951899571,68.5866125039395,-4.39917918714799,2025-01-22,253,7-12,0.307098270267102,105.776349948514,113.53205883843,64.6150349078254,-8.2233977552022
2025-01-23,2025,Big Sky Conference,Sacramento State Hornets,Idaho State Bengals,75,71,0,Sacramento St.,Idaho St.,2025-01-22,355,5-13,0.0911933575444303,91.0065709688294,111.147464106902,64.0965622396163,-10.3738823209714,2025-01-22,217,8-8,0.379682967262505,103.668734245485,108.189791093151,64.6809224269223,-4.90394652603577
2025-01-23,2025,Big Ten Conference,Illinois Fighting Illini,Maryland Terrapins,70,91,0,Illinois,Maryland,2025-01-22,4,13-5,0.96405425642469,120.839036763558,90.7807701994383,72.2675854140611,2.22846898294859,2025-01-22,17,14-5,0.923140477160177,118.578159892628,95.5276391671134,69.545776929354,0.348891151217528
2025-01-24,2025,Big East Conference,Marquette Golden Eagles,Villanova Wildcats,87,74,0,Marquette,Villanova,2025-01-23,20,16-3,0.920789396869342,117.678991040122,95.0730570623823,68.0138422937332,4.15725028231388,2025-01-23,44,12-8,0.846522757459176,123.982412092527,106.87437550159,63.2199264716023,-2.1007377060702
2025-01-24,2025,Big Ten Conference,Iowa Hawkeyes,Penn State Nittany Lions,76,75,0,Iowa,Penn St.,2025-01-23,63,12-7,0.80136221994752,120.516729698245,106.75099853225,71.4501946295011,-0.690060321083344,2025-01-23,59,13-6,0.809902759114881,114.776151764023,101.185029489102,71.3835063929013,-0.682449740678204
2025-01-24,2025,Big Ten Conference,Purdue Boilermakers,Michigan Wolverines,91,64,0,Purdue,Michigan,2025-01-23,13,15-5,0.93807616329736,122.220126994016,96.4941467682386,64.8337535151224,3.8100607127948,2025-01-23,10,14-4,0.943614281493263,122.133226328173,95.5942174327484,70.0854241296007,2.0702129265736
2025-01-24,2025,Big Ten Conference,Washington Huskies,UCLA Bruins,60,65,0,Washington,UCLA,2025-01-23,105,10-9,0.659160025236702,107.783521954934,101.775797743545,68.3453010934083,-1.75803375379698,2025-01-23,28,13-6,0.903682729762098,114.388535856954,94.152888352977,65.7066879180467,1.05950000209516
2025-01-25,2025,Atlantic Coast Conference,California Golden Bears,Miami Hurricanes,98,94,0,California,Miami FL,2025-01-24,119,10-9,0.610972690123868,112.65031228519,108.314174697466,67.4394019698554,-2.84987890508539,2025-01-24,209,4-15,0.396759631179952,112.405657039174,116.576505037808,67.0473133866685,-9.40719972449833
2025-01-25,2025,Atlantic Coast Conference,NC State Wolfpack,SMU Mustangs,57,63,0,N.C. State,SMU,2025-01-24,102,9-9,0.668682769298341,110.737930101507,104.178173704368,64.1667443725991,-3.93066311822458,2025-01-24,57,14-5,0.817811398215179,118.420471704036,103.924910707544,69.8389935901559,0.114812555646713
2025-01-25,2025,Atlantic Coast Conference,North Carolina Tar Heels,Boston College Eagles,102,96,0,North Carolina,Boston College,2025-01-24,38,12-8,0.864947485949855,113.776303421895,96.8105102812549,72.1007584713569,0.474811645823666,2025-01-24,215,9-10,0.385099984272747,105.684358599827,110.073551002941,66.2873779407391,-5.46129768814452
2025-01-25,2025,Atlantic Coast Conference,Stanford Cardinal,Florida State Seminoles,78,71,0,Stanford,Florida St.,2025-01-24,69,13-6,0.787165650025638,116.005468669562,103.534486956245,66.7275600577013,-0.716364309674015,2025-01-24,64,13-6,0.798198270882986,111.867677104555,99.2602607073711,69.916988109937,-1.15311875516896
2025-01-25,2025,Atlantic Coast Conference,Syracuse Orange,Pittsburgh Panthers,73,77,0,Syracuse,Pittsburgh,2025-01-24,153,9-10,0.531786402796013,108.002536170022,106.813426947884,69.4787148372721,-3.50033887382339,2025-01-24,41,12-6,0.852809718481675,117.29700765943,100.679593726846,67.7820125722631,0.523890159930934
2025-01-25,2025,Atlantic Coast Conference,Virginia Cavaliers,Notre Dame Fighting Irish,59,74,0,Virginia,Notre Dame,2025-01-24,112,9-10,0.627580019415499,104.406900238087,99.7749943965615,60.4567689974785,-3.31269496358916,2025-01-24,91,8-10,0.719838710318395,115.870262151625,106.741881340812,64.5867833252814,-4.16839995506912
2025-01-25,2025,Atlantic Coast Conference,Virginia Tech Hokies,Clemson Tigers,57,72,0,Virginia Tech,Clemson,2025-01-24,144,8-11,0.547044828421147,108.75338214206501,106.983092208524,64.5604451258492,-5.55576844438719,2025-01-24,36,16-4,0.885082265741756,118.319331143281,99.0741490350682,63.7933790926725,2.00484743574713
2025-01-25,2025,Atlantic Coast Conference,Wake Forest Demon Deacons,Duke Blue Devils,56,63,0,Wake Forest,Duke,2025-01-24,85,15-4,0.745671481855483,105.929953107246,96.4710101057268,66.567859279759,1.7434297530964,2025-01-24,3,16-2,0.97919481384286,124.045813578847,88.7421927228621,65.3015263671419,4.43574485639809
2025-01-25,2025,Big 12 Conference,Arizona State Sun Devils,Iowa State Cyclones,61,76,0,Arizona St.,Iowa St.,2025-01-24,61,11-7,0.807248093812866,110.413313882411,97.4840945947333,67.6107657196979,0.965866759879516,2025-01-24,4,16-2,0.960361040766233,122.306438334627,92.698848106739,69.2975174148161,4.51889611844248
2025-01-25,2025,Big 12 Conference,Arizona Wildcats,Colorado Buffaloes,78,63,0,Arizona,Colorado,2025-01-24,10,12-6,0.944264851521545,122.134487272205,95.4930624268207,69.9507329550782,1.52216275533527,2025-01-24,96,9-9,0.675446453029956,107.622995025785,100.977918909905,67.9897000446918,-2.70974356070309
2025-01-25,2025,Big 12 Conference,BYU Cougars,Cincinnati Bearcats,80,52,0,BYU,Cincinnati,2025-01-24,29,12-6,0.899267689942957,120.022016414317,99.2178010018521,66.7777247035633,-0.703496607768015,2025-01-24,43,12-6,0.85120018973972,107.008522707457,91.9506805960118,65.1031192469129,-0.300160213962865
2025-01-25,2025,Big 12 Conference,Kansas Jayhawks,Houston Cougars,86,92,0,Kansas,Houston,2025-01-24,11,14-4,0.942670185056907,115.037182262138,90.1780647601236,68.0803862361724,3.71152002836599,2025-01-24,1,15-3,0.987677354830378,122.992078888407,84.0078075741745,61.2614182031561,2.99781337250974
2025-01-25,2025,Big 12 Conference,Kansas State Wildcats,West Virginia Mountaineers,73,60,0,Kansas St.,West Virginia,2025-01-24,95,7-11,0.683981888408105,112.22566813064,104.938013983073,66.6894708559128,-4.29144633656364,2025-01-24,27,13-5,0.908342631529562,113.509340684285,92.9856107089721,64.1540997203128,2.22953549775682
2025-01-25,2025,Big 12 Conference,UCF Knights,TCU Horned Frogs,85,58,0,UCF,TCU,2025-01-24,74,12-6,0.775483433050465,115.163622001055,103.396186527821,70.8998476459488,1.07323509636091,2025-01-24,60,10-8,0.807749958341945,107.962464247516,95.2934784217034,66.429948143421,-0.933107461534421
2025-01-25,2025,Big 12 Conference,Utah Utes,Baylor Bears,61,76,0,Utah,Baylor,2025-01-24,77,11-7,0.761740296668053,109.437325955367,98.9176106855552,69.5135293469435,-0.761950074289169,2025-01-24,31,12-6,0.894632020269587,119.830323888449,99.4923544458053,64.8708828448986,1.08090922935508
2025-01-25,2025,Big East Conference,Butler Bulldogs,DePaul Blue Demons,86,69,0,Butler,DePaul,2025-01-24,89,8-11,0.732108827282904,112.822515279025,103.378222648379,66.905399953145,-3.46540049385251,2025-01-24,122,10-10,0.602369661400326,109.090995248834,105.221230286107,67.5496107706838,-4.09581878971995
2025-01-25,2025,Big East Conference,Creighton Bluejays,Seton Hall Pirates,79,54,0,Creighton,Seton Hall,2025-01-24,32,13-6,0.888290725083784,114.762451298239,95.829326074366,68.2291294756198,1.59418007432631,2025-01-24,200,6-13,0.415281516331022,102.2687519359,105.357404249991,63.8293908865955,-7.31981613269312
2025-01-25,2025,Big East Conference,Providence Friars,Georgetown Hoyas,78,68,0,Providence,Georgetown,2025-01-24,98,9-10,0.674469678974111,110.608622748753,103.819387977472,65.4365735266629,-3.7649756621136,2025-01-24,81,13-6,0.752567445369186,105.092155482101,95.4031240668965,67.7949571029444,-0.839039817786654
2025-01-25,2025,Big East Conference,Xavier Musketeers,UConn Huskies,76,72,0,Xavier,Connecticut,2025-01-24,54,12-8,0.831952169557896,112.825645393148,98.1752769981173,68.1165393369911,-0.690594946909017,2025-01-24,35,14-5,0.887052761131958,125.259991323751,104.708001372918,63.7530688387668,1.19777653701282
2025-01-25,2025,Big Sky Conference,Eastern Washington Eagles,Northern Colorado Bears,62,67,0,Eastern Washington,Northern Colorado,2025-01-24,253,6-14,0.308255791936153,103.800272330646,111.358459255931,67.1712839283857,-9.71559706577853,2025-01-24,140,14-6,0.554359465921949,112.150371655874,110.041537358622,69.0320809636567,-2.24803809475583
2025-01-25,2025,Big Sky Conference,Idaho Vandals,Northern Arizona Lumberjacks,72,80,0,Idaho,Northern Arizona,2025-01-24,208,9-11,0.39682760262836,110.087400859621,114.169409841012,65.618847526725,-7.48303606122412,2025-01-24,225,12-8,0.36757258716254,104.297590497628,109.336988462284,66.7993315865147,-5.99240994883245
2025-01-25,2025,Big Sky Conference,Montana Grizzlies,Montana State Bobcats,77,70,0,Montana,Montana St.,2025-01-24,214,12-8,0.387019996590304,105.107524875005,109.395674049966,68.1685559812148,-3.38380052618243,2025-01-24,179,8-12,0.463394444731969,104.971496569155,106.31900336851,66.3662179419113,-7.51469944028323
2025-01-25,2025,Big Sky Conference,Portland State Vikings,Idaho State Bengals,76,59,0,Portland St.,Idaho St.,2025-01-24,204,12-7,0.409951827824868,101.879453980449,105.157241788158,68.5525677147813,-4.44288620472708,2025-01-24,235,8-9,0.347547147278835,103.889552897095,109.73813238206,65.0119582693574,-5.89946060177817
2025-01-25,2025,Big Sky Conference,Sacramento State Hornets,Weber State Wildcats,81,87,0,Sacramento St.,Weber St.,2025-01-24,350,6-13,0.109080224743575,92.2189651820658,110.696182099317,64.4881981302568,-10.2891494534436,2025-01-24,266,7-13,0.278004588685565,104.539027409667,113.584850160434,64.5747253932912,-9.10806540681054
2025-01-25,2025,Big Ten Conference,Minnesota Golden Gophers,Oregon Ducks,77,69,0,Minnesota,Oregon,2025-01-24,94,10-9,0.701001565879432,109.877190933212,102.030327486427,62.0218553863112,-2.67754161759077,2025-01-24,30,16-3,0.895334240107812,117.4142844695,97.4230577773926,68.3605546610638,4.7960044784672
2025-01-25,2025,Big Ten Conference,Rutgers Scarlet Knights,Michigan State Spartans,74,81,0,Rutgers,Michigan St.,2025-01-24,88,10-9,0.734226245863509,113.709257053241,104.092720685656,68.8957120869452,-2.06811773407999,2025-01-24,14,16-2,0.93513214997047,119.880039108577,95.0556371679136,68.6925490928736,3.80213333983492
2025-01-26,2025,Big 12 Conference,Texas Tech Red Raiders,Oklahoma State Cowboys,64,54,0,Texas Tech,Oklahoma St.,2025-01-25,12,14-4,0.941605355654968,124.719069871876,97.9339383292814,65.4020503343483,1.73665949279555,2025-01-25,118,10-8,0.603834390223929,106.539708085912,102.705780576764,70.2150168783935,-2.44740761247998
2025-01-26,2025,Big Ten Conference,Illinois Fighting Illini,Northwestern Wildcats,83,74,0,Illinois,Northwestern,2025-01-25,7,13-6,0.957740376926085,119.712164863331,91.2607812290329,72.4472166084733,1.74284889423291,2025-01-25,56,12-7,0.828479922498928,111.243146255654,97.0058376119494,64.8093295919944,-0.126666906317898
2025-01-26,2025,Big Ten Conference,Indiana Hoosiers,Maryland Terrapins,78,79,0,Indiana,Maryland,2025-01-25,68,14-6,0.792723469720529,111.533684746959,99.2539162001632,68.9850793556121,0.854816513442097,2025-01-25,13,15-5,0.938319991310383,119.529380325071,94.3352704884545,69.7084359296704,1.23920390241309
2025-01-26,2025,Big Ten Conference,Wisconsin Badgers,Nebraska Cornhuskers,83,55,0,Wisconsin,Nebraska,2025-01-25,17,15-4,0.925900204573453,124.484222394565,99.9412993715295,67.7978547747094,3.19274095818369,2025-01-25,41,12-7,0.856391658054173,112.853110724718,96.6227472624006,67.6391980056661,-0.161791665053519
2025-01-27,2025,Atlantic Coast Conference,Duke Blue Devils,NC State Wolfpack,74,64,0,Duke,N.C. State,2025-01-26,3,17-2,0.978081311607163,122.960368334164,88.374123773671,65.3181753275377,4.9641821828287,2025-01-26,106,9-10,0.657836743444112,109.180552150355,103.147725370835,63.9138446493747,-4.61408122359187
2025-01-27,2025,Big 12 Conference,Arizona Wildcats,Iowa State Cyclones,86,75,0,Arizona,Iowa St.,2025-01-26,11,13-6,0.942730329092592,122.299896256788,95.8620507387257,69.6205187239679,1.62704447684527,2025-01-26,7,17-2,0.959967052549134,121.931690255637,92.497632059183,69.1480398224407,5.14343877358687
2025-01-27,2025,Big Ten Conference,Michigan Wolverines,Penn State Nittany Lions,76,72,0,Michigan,Penn St.,2025-01-26,16,14-5,0.929442503455579,121.012338091116,96.7088522247816,70.1386634917629,1.9531686174214,2025-01-26,62,13-7,0.809746266760045,114.49435824088,100.945523343054,70.8261725633986,-1.01700967814852
2025-01-27,2025,Big Ten Conference,Ohio State Buckeyes,Iowa Hawkeyes,82,65,0,Ohio St.,Iowa,2025-01-26,43,11-8,0.850239324595457,114.020155128386,98.0401440715156,67.1807188273123,0.134275168405059,2025-01-26,66,13-7,0.8027765892048,120.46768086458,106.624916326298,70.9066989741504,-0.403190398127111
2025-01-27,2025,Big Ten Conference,USC Trojans,UCLA Bruins,76,82,0,USC,UCLA,2025-01-26,49,12-7,0.84176225085324,114.411232652204,98.9347182396744,67.9078264571158,-0.706198917125514,2025-01-26,29,14-6,0.899229124296145,113.88902489726,94.1513666438003,65.4478747762123,1.35923937847115
2025-01-28,2025,Atlantic Coast Conference,Louisville Cardinals,Wake Forest Demon Deacons,72,59,0,Louisville,Wake Forest,2025-01-27,24,15-5,0.913178089912553,120.182525099564,97.9440777737916,68.212302354549,2.96613674319775,2025-01-27,78,15-5,0.763309115912976,105.419485335419,95.2142290668073,66.5976207219964,1.64372952576727
2025-01-28,2025,Atlantic Coast Conference,Notre Dame Fighting Irish,Georgia Tech Yellow Jackets,71,68,0,Notre Dame,Georgia Tech,2025-01-27,83,9-10,0.751276615078056,116.958138890469,106.239025706399,64.4598112520403,-3.86682733099784,2025-01-27,120,9-11,0.598821083016173,105.220861786412,101.619016315087,69.6389146221843,-5.25565427195592
2025-01-28,2025,Atlantic Coast Conference,Pittsburgh Panthers,North Carolina Tar Heels,73,65,0,Pittsburgh,North Carolina,2025-01-27,46,13-6,0.844066450067219,117.529580584349,101.477567811213,67.3314019080604,0.803723775159772,2025-01-27,42,13-8,0.852023965629713,114.790500369906,98.5817098912453,71.7277601132583,0.650554211191783
2025-01-28,2025,Big 12 Conference,BYU Cougars,Baylor Bears,93,89,0,BYU,Baylor,2025-01-27,23,13-6,0.914166695027057,121.652633313269,99.0341619234929,66.4095735320816,-0.421050227595491,2025-01-27,29,13-6,0.902057524110597,120.592356680546,99.4193255167108,64.4558970766336,1.52620005479877
2025-01-28,2025,Big 12 Conference,Colorado Buffaloes,Arizona State Sun Devils,68,70,0,Colorado,Arizona St.,2025-01-27,101,9-10,0.677472105501361,108.015600302343,101.264750683757,67.6639788335459,-2.86469199203194,2025-01-27,61,11-8,0.814002803589803,109.970970497406,96.7227277219163,67.4857865317821,0.714772542047943
2025-01-28,2025,Big 12 Conference,Kansas Jayhawks,UCF Knights,91,87,0,Kansas,UCF,2025-01-27,10,14-5,0.946050446952054,116.410371653729,90.7453037922055,67.9376622758856,3.5490144388984,2025-01-27,58,13-6,0.820145812433975,116.465687680394,102.069552614256,70.6411761714322,1.47604206889623
2025-01-28,2025,Big 12 Conference,Utah Utes,Cincinnati Bearcats,69,66,0,Utah,Cincinnati,2025-01-27,87,11-8,0.744390886662379,109.350788074929,99.644779592986,69.2092018594739,-1.28505380773372,2025-01-27,54,12-7,0.829670904667026,106.843365279433,93.1010918606992,64.7434842270108,-0.425080851281473
2025-01-28,2025,Big East Conference,Butler Bulldogs,Marquette Golden Eagles,69,78,0,Butler,Marquette,2025-01-27,89,9-11,0.742649786216668,113.939328493239,103.908502999918,66.5777209481115,-3.30859999213361,2025-01-27,18,17-3,0.924264690859354,117.748803742216,94.7280113605401,68.2415128340625,4.57926356770625
2025-01-28,2025,Big East Conference,Georgetown Hoyas,St. John's Red Storm,41,66,0,Georgetown,St. John's,2025-01-27,88,13-7,0.743579547142321,105.785422580942,96.431589037375,67.4780147003653,-1.43728508877324,2025-01-27,25,17-3,0.911770489042543,112.297471512198,91.6584359470948,69.9655403663905,2.56144086564995
2025-01-28,2025,Big East Conference,Seton Hall Pirates,Providence Friars,67,69,0,Seton Hall,Providence,2025-01-27,204,6-14,0.418858047414741,102.525017058092,105.486383604748,63.606800314054,-7.54024250231272,2025-01-27,99,10-10,0.684757746707579,111.784629986453,104.492974240162,65.1734614391188,-3.53688410991763
2025-01-28,2025,Big Ten Conference,Michigan State Spartans,Minnesota Golden Gophers,73,51,0,Michigan St.,Minnesota,2025-01-27,14,17-2,0.936349954187,119.643248055578,94.7009482063725,68.6216417396227,4.36320351113264,2025-01-27,91,11-9,0.73646188163325,110.926264135381,101.443703714334,62.0672987287747,-2.17762146476123
2025-01-29,2025,Atlantic Coast Conference,Florida State Seminoles,Virginia Tech Hokies,66,76,0,Florida St.,Virginia Tech,2025-01-28,68,13-7,0.788361001291634,111.559477178827,99.50457319391,69.7148618103924,-1.48266925135831,2025-01-28,150,8-12,0.53387741226503,108.555365012513,107.281775650031,64.4261170685412,-6.07890517099095
2025-01-29,2025,Atlantic Coast Conference,Miami Hurricanes,Virginia Cavaliers,71,82,0,Miami FL,Virginia,2025-01-28,211,4-16,0.39468290883975,112.808258758141,117.082431206999,67.0125058283162,-10.0695232071328,2025-01-28,123,9-11,0.596972610548438,104.306218849354,100.803054950494,60.2923619658487,-3.93856486885954
2025-01-29,2025,Atlantic Coast Conference,SMU Mustangs,California Golden Bears,76,65,0,SMU,California,2025-01-28,56,15-5,0.824680995156795,117.278835304554,102.505017358345,69.6058624453728,0.572836112071909,2025-01-28,120,11-9,0.603175223853446,112.430121875058,108.410188012485,67.4106259653802,-2.7623307698112
2025-01-29,2025,Atlantic Coast Conference,Stanford Cardinal,Syracuse Orange,70,61,0,Stanford,Syracuse,2025-01-28,66,14-6,0.79707062354506,116.154790445119,103.126848122901,66.5292909317859,-0.488809046792508,2025-01-28,147,9-11,0.545392909620374,108.359831943949,106.657741997886,69.1582619975597,-4.10818030321437
2025-01-29,2025,Big 12 Conference,Kansas State Wildcats,Oklahoma State Cowboys,85,57,0,Kansas St.,Oklahoma St.,2025-01-28,88,8-11,0.737200401421412,113.030104069337,103.333468862974,66.7513723643091,-3.83107963654792,2025-01-28,115,10-9,0.611504861982665,105.303482000516,101.230422955011,70.0528218488557,-2.51639119504763
2025-01-29,2025,Big 12 Conference,Texas Tech Red Raiders,TCU Horned Frogs,71,57,0,Texas Tech,TCU,2025-01-28,13,15-4,0.941424402136167,122.932292053216,96.558483888311,65.2503458870043,1.92201577435739,2025-01-28,71,10-9,0.777534851965607,106.702199368383,95.7009313212059,66.2617473130967,-1.26262165597491
2025-01-29,2025,Big 12 Conference,West Virginia Mountaineers,Houston Cougars,49,63,0,West Virginia,Houston,2025-01-28,34,13-6,0.88167169448636,111.527864748802,93.6565858609242,64.1617709269334,1.72073225431719,2025-01-28,1,16-3,0.987372167014372,123.855622578513,84.7800774908425,61.2343030464171,4.02280796426494
2025-01-29,2025,Big East Conference,Creighton Bluejays,Xavier Musketeers,86,77,0,Creighton,Xavier,2025-01-28,31,14-6,0.887392601367267,114.617824366806,95.7836513365179,68.0412628837903,1.65034123844316,2025-01-28,52,13-8,0.834411462101655,112.994469718267,98.1710138620627,68.0397594147269,-0.410819177086944
2025-01-29,2025,Big East Conference,UConn Huskies,DePaul Blue Demons,72,61,0,Connecticut,DePaul,2025-01-28,35,14-6,0.881244716869044,124.07361705567,104.229030104197,63.8011926473436,0.82587129618016,2025-01-28,133,10-11,0.584119643017078,109.329215274446,106.146881458842,67.2591503743564,-4.66268193709966
2025-01-29,2025,Big Ten Conference,Maryland Terrapins,Wisconsin Badgers,76,68,0,Maryland,Wisconsin,2025-01-28,16,16-5,0.934196148393007,120.420782455256,95.6117554309295,69.2363146946646,1.81177093248172,2025-01-28,14,16-4,0.936850681782694,124.356654906129,98.3595897483375,67.842615017901,3.60874347039731
2025-01-29,2025,Big Ten Conference,Northwestern Wildcats,Rutgers Scarlet Knights,72,79,0,Northwestern,Rutgers,2025-01-28,58,12-8,0.821985848950406,111.687975192945,97.7758615089928,64.7517514315955,-0.229060683366734,2025-01-28,85,10-10,0.742390262104428,113.724261542828,103.724612706555,68.826853033615,-2.30929241909304
2025-01-30,2025,Big Sky Conference,Idaho State Bengals,Eastern Washington Eagles,78,70,0,Idaho St.,Eastern Washington,2025-01-29,241,8-10,0.333923278677191,103.123322333788,109.50481248233,65.0343311089031,-6.66337825034643,2025-01-29,250,6-15,0.317799078189796,102.986931643165,110.060323745677,66.917934675165,-10.5040581841788
2025-01-30,2025,Big Sky Conference,Montana Grizzlies,Portland State Vikings,92,78,0,Montana,Portland St.,2025-01-29,209,13-8,0.40284726922618,106.36764321067,110.071356624385,67.8711328812658,-3.31342516579293,2025-01-29,195,13-7,0.432492610092854,101.854671442984,104.289647196409,68.6216184828443,-4.41576476509086
2025-01-30,2025,Big Sky Conference,Montana State Bobcats,Sacramento State Hornets,70,58,0,Montana St.,Sacramento St.,2025-01-29,193,8-13,0.434438046678237,105.137781789012,107.57711233509,66.157348791312,-8.37460405410237,2025-01-29,351,6-14,0.103119229293081,93.636314169619,113.013633091811,64.6994911135212,-11.2190649700301
2025-01-30,2025,Big Sky Conference,Weber State Wildcats,Idaho Vandals,74,82,0,Weber St.,Idaho,2025-01-29,262,8-13,0.285058645263849,106.373029739076,115.227573435558,64.7356657240594,-9.09406234422433,2025-01-29,216,9-12,0.384267277672853,110.313216955841,114.929803819265,65.5340750882425,-8.33513843950485
2025-01-30,2025,Big Ten Conference,Nebraska Cornhuskers,Illinois Fighting Illini,80,74,0,Nebraska,Illinois,2025-01-29,50,12-8,0.834383076301113,111.316384380367,96.7147998882594,67.8246560796543,-0.301121503751033,2025-01-29,5,14-6,0.958971095076626,120.944147153359,91.9530437238225,72.4425337963761,2.09395159965874
2025-01-30,2025,Big Ten Conference,Penn State Nittany Lions,Ohio State Buckeyes,64,83,0,Penn St.,Ohio St.,2025-01-29,57,13-8,0.818827404935358,114.914082329418,100.787819066028,70.6018557804716,-1.09653438882431,2025-01-29,39,12-8,0.861710069644126,114.22859736136,97.4275423654343,67.1962346841415,0.491776014403523
2025-01-30,2025,Big Ten Conference,UCLA Bruins,Oregon Ducks,78,52,0,UCLA,Oregon,2025-01-29,28,15-6,0.90215140906935,115.579587058229,95.277865821037,65.4095234533888,2.0374921336337,2025-01-29,33,16-4,0.882036435284575,116.936004029162,98.1682334986638,68.480983924958,4.37718612399954
2025-01-31,2025,Big East Conference,Georgetown Hoyas,Butler Bulldogs,73,70,0,Georgetown,Butler,2025-01-30,94,13-8,0.694434065679283,103.72006364743,96.5740637816915,67.3624885326687,-1.93773258374829,2025-01-30,83,9-12,0.745568546467148,114.607783054723,104.378884848859,66.4646948397413,-3.85149191154852
2025-01-31,2025,Big Ten Conference,Purdue Boilermakers,Indiana Hoosiers,81,76,0,Purdue,Indiana,2025-01-30,9,16-5,0.94982853528937,123.693763524171,95.7828907280671,64.8900774738874,4.34364050972859,2025-01-30,66,14-7,0.798403186919213,112.938818474711,100.199595998041,68.5424530446218,0.441344198159489
2025-02-01,2025,Atlantic Coast Conference,Boston College Eagles,Florida State Seminoles,77,76,0,Boston College,Florida St.,2025-01-31,205,9-11,0.414023857954957,108.195049770435,111.512917764717,65.8905109113925,-5.8600788265932,2025-01-31,82,13-8,0.748464776988539,110.70864407161,100.693470435161,69.6256533367044,-2.40352836023858
2025-02-01,2025,Atlantic Coast Conference,California Golden Bears,Syracuse Orange,66,75,0,California,Syracuse,2025-01-31,123,11-10,0.601384646638291,111.882863759455,107.952644558951,67.3431450334615,-3.18862697581071,2025-01-31,150,9-12,0.529555275652346,107.8217134908,106.717693352003,68.8692587435373,-4.63050640479523
2025-02-01,2025,Atlantic Coast Conference,Duke Blue Devils,North Carolina Tar Heels,87,70,0,Duke,North Carolina,2025-01-31,3,18-2,0.973197272728376,122.448508542891,89.5982282329027,65.5089295341586,5.13226928108012,2025-01-31,44,13-9,0.849377795091692,115.031988757156,98.9682416105233,71.3405277156757,0.254943046558133
2025-02-01,2025,Atlantic Coast Conference,Georgia Tech Yellow Jackets,Louisville Cardinals,77,70,0,Georgia Tech,Louisville,2025-01-31,118,9-12,0.606247771708244,105.829815698014,101.931878627481,69.3110287635256,-5.89243007131457,2025-01-31,21,16-5,0.920720028991248,120.684065804954,97.5089227188153,68.0746235511428,3.10223542881277
2025-02-01,2025,Atlantic Coast Conference,Miami Hurricanes,Notre Dame Fighting Irish,63,57,0,Miami FL,Notre Dame,2025-01-31,221,4-17,0.381946241131285,113.988759366178,118.860630023791,66.8418434884404,-10.9807163830639,2025-01-31,86,10-10,0.735885059573841,117.010812979178,107.035752068892,64.1756420928386,-3.79141940689538
2025-02-01,2025,Atlantic Coast Conference,NC State Wolfpack,Clemson Tigers,58,68,0,N.C. State,Clemson,2025-01-31,98,9-11,0.686226031590698,109.905744542583,102.675823455785,64.0747501776318,-4.75098244082808,2025-01-31,30,17-4,0.890843652040315,119.023092005304,99.1627136089645,63.5900631394836,2.26327735094956
2025-02-01,2025,Atlantic Coast Conference,SMU Mustangs,Stanford Cardinal,85,61,0,SMU,Stanford,2025-01-31,54,16-5,0.825155522307241,116.345548105997,101.660249385641,69.5989165803546,0.657492947190825,2025-01-31,66,15-6,0.800103077775472,115.967942462948,102.792297967956,66.2516550282559,-0.530584277605605
2025-02-01,2025,Atlantic Coast Conference,Virginia Cavaliers,Virginia Tech Hokies,74,75,0,Virginia,Virginia Tech,2025-01-31,116,10-11,0.613086273289769,106.222584013314,102.054839745554,60.113728260338,-3.7795543601624,2025-01-31,132,9-12,0.582865910025399,109.774142634943,106.626678879358,64.3789136498568,-5.64867332828338
2025-02-01,2025,Atlantic Coast Conference,Wake Forest Demon Deacons,Pittsburgh Panthers,76,74,0,Wake Forest,Pittsburgh,2025-01-31,84,15-6,0.741951832471576,104.893641490831,95.6895221707973,66.4115357764735,1.37407725405684,2025-01-31,45,14-6,0.845189818125391,117.639939780291,101.497274827124,66.9445197626378,1.17085560097375
2025-02-01,2025,Big 12 Conference,Arizona State Sun Devils,Arizona Wildcats,72,81,0,Arizona St.,Arizona,2025-01-31,57,12-8,0.81551990027858,109.877361572146,96.5559605481331,67.4090526149955,1.07815560418204,2025-01-31,10,14-6,0.943506219372487,122.228505812922,95.6856753320202,69.4341522308612,2.22657064395688
2025-02-01,2025,Big 12 Conference,Baylor Bears,Kansas Jayhawks,81,70,0,Baylor,Kansas,2025-01-31,29,13-7,0.898742735228729,121.938046730927,100.852405184103,64.2438349540115,1.33378875206642,2025-01-31,11,15-5,0.942279779042543,117.111971094336,91.8620026648189,68.0403408192133,3.92731644428049
2025-02-01,2025,Big 12 Conference,Houston Cougars,Texas Tech Red Raiders,81,82,0,Houston,Texas Tech,2025-01-31,1,17-3,0.988022431152881,124.654113156383,84.9304250823871,60.9373216866623,4.65394941746397,2025-01-31,13,16-4,0.941328057540621,123.406839652033,96.9459383598426,64.9652567809824,2.15854427856843
2025-02-01,2025,Big 12 Conference,Iowa State Cyclones,Kansas State Wildcats,61,80,0,Iowa St.,Kansas St.,2025-01-31,6,17-3,0.955943156638263,121.115756777888,92.6809178630757,68.9325692686978,4.8477287833146,2025-01-31,72,9-11,0.775136245384638,113.980673800101,102.351848534111,66.7606614246203,-3.73679705968913
2025-02-01,2025,Big 12 Conference,Oklahoma State Cowboys,Utah Utes,81,72,0,Oklahoma St.,Utah,2025-01-31,136,10-10,0.567105188050783,104.414441806458,101.991082782454,70.1149660788074,-3.01142567735094,2025-01-31,81,12-8,0.748811378490689,109.887549529551,99.9306491493677,69.1642774171726,-0.992510320197112
2025-02-01,2025,Big 12 Conference,UCF Knights,BYU Cougars,75,81,0,UCF,BYU,2025-01-31,51,13-7,0.83500323561214,118.096904468339,102.565812443167,70.7738607430788,1.30415307647404,2025-01-31,27,14-6,0.915750294505115,123.319231004228,100.213378934439,66.2482148666693,0.00123854344065094
2025-02-01,2025,Big East Conference,Marquette Golden Eagles,UConn Huskies,69,77,0,Marquette,Connecticut,2025-01-31,23,18-3,0.918357748033397,117.771098868705,95.419908374535,68.0296650548411,4.92914302135356,2025-01-31,37,15-6,0.870976672124717,123.025713198228,104.202831184127,63.6774927295934,0.88635847291325
2025-02-01,2025,Big East Conference,St. John's Red Storm,Providence Friars,68,66,0,St. John's,Providence,2025-01-31,18,18-3,0.928919193687928,112.097176138958,89.6461365132178,69.7422414686221,3.01374117712731,2025-01-31,99,11-10,0.684523243848118,111.957794144695,104.664727644612,65.3132537586317,-3.30715773243248
2025-02-01,2025,Big East Conference,Villanova Wildcats,Creighton Bluejays,60,62,0,Villanova,Creighton,2025-01-31,52,12-9,0.833979872448333,123.468994374983,107.300523074964,63.2586451885991,-2.49582711158347,2025-01-31,31,15-6,0.888118553903849,116.109804395748,96.9690166508063,67.8649506674422,1.93982974842981
2025-02-01,2025,Big Sky Conference,Idaho State Bengals,Idaho Vandals,87,71,0,Idaho St.,Idaho,2025-01-31,230,9-10,0.354377505023745,103.659179319467,109.209653126509,65.0513466820179,-6.62662422020364,2025-01-31,214,10-12,0.396768175354261,110.489902354191,114.589309948858,65.6068199540293,-8.29095529303945
2025-02-01,2025,Big Sky Conference,Montana Grizzlies,Sacramento State Hornets,87,59,0,Montana,Sacramento St.,2025-01-31,196,14-8,0.430192116333239,108.431850780798,111.114645742667,67.4768846059852,-3.31220972340943,2025-01-31,351,6-15,0.10829565068319,93.5421187273921,112.363550054105,64.6407649632878,-12.0438399564841
2025-02-01,2025,Big Sky Conference,Montana State Bobcats,Portland State Vikings,74,73,0,Montana St.,Portland St.,2025-01-31,198,9-13,0.426148754562496,104.596550411404,107.338484155509,66.0606749023193,-8.3950547488076,2025-01-31,208,13-8,0.407234922623118,102.880040065031,106.293891430431,68.1882217616244,-5.28485771763989
2025-02-01,2025,Big Sky Conference,Northern Colorado Bears,Northern Arizona Lumberjacks,87,69,0,Northern Colorado,Northern Arizona,2025-01-31,144,15-6,0.544901018774291,111.176480774188,109.449025796185,68.643797741166,-2.10580757811645,2025-01-31,217,13-8,0.389553079034704,105.067338015942,109.252483362878,66.4650969424533,-5.7590455566307
2025-02-01,2025,Big Sky Conference,Weber State Wildcats,Eastern Washington Eagles,49,72,0,Weber St.,Eastern Washington,2025-01-31,267,8-14,0.274880819021586,106.22316644217,115.571560859906,64.6932755815651,-10.1481121924649,2025-01-31,248,6-16,0.312339731978559,102.919671729339,110.230671513218,66.9309752094766,-11.405008978452
2025-02-01,2025,Big Ten Conference,Minnesota Golden Gophers,Washington Huskies,68,71,0,Minnesota,Washington,2025-01-31,91,11-10,0.718244429639931,110.632837851062,101.98702970497,61.9037014213191,-2.36415391401947,2025-01-31,104,10-10,0.656724739636964,107.419476525048,101.527531115531,68.1546325607943,-2.42940534856738
2025-02-01,2025,Big Ten Conference,Northwestern Wildcats,Wisconsin Badgers,69,75,0,Northwestern,Wisconsin,2025-01-31,64,12-9,0.803363667647488,112.123121570111,99.207188855951,64.5034477649478,-1.08489313814808,2025-01-31,14,16-5,0.936359684990419,124.269682903247,98.3615030628106,67.5918106149081,3.46082413054855
2025-02-01,2025,Big Ten Conference,Rutgers Scarlet Knights,Michigan Wolverines,63,66,0,Rutgers,Michigan,2025-01-31,77,11-10,0.75658704905294,114.822804411454,104.040094794586,68.6755166569739,-1.79728468692172,2025-01-31,20,15-5,0.924903061739259,120.792229988518,97.0990932080556,69.834718145696,2.14396123847146
2025-02-01,2025,Big Ten Conference,USC Trojans,Michigan State Spartans,70,64,0,USC,Michigan St.,2025-01-31,49,12-8,0.837299685041751,115.91344161707,100.522871213318,67.7443395076686,-1.19823760692973,2025-01-31,12,18-2,0.941773287507032,119.980367096178,94.1878855618927,68.4368867883514,4.48714378056961
2025-02-02,2025,Big 12 Conference,Cincinnati Bearcats,West Virginia Mountaineers,50,63,0,Cincinnati,West Virginia,2025-02-01,56,12-8,0.825817106178171,106.656894101838,93.1573015951508,64.654053997398,-0.865574787993236,2025-02-01,36,13-7,0.875179220051579,111.336778736363,93.9917957531665,63.895529142722,1.55867507810833
2025-02-02,2025,Big 12 Conference,TCU Horned Frogs,Colorado Buffaloes,68,57,0,TCU,Colorado,2025-02-01,72,10-10,0.78008519820291,106.871285758413,95.7292647715348,65.9879562532077,-1.43045657909419,2025-02-01,102,9-11,0.670461284305293,107.763937379349,101.309509077754,67.6583893047857,-3.65235727723892
2025-02-02,2025,Big East Conference,DePaul Blue Demons,Seton Hall Pirates,74,57,0,DePaul,Seton Hall,2025-02-01,123,10-12,0.599193183813341,109.152101699532,105.40148542388,67.1592875710937,-5.02093276123494,2025-02-01,199,6-15,0.422686352300439,102.233310191066,105.042676565708,63.8251204703484,-8.39230913921498
2025-02-02,2025,Big Ten Conference,Illinois Fighting Illini,Ohio State Buckeyes,87,79,0,Illinois,Ohio St.,2025-02-01,7,14-7,0.955181112316748,119.71990175888,91.7558522371192,72.2314088890601,1.72506111995853,2025-02-01,35,13-8,0.880488567967541,114.777130600053,96.4798747527052,66.9483086592066,0.901689230982531
2025-02-02,2025,Big Ten Conference,Oregon Ducks,Nebraska Cornhuskers,71,77,0,Oregon,Nebraska,2025-02-01,39,16-5,0.86333373028156,115.771347544364,98.6258779910919,68.0991635515139,4.02622200454031,2025-02-01,44,13-8,0.852429990880211,111.590334741877,95.8065546079216,67.5322962057946,0.365664890861614
2025-02-03,2025,Atlantic Coast Conference,Pittsburgh Panthers,Virginia Cavaliers,57,73,0,Pittsburgh,Virginia,2025-02-02,50,14-7,0.836302714364183,117.749323435809,102.179835834625,66.9660677100661,0.574047481537198,2025-02-02,128,10-12,0.59382324363219,106.957737465182,103.483096120815,60.2692734541218,-4.70051711136713
2025-02-03,2025,Big 12 Conference,Kansas Jayhawks,Iowa State Cyclones,69,52,0,Kansas,Iowa St.,2025-02-02,12,15-6,0.941839493682888,116.277695767266,91.2715989366267,68.5992412295172,3.70316458642533,2025-02-02,10,17-4,0.946103542120791,119.169515283081,92.8877304142977,68.9934579425376,4.13574559666579
2025-02-03,2025,Big Sky Conference,Idaho State Bengals,Northern Colorado Bears,72,86,0,Idaho St.,Northern Colorado,2025-02-02,217,10-10,0.385392437694384,105.147956902837,109.503112964999,64.8937517098704,-6.55232848655837,2025-02-02,133,16-6,0.581623011846949,111.528753057117,108.379126725748,68.7819265144195,-2.08382171227077
2025-02-03,2025,Big Sky Conference,Weber State Wildcats,Northern Arizona Lumberjacks,77,73,0,Weber St.,Northern Arizona,2025-02-02,282,8-15,0.247081009428727,103.456215678565,113.981829047133,65.1651049676343,-11.1600680940368,2025-02-02,232,13-9,0.348152369465863,103.987491038224,109.816104371914,66.6021130345577,-6.54824418384568
2025-02-04,2025,Atlantic Coast Conference,Clemson Tigers,Georgia Tech Yellow Jackets,86,89,0,Clemson,Georgia Tech,2025-02-03,33,18-4,0.891645999179355,118.126965051339,98.3453001506964,63.7572447115561,2.53595876911794,2025-02-03,111,10-12,0.635191071856375,105.735241390519,100.757468105579,69.5303211386612,-5.34124411831058
2025-02-04,2025,Atlantic Coast Conference,Florida State Seminoles,Notre Dame Fighting Irish,67,60,0,Florida St.,Notre Dame,2025-02-03,83,13-9,0.736909117813901,109.935039682342,100.517060139361,69.8481323155481,-3.4260641848312,2025-02-03,85,10-11,0.73469026151589,115.466574468365,105.679553458098,63.9412586391371,-4.52238346919952
2025-02-04,2025,Big 12 Conference,Arizona State Sun Devils,Kansas State Wildcats,70,71,0,Arizona St.,Kansas St.,2025-02-03,55,12-9,0.819549935213664,109.855023623141,96.3098036918748,67.7590154480829,0.667861911070009,2025-02-03,56,10-11,0.819341172689192,114.379401769306,100.288626225061,66.922233897717,-2.85394610466809
2025-02-04,2025,Big 12 Conference,BYU Cougars,Arizona Wildcats,74,85,0,BYU,Arizona,2025-02-03,23,15-6,0.918992195972738,121.959145650533,98.7401861704685,66.7052663064098,0.649293995960965,2025-02-03,11,15-6,0.945535027196185,121.765584056574,95.0028647548247,69.7824273055549,2.87297268564903
2025-02-04,2025,Big 12 Conference,Houston Cougars,Oklahoma State Cowboys,72,63,0,Houston,Oklahoma St.,2025-02-03,1,17-4,0.987447262441027,124.71581965555,85.3240585861794,61.2276037129059,4.44385087467194,2025-02-03,116,11-10,0.619256134562631,105.815772409259,101.433622712567,69.9102656361774,-2.58898622945162
2025-02-04,2025,Big 12 Conference,Texas Tech Red Raiders,Baylor Bears,73,59,0,Texas Tech,Baylor,2025-02-03,8,17-4,0.950532878971243,124.565571278783,96.3332563029716,65.2493809043844,3.0924268206067,2025-02-03,29,14-7,0.904067240541292,121.342484008383,99.8382359754586,64.8975408118886,1.9810180477503
2025-02-04,2025,Big East Conference,St. John's Red Storm,Marquette Golden Eagles,70,64,0,St. John's,Marquette,2025-02-03,20,19-3,0.9281589313386,110.961175399654,88.8261117109693,69.9550554566983,3.28533938743866,2025-02-03,28,18-4,0.90583415345654394,116.551185624653,95.7249024884793,68.1452533561578,4.31004942484955
2025-02-04,2025,Big East Conference,Xavier Musketeers,Georgetown Hoyas,74,69,0,Xavier,Georgetown,2025-02-03,50,13-9,0.834632004257119,114.139783254365,99.152306189072,67.9964914374557,-0.767557143918657,2025-02-03,91,14-8,0.707055093998514,104.098738544368,96.4206486955744,67.414405488838,-1.66308642736828
2025-02-04,2025,Big Ten Conference,Iowa Hawkeyes,Purdue Boilermakers,81,90,0,Iowa,Purdue,2025-02-03,71,13-8,0.783825040114982,118.983574500531,106.375677293773,71.0662055662835,-0.884720962310103,2025-02-03,10,17-5,0.947819701246448,123.351952868202,95.8624910715843,64.9883825473136,4.63778939854431
2025-02-04,2025,Big Ten Conference,Northwestern Wildcats,USC Trojans,77,75,0,Northwestern,USC,2025-02-03,60,12-10,0.810212108715752,112.458718647488,99.1246818896154,64.4441087436163,-1.58257477867321,2025-02-03,44,13-8,0.852486016192251,115.672187505973,99.3072072175791,67.7858598247466,-0.61523977030502
2025-02-04,2025,Big Ten Conference,Penn State Nittany Lions,Minnesota Golden Gophers,61,69,0,Penn St.,Minnesota,2025-02-03,67,13-9,0.791319546740685,113.79794357255,101.343962662128,70.3907003079535,-1.87720523341216,2025-02-03,92,11-11,0.70670813735041,110.219785144955,102.105086923961,62.1404696543553,-3.27582203015247
2025-02-04,2025,Big Ten Conference,UCLA Bruins,Michigan State Spartans,63,61,0,UCLA,Michigan St.,2025-02-03,24,16-6,0.918470697116321,116.497864572449,94.3759433965181,65.1145373414401,2.36086333406832,2025-02-03,13,18-3,0.936510738268083,118.214071167588,93.5477413109633,68.4412915754428,4.11438175129158
2025-02-04,2025,Big Ten Conference,Wisconsin Badgers,Indiana Hoosiers,76,64,0,Wisconsin,Indiana,2025-02-03,16,17-5,0.934800931188467,124.165950466501,98.5006815056035,67.4803743893059,3.94687289581385,2025-02-03,57,14-8,0.813326522168972,113.50399623898,99.8688574709919,68.6516333932632,0.281535854388261
2025-02-05,2025,Atlantic Coast Conference,Boston College Eagles,Louisville Cardinals,58,84,0,Boston College,Louisville,2025-02-04,191,10-11,0.438416047025963,108.160108520012,110.514025056127,66.1180452569409,-5.369560940036,2025-02-04,24,16-6,0.916729507216466,119.317089396602,96.8535821006465,68.2220999292594,2.6077687493821
2025-02-05,2025,Atlantic Coast Conference,California Golden Bears,NC State Wolfpack,74,62,0,California,N.C. State,2025-02-04,140,11-11,0.563821032766945,110.520277203339,108.080750629262,67.306831316065,-4.15757019172548,2025-02-04,98,9-12,0.685669965595893,109.199027522559,102.038497172299,64.2182058853116,-5.17300601393211
2025-02-05,2025,Atlantic Coast Conference,Stanford Cardinal,Wake Forest Demon Deacons,73,79,0,Stanford,Wake Forest,2025-02-04,75,15-7,0.767835857744124,114.029947528871,102.765499589663,66.3629257857864,-0.99946076426649,2025-02-04,78,16-6,0.751650420602165,105.558651867716,95.8676056173207,66.5076701131982,1.66809169803553
2025-02-05,2025,Atlantic Coast Conference,Syracuse Orange,Duke Blue Devils,54,83,0,Syracuse,Duke,2025-02-04,144,10-12,0.55835691165891,108.069091090108,105.887771146219,68.8166822849924,-4.35835424086838,2025-02-04,3,19-2,0.97650120497618,123.790155499502,89.52326604073,65.3695247637609,5.51889126903403
2025-02-05,2025,Atlantic Coast Conference,Virginia Tech Hokies,SMU Mustangs,75,81,0,Virginia Tech,SMU,2025-02-04,125,10-12,0.598748374519488,110.749308925215,106.961032470116,64.5933532079231,-5.43084983161879,2025-02-04,43,17-5,0.853882394121235,116.492343382508,99.9144280865971,69.7611938522478,0.90415518546015206
2025-02-05,2025,Big 12 Conference,TCU Horned Frogs,West Virginia Mountaineers,65,60,0,TCU,West Virginia,2025-02-04,69,11-10,0.786018176828795,107.195422839004,95.728435874593,65.773153256632,-1.15662247755667,2025-02-04,31,14-7,0.892318473067028,111.611407846674,92.8644670682947,63.9907199032907,2.15653147758547
2025-02-05,2025,Big 12 Conference,UCF Knights,Cincinnati Bearcats,83,93,0,UCF,Cincinnati,2025-02-04,48,13-8,0.838602916108311,117.226581066782,101.57684864957,71.1495627574892,0.885728003026959,2025-02-04,63,12-9,0.800531989290844,105.787955213942,93.7470238521313,64.6688525503646,-1.30138968120495
2025-02-05,2025,Big 12 Conference,Utah Utes,Colorado Buffaloes,72,59,0,Utah,Colorado,2025-02-04,86,12-9,0.728530948860235,109.877095833992,100.838529566346,68.9895590036372,-1.59243737843715,2025-02-04,104,9-12,0.662108620156072,107.678558745219,101.560469749737,67.4528028308866,-4.05669251595064
2025-02-05,2025,Big East Conference,DePaul Blue Demons,Villanova Wildcats,49,59,0,DePaul,Villanova,2025-02-04,117,11-12,0.616907989181918,109.406025591699,104.965948129482,67.1921372138745,-4.91014679360691,2025-02-04,50,12-10,0.831197254175749,121.395710382509,105.682043497471,63.4576704531384,-3.02753926309524
2025-02-05,2025,Big East Conference,Providence Friars,Creighton Bluejays,69,80,0,Providence,Creighton,2025-02-04,96,11-11,0.696420684582678,111.736980687642,103.953820460263,65.4577716213054,-3.52620032459,2025-02-04,32,16-6,0.891238870865894,114.832198504552,95.6372593266707,68.0489006969823,2.6022351274566
2025-02-05,2025,Big East Conference,Seton Hall Pirates,Butler Bulldogs,54,84,0,Seton Hall,Butler,2025-02-04,210,6-16,0.399896517221899,101.50251159784101,105.149050678377,63.8704516304216,-8.92967831020749,2025-02-04,83,9-13,0.734829916303394,114.409229612619,104.705305203006,66.5048760863566,-4.38753559775657
2025-02-05,2025,Big Ten Conference,Michigan Wolverines,Oregon Ducks,80,76,0,Michigan,Oregon,2025-02-04,18,16-5,0.928891625667022,119.3214499477,95.4269826479075,69.8090718922405,2.86660585928197,2025-02-04,44,16-6,0.849720469334061,115.38098188784,99.2453593799154,68.1001779083266,3.45861544535353
2025-02-05,2025,Big Ten Conference,Rutgers Scarlet Knights,Illinois Fighting Illini,82,73,0,Rutgers,Illinois,2025-02-04,77,11-11,0.759271114150965,113.592416857229,102.794399874453,68.6990197431857,-2.20695169002933,2025-02-04,8,15-7,0.952114641432365,120.08100061764,92.5896470558063,72.2967520710568,2.21225370351521
2025-02-05,2025,Big Ten Conference,Washington Huskies,Nebraska Cornhuskers,72,86,0,Washington,Nebraska,2025-02-04,100,11-10,0.679270589773002,107.822248598249,101.011054320488,68.3449963913118,-1.91024556178979,2025-02-04,40,14-8,0.860706830379725,112.08542058924,95.6693892784077,67.5263942857292,1.03472672966866
2025-02-06,2025,Big Sky Conference,Eastern Washington Eagles,Sacramento State Hornets,83,80,0,Eastern Washington,Sacramento St.,2025-02-05,235,7-16,0.343481675315652,101.480097393556,107.360742999358,67.3785406659674,-11.2652756088411,2025-02-05,356,6-16,0.0967560048624909,93.4438985346585,113.477519039558,64.4140714659781,-12.8281848508589
2025-02-06,2025,Big Sky Conference,Idaho Vandals,Portland State Vikings,69,76,0,Idaho,Portland St.,2025-02-05,223,10-13,0.368676854573439,110.563583212769,115.857901043692,65.4596721745887,-9.14516219349769,2025-02-05,204,13-9,0.408023164755093,103.067867660738,106.457728379124,68.0841738923991,-6.07578882296795
2025-02-06,2025,Big Sky Conference,Northern Arizona Lumberjacks,Montana State Bobcats,69,64,0,Northern Arizona,Montana St.,2025-02-05,245,13-10,0.328120543892133,103.361740301533,110.00836770076,66.8972727553649,-7.42248653153958,2025-02-05,197,10-13,0.432915843399234,104.92165225766,107.413842900271,66.021251972896,-8.18681412562978
2025-02-06,2025,Big Sky Conference,Northern Colorado Bears,Montana Grizzlies,78,86,0,Northern Colorado,Montana,2025-02-05,129,17-6,0.58925858135545806,112.178427196715,108.71263090958,68.707735302682,-1.91023135165878,2025-02-05,181,15-8,0.459796319863051,109.422961685743,110.967226224689,67.276609975456,-3.23162822133998
2025-02-06,2025,Big Ten Conference,Ohio State Buckeyes,Maryland Terrapins,73,70,0,Ohio St.,Maryland,2025-02-05,35,13-9,0.882342317296646,115.764161320647,97.1595983549478,66.931281654543,0.671765936700647,2025-02-05,15,17-5,0.934584497116298,119.839682334701,95.0979746314474,69.2568449810018,2.4383199405073
2025-02-07,2025,Big East Conference,UConn Huskies,St. John's Red Storm,62,68,0,Connecticut,St. John's,2025-02-06,33,16-6,0.887830299495208,124.278331336408,103.817112057224,63.8289035656674,1.72000908466116,2025-02-06,20,20-3,0.925628412789857,111.382904641094,89.4537541754,69.7800933311776,3.83651076527071
2025-02-07,2025,Big Ten Conference,Purdue Boilermakers,USC Trojans,90,72,0,Purdue,USC,2025-02-06,10,18-5,0.945980127174086,123.992972408431,96.6677373315322,64.9803159570259,5.31959536484736,2025-02-06,45,13-9,0.84221493999095,116.762011915458,100.937636081889,67.6272363251308,-0.941249724782249
2025-02-08,2025,Atlantic Coast Conference,California Golden Bears,Wake Forest Demon Deacons,66,76,0,California,Wake Forest,2025-02-07,135,12-11,0.57890406730598,110.724055234895,107.701653251944,67.308159465099,-3.97046503111628,2025-02-07,77,17-6,0.760272792756646,106.649905771746,96.4657921463328,66.6997581142325,2.25332286990253
2025-02-08,2025,Atlantic Coast Conference,Clemson Tigers,Duke Blue Devils,77,71,0,Clemson,Duke,2025-02-07,36,18-5,0.880019201182817,117.989216785883,99.2183153553149,63.5078211991874,1.85554154766374,2025-02-07,3,20-2,0.976697830435997,124.744084005161,90.1456635095483,65.0313927407713,5.89599932142212
2025-02-08,2025,Atlantic Coast Conference,Louisville Cardinals,Miami Hurricanes,88,78,0,Louisville,Miami FL,2025-02-07,23,17-6,0.918852282172406,119.109327120725,96.4486735511798,68.3498359595218,2.87678579771817,2025-02-07,209,5-17,0.404869552750627,113.278283661636,117.137035814139,66.649140796857,-10.4476859699357
2025-02-08,2025,Atlantic Coast Conference,North Carolina Tar Heels,Pittsburgh Panthers,67,66,0,North Carolina,Pittsburgh,2025-02-07,46,13-10,0.836048479987718,115.821521975382,100.523160805142,71.2163628626546,0.184464191391336,2025-02-07,65,14-8,0.794912948094085,116.963251239178,103.964684052754,66.8636857510531,-0.174673121145395
2025-02-08,2025,Atlantic Coast Conference,Notre Dame Fighting Irish,Virginia Tech Hokies,63,65,0,Notre Dame,Virginia Tech,2025-02-07,86,10-12,0.726410907418585,114.653289239176,105.319717539919,64.0547441709601,-4.89531942804282,2025-02-07,123,10-13,0.603698670295449,112.022958465959,107.997038785345,64.3610040393734,-5.98458180576169
2025-02-08,2025,Atlantic Coast Conference,Stanford Cardinal,NC State Wolfpack,74,73,0,Stanford,N.C. State,2025-02-07,78,15-8,0.759723900203007,114.604730700346,103.688131405682,66.4994302172083,-1.61782493275252,2025-02-07,102,9-13,0.663879164963566,108.830392333468,102.576151989626,64.1859834330838,-5.82447984268026
2025-02-08,2025,Atlantic Coast Conference,Syracuse Orange,Boston College Eagles,95,86,0,Syracuse,Boston College,2025-02-07,148,10-13,0.54907005777584,108.692505600416,106.84721157282,68.3962974280829,-4.47912926424186,2025-02-07,201,10-12,0.426208396743206,107.625537548023,110.44453204714,66.2747267050901,-5.74256718855531
2025-02-08,2025,Atlantic Coast Conference,Virginia Cavaliers,Georgia Tech Yellow Jackets,75,61,0,Virginia,Georgia Tech,2025-02-07,108,11-12,0.645759753260948,108.805931624863,103.270588639284,60.2007771583756,-4.00824202138456,2025-02-07,106,11-12,0.652170867276028,106.601354571475,100.930863604484,69.279954292428,-4.50279295596841
2025-02-08,2025,Big 12 Conference,Arizona Wildcats,Texas Tech Red Raiders,82,73,0,Arizona,Texas Tech,2025-02-07,10,16-6,0.94667527715904,122.48657969817,95.3797374274857,69.8306056082018,3.78988981780726,2025-02-07,7,18-4,0.951449400886772,124.243416106186,95.9199492129894,65.2995856942009,3.70026833117753
2025-02-08,2025,Big 12 Conference,Baylor Bears,UCF Knights,91,76,0,Baylor,UCF,2025-02-07,28,14-8,0.897545805028297,120.578985878953,99.8418841513836,64.9239898631097,2.0158588648203,2025-02-07,53,13-9,0.820937616167532,117.947825629621,103.320164132546,71.4504652353062,0.187224841625541
2025-02-08,2025,Big 12 Conference,Cincinnati Bearcats,BYU Cougars,84,66,0,Cincinnati,BYU,2025-02-07,62,13-9,0.808697821964318,107.368349620367,94.7186990848449,64.9127441253998,-0.649451916642808,2025-02-07,25,15-7,0.913733144030314,121.986829458821,99.3538377744134,66.7607927051915,0.428212889002856
2025-02-08,2025,Big 12 Conference,Colorado Buffaloes,Houston Cougars,59,69,0,Colorado,Houston,2025-02-07,111,9-13,0.638998646923197,107.179819265609,101.987882777932,67.2390450046844,-4.57562273854831,2025-02-07,1,18-4,0.984737337200246,124.944496175874,86.9666565810705,61.0389463647741,4.74523753186787
2025-02-08,2025,Big 12 Conference,Iowa State Cyclones,TCU Horned Frogs,82,52,0,Iowa St.,TCU,2025-02-07,14,17-5,0.933910349961282,118.133558885289,93.8335946867956,68.5983692453953,4.04518682394464,2025-02-07,69,12-10,0.788154829294428,107.788894132852,96.1517595309544,65.8008056404053,-0.685666208133431
2025-02-08,2025,Big 12 Conference,Kansas State Wildcats,Kansas Jayhawks,81,73,0,Kansas St.,Kansas,2025-02-07,54,11-11,0.820672034338731,115.290402125335,101.008167463045,66.7270795864511,-2.06637535712219,2025-02-07,9,16-6,0.946842788005442,116.704040896125,90.8506436586113,68.147797019814,4.29818612627168
2025-02-08,2025,Big 12 Conference,West Virginia Mountaineers,Utah Utes,72,61,0,West Virginia,Utah,2025-02-07,34,14-8,0.883919285146094,111.747106772879,93.6636008147805,63.9823168078757,1.76105103473904,2025-02-07,83,13-9,0.735274970952635,110.20397719256,100.836692436772,68.7992316461522,-1.38083926118881
2025-02-08,2025,Big East Conference,Butler Bulldogs,Providence Friars,82,81,0,Butler,Providence,2025-02-07,76,10-13,0.762182883776571,115.530049244982,104.40251272172,66.6020238181703,-4.19920195974863,2025-02-07,95,11-12,0.690188524914072,112.215216457713,104.665165834155,65.5286731812705,-4.03061621873971
2025-02-08,2025,Big East Conference,Creighton Bluejays,Marquette Golden Eagles,77,67,0,Creighton,Marquette,2025-02-07,31,17-6,0.88939512391766,115.342224137581,96.2198781191206,68.1645015261109,3.1103755335842602,2025-02-07,27,18-5,0.902828785075223,117.172746960228,96.5265548310019,67.8867400987941,4.32157620824391
2025-02-08,2025,Big East Conference,Georgetown Hoyas,Seton Hall Pirates,60,46,0,Georgetown,Seton Hall,2025-02-07,92,14-9,0.702628965101566,104.817943984603,97.2665899292834,67.4810772159125,-1.96562327414762,2025-02-07,233,6-17,0.353167789875516,100.80786234083,106.254540340437,63.9875520671908,-9.56326278441826
2025-02-08,2025,Big Sky Conference,Eastern Washington Eagles,Portland State Vikings,72,67,0,Eastern Washington,Portland St.,2025-02-07,250,8-16,0.326811291623943,102.40272813264,109.044042070463,67.5564326198225,-11.1386838827696,2025-02-07,192,14-9,0.444601324283724,103.215346921613,105.231858562507,68.389750703093,-5.81601904777446
2025-02-08,2025,Big Sky Conference,Idaho Vandals,Sacramento State Hornets,78,76,0,Idaho,Sacramento St.,2025-02-07,237,10-14,0.344406371750582,109.655610229803,115.968684215875,65.7326410586701,-9.94794968671677,2025-02-07,352,6-17,0.107533935179594,95.2719510889073,114.520205262608,64.5318288981632,-13.6195716456944
2025-02-08,2025,Big Sky Conference,Northern Arizona Lumberjacks,Montana Grizzlies,80,83,0,Northern Arizona,Montana,2025-02-07,236,14-10,0.345307619317053,104.085423091767,110.039634749373,66.7153754958442,-7.30011611678105,2025-02-07,166,16-8,0.493200534399783,110.667249229761,110.929306681542,67.1953269570736,-2.88602920087882
2025-02-08,2025,Big Sky Conference,Northern Colorado Bears,Montana State Bobcats,73,66,0,Northern Colorado,Montana St.,2025-02-07,141,17-7,0.555942821846025,112.158899525337,109.988567384138,68.6593715585468,-2.7593380510407,2025-02-07,205,10-14,0.417259270064465,104.792012533116,107.880489840758,65.8313916668956,-8.97281390521524
2025-02-08,2025,Big Sky Conference,Weber State Wildcats,Idaho State Bengals,67,72,0,Weber St.,Idaho St.,2025-02-07,278,9-15,0.261272477578306,103.665832195972,113.471552363813,65.4755680258942,-11.0190149089346,2025-02-07,219,10-11,0.377382190228226,105.631553034106,110.332003147355,64.8937816587641,-7.37789370972869
2025-02-08,2025,Big Ten Conference,Indiana Hoosiers,Michigan Wolverines,67,70,0,Indiana,Michigan,2025-02-07,64,14-9,0.799121838053317,113.162736231049,100.3592320145,68.4935386287198,0.25783028496611,2025-02-07,18,17-5,0.926717710146004,119.429095561365,95.7830232220626,69.8962704959762,3.37818703879899
2025-02-08,2025,Big Ten Conference,Iowa Hawkeyes,Wisconsin Badgers,63,74,0,Iowa,Wisconsin,2025-02-07,70,13-9,0.783363459462792,119.941990600842,107.257920875108,71.019708195647,-1.13318421785821,2025-02-07,12,18-5,0.938732374870297,124.569132244419,98.2516696131273,67.2988192900868,4.39987252296267
2025-02-08,2025,Big Ten Conference,Michigan State Spartans,Oregon Ducks,86,74,0,Michigan St.,Oregon,2025-02-07,16,18-4,0.93249988415542,117.630967296461,93.6184178191893,68.2937215163896,4.00827634162191,2025-02-07,44,16-7,0.845407799224148,115.4092513217,99.5582515917395,68.1969630482756,3.29776792950042
2025-02-08,2025,Big Ten Conference,Minnesota Golden Gophers,Illinois Fighting Illini,74,95,0,Minnesota,Illinois,2025-02-07,88,12-11,0.718313515198368,110.875440811301,102.207639210682,61.9417674194077,-2.5989406165909,2025-02-07,11,15-8,0.943100766105288,119.821333615715,93.8630954848947,71.9430429781741,1.84755179677989
2025-02-08,2025,Big Ten Conference,UCLA Bruins,Penn State Nittany Lions,78,54,0,UCLA,Penn St.,2025-02-07,21,17-6,0.919204950713884,116.449698063807,94.2561897019871,64.9584673333702,3.12335778066513,2025-02-07,72,13-10,0.778176179958494,113.759096464188,101.997320810119,70.2172627992701,-2.49225333055554
2025-02-08,2025,Big Ten Conference,Washington Huskies,Northwestern Wildcats,76,71,0,Washington,Northwestern,2025-02-07,99,11-11,0.676977297945376,109.310016000701,102.498440344598,68.0804702745578,-2.47264425961398,2025-02-07,60,13-10,0.812384069121971,114.108230116736,100.454608668734,64.2500338009027,-1.10112558234619
2025-02-09,2025,Big 12 Conference,Oklahoma State Cowboys,Arizona State Sun Devils,86,73,0,Oklahoma St.,Arizona St.,2025-02-08,109,11-11,0.642626524973498,107.487339206621,102.140418089687,69.7913356556595,-2.51036597874759,2025-02-08,57,12-10,0.814017116675174,110.494642490985,97.1825138352953,67.5905471136366,0.22617358520619
2025-02-09,2025,Big East Conference,Villanova Wildcats,Xavier Musketeers,80,68,0,Villanova,Xavier,2025-02-08,50,13-10,0.832692923753008,120.533144870493,104.833564329946,63.3100171727839,-2.51591468208067,2025-02-08,54,14-9,0.827048390526286,114.829806798313,100.220931046935,68.1160352666532,-0.411942802398736
2025-02-09,2025,Big Ten Conference,Maryland Terrapins,Rutgers Scarlet Knights,90,81,0,Maryland,Rutgers,2025-02-08,14,17-6,0.933391996696842,119.869728861104,95.2819411305777,69.3596486240276,2.27291593486078,2025-02-08,71,12-11,0.779606808265142,115.292321945118,103.297379273419,68.4728121310887,-1.49521613060992
2025-02-09,2025,Big Ten Conference,Nebraska Cornhuskers,Ohio State Buckeyes,79,71,0,Nebraska,Ohio St.,2025-02-08,41,15-8,0.855804226201289,113.811674395812,97.4838639506172,67.33009786704,1.56979109319969,2025-02-08,36,14-9,0.881622488006472,115.95184168745,97.3756555342074,66.9902692171297,1.37590812736744
2025-02-10,2025,Atlantic Coast Conference,Clemson Tigers,North Carolina Tar Heels,85,65,0,Clemson,North Carolina,2025-02-09,32,19-5,0.888273357162218,119.366683626828,99.6754844737817,63.6987996903182,2.65460207292737,2025-02-09,50,14-10,0.831977091645007,115.612761773385,100.598927872986,70.9608420144561,0.453706096329375
2025-02-10,2025,Big 12 Conference,Houston Cougars,Baylor Bears,76,65,0,Houston,Baylor,2025-02-09,1,19-4,0.98254185700184,124.976938033602,88.028899029171,60.9477290222598,5.0547843493277,2025-02-09,26,15-8,0.901239065274241,121.573111627649,100.308356233054,64.9655933069149,2.32338847271776
2025-02-11,2025,Atlantic Coast Conference,Miami Hurricanes,Syracuse Orange,91,84,0,Miami FL,Syracuse,2025-02-10,203,5-18,0.428468591219252,113.976976071645,116.868434649379,66.7405459979514,-10.5470157815527,2025-02-10,146,11-13,0.548260265948797,108.403478110351,106.593397611414,68.1666080344696,-4.42822572078267
2025-02-11,2025,Atlantic Coast Conference,SMU Mustangs,Pittsburgh Panthers,83,63,0,SMU,Pittsburgh,2025-02-10,43,18-5,0.844092684587099,117.301815738346,101.279155196246,69.558048010871,1.29542014963308,2025-02-10,64,14-9,0.796617675504252,116.846025878805,103.765797953475,66.5704085604707,-0.498589621520611
2025-02-11,2025,Big 12 Conference,Cincinnati Bearcats,Utah Utes,85,75,0,Cincinnati,Utah,2025-02-10,50,14-9,0.82821803108663,108.703726465938,94.8066054930182,64.8550203857291,-0.219582103513156,2025-02-10,80,13-10,0.738430764113264,110.47395223313,100.940761482968,68.761134786254,-1.556849315158
2025-02-11,2025,Big 12 Conference,Kansas Jayhawks,Colorado Buffaloes,71,59,0,Kansas,Colorado,2025-02-10,12,16-7,0.939302448929166,116.0663962355,91.4660744871457,68.38314686622,3.95165316678683,2025-02-10,107,9-14,0.654734968519504,108.088334584515,102.238032355328,67.0873785946823,-4.71915964381713
2025-02-11,2025,Big 12 Conference,Kansas State Wildcats,Arizona Wildcats,73,70,0,Kansas St.,Arizona,2025-02-10,44,12-11,0.842315397449508,116.262956608691,100.499607866803,66.929782188026,-1.39964106960166,2025-02-10,7,17-6,0.94914763056501406,122.665616120348,95.1040786154345,69.9944531092091,4.43366431416104
2025-02-11,2025,Big 12 Conference,UCF Knights,Iowa State Cyclones,65,77,0,UCF,Iowa St.,2025-02-10,59,13-10,0.808775554477495,118.165584563722,104.239297728085,71.3791971444782,-0.131393321369537,2025-02-10,11,18-5,0.942026062730962,118.732742263317,93.1710355715512,68.5647274366275,4.2905380697284
2025-02-11,2025,Big 12 Conference,West Virginia Mountaineers,BYU Cougars,69,73,0,West Virginia,BYU,2025-02-10,35,15-8,0.885084866079458,111.902569080394,93.7008944546477,63.912158623272,2.05884597517564,2025-02-10,27,15-8,0.899117642062478,121.842710314318,100.737401191669,66.7030637448889,0.0324045987158057
2025-02-11,2025,Big East Conference,Creighton Bluejays,UConn Huskies,66,70,0,Creighton,Connecticut,2025-02-10,31,18-6,0.895546905908384,116.536628874306,96.6757370568459,67.8013334771458,3.56119281563689,2025-02-10,34,16-7,0.886948866117162,123.122290709002,102.930320544427,63.9290649060586,1.35019519338838
2025-02-11,2025,Big East Conference,Marquette Golden Eagles,DePaul Blue Demons,68,58,0,Marquette,DePaul,2025-02-10,30,18-6,0.896885460542477,117.710702044444,97.5275935681458,67.5203418188553,4.10230987359175,2025-02-10,127,11-13,0.599224751433442,108.67408263207,104.938692288582,67.054271118185,-5.5399159763955
2025-02-11,2025,Big Ten Conference,Illinois Fighting Illini,UCLA Bruins,83,78,0,Illinois,UCLA,2025-02-10,10,16-8,0.944322239732405,121.86605974093,95.2741487539149,71.7628690512127,2.27520621793841,2025-02-10,22,18-6,0.92540435444059,117.016624746629,94.004868078205,64.8034921341439,3.39390735203665
2025-02-11,2025,Big Ten Conference,Michigan State Spartans,Indiana Hoosiers,67,71,0,Michigan St.,Indiana,2025-02-10,17,19-4,0.929621337911978,117.981064469016,94.2639820063135,68.2962842899313,4.33223796912498,2025-02-10,67,14-10,0.792550204596335,112.830573400056,100.417222866908,68.3038639195831,-0.229857966138551
2025-02-11,2025,Big Ten Conference,Michigan Wolverines,Purdue Boilermakers,75,73,0,Michigan,Purdue,2025-02-10,18,18-5,0.928079526045277,119.468548127172,95.6462919735089,69.696929951582,3.91571737073845,2025-02-10,9,19-5,0.948354930266659,124.126129358143,96.3729625530431,65.2800149052379,5.69543948121511
2025-02-11,2025,Big Ten Conference,Oregon Ducks,Northwestern Wildcats,81,75,0,Oregon,Northwestern,2025-02-10,42,16-8,0.847965230781577,116.081614807847,99.9668571722158,68.1941014282607,3.1074592980027,2025-02-10,63,13-11,0.798078715360464,114.111967131799,101.258154321793,64.2528697823852,-1.71322494389328
2025-02-11,2025,Big Ten Conference,USC Trojans,Penn State Nittany Lions,92,67,0,USC,Penn St.,2025-02-10,49,13-10,0.834695981886744,116.614751603999,101.298207395014,67.9822781891544,-0.974532611312216,2025-02-10,74,13-11,0.760812240225015,113.060132278528,102.237562284829,70.0403899890832,-2.6558131818157
2025-02-12,2025,Atlantic Coast Conference,Boston College Eagles,Notre Dame Fighting Irish,94,97,0,Boston College,Notre Dame,2025-02-11,205,10-13,0.420670143414115,107.548210770042,110.583103478385,66.0267781386636,-6.71216939057785,2025-02-11,85,10-13,0.716048426738561,113.66451064658,104.880467760003,64.2909062100234,-6.02948926433537
2025-02-12,2025,Atlantic Coast Conference,Duke Blue Devils,California Golden Bears,78,57,0,Duke,California,2025-02-11,3,20-3,0.974037335809208,125.34175264837,91.4548023456424,65.0525875243377,5.36740800944899,2025-02-11,135,12-12,0.57525522981962,111.318713706026,108.420942010152,67.116559521998,-4.91439693143623
2025-02-12,2025,Atlantic Coast Conference,Georgia Tech Yellow Jackets,Stanford Cardinal,60,52,0,Georgia Tech,Stanford,2025-02-11,114,11-13,0.626507372763413,107.043166098953,102.335112636656,69.107291721132,-5.38493550833143,2025-02-11,75,16-8,0.756899805804006,114.787602230117,103.992833408146,66.6864762788726,-1.63425762037459
2025-02-12,2025,Atlantic Coast Conference,NC State Wolfpack,Louisville Cardinals,66,91,0,N.C. State,Louisville,2025-02-11,103,9-14,0.668951223143725,109.206542421522,102.726673610378,64.31507682121,-6.55245006610639,2025-02-11,24,18-6,0.914594856891306,119.212034117316,97.0011936250616,68.5124931439021,2.67324328612147
2025-02-12,2025,Atlantic Coast Conference,Wake Forest Demon Deacons,Florida State Seminoles,70,72,0,Wake Forest,Florida St.,2025-02-11,71,18-6,0.766701178802141,107.506013532885,96.9395817733,66.556823501293,2.33754863204934,2025-02-11,82,14-9,0.733525654962496,109.398211242052,100.177509204455,69.9659127557134,-3.27978644175751
2025-02-12,2025,Big 12 Conference,TCU Horned Frogs,Oklahoma State Cowboys,73,72,0,TCU,Oklahoma St.,2025-02-11,73,12-11,0.763493442570025,107.284639295893,96.8902260905833,65.7551042007508,-1.14586928625492,2025-02-11,100,12-11,0.676165744884942,108.319414098761,101.602328377225,69.9678191489494,-2.44191437467639
2025-02-12,2025,Big 12 Conference,Texas Tech Red Raiders,Arizona State Sun Devils,111,106,0,Texas Tech,Arizona St.,2025-02-11,7,18-5,0.948511127064991,124.094380743781,96.3215590917445,65.4041963179569,3.39094656906723,2025-02-11,66,12-11,0.792299392623098,110.10495289651,98.004462364158,67.836816030737,-0.673350725372301
2025-02-12,2025,Big East Conference,Providence Friars,Xavier Musketeers,82,91,0,Providence,Xavier,2025-02-11,97,11-13,0.688135776445171,113.002932267244,105.487745406049,65.6840695181941,-4.87143943059343,2025-02-11,53,14-10,0.822258176854706,114.994978288628,100.654635968846,68.0231992112719,-1.07459253465996
2025-02-12,2025,Big East Conference,Villanova Wildcats,St. John's Red Storm,73,71,0,Villanova,St. John's,2025-02-11,48,14-10,0.836848784768683,120.976662420938,104.943982200371,63.2043014467434,-2.47653534160727,2025-02-11,18,21-3,0.926276254795491,111.062384142522,89.1230821220519,69.8247009206284,4.39770669222934
2025-02-12,2025,Big Ten Conference,Ohio State Buckeyes,Washington Huskies,93,69,0,Ohio St.,Washington,2025-02-11,35,14-10,0.876501843113245,116.166360704924,97.9653180478917,66.934417744067,0.676296546360779,2025-02-11,95,12-11,0.691617120940482,109.886159252958,102.433209090753,68.0823956574344,-2.41210175102558
2025-02-12,2025,Big Ten Conference,Rutgers Scarlet Knights,Iowa Hawkeyes,73,84,0,Rutgers,Iowa,2025-02-11,69,12-12,0.780294745380285,115.390576667179,103.349383006224,68.6880521453147,-2.05406506293977,2025-02-11,68,13-10,0.783107820349343,119.205204433802,106.613009349141,70.8400789685494,-1.73926541745749
2025-02-13,2025,Big Sky Conference,Montana Grizzlies,Idaho State Bengals,81,68,0,Montana,Idaho St.,2025-02-12,162,17-8,0.498164070453507,112.3658662297,112.437644533771,66.936890871903,-2.83801944099954,2025-02-12,217,11-11,0.390479574590627,106.406559544084,110.607587029069,64.966753800654,-7.35744284394378
2025-02-13,2025,Big Sky Conference,Montana State Bobcats,Weber State Wildcats,74,66,0,Montana St.,Weber St.,2025-02-12,207,10-15,0.421953873415001,105.164105312101,108.082223875766,65.7352956987027,-9.81604681019818,2025-02-12,282,9-16,0.255137913630163,103.77592864719,113.908877858264,65.5104830384911,-12.0962527939106
2025-02-13,2025,Big Sky Conference,Portland State Vikings,Northern Arizona Lumberjacks,58,46,0,Portland St.,Northern Arizona,2025-02-12,203,14-10,0.433174526758816,103.673429079276,106.126247132323,68.2074386294424,-6.84870487438932,2025-02-12,239,14-11,0.342384917997766,105.709748508466,111.882841197539,66.4785406262756,-8.32000355949404
2025-02-13,2025,Big Sky Conference,Sacramento State Hornets,Northern Colorado Bears,61,77,0,Sacramento St.,Northern Colorado,2025-02-12,350,6-18,0.120588445709999,96.1431580948811,114.275199918822,64.9474574710948,-14.5773300332506,2025-02-12,143,18-7,0.550803591748381,112.227865973472,110.255380603543,68.5188516718624,-2.82659901887536
2025-02-13,2025,Big Ten Conference,Nebraska Cornhuskers,Maryland Terrapins,75,83,0,Nebraska,Maryland,2025-02-12,41,16-8,0.856544090287314,114.698198617168,98.1918893133129,67.2293550235788,1.75075831719394,2025-02-12,15,18-6,0.930231437306668,120.015809632598,95.8116571479154,69.5343138196012,2.30166316701375
2025-02-14,2025,Big Ten Conference,Indiana Hoosiers,UCLA Bruins,68,72,0,Indiana,UCLA,2025-02-13,60,15-10,0.805053880246437,113.648867529835,100.463358033798,68.1578387758739,0.355063978305909,2025-02-13,24,18-7,0.918488374545827,117.81262317482,95.4390815217148,64.7450867315643,2.85465046204908
2025-02-15,2025,Atlantic Coast Conference,Duke Blue Devils,Stanford Cardinal,106,70,0,Duke,Stanford,2025-02-14,3,21-3,0.973867186137774,125.074912287168,91.3133435829974,65.1906073759851,5.55405648275114,2025-02-14,81,16-9,0.731655839653776,113.350507684756,103.882867961069,66.5856374291346,-2.25116340848595
2025-02-15,2025,Atlantic Coast Conference,Florida State Seminoles,Clemson Tigers,46,72,0,Florida St.,Clemson,2025-02-14,76,15-9,0.734549132012721,109.954872396739,100.641361866042,70.0306541266101,-2.74900939620243,2025-02-14,27,20-5,0.897946015433462,120.140129915718,99.4407969494785,63.8045762179412,2.7449837082101
2025-02-15,2025,Atlantic Coast Conference,Georgia Tech Yellow Jackets,California Golden Bears,90,88,0,Georgia Tech,California,2025-02-14,108,12-13,0.65284173470868,106.86183249332,101.151458140913,68.9770550521966,-5.12031660416508,2025-02-14,137,12-13,0.568134359552738,110.940817842931,108.326480300717,67.2260872850409,-5.01509422823802
2025-02-15,2025,Atlantic Coast Conference,NC State Wolfpack,Boston College Eagles,70,62,0,N.C. State,Boston College,2025-02-14,111,9-15,0.643959671636045,109.238192430818,103.751747486375,64.5774914107979,-7.00487913990855,2025-02-14,196,10-14,0.440173772218464,108.336135091205,110.625214945538,66.2768890248872,-7.41655336057693
2025-02-15,2025,Atlantic Coast Conference,Pittsburgh Panthers,Miami Hurricanes,74,65,0,Pittsburgh,Miami FL,2025-02-14,69,14-10,0.772701198974114,116.328834810971,104.586932786645,66.584338004354,-1.06345348903085,2025-02-14,195,6-18,0.441962386848128,114.793717563124,117.145313061497,67.0073420503953,-10.6206855891954
2025-02-15,2025,Atlantic Coast Conference,SMU Mustangs,Wake Forest Demon Deacons,66,77,0,SMU,Wake Forest,2025-02-14,39,19-5,0.862116880098405,118.270448010033,100.844928858734,69.5734723423472,1.36418239039455,2025-02-14,71,18-7,0.764269552671194,108.042326974473,97.5380015108191,66.6094195412946,1.56276156232444
2025-02-15,2025,Atlantic Coast Conference,Syracuse Orange,North Carolina Tar Heels,82,88,0,Syracuse,North Carolina,2025-02-14,146,11-14,0.534571422368523,108.549528573191,107.249993063304,68.4835651333939,-5.50387793454721,2025-02-14,57,14-11,0.816312189422925,115.150695315139,101.143556768435,71.1772693644099,-0.100014489744802
2025-02-15,2025,Atlantic Coast Conference,Virginia Tech Hokies,Virginia Cavaliers,70,73,0,Virginia Tech,Virginia,2025-02-14,120,11-13,0.611497394363485,111.779753705957,107.456491085907,64.7852548039218,-5.7714658321494,2025-02-14,101,12-12,0.668285483416615,110.54195597436,104.010020996526,60.2194188896989,-3.96842339288416
2025-02-15,2025,Big 12 Conference,Arizona State Sun Devils,TCU Horned Frogs,70,74,0,Arizona St.,TCU,2025-02-14,59,12-12,0.803058695603152,111.68710166969,98.8379772527108,68.0645753091661,-0.834863795221013,2025-02-14,73,13-11,0.760932504674125,107.338589891207,97.058130097804,66.0513849028945,-0.948980028841798
2025-02-15,2025,Big 12 Conference,Arizona Wildcats,Houston Cougars,58,62,0,Arizona,Houston,2025-02-14,8,17-7,0.94400949442619,121.346198685172,94.9166772030537,70.3713788915139,3.74878634224075,2025-02-14,1,20-4,0.982207542150978,126.031550957421,88.920902461262,60.8988882106283,5.2504425208909
2025-02-15,2025,Big 12 Conference,BYU Cougars,Kansas State Wildcats,80,65,0,BYU,Kansas St.,2025-02-14,28,16-8,0.897734725184073,122.212264335559,101.176181206966,66.7783096761836,0.456765901965808,2025-02-14,44,13-11,0.848552913892924,115.82875224423,99.709502933456,67.3052599232593,-1.01514425656325
2025-02-15,2025,Big 12 Conference,Baylor Bears,West Virginia Mountaineers,74,71,0,Baylor,West Virginia,2025-02-14,26,15-9,0.900573524291219,122.569472243037,101.196020720345,64.8966834858694,2.0607315820827,2025-02-14,34,15-9,0.879957651969965,112.290946654108,94.4313683986167,63.999821427836,1.28655778400233
2025-02-15,2025,Big 12 Conference,Colorado Buffaloes,UCF Knights,76,63,0,Colorado,UCF,2025-02-14,104,9-15,0.656167713639239,108.263068017599,102.346830900605,67.0021441332365,-5.13268610716578,2025-02-14,61,13-11,0.800614224847179,117.803997124048,104.390707532835,71.3486661059227,-0.729870958470741
2025-02-15,2025,Big 12 Conference,Iowa State Cyclones,Cincinnati Bearcats,81,70,0,Iowa St.,Cincinnati,2025-02-14,11,19-5,0.942306555845706,118.676739504298,93.0854126104544,68.517985940096,4.63862462328968,2025-02-14,51,15-9,0.828311027235901,110.03960333651,95.9662425678214,64.9848643945287,-0.215040840794903
2025-02-15,2025,Big 12 Conference,Oklahoma State Cowboys,Texas Tech Red Raiders,55,93,0,Oklahoma St.,Texas Tech,2025-02-14,99,12-12,0.675653915594158,108.50171539421,101.794004848505,70.2923064621687,-2.89767102963431,2025-02-14,9,19-5,0.943758576397353,125.027180354565,97.8362253289486,65.6269636424123,3.70985813907264
2025-02-15,2025,Big 12 Conference,Utah Utes,Kansas Jayhawks,74,67,0,Utah,Kansas,2025-02-14,79,13-11,0.733889155721313,111.645695323401,102.219024215248,68.8865531234601,-2.17465441800322,2025-02-14,12,17-7,0.938573786146772,116.465156352225,91.8818055310237,68.29683669911,3.89094261166488
2025-02-15,2025,Big East Conference,Butler Bulldogs,Georgetown Hoyas,97,86,0,Butler,Georgetown,2025-02-14,74,11-13,0.755933915243619,116.419243098626,105.519122687008,66.9073938825134,-4.31146823801249,2025-02-14,96,15-9,0.691836574864919,104.349325094907,97.2632022624918,67.4895884382893,-2.14084719628954
2025-02-15,2025,Big East Conference,Providence Friars,Villanova Wildcats,75,62,0,Providence,Villanova,2025-02-14,100,11-14,0.671843455534904,113.217884118621,106.378850539408,66.1114474214337,-5.56661203559827,2025-02-14,48,15-10,0.842868635215948,121.998208775618,105.419009560628,63.1755182134437,-1.91579427289033
2025-02-15,2025,Big East Conference,Seton Hall Pirates,UConn Huskies,69,68,0,Seton Hall,Connecticut,2025-02-14,235,6-18,0.348563293860972,100.236637098106,105.83834972729,63.9633948831588,-10.3887377557455,2025-02-14,32,17-7,0.887331732277072,122.862479284687,102.678969482804,64.061482842304,1.82505412294539
2025-02-15,2025,Big East Conference,Xavier Musketeers,DePaul Blue Demons,85,68,0,Xavier,DePaul,2025-02-14,49,15-10,0.830364633241289,115.74796015418,100.817256028089,68.4742749013223,-0.65662272493176,2025-02-14,126,11-14,0.596963571555424,108.058654012523,104.429804314179,67.3255462896141,-6.03353977645851
2025-02-15,2025,Big Sky Conference,Eastern Washington Eagles,Idaho Vandals,75,73,0,Eastern Washington,Idaho,2025-02-14,240,9-16,0.342282171202618,103.391836261164,109.43391338256,67.4834879908956,-11.1785640826268,2025-02-14,248,11-14,0.325001633197216,109.51692411292,116.703191121655,66.3450861270048,-10.0844358463596
2025-02-15,2025,Big Sky Conference,Montana Grizzlies,Weber State Wildcats,65,58,0,Montana,Weber St.,2025-02-14,156,18-8,0.512202497647555,112.596901239457,112.119919161017,67.1685365454031,-2.77203216841787,2025-02-14,288,9-17,0.244695136545414,103.248967499699,113.880841855309,65.8774212335157,-12.9656065295759
2025-02-15,2025,Big Sky Conference,Montana State Bobcats,Idaho State Bengals,74,69,0,Montana St.,Idaho St.,2025-02-14,202,11-15,0.431707126416685,105.089603900918,107.631869772288,66.0504245725705,-9.77551708270248,2025-02-14,222,11-12,0.378773938769972,106.101369100349,110.765700642257,65.1453410157014,-8.07541714539015
2025-02-15,2025,Big Sky Conference,Portland State Vikings,Northern Colorado Bears,82,71,0,Portland St.,Northern Colorado,2025-02-14,188,15-10,0.453607772393082,102.908856173591,104.587775790166,68.0492498066961,-6.82112932384322,2025-02-14,134,19-7,0.570828897749231,112.098631635908,109.352453222327,68.7572708976044,-2.78168272051884
2025-02-15,2025,Big Sky Conference,Sacramento State Hornets,Northern Arizona Lumberjacks,61,65,0,Sacramento St.,Northern Arizona,2025-02-14,350,6-19,0.112977838866596,95.3091740262253,114.013343142276,65.2111960532846,-15.4791975522162,2025-02-14,246,14-12,0.329600544131948,104.235594271447,110.873745559819,66.2846961788486,-9.05646727542
2025-02-15,2025,Big Ten Conference,Illinois Fighting Illini,Michigan State Spartans,65,79,0,Illinois,Michigan St.,2025-02-14,10,17-8,0.943750614311768,122.823698300249,96.1132109364518,71.8124514936204,2.51606088079525,2025-02-14,23,19-5,0.920651129362115,117.511861341911,94.9536716771943,68.2148173504953,3.34064618147482
2025-02-15,2025,Big Ten Conference,Penn State Nittany Lions,Washington Huskies,73,75,0,Penn St.,Washington,2025-02-14,77,13-12,0.734385726537566,112.861628236396,103.309433352276,70.0832332688943,-3.26689713438691,2025-02-14,102,12-12,0.667013962627291,110.017979922211,103.568600980089,68.2808748873913,-2.69992130524535
2025-02-15,2025,Big Ten Conference,Purdue Boilermakers,Wisconsin Badgers,84,94,0,Purdue,Wisconsin,2025-02-14,7,19-6,0.947661663740451,124.163337176448,96.5198324680685,65.4366435858445,5.13690036803731,2025-02-14,14,19-5,0.936975243131461,123.876146222212,97.961579392423,67.3022765125792,4.63725490149918
2025-02-15,2025,Big Ten Conference,USC Trojans,Minnesota Golden Gophers,66,69,0,USC,Minnesota,2025-02-14,46,14-10,0.84573830425924,117.773030459579,101.575016699039,67.9935516758069,-1.07514086987798,2025-02-14,86,12-12,0.711783215624515,112.487298768141,103.982889475935,61.9580905211028,-3.23878448400122
2025-02-16,2025,Atlantic Coast Conference,Notre Dame Fighting Irish,Louisville Cardinals,60,75,0,Notre Dame,Louisville,2025-02-15,89,11-13,0.708813115645707,114.264218741728,105.758124004233,64.7411729475735,-5.70449498419931,2025-02-15,21,19-6,0.922444263753182,120.600297924698,97.2392843129836,68.9615043477672,3.19641901586339
2025-02-16,2025,Big East Conference,St. John's Red Storm,Creighton Bluejays,79,73,0,St. John's,Creighton,2025-02-15,23,21-4,0.920393634402486,111.564441047309,90.1755431757103,69.8983664120918,4.13092359485552,2025-02-15,31,18-7,0.890356328599492,116.533392018931,97.1306847680624,68.1939860965658,2.76184991565499
2025-02-16,2025,Big Ten Conference,Maryland Terrapins,Iowa Hawkeyes,101,75,0,Maryland,Iowa,2025-02-15,14,19-6,0.93167230085446,120.790850917566,96.2426113763624,69.7583205500648,3.01806929275618,2025-02-15,67,14-10,0.787212380254164,119.276887821806,106.45163527471,71.0580073432813,-1.06866858593891
2025-02-16,2025,Big Ten Conference,Northwestern Wildcats,Nebraska Cornhuskers,64,68,0,Northwestern,Nebraska,2025-02-15,69,13-12,0.783976633291069,114.711714338913,102.548497511116,64.708154436971,-2.25682228671823,2025-02-15,41,16-9,0.851111771817968,115.252584519634,99.0406790169835,67.5035970709605,1.36923611893961
2025-02-16,2025,Big Ten Conference,Ohio State Buckeyes,Michigan Wolverines,83,86,0,Ohio St.,Michigan,2025-02-15,32,15-10,0.884529484524261,117.398259494797,98.3492649273968,67.3982113256687,0.972642873479439,2025-02-15,20,19-5,0.922753567987884,119.40593679301,96.2400233728418,70.0141251056717,4.37430254127336
2025-02-16,2025,Big Ten Conference,Oregon Ducks,Rutgers Scarlet Knights,75,57,0,Oregon,Rutgers,2025-02-15,44,17-8,0.84628074946351,116.79626341925,100.696124767567,68.6134069241964,3.11003394084721,2025-02-15,73,12-13,0.767575373805405,115.23217245509,103.862153783935,68.9818527127193,-2.69097079786424
2025-02-17,2025,Atlantic Coast Conference,Virginia Cavaliers,Duke Blue Devils,62,80,0,Virginia,Duke,2025-02-16,99,13-12,0.676779922359469,111.416580507383,104.481934454442,60.5168662794351,-3.64979300747606,2025-02-16,3,22-3,0.974662766937367,127.034297080595,92.4882632953614,65.4797466054447,5.82994898410133
2025-02-17,2025,Big 12 Conference,Baylor Bears,Arizona Wildcats,67,74,0,Baylor,Arizona,2025-02-16,28,16-9,0.899727284826089,122.453601965899,101.183162665526,65.1958811785072,2.55949963050511,2025-02-16,8,17-8,0.945079011046708,121.183844330297,94.6215293115275,70.4192262867958,3.68541750491638
2025-02-17,2025,Big 12 Conference,Utah Utes,Kansas State Wildcats,74,69,0,Utah,Kansas St.,2025-02-16,74,14-11,0.759006032489844,112.548898522828,101.862918185744,68.9750290739477,-1.43838001348547,2025-02-16,48,13-12,0.831034488298018,115.365273190512,100.442324016027,67.4285515736513,-1.21617937412159
2025-02-18,2025,Atlantic Coast Conference,Boston College Eagles,Virginia Tech Hokies,54,36,0,Boston College,Virginia Tech,2025-02-17,201,10-15,0.427203734843944,107.611175793919,110.390730165197,66.6947227537683,-7.94891074171461,2025-02-17,121,11-14,0.600523719851868,111.93365098496,108.035368895771,65.1591024064629,-6.46587155875747
2025-02-18,2025,Atlantic Coast Conference,Pittsburgh Panthers,Syracuse Orange,80,69,0,Pittsburgh,Syracuse,2025-02-17,72,15-10,0.768794583681191,115.580279790799,104.11391027586,66.7487228658586,-0.855185641004997,2025-02-17,142,11-15,0.534318908851805,109.309646965483,108.010542922323,68.629012787031,-6.10093040296311
2025-02-18,2025,Big 12 Conference,Arizona State Sun Devils,Houston Cougars,65,80,0,Arizona St.,Houston,2025-02-17,66,12-13,0.788470933013758,111.341578283835,99.3045293017787,68.620015511812,-1.49618900384777,2025-02-17,1,21-4,0.981424136966877,125.743658475798,89.0569931769369,61.0915814057779,6.23520363978967
2025-02-18,2025,Big 12 Conference,BYU Cougars,Kansas Jayhawks,91,57,0,BYU,Kansas,2025-02-17,26,17-8,0.907807108018392,123.01570705477,100.82935515758,66.9847131262903,0.983994256704757,2025-02-17,16,17-8,0.928937847915786,115.820202945907,92.6212325839064,68.4583827284141,3.40709995887134
2025-02-18,2025,Big 12 Conference,Iowa State Cyclones,Colorado Buffaloes,79,65,0,Iowa St.,Colorado,2025-02-17,11,20-5,0.940556664135157,119.429034857574,93.9343748641067,68.8465691249375,4.99606823693324,2025-02-17,101,10-15,0.670533036859129,108.204757236029,101.721053641438,67.2438682703382,-4.77071227708111
2025-02-18,2025,Big 12 Conference,TCU Horned Frogs,Texas Tech Red Raiders,69,66,0,TCU,Texas Tech,2025-02-17,71,14-11,0.776405046160274,107.718863505636,96.6675642289966,66.6429462460291,-0.239309857740824,2025-02-17,7,20-5,0.949994799346576,125.678013334755,97.2898370959636,65.9192790023327,4.18059851059657
2025-02-18,2025,Big East Conference,Marquette Golden Eagles,Seton Hall Pirates,80,56,0,Marquette,Seton Hall,2025-02-17,30,19-6,0.891958430338846,116.35640484559,96.8439686480762,68.0445402256844,4.03600038333892,2025-02-17,225,7-18,0.374134150964695,100.513219411019,105.112401288509,64.1007159324608,-9.89258407660921
2025-02-18,2025,Big East Conference,UConn Huskies,Villanova Wildcats,66,59,0,Connecticut,Villanova,2025-02-17,36,17-8,0.872465480701004,121.753541822836,103.005977907315,64.2161829429059,1.07767543267871,2025-02-17,52,15-11,0.820665979014458,120.633147539188,105.689428945956,63.4496914383405,-2.36519715067953
2025-02-18,2025,Big East Conference,Xavier Musketeers,Butler Bulldogs,76,63,0,Xavier,Butler,2025-02-17,47,16-10,0.836649684441218,116.286896926184,100.888523586489,68.7131638648272,-0.499355608839764,2025-02-17,74,12-13,0.762482688581407,117.734341465594,106.379185707397,67.4751710277033,-4.08748649754962
2025-02-18,2025,Big Ten Conference,Michigan State Spartans,Purdue Boilermakers,75,66,0,Michigan St.,Purdue,2025-02-17,20,20-5,0.923792043572024,118.052987706615,95.0283448925822,68.2641048425502,4.21003116326464,2025-02-17,9,19-7,0.943814029370116,125.244191514262,97.9971335617191,65.6797101675967,4.83271132065956
2025-02-18,2025,Big Ten Conference,UCLA Bruins,Minnesota Golden Gophers,61,64,0,UCLA,Minnesota,2025-02-17,23,19-7,0.920770524601422,118.300995623119,95.5777258642273,65.0677453307354,3.55554025191973,2025-02-17,83,13-12,0.718562630870742,112.294182154871,103.504384341322,62.305748603668,-2.4840056605554
2025-02-18,2025,Big Ten Conference,Wisconsin Badgers,Illinois Fighting Illini,95,74,0,Wisconsin,Illinois,2025-02-17,12,20-5,0.940515968207867,125.868051923199,99.0051114549437,67.5084991680353,5.54694186687493,2025-02-17,13,17-9,0.939271027888425,122.552243146463,96.5818706878422,71.8602759847858,2.16973069434392
2025-02-19,2025,Atlantic Coast Conference,Florida State Seminoles,Miami Hurricanes,74,66,0,Florida St.,Miami FL,2025-02-18,92,15-10,0.702118180476381,108.370640348193,100.584710016945,70.1255839083573,-3.14909140437199,2025-02-18,192,6-19,0.447818640401696,114.453610156064,116.55764479272,67.1315490608671,-11.1039827003834
2025-02-19,2025,Atlantic Coast Conference,North Carolina Tar Heels,NC State Wolfpack,97,73,0,North Carolina,N.C. State,2025-02-18,55,15-11,0.816198830361029,115.737330538704,101.665514175921,71.3160651685669,0.193641253482229,2025-02-18,103,10-15,0.656884766934684,108.7720319842,102.799552730178,64.9336272439706,-6.89586066004408
2025-02-19,2025,Atlantic Coast Conference,Notre Dame Fighting Irish,SMU Mustangs,73,97,0,Notre Dame,SMU,2025-02-18,88,11-14,0.705571088127609,113.727689929674,105.404941672527,64.6876026446226,-6.2051590597696,2025-02-18,43,19-6,0.850737543791828,118.187462213158,101.588782110975,69.532711611758,0.708746291747665
2025-02-19,2025,Big 12 Conference,Oklahoma State Cowboys,UCF Knights,104,95,0,Oklahoma St.,UCF,2025-02-18,105,12-13,0.655325210755445,108.052676851023,102.181092744711,70.5081087496258,-3.09371519651654,2025-02-18,69,13-12,0.786541496845964,116.607490986369,104.105473927607,71.5274156037349,-1.29525513251041
2025-02-19,2025,Big 12 Conference,West Virginia Mountaineers,Cincinnati Bearcats,62,59,0,West Virginia,Cincinnati,2025-02-18,33,15-10,0.879841879678875,111.860158098584,94.0780574689301,64.3022019913419,1.17381948229207,2025-02-18,48,15-10,0.835869562389067,111.011445304357,96.3593579309673,65.2673530457958,-0.231336820895195
2025-02-19,2025,Big East Conference,DePaul Blue Demons,St. John's Red Storm,58,82,0,DePaul,St. John's,2025-02-18,129,11-15,0.584364379565389,108.183297021875,105.025116426066,67.5039662965083,-6.41965595028091,2025-02-18,22,22-4,0.920245700114616,111.710501904144,90.309442327183,69.9363522787383,4.49851520826705
2025-02-19,2025,Big East Conference,Georgetown Hoyas,Providence Friars,93,72,0,Georgetown,Providence,2025-02-18,97,15-10,0.68155368061681,105.040487322825,98.3152170616633,68.016402052375,-2.57925700718185,2025-02-18,91,12-14,0.70340855306622,113.675793111376,105.452051847998,66.2495775597422,-5.19645829606823
2025-02-19,2025,Big Ten Conference,Iowa Hawkeyes,Oregon Ducks,78,80,0,Iowa,Oregon,2025-02-18,70,14-11,0.784900452616469,118.92710403606701,106.266420948171,71.1753542552198,-1.28590235699601,2025-02-18,42,18-8,0.85267103330394,116.587294795758,100.080036336061,68.2824485385165,3.2266145236705
2025-02-19,2025,Big Ten Conference,Penn State Nittany Lions,Nebraska Cornhuskers,89,72,0,Penn St.,Nebraska,2025-02-18,81,13-13,0.72517039237841,112.516496976041,103.412911102943,70.3183624464562,-4.13649706836295,2025-02-18,44,17-9,0.848374537310815,114.401829034255,98.4930382165469,67.6347525681643,1.82293287390802
2025-02-19,2025,Big Ten Conference,Washington Huskies,Rutgers Scarlet Knights,85,89,0,Washington,Rutgers,2025-02-18,101,13-12,0.670317597318437,109.783942798742,103.214364063125,68.4458026669682,-2.21507817014038,2025-02-18,74,12-14,0.757646254744869,114.515480578289,103.709673170529,68.6495655434541,-3.17711025966212
2025-02-20,2025,Big Sky Conference,Idaho State Bengals,Portland State Vikings,82,74,0,Idaho St.,Portland St.,2025-02-19,226,11-13,0.37061420100114,105.950497601446,110.943677055994,65.691871206191,-8.8859212533568,2025-02-19,168,16-10,0.484182710995116,103.35887984259,103.929283825016,68.5488165920769,-6.66793805136788
2025-02-20,2025,Big Sky Conference,Northern Arizona Lumberjacks,Idaho Vandals,78,83,0,Northern Arizona,Idaho,2025-02-19,246,15-12,0.328952738856854,103.828504120744,110.468902841864,66.7432478609915,-8.98058032806938,2025-02-19,244,11-15,0.331344998064885,109.961440176358,116.884075952572,66.5610259456041,-10.8450137955971
2025-02-20,2025,Big Sky Conference,Northern Colorado Bears,Eastern Washington Eagles,95,76,0,Northern Colorado,Eastern Washington,2025-02-19,137,19-8,0.554050225033453,111.669818671016,109.58194689954,69.2846907220957,-3.51211238668307,2025-02-19,240,10-16,0.339473232139371,103.528001442488,109.69722628331,67.6755162598689,-11.0341158869968
2025-02-20,2025,Big Sky Conference,Weber State Wildcats,Sacramento State Hornets,77,80,0,Weber St.,Sacramento St.,2025-02-19,287,9-18,0.248267713417096,102.836899568652,113.236775182161,65.9509877306667,-13.6435439480049,2025-02-19,350,6-20,0.115871518796597,95.0391509161332,113.408352570308,65.6006129167911,-16.3625974461032
2025-02-20,2025,Big Ten Conference,Maryland Terrapins,USC Trojans,88,71,0,Maryland,USC,2025-02-19,15,20-6,0.931602786320842,120.542858578591,96.0541344360778,70.0554408443773,3.14412905421547,2025-02-19,46,14-11,0.837768155687555,117.08581059864,101.509183100567,68.4370168724014,-1.8662609441242901
2025-02-20,2025,Big Ten Conference,Ohio State Buckeyes,Northwestern Wildcats,49,70,0,Ohio St.,Northwestern,2025-02-19,32,15-11,0.884790664358828,117.841163118991,98.6983324804871,67.5824022991706,0.453889658008076,2025-02-19,67,13-13,0.785283902225762,113.977695098869,101.823789030838,64.9899376298772,-3.02179924148044
2025-02-21,2025,Big East Conference,Villanova Wildcats,Marquette Golden Eagles,81,66,0,Villanova,Marquette,2025-02-20,55,15-12,0.823366195977366,119.937882028493,104.911783509561,63.4224256470081,-2.67950784916864,2025-02-20,30,20-6,0.895047807393708,116.632329371632,96.7999339508358,67.9799868898711,4.06445360266457
2025-02-21,2025,Big Ten Conference,Michigan Wolverines,Michigan State Spartans,62,75,0,Michigan,Michigan St.,2025-02-20,22,20-5,0.922300407656581,120.004687498778,96.7759531214135,70.1604441918691,5.0274726184705,2025-02-20,17,21-5,0.926590308769082,118.475364154184,95.0336125681839,68.0358741396021,4.71963588848464
2025-02-22,2025,Atlantic Coast Conference,Boston College Eagles,Georgia Tech Yellow Jackets,69,54,0,Boston College,Georgia Tech,2025-02-21,181,11-15,0.464408062533902,106.499609374032,107.828510082526,66.6194407185255,-7.88452256964286,2025-02-21,106,13-13,0.648969302001914,107.80853412207,102.198910617654,69.1748324802906,-4.95035182415107
2025-02-22,2025,Atlantic Coast Conference,Louisville Cardinals,Florida State Seminoles,89,81,0,Louisville,Florida St.,2025-02-21,17,20-6,0.926275707633477,120.366169190766,96.5890615306638,69.0177381994765,3.54926053126701,2025-02-21,92,16-10,0.694510989759937,107.513247820418,100.10275317601,70.3665026042136,-3.11729268287548
2025-02-22,2025,Atlantic Coast Conference,Miami Hurricanes,Virginia Tech Hokies,68,81,0,Miami FL,Virginia Tech,2025-02-21,185,6-20,0.456839165149808,114.140754312954,115.871555073023,67.3353178181917,-11.5690744835537,2025-02-21,135,11-15,0.565000967639337,109.399525833333,106.940098238548,65.1289886871222,-7.34638520716661
2025-02-22,2025,Atlantic Coast Conference,NC State Wolfpack,Wake Forest Demon Deacons,85,73,0,N.C. State,Wake Forest,2025-02-21,111,10-16,0.627171832185154,108.963397921791,104.145159049574,65.0373062427954,-7.24363803690269,2025-02-21,68,19-7,0.782833767749105,109.051724641733,97.5457672929037,66.8009574149943,2.29507859187109
2025-02-22,2025,Atlantic Coast Conference,North Carolina Tar Heels,Virginia Cavaliers,81,66,0,North Carolina,Virginia,2025-02-21,49,16-11,0.8321734614324,117.268379843938,102.027072930454,71.4425237852263,0.279648529856155,2025-02-21,96,13-13,0.673743966742763,111.901759176431,105.063326079568,60.7460142602385,-3.85545981548205
2025-02-22,2025,Atlantic Coast Conference,Notre Dame Fighting Irish,Pittsburgh Panthers,76,72,0,Notre Dame,Pittsburgh,2025-02-21,98,11-15,0.672689997394427,113.405469807642,106.519509827208,64.9670829884088,-6.80736041882416,2025-02-21,73,16-10,0.766295860480365,115.741740600917,104.386398948455,66.7306725032854,-0.72120211052791
2025-02-22,2025,Atlantic Coast Conference,SMU Mustangs,Clemson Tigers,69,79,0,SMU,Clemson,2025-02-21,37,20-6,0.870492740806306,119.537967701248,101.286570021844,69.8606339748806,1.10065338763575,2025-02-21,26,21-5,0.912995562061164,120.172485753333,97.9554854054423,64.128244170427,3.18194517718525
2025-02-22,2025,Atlantic Coast Conference,Stanford Cardinal,California Golden Bears,66,61,0,Stanford,California,2025-02-21,80,16-10,0.72267597883208,114.238893087048,105.109964174781,67.0163013063265,-2.24084659298661,2025-02-21,129,12-14,0.575543196213759,111.605370677304,108.688996500614,67.4366050571789,-5.54679529206948
2025-02-22,2025,Big 12 Conference,Arizona Wildcats,BYU Cougars,95,96,0,Arizona,BYU,2025-02-21,7,18-8,0.947244927635517,120.694651146221,93.891725945652,70.5393446638819,4.32520837333283,2025-02-21,20,18-8,0.924142671743735,123.792715474459,99.6053777452947,67.1679809895263,1.38137349793748
2025-02-22,2025,Big 12 Conference,Cincinnati Bearcats,TCU Horned Frogs,75,63,0,Cincinnati,TCU,2025-02-21,47,15-11,0.835723683537756,111.347995699621,96.6604218760004,65.292118387638,-0.547937259360721,2025-02-21,66,15-11,0.790438973028578,108.265287524231,96.4614465487836,66.596678027912,0.31145795455279
2025-02-22,2025,Big 12 Conference,Colorado Buffaloes,Baylor Bears,76,74,0,Colorado,Baylor,2025-02-21,102,10-16,0.663984491991242,107.941889858703,101.734533697535,67.2936099272822,-4.9768412606908,2025-02-21,29,16-10,0.897513706032915,121.926864744458,100.961019655153,65.339331747142,2.18869712261044
2025-02-22,2025,Big 12 Conference,Houston Cougars,Iowa State Cyclones,68,59,0,Houston,Iowa St.,2025-02-21,1,22-4,0.981486642824806,126.655872915441,89.6762780173596,61.1026156016794,6.66516009644407,2025-02-21,11,21-5,0.940371495405413,119.37901514609,93.9220385261799,68.9041467745553,4.91391277737869
2025-02-22,2025,Big 12 Conference,Kansas Jayhawks,Oklahoma State Cowboys,96,64,0,Kansas,Oklahoma St.,2025-02-21,25,17-9,0.915357778714864,114.565567150648,93.1409650376132,68.6353625200626,3.16810993446073,2025-02-21,97,13-13,0.672921487594197,109.113160267116,102.478457431757,71.0385467924627,-2.89170512041837
2025-02-22,2025,Big 12 Conference,Texas Tech Red Raiders,West Virginia Mountaineers,73,51,0,Texas Tech,West Virginia,2025-02-21,8,20-6,0.946175188724262,125.257325899377,97.6209926159929,65.8712760375944,3.73960452988965,2025-02-21,32,16-10,0.878628687483712,112.102088313979,94.375248686983,64.3418812335651,1.5137170083222
2025-02-22,2025,Big East Conference,DePaul Blue Demons,Butler Bulldogs,72,84,0,DePaul,Butler,2025-02-21,132,11-16,0.572068217117044,108.203136606103,105.505951061479,67.6059270628639,-6.84119415145577,2025-02-21,77,12-14,0.751995482458749,116.210073393933,105.524178700392,67.8698289987467,-4.45137781581036
2025-02-22,2025,Big Sky Conference,Idaho State Bengals,Sacramento State Hornets,83,66,0,Idaho St.,Sacramento St.,2025-02-21,217,12-13,0.392181114042068,106.669135262987,110.811673768269,65.8592116642595,-8.82697524091647,2025-02-21,346,7-20,0.129529756183457,96.4429918640057,113.819622957437,65.5658737469951,-16.252856187433
2025-02-22,2025,Big Sky Conference,Montana State Bobcats,Montana Grizzlies,85,89,0,Montana St.,Montana,2025-02-21,191,12-15,0.443550454376331,105.132960691937,107.226619294625,66.5242251244943,-9.53488594516008,2025-02-21,156,19-8,0.516330438972054,112.023607784631,111.388875223165,67.259101306804,-2.65155947710621
2025-02-22,2025,Big Sky Conference,Northern Arizona Lumberjacks,Eastern Washington Eagles,87,67,0,Northern Arizona,Eastern Washington,2025-02-21,257,15-13,0.309064693438443,103.648340696962,111.158817525079,66.7887053308936,-9.92510917030981,2025-02-21,246,10-17,0.326980821234499,103.833943597271,110.560671313512,67.6736002911643,-11.7195784273576
2025-02-22,2025,Big Sky Conference,Northern Colorado Bears,Idaho Vandals,92,74,0,Northern Colorado,Idaho,2025-02-21,130,20-8,0.575502140087125,112.628387080868,109.686883262651,69.2702033235216,-3.47230300896986,2025-02-21,236,12-15,0.354588633762336,110.742879680103,116.663292686598,66.6038981689853,-10.7405594844826
2025-02-22,2025,Big Sky Conference,Weber State Wildcats,Portland State Vikings,60,58,0,Weber St.,Portland St.,2025-02-21,301,9-19,0.231300181893345,103.336171687113,114.711569173938,65.9275298595284,-14.6454076229175,2025-02-21,178,16-11,0.470723503477679,103.410809603538,104.47045340748,68.7048581846974,-7.45686328876044
2025-02-22,2025,Big Ten Conference,Iowa Hawkeyes,Washington Huskies,85,79,0,Iowa,Washington,2025-02-21,70,14-12,0.7752028513949,119.34037278365,107.161165421454,71.0113720391919,-1.99285821444655,2025-02-21,101,13-13,0.666707079501918,110.259225333723,103.808172964769,68.4903131557202,-3.04114513088409
2025-02-22,2025,Big Ten Conference,Minnesota Golden Gophers,Penn State Nittany Lions,60,69,0,Minnesota,Penn St.,2025-02-21,79,14-12,0.731372148176428,112.374290127606,103.001125869844,62.4153433185937,-1.82564883799605,2025-02-21,75,14-13,0.755115009854588,114.104547007538,103.461026448437,70.380703405046,-3.8796728755559
2025-02-22,2025,Big Ten Conference,Wisconsin Badgers,Oregon Ducks,73,77,0,Wisconsin,Oregon,2025-02-21,10,21-5,0.94388228259277,126.434355916053,98.9172980909072,67.5879264160197,5.83783069526545,2025-02-21,42,19-8,0.852255994021709,117.175503678768,100.613830092374,68.117512112126,3.65873602435278
2025-02-23,2025,Big 12 Conference,Kansas State Wildcats,Arizona State Sun Devils,54,66,0,Kansas St.,Arizona St.,2025-02-22,51,13-13,0.833661491253162,114.869505747911,99.8470995322985,67.5175673547946,-1.86052241631825,2025-02-22,66,12-14,0.787019295661641,111.795236308807,99.7844465682643,68.6126527632869,-1.8650983844532
2025-02-23,2025,Big 12 Conference,UCF Knights,Utah Utes,76,72,0,UCF,Utah,2025-02-22,70,13-13,0.769824804139456,116.606039581929,104.984899863794,71.9916528859756,-2.09448157399245,2025-02-22,71,15-11,0.768727302956211,112.127820930572,101.007283593377,69.0251496248107,-1.30390953035674
2025-02-23,2025,Big East Conference,Creighton Bluejays,Georgetown Hoyas,80,69,0,Creighton,Georgetown,2025-02-22,30,18-8,0.889917789797845,116.562259267283,97.1926379735025,68.3443618176422,2.12132547494941,2025-02-22,89,16-10,0.703562110305907,106.040520769451,98.3628475372108,68.3086367847549,-2.55725792573102
2025-02-23,2025,Big East Conference,Seton Hall Pirates,Xavier Musketeers,66,73,0,Seton Hall,Xavier,2025-02-22,233,7-19,0.364039714274874,100.057566916032,105.031089653943,64.081631530026,-10.4113145986813,2025-02-22,47,17-10,0.848833661884734,115.193664455346,99.1439465487462,69.0712944393696,-0.482453481664467
2025-02-23,2025,Big East Conference,St. John's Red Storm,UConn Huskies,89,75,0,St. John's,Connecticut,2025-02-22,19,23-4,0.925292492963121,111.998419988567,89.9861822526131,69.9689114161599,4.59563425212663,2025-02-22,36,18-8,0.868529347776277,120.783906211411,102.496391737628,64.1593542466847,1.15369945002304
2025-02-23,2025,Big Ten Conference,Indiana Hoosiers,Purdue Boilermakers,73,58,0,Indiana,Purdue,2025-02-22,65,15-11,0.792580519695631,113.221727208522,100.763727197065,68.5071759486341,-0.480897591299896,2025-02-22,12,19-8,0.938662950347966,125.03132849148,98.6265648778231,65.5280094129105,4.06642473848009
2025-02-23,2025,Big Ten Conference,Rutgers Scarlet Knights,USC Trojans,95,85,0,Rutgers,USC,2025-02-22,78,13-14,0.753289348052919,114.827858515059,104.206068511484,68.6819746576125,-3.15699915908141,2025-02-22,53,14-12,0.82593994102985,116.561354444438,101.800589921015,68.518718596552,-2.31936042614226
2025-02-23,2025,Big Ten Conference,UCLA Bruins,Ohio State Buckeyes,69,61,0,UCLA,Ohio St.,2025-02-22,26,19-8,0.914111264688532,117.583725694244,95.7276513144198,65.1191329933745,2.39574736005919,2025-02-22,39,15-12,0.862252211227694,116.237185172375,99.1014239642739,67.4297870080807,-0.635825050494362
2025-02-24,2025,Atlantic Coast Conference,Florida State Seminoles,North Carolina Tar Heels,85,96,0,Florida St.,North Carolina,2025-02-23,90,16-11,0.700460415862342,108.27781496072,100.567734750719,70.3225281098594,-3.38849517443099,2025-02-23,49,17-11,0.843421264946805,117.750528631866,101.711612151202,71.3928568059738,0.304196907563056
2025-02-24,2025,Big 12 Conference,Colorado Buffaloes,Kansas Jayhawks,64,71,0,Colorado,Kansas,2025-02-23,96,11-16,0.677885345810919,108.288289987933,101.503697843002,67.3331264773812,-4.71658286729441,2025-02-23,21,18-9,0.922630050810099,115.207977294736,92.8704916048832,68.6406052188486,3.11033852860804
2025-02-24,2025,Big 12 Conference,Texas Tech Red Raiders,Houston Cougars,61,69,0,Texas Tech,Houston,2025-02-23,7,21-6,0.948109247033156,124.765576920589,96.9116051768401,65.8269088995885,3.89697574537506,2025-02-23,1,23-4,0.981625728207273,126.57998687366,89.5626945153879,60.9869605005591,7.04089121095881
2025-02-24,2025,Big Ten Conference,Nebraska Cornhuskers,Michigan Wolverines,46,49,0,Nebraska,Michigan,2025-02-23,54,17-10,0.818121770547833,114.011682900813,100.037656657562,67.6155707819191,0.938253814293411,2025-02-23,26,20-6,0.914603302140577,119.43598158153,97.1825028821491,69.8857025364311,4.21608450244025
2025-02-25,2025,Atlantic Coast Conference,Miami Hurricanes,Duke Blue Devils,60,97,0,Miami FL,Duke,2025-02-24,187,6-21,0.447684378547962,113.761783815184,115.858570576897,67.2398762542685,-12.5409085196261,2025-02-24,2,24-3,0.979709097891368,129.135949351004,92.1786057299474,65.7254909113169,6.75947161194112
2025-02-25,2025,Atlantic Coast Conference,Pittsburgh Panthers,Georgia Tech Yellow Jackets,67,73,0,Pittsburgh,Georgia Tech,2025-02-24,74,16-11,0.763469474760103,115.789406212066,104.572204418208,66.5461378559594,-1.44947759876808,2025-02-24,108,13-14,0.633962498863378,107.003281415022,102.012798709432,68.9439423010761,-5.70211923689441
2025-02-25,2025,Atlantic Coast Conference,Virginia Tech Hokies,Louisville Cardinals,66,71,0,Virginia Tech,Louisville,2025-02-24,126,12-15,0.583590036707249,109.628382479362,106.457516828328,65.04997433152,-7.19651541658726,2025-02-24,19,21-6,0.926414009246942,120.794909090059,96.9160243169206,68.9548181041474,3.62221591129324
2025-02-25,2025,Big 12 Conference,Cincinnati Bearcats,Baylor Bears,69,67,0,Cincinnati,Baylor,2025-02-24,49,16-11,0.846714082583464,112.206214364671,96.7107558682027,65.2524859555349,-0.522768826852633,2025-02-24,29,16-11,0.889750750132705,121.572787204093,101.385567642251,65.333780031082,1.4031027385659
2025-02-25,2025,Big 12 Conference,Oklahoma State Cowboys,Iowa State Cyclones,74,68,0,Oklahoma St.,Iowa St.,2025-02-24,103,13-14,0.648855014879756,108.888715914506,103.227389895932,71.0467120592987,-3.34890851068313,2025-02-24,10,21-6,0.939245037155346,119.215742968645,93.9561390443581,68.7710559141265,4.69921091894322
2025-02-25,2025,Big 12 Conference,West Virginia Mountaineers,TCU Horned Frogs,73,55,0,West Virginia,TCU,2025-02-24,35,16-11,0.872353646709171,111.257331991789,94.1341941357177,64.2828461084331,1.16405627791203,2025-02-24,68,15-12,0.774160838576807,108.170086048621,97.1812896618092,66.4955240160324,-0.190939066606293
2025-02-25,2025,Big East Conference,Marquette Golden Eagles,Providence Friars,82,52,0,Marquette,Providence,2025-02-24,32,20-7,0.877371352152854,116.474173825493,98.1561088058174,67.7155893977148,3.4086580543674,2025-02-24,93,12-15,0.684776584528426,113.806917247104,106.382541418238,66.3965589492866,-5.86207591456812
2025-02-25,2025,Big Ten Conference,Illinois Fighting Illini,Iowa Hawkeyes,81,61,0,Illinois,Iowa,2025-02-24,23,17-11,0.92078162012799,121.85727299525,98.4496109056007,71.9287206664833,1.56487417942647,2025-02-24,73,15-12,0.763870226479571,119.760595104921,108.137798841442,70.6814152918062,-2.12632796141465
2025-02-25,2025,Big Ten Conference,Minnesota Golden Gophers,Northwestern Wildcats,63,75,0,Minnesota,Northwestern,2025-02-24,84,14-13,0.718283165223629,111.71196376448,102.980109247738,62.3036564538579,-2.88529390856096,2025-02-24,62,14-13,0.804553809890767,114.160443901008,100.943519149209,64.8287822283367,-2.7796344597721
2025-02-25,2025,Big Ten Conference,Wisconsin Badgers,Washington Huskies,88,62,0,Wisconsin,Washington,2025-02-24,11,21-6,0.939223141535123,125.084163464909,98.5844388425276,67.4789392535242,4.82241724957819,2025-02-24,100,13-14,0.668663749134921,110.977573340145,104.404400658462,68.1620797664902,-3.82141964858326
2025-02-26,2025,Atlantic Coast Conference,California Golden Bears,SMU Mustangs,77,81,0,California,SMU,2025-02-25,128,12-15,0.581436807162106,110.346869346985,107.23775491483,67.5401570422892,-6.17779536895674,2025-02-25,38,20-7,0.864006984469251,119.671255707518,101.897541229879,69.7101665981876,0.479398828365498
2025-02-26,2025,Atlantic Coast Conference,Clemson Tigers,Notre Dame Fighting Irish,83,68,0,Clemson,Notre Dame,2025-02-25,23,22-5,0.92183114809838,120.98530162236,97.6221725417925,63.9880735046649,3.73778602171793,2025-02-25,93,12-15,0.68695452142827,113.863926588219,106.342314526728,64.8844643460536,-6.61317382169491
2025-02-26,2025,Atlantic Coast Conference,Stanford Cardinal,Boston College Eagles,78,60,0,Stanford,Boston College,2025-02-25,80,17-10,0.731091231105344,113.085576706647,103.665968049693,67.1514092836365,-2.22754479361827,2025-02-25,160,12-15,0.504664194025073,106.401689218126,106.229205687595,66.5268324755613,-7.78493680127041
2025-02-26,2025,Atlantic Coast Conference,Syracuse Orange,NC State Wolfpack,74,60,0,Syracuse,N.C. State,2025-02-25,136,11-16,0.553677158660703,109.707047734883,107.670008178095,68.6518232925349,-6.79511676790669,2025-02-25,104,11-16,0.656782242488584,109.883353303861,103.853960928061,65.2062603691281,-7.10187591970002
2025-02-26,2025,Atlantic Coast Conference,Wake Forest Demon Deacons,Virginia Cavaliers,75,83,0,Wake Forest,Virginia,2025-02-25,68,19-8,0.772126860980064,109.257710028262,98.2574584189213,66.9540815879211,1.53293659146468,2025-02-25,99,13-14,0.669400635045418,111.995573763635,105.331619819063,60.7710494499128,-4.34970391445254
2025-02-26,2025,Big 12 Conference,Arizona State Sun Devils,BYU Cougars,81,91,0,Arizona St.,BYU,2025-02-25,63,13-14,0.804114196711694,111.677518063914,98.7720425050874,68.5693055845649,-1.40860317001517,2025-02-25,18,19-8,0.927919838722835,125.381223572422,100.400831953741,67.1695236743872,2.00659382854143
2025-02-26,2025,Big 12 Conference,Arizona Wildcats,Utah Utes,83,66,0,Arizona,Utah,2025-02-25,9,18-9,0.944569673594552,121.677810935016,95.0879752485573,70.4864851954897,3.67661778512504,2025-02-25,70,15-12,0.766929326021924,111.953243698871,100.938507788243,68.9705252073399,-1.91084259390961
2025-02-26,2025,Big 12 Conference,UCF Knights,Kansas State Wildcats,80,76,0,UCF,Kansas St.,2025-02-25,71,14-13,0.766718755945294,116.41744385736,104.97423829138,71.927890415781,-1.94421822923787,2025-02-25,56,13-14,0.818347914297019,113.638626382453,99.6971415555426,67.508171125808,-2.58761806445703
2025-02-26,2025,Big East Conference,Butler Bulldogs,St. John's Red Storm,70,76,0,Butler,St. John's,2025-02-25,72,13-14,0.76340424688302,116.663869853678,105.365262685291,67.833253387576,-4.40908088527657,2025-02-25,15,24-4,0.929246834371981,112.66526367439,90.0614944481522,70.2699859228276,4.91296161840155
2025-02-26,2025,Big East Conference,Creighton Bluejays,DePaul Blue Demons,75,65,0,Creighton,DePaul,2025-02-25,29,19-8,0.889835636752366,116.742821562818,97.3502919062255,68.4488552249129,2.32200976039312,2025-02-25,132,11-17,0.567706353968127,108.207183535473,105.673290787098,67.5611890954455,-7.72761162117227
2025-02-26,2025,Big East Conference,Seton Hall Pirates,Villanova Wildcats,54,59,0,Seton Hall,Villanova,2025-02-25,229,7-20,0.367367811286453,99.7731479930216,104.601949352286,64.3340378444421,-11.0230805146845,2025-02-25,50,16-12,0.842983345799927,121.132289948946,104.662881216723,63.2864381941005,-2.51011410133007
2025-02-26,2025,Big East Conference,UConn Huskies,Georgetown Hoyas,93,79,0,Connecticut,Georgetown,2025-02-25,39,18-9,0.861486057284432,120.865123819128,103.104791443187,64.4387736740867,0.959050471162722,2025-02-25,87,16-11,0.707502407871297,106.334778451414,98.4732608728846,68.4152619932838,-2.8401267689778402
2025-02-26,2025,Big Ten Conference,Indiana Hoosiers,Penn State Nittany Lions,83,78,0,Indiana,Penn St.,2025-02-25,58,16-11,0.811158914642859,113.575702073226,100.05553752308,68.4841357149286,0.0542583359345022,2025-02-25,73,15-13,0.762456905168963,113.877042820761,102.895186761537,70.3849799300227,-3.69013172451173
2025-02-26,2025,Big Ten Conference,Maryland Terrapins,Michigan State Spartans,55,58,0,Maryland,Michigan St.,2025-02-25,11,21-6,0.933736276708233,120.753114595286,95.9378066000861,70.2463127993255,3.10297520175773,2025-02-25,17,22-5,0.928589780816172,118.669664748127,94.9433662133363,67.9099020759643,5.12684475631661
2025-02-26,2025,Big Ten Conference,USC Trojans,Ohio State Buckeyes,82,87,0,USC,Ohio St.,2025-02-25,57,14-13,0.816166416058094,117.175998824475,102.931197091507,68.6284866981471,-2.81919353348004,2025-02-25,40,15-13,0.860588912295992,115.995175981101,99.014986852726,67.5416611531041,-0.885065365742218
2025-02-27,2025,Big Sky Conference,Eastern Washington Eagles,Weber State Wildcats,64,66,0,Eastern Washington,Weber St.,2025-02-26,257,10-18,0.304838586671189,103.779091013335,111.491475753264,67.5179593728509,-12.7692788311692,2025-02-26,298,10-19,0.233141091349458,102.425761578055,113.598900302284,65.7383666277858,-14.6802071722347
2025-02-27,2025,Big Sky Conference,Idaho Vandals,Idaho State Bengals,65,69,0,Idaho,Idaho St.,2025-02-26,238,12-16,0.347274670579902,110.756180857408,117.003552036518,66.4418281651797,-11.5337393128244,2025-02-26,214,13-13,0.403770941872617,106.962193007182,110.649672115795,65.9619412062488,-8.91598978868836
2025-02-27,2025,Big Sky Conference,Portland State Vikings,Montana State Bobcats,69,52,0,Portland St.,Montana St.,2025-02-26,182,16-12,0.462932947089514,102.453370157064,103.785301340887,68.5509307723857,-8.53907979742227,2025-02-26,194,12-16,0.433020503383127,105.384187425298,107.88336532555,66.5812424605357,-10.6153553455238
2025-02-27,2025,Big Sky Conference,Sacramento State Hornets,Montana Grizzlies,54,60,0,Sacramento St.,Montana,2025-02-26,346,7-21,0.125443096121279,96.3628921123406,114.089020791302,65.7117490673684,-17.1564090656466,2025-02-26,145,20-8,0.531317471475755,112.899632040563,111.674891967529,67.3752662641331,-2.57216493341416
2025-02-27,2025,Big Ten Conference,Michigan Wolverines,Rutgers Scarlet Knights,84,82,0,Michigan,Rutgers,2025-02-26,25,21-6,0.91430768075082,117.197766429724,95.3926571420036,69.871792052979,4.82169290217019,2025-02-26,69,14-14,0.768063920100442,116.15691033668,104.670701336561,68.7560539001099,-2.78460194751196
2025-02-28,2025,Big Ten Conference,Northwestern Wildcats,Iowa Hawkeyes,68,57,0,Northwestern,Iowa,2025-02-27,55,15-13,0.819166615934655,114.279430763086,100.211242753401,65.1535277996995,-2.26996863900041,2025-02-27,76,15-13,0.754793218214109,118.519680790562,107.480578135136,70.4609044474472,-2.32413367509705
2025-02-28,2025,Big Ten Conference,Purdue Boilermakers,UCLA Bruins,76,66,0,Purdue,UCLA,2025-02-27,12,19-9,0.932775936526105,123.909580055379,98.5776757923273,65.506579640425,3.6529683995991,2025-02-27,24,20-8,0.917956675905668,117.227595913569,95.0236460467038,65.2021179954734,2.8172906736088
2025-03-01,2025,Atlantic Coast Conference,California Golden Bears,Boston College Eagles,82,71,0,California,Boston College,2025-02-28,125,12-16,0.583751784652015,109.872404283021,106.688305196524,67.4921367605112,-6.74323584463342,2025-02-28,173,12-16,0.487779746873168,105.608814232292,106.058752068509,66.3647542611224,-8.21932820278768
2025-03-01,2025,Atlantic Coast Conference,Duke Blue Devils,Florida State Seminoles,100,65,0,Duke,Florida St.,2025-02-28,2,25-3,0.981075028075054,128.597475356205,91.2285907627959,65.8719859395241,7.03019946840126,2025-02-28,92,16-12,0.693150800369733,109.034090246173,101.575309309021,69.9944343314367,-4.0628204352332
2025-03-01,2025,Atlantic Coast Conference,Georgia Tech Yellow Jackets,NC State Wolfpack,87,62,0,Georgia Tech,N.C. State,2025-02-28,103,14-14,0.661928781841962,107.230886265313,101.145302063381,68.7838039413991,-5.05039182958601,2025-02-28,110,11-17,0.631751927204964,108.715127391694,103.730588210313,64.9580368907599,-7.74690198793603
2025-03-01,2025,Atlantic Coast Conference,Louisville Cardinals,Pittsburgh Panthers,79,68,0,Louisville,Pittsburgh,2025-02-28,18,22-6,0.926789582766433,119.503114639791,95.8335633278803,69.143781319559,3.99505020897512,2025-02-28,77,16-12,0.751667309795577,115.0094888346,104.449965754193,66.3949126324606,-2.21357424332229
2025-03-01,2025,Atlantic Coast Conference,North Carolina Tar Heels,Miami Hurricanes,92,73,0,North Carolina,Miami FL,2025-02-28,48,18-11,0.848213830633375,118.918267928773,102.392536396755,71.0726456610538,0.726434042090088,2025-02-28,186,6-22,0.446869107457303,113.060771425469,115.17766129933,67.3885376085236,-12.6223713447205
2025-03-01,2025,Atlantic Coast Conference,Stanford Cardinal,SMU Mustangs,73,68,0,Stanford,SMU,2025-02-28,78,18-10,0.748343524751986,112.920473088389,102.71095919423,66.9608347966254,-2.14524222672168,2025-02-28,40,21-7,0.865700470327559,119.222534142021,101.387643794515,69.6670648245634,0.807467410989855
2025-03-01,2025,Atlantic Coast Conference,Virginia Cavaliers,Clemson Tigers,58,71,0,Virginia,Clemson,2025-02-28,93,14-14,0.692838668206319,113.025344539597,105.306964384342,60.8483743385705,-3.83094634214811,2025-02-28,22,23-5,0.924371041669379,121.173400126851,97.4701866229112,63.9287552780245,3.96449919880623
2025-03-01,2025,Atlantic Coast Conference,Virginia Tech Hokies,Syracuse Orange,101,95,0,Virginia Tech,Syracuse,2025-02-28,122,12-16,0.59263715899597,108.582908120107,105.100382801144,65.1814131432925,-7.61230204360462,2025-02-28,124,12-16,0.586812402777598,109.865747046962,106.564932067922,68.4357212899587,-6.61719848677689
2025-03-01,2025,Atlantic Coast Conference,Wake Forest Demon Deacons,Notre Dame Fighting Irish,74,71,0,Wake Forest,Notre Dame,2025-02-28,76,19-9,0.753834523141661,109.092482330487,98.9759557645714,67.0738704173721,0.742907978545512,2025-02-28,94,12-16,0.687726046372074,113.809892788753,106.258672808941,64.8140715880712,-6.74315996916804
2025-03-01,2025,Big 12 Conference,BYU Cougars,West Virginia Mountaineers,77,56,0,BYU,West Virginia,2025-02-28,15,20-8,0.931871233246586,125.722323050152,100.144610485094,67.2336645783901,2.60020501311284,2025-02-28,33,17-11,0.884939313436144,111.312581401362,93.2184650777508,64.3209362099231,1.41054202502932
2025-03-01,2025,Big 12 Conference,Baylor Bears,Oklahoma State Cowboys,71,61,0,Baylor,Oklahoma St.,2025-02-28,31,16-12,0.888205561590085,121.325159380001,101.316898977328,65.1844174272591,1.10804973207041,2025-02-28,95,14-14,0.685760986468525,109.046086532787,101.891842842824,71.0191100585984,-2.74238558262797
2025-03-01,2025,Big 12 Conference,Houston Cougars,Cincinnati Bearcats,73,64,0,Houston,Cincinnati,2025-02-28,1,24-4,0.982318945348995,126.228994512441,89.0107012444859,61.0390945186074,7.98610652827702,2025-02-28,44,17-11,0.854888653193257,112.484497581443,96.4091044117082,65.0823199637023,-0.0232454399260371
2025-03-01,2025,Big 12 Conference,Iowa State Cyclones,Arizona Wildcats,84,67,0,Iowa St.,Arizona,2025-02-28,14,21-7,0.932114275426765,117.835478695314,93.831021473007,68.7785845608666,4.15684947295618,2025-02-28,8,19-9,0.947509437755227,121.647040300702,94.5889654829988,70.2027581361672,3.97555673433072
2025-03-01,2025,Big 12 Conference,Kansas Jayhawks,Texas Tech Red Raiders,73,78,0,Kansas,Texas Tech,2025-02-28,23,19-9,0.923868191336048,114.792022955127,92.3946926921297,68.6167388684793,3.52821453890703,2025-02-28,7,21-7,0.948179902253761,123.94352288923,96.2610453641764,65.9004181528705,3.75425307997107
2025-03-01,2025,Big 12 Conference,TCU Horned Frogs,UCF Knights,89,78,0,TCU,UCF,2025-02-28,74,15-13,0.760613175657701,107.330302026422,97.0654443599743,66.5294340245063,-0.411403264956343,2025-02-28,69,15-13,0.775432271295156,116.306988919709,104.425392088653,71.7158699703658,-1.61480829262195
2025-03-01,2025,Big 12 Conference,Utah Utes,Arizona State Sun Devils,99,73,0,Utah,Arizona St.,2025-02-28,73,15-13,0.761325797880756,111.580042573367,100.874376826043,68.7300781693559,-1.99846355788619,2025-02-28,63,13-15,0.802140133196986,111.59141629196,98.8030996043817,68.6155920813095,-1.77241778720916
2025-03-01,2025,Big East Conference,Georgetown Hoyas,Marquette Golden Eagles,61,76,0,Georgetown,Marquette,2025-02-28,88,16-12,0.709518287837716,107.168836177912,99.1614525440364,68.3331866131351,-3.11450767388219,2025-02-28,30,21-7,0.889270295958005,116.118242560891,96.8779260110115,67.7434302558994,3.60841199710417
2025-03-01,2025,Big East Conference,Providence Friars,UConn Huskies,63,75,0,Providence,Connecticut,2025-02-28,100,12-16,0.669801482653508,112.435314638548,105.728536096774,66.4232502040755,-6.10172256158149,2025-02-28,41,19-9,0.862712674010914,121.866110929965,103.865460052857,64.3207037770381,1.19127391993189
2025-03-01,2025,Big East Conference,St. John's Red Storm,Seton Hall Pirates,71,61,0,St. John's,Seton Hall,2025-02-28,17,25-4,0.930168138313459,112.658806822316,89.9460004949145,69.9492535339533,5.46369042848657,2025-02-28,220,7-21,0.385136926583108,99.0231095278688,103.134253538955,64.2224891599319,-11.6085043556191
2025-03-01,2025,Big East Conference,Villanova Wildcats,Butler Bulldogs,80,70,0,Villanova,Butler,2025-02-28,50,17-12,0.835849108222797,119.610722029465,103.824986354244,63.1808129017964,-2.27707577566498,2025-02-28,70,13-15,0.768060236029828,116.70092783179,105.161112618485,67.5291753680029,-4.80632152352174
2025-03-01,2025,Big East Conference,Xavier Musketeers,Creighton Bluejays,83,61,0,Xavier,Creighton,2025-02-28,46,18-10,0.850638760465797,114.537972889694,98.4584986795291,69.2042681380752,-0.367174909434391,2025-02-28,29,20-8,0.889711249895373,116.492325525256,97.1521202766715,68.1080885205592,2.46917270766174
2025-03-01,2025,Big Sky Conference,Eastern Washington Eagles,Idaho State Bengals,54,78,0,Eastern Washington,Idaho St.,2025-02-28,267,10-19,0.292175376173607,103.199606792686,111.453541611897,67.3369879898165,-13.7735469749735,2025-02-28,209,14-13,0.405652206857081,106.292777924657,109.882541929412,65.9360305572246,-8.79194237575814
2025-03-01,2025,Big Sky Conference,Idaho Vandals,Weber State Wildcats,81,79,0,Idaho,Weber St.,2025-02-28,237,12-17,0.345134479292129,110.041580103102,116.344262876765,66.3693970594709,-12.4676215867186,2025-02-28,291,11-19,0.241147872970291,102.281621243728,113.0032594226,65.5808672349359,-14.6087706745732
2025-03-01,2025,Big Sky Conference,Northern Arizona Lumberjacks,Northern Colorado Bears,73,83,0,Northern Arizona,Northern Colorado,2025-02-28,245,16-13,0.325765856992305,104.286919910782,111.096366760125,66.6390299500654,-9.98107091359028,2025-02-28,133,21-8,0.573420745272255,112.620862738218,109.76079058308,69.0814177813114,-3.65957459394845
2025-03-01,2025,Big Sky Conference,Portland State Vikings,Montana Grizzlies,79,76,0,Portland St.,Montana,2025-02-28,170,17-12,0.492370566018299,102.909733680421,103.183210835516,68.0721230993996,-8.49148416105995,2025-02-28,142,21-8,0.540018006068097,112.053699154556,110.501497251444,67.1379789372093,-2.56651094657105
2025-03-01,2025,Big Sky Conference,Sacramento State Hornets,Montana State Bobcats,60,87,0,Sacramento St.,Montana St.,2025-02-28,349,7-22,0.121948677245042,95.3667582851844,113.226626696325,65.4845778910594,-18.0978266118466,2025-02-28,208,12-17,0.406660516881859,104.84498737439,108.34646247873,66.1851478515852,-11.4063510983936
2025-03-01,2025,Big Ten Conference,Nebraska Cornhuskers,Minnesota Golden Gophers,65,67,0,Nebraska,Minnesota,2025-02-28,55,17-11,0.820413127890402,111.86755477058,98.0243301233356,67.5662802604692,0.478170852681772,2025-02-28,90,14-14,0.703054835616295,110.866203346667,102.860877208025,62.5028026928721,-3.59194613383224
2025-03-01,2025,Big Ten Conference,Oregon Ducks,USC Trojans,82,61,0,Oregon,USC,2025-02-28,43,20-8,0.857310219274902,116.342719947154,99.5456404350777,68.0408461281887,4.19763012957342,2025-02-28,61,14-14,0.807819470308306,117.415846613864,103.633507737861,68.4666172742619,-3.40332546534298
2025-03-01,2025,Big Ten Conference,Penn State Nittany Lions,Maryland Terrapins,64,68,0,Penn St.,Maryland,2025-02-28,71,15-14,0.767045099889811,114.133593356744,102.898543031746,70.164601318919,-4.05856079927461,2025-02-28,13,21-7,0.932706736392976,118.983973540712,94.668133437689,70.0551818383348,2.72945853189469
2025-03-01,2025,Big Ten Conference,Washington Huskies,Indiana Hoosiers,62,78,0,Washington,Indiana,2025-02-28,102,13-15,0.66401513313441,110.752313123847,104.382092861449,67.9798068176572,-3.95105589082115,2025-02-28,60,17-11,0.812299755243188,113.768557736636,100.16039683551,68.2878210358545,0.344450657252348
2025-03-02,2025,Big 12 Conference,Kansas State Wildcats,Colorado Buffaloes,65,56,0,Kansas St.,Colorado,2025-03-01,57,13-15,0.816087944239883,113.177801689847,99.4235719258143,67.4987505728691,-3.04518384851828,2025-03-01,96,11-17,0.681460340662334,107.797910656976,100.899867932382,67.4253823659109,-5.1180413914073
2025-03-02,2025,Big Ten Conference,Michigan State Spartans,Wisconsin Badgers,71,62,0,Michigan St.,Wisconsin,2025-03-01,15,23-5,0.931668141965858,117.329679206106,93.4853822210721,67.8561279342855,5.98333975734539,2025-03-01,9,22-6,0.942227526333464,125.296268847406,98.2899294470476,67.5363493200437,4.96773423991781
2025-03-02,2025,Big Ten Conference,Michigan Wolverines,Illinois Fighting Illini,73,93,0,Michigan,Illinois,2025-03-01,25,22-6,0.90966331577085,116.740710513528,95.500028910583,70.0603496819643,5.09927044233134,2025-03-01,17,18-11,0.925125426596874,121.483723331813,97.6277324284424,71.779610749885,1.87707870408434
2025-03-03,2025,Atlantic Coast Conference,Duke Blue Devils,Wake Forest Demon Deacons,93,60,0,Duke,Wake Forest,2025-03-02,2,26-3,0.981333382728671,129.101792699322,91.4748604302902,66.1129032376488,7.13874953917149,2025-03-02,80,20-9,0.745788681739157,108.786550360718,99.0672047639929,67.4217872355972,0.903624162645836
2025-03-03,2025,Big 12 Conference,Houston Cougars,Kansas Jayhawks,65,59,0,Houston,Kansas,2025-03-02,1,25-4,0.981790902323665,126.49090942089,89.4281089727765,61.3709863934231,8.35773822086015,2025-03-02,22,19-10,0.921695186616865,115.186231904713,92.9581831667697,68.7405517567963,3.1851477487697
2025-03-03,2025,Big Sky Conference,Idaho State Bengals,Northern Arizona Lumberjacks,79,82,0,Idaho St.,Northern Arizona,2025-03-02,189,15-13,0.440472401233181,106.638868030885,108.880612039181,66.0859766010637,-8.6677764576989,2025-03-02,253,16-14,0.314528486188003,104.092015466092,111.387733667948,66.8674761526685,-10.8421880818664
2025-03-03,2025,Big Sky Conference,Montana Grizzlies,Eastern Washington Eagles,83,72,0,Montana,Eastern Washington,2025-03-02,142,21-9,0.543320731711889,111.809319963527,110.133026247598,67.3604376743452,-3.35641691897669,2025-03-02,277,10-20,0.267702490115117,102.38034327865,111.742822666155,67.4976368586523,-14.7171202252506
2025-03-03,2025,Big Sky Conference,Montana State Bobcats,Idaho Vandals,75,60,0,Montana St.,Idaho,2025-03-02,192,13-17,0.431112132804119,105.948488238613,108.534421791917,66.3293652301678,-11.2762029423894,2025-03-02,238,13-17,0.340701988065141,110.01220802127,116.512342361575,66.4560632962011,-12.3868038873339
2025-03-03,2025,Big Sky Conference,Portland State Vikings,Sacramento State Hornets,59,56,0,Portland St.,Sacramento St.,2025-03-02,167,18-12,0.496507414310258,102.834813671865,102.959816625383,68.2707538247186,-8.36214227622674,2025-03-02,350,7-23,0.116540785931902,95.7282576181204,114.165938452262,65.6281605486087,-18.9297883349277
2025-03-03,2025,Big Sky Conference,Weber State Wildcats,Northern Colorado Bears,63,68,0,Weber St.,Northern Colorado,2025-03-02,287,11-20,0.24681065568207,102.403711052982,112.836506414972,65.7172879925719,-15.3928293050226,2025-03-02,128,22-8,0.586407375865445,112.937304292477,109.560118213698,69.3127717712284,-3.51658692260637
2025-03-03,2025,Big Ten Conference,Northwestern Wildcats,UCLA Bruins,69,73,0,Northwestern,UCLA,2025-03-02,53,16-13,0.826759845495385,114.2201070096,99.7062751321849,64.9731585484066,-2.04646218372331,2025-03-02,24,20-9,0.915664925249195,117.602704840248,95.577127996746,65.1527442841862,2.57005622436852
2025-03-04,2025,Atlantic Coast Conference,Georgia Tech Yellow Jackets,Miami Hurricanes,89,74,0,Georgia Tech,Miami FL,2025-03-03,97,15-14,0.683390701790417,107.990771461572,101.00212752162,69.0074924368867,-4.88470412348068,2025-03-03,189,6-23,0.441199304079331,112.94228541722,115.286972395419,67.4739788943926,-13.0632394728183
2025-03-04,2025,Atlantic Coast Conference,SMU Mustangs,Syracuse Orange,77,75,0,SMU,Syracuse,2025-03-03,42,21-8,0.859372279234537,119.215762424242,101.853569650299,69.5399817363496,0.301597336653725,2025-03-03,126,12-17,0.589737389728134,110.747430873673,107.307381458216,68.6700112883505,-7.35118395460392
2025-03-04,2025,Atlantic Coast Conference,Virginia Cavaliers,Florida State Seminoles,60,57,0,Virginia,Florida St.,2025-03-03,91,14-15,0.696298865613628,112.856503825144,105.000622237317,61.1371380850007,-4.33642549527991,2025-03-03,96,16-13,0.684976191886929,109.169882413891,102.039804173392,70.2221884921483,-4.14944303301839
2025-03-04,2025,Atlantic Coast Conference,Virginia Tech Hokies,North Carolina Tar Heels,59,91,0,Virginia Tech,North Carolina,2025-03-03,127,13-16,0.588299933629662,109.189019507983,105.852020448998,65.4546028671601,-7.47478315065102,2025-03-03,46,19-11,0.848559445205893,119.097873688143,102.523225657054,71.140635059196,0.762851939400912
2025-03-04,2025,Big 12 Conference,Arizona Wildcats,Arizona State Sun Devils,113,100,0,Arizona,Arizona St.,2025-03-03,9,19-10,0.941524819187682,121.044561205522,95.0606797019642,70.3385354703525,3.83296340396683,2025-03-03,64,13-16,0.791805296105717,112.288099749837,99.9737579227216,68.7461403720207,-2.19122247244105
2025-03-04,2025,Big 12 Conference,Iowa State Cyclones,BYU Cougars,85,88,0,Iowa St.,BYU,2025-03-03,11,22-7,0.938535401644884,118.541904409071,93.5256085114099,68.954887661621,4.74658175856523,2025-03-03,13,21-8,0.936111484449903,126.076036957913,99.8273459335196,67.367880602629,2.94800585220581
2025-03-04,2025,Big 12 Conference,TCU Horned Frogs,Baylor Bears,58,61,0,TCU,Baylor,2025-03-03,67,16-13,0.776754878083655,107.991606789288,96.8953356765726,66.8653625659487,-0.106416661979256,2025-03-03,32,17-12,0.884605344708749,120.19196432522,100.683159626405,65.4912779449325,1.23426977585003
2025-03-04,2025,Big 12 Conference,Utah Utes,West Virginia Mountaineers,69,71,0,Utah,West Virginia,2025-03-03,69,16-13,0.77549066334177,112.995083289695,101.448863069384,68.9088159930326,-1.70557923237749,2025-03-03,33,17-12,0.878327425788395,110.925051792332,93.4072569771929,64.4247028875232,1.28871900625524
2025-03-04,2025,Big East Conference,Georgetown Hoyas,Villanova Wildcats,75,73,0,Georgetown,Villanova,2025-03-03,94,16-13,0.690350644831638,106.710290771327,99.5240592556079,68.4788441062983,-3.64418887149616,2025-03-03,48,18-12,0.842068818679814,119.877062359332,103.640419266087,63.3850978434144,-2.01341907853843
2025-03-04,2025,Big East Conference,Seton Hall Pirates,Creighton Bluejays,61,79,0,Seton Hall,Creighton,2025-03-03,203,7-22,0.409727408836668,99.5236779493227,102.733961377741,64.5108750393608,-11.752299110017,2025-03-03,35,20-9,0.876377588124249,116.158471520943,97.9684391114157,68.1210222707164,2.12387147211386
2025-03-04,2025,Big Ten Conference,Ohio State Buckeyes,Nebraska Cornhuskers,116,114,0,Ohio St.,Nebraska,2025-03-03,38,16-13,0.866306122524326,116.825136243212,99.3038012498228,67.512431341326,-0.381878479161692,2025-03-03,60,17-12,0.804405703491203,111.622710589125,98.7076735891405,67.6958550522181,-0.386556571221566
2025-03-04,2025,Big Ten Conference,Oregon Ducks,Indiana Hoosiers,73,64,0,Oregon,Indiana,2025-03-03,40,21-8,0.861567193074433,116.228722063698,99.1438148146943,68.2101784528674,4.4125136841847,2025-03-03,51,18-11,0.82743282520323,114.070078858838,99.5345722102129,68.4783951348785,0.701735340353311
2025-03-04,2025,Big Ten Conference,Purdue Boilermakers,Rutgers Scarlet Knights,100,71,0,Purdue,Rutgers,2025-03-03,14,20-9,0.934402542912675,124.565294617857,98.8735046725155,65.4997461766045,4.09643621557444,2025-03-03,66,14-15,0.780097107418181,116.512974341864,104.365115100439,68.9269412411383,-3.12111656816947
2025-03-05,2025,Atlantic Coast Conference,Boston College Eagles,Clemson Tigers,69,78,0,Boston College,Clemson,2025-03-04,172,12-17,0.481656285134313,105.426940225137,106.102063153236,66.7820746566279,-8.8717130538258,2025-03-04,21,24-5,0.923235308906604,120.908581043463,97.3937211319324,64.2790548113665,4.35498174558012
2025-03-05,2025,Atlantic Coast Conference,Louisville Cardinals,California Golden Bears,85,68,0,Louisville,California,2025-03-04,22,23-6,0.923229119327354,119.282751638411,96.0848202172025,69.3345446786476,4.17230106447267,2025-03-04,126,13-16,0.588255462123746,109.996999329993,106.637009613465,67.9019941129238,-6.75716473214506
2025-03-05,2025,Atlantic Coast Conference,NC State Wolfpack,Pittsburgh Panthers,71,63,0,N.C. State,Pittsburgh,2025-03-04,119,11-18,0.609121067575928,108.689637123421,104.576710619511,65.1947423714986,-8.36449212289017,2025-03-04,76,16-13,0.751633110077749,115.012009465841,104.453919005321,66.6045613039745,-2.51476284969005
2025-03-05,2025,Atlantic Coast Conference,Notre Dame Fighting Irish,Stanford Cardinal,56,54,0,Notre Dame,Stanford,2025-03-04,93,12-17,0.690803106442848,113.882366325595,106.193588027564,65.1315846872735,-7.29224009220575,2025-03-04,73,19-10,0.756461144154649,113.486390232435,102.83529194861,66.8114259886374,-1.77499873250374
2025-03-05,2025,Big 12 Conference,Cincinnati Bearcats,Kansas State Wildcats,49,54,0,Cincinnati,Kansas St.,2025-03-04,41,17-12,0.85954935261376,113.269321529599,96.7608133428744,65.4151343899382,-0.0287062837438258,2025-03-04,54,14-15,0.82306454779153,112.622840866296,98.5309451859388,67.6120471395412,-2.98977457706817
2025-03-05,2025,Big 12 Conference,Texas Tech Red Raiders,Colorado Buffaloes,91,75,0,Texas Tech,Colorado,2025-03-04,7,22-7,0.949193848714476,124.561483580909,96.5659222126407,66.0669239474252,4.55810963504565,2025-03-04,101,11-18,0.666224916572852,106.881549266785,100.647099977696,67.5311314916397,-5.59006112115415
2025-03-05,2025,Big 12 Conference,UCF Knights,Oklahoma State Cowboys,83,70,0,UCF,Oklahoma St.,2025-03-04,74,15-14,0.756147783027347,116.252669357308,105.357521317722,72.0430104174279,-2.09727926571865,2025-03-04,95,14-15,0.689216284224775,108.465196581451,101.207426967272,71.3372880805613,-3.03464416334218
2025-03-05,2025,Big East Conference,Butler Bulldogs,Xavier Musketeers,78,91,0,Butler,Xavier,2025-03-04,72,13-16,0.759802074580894,116.678656332201,105.560575095637,67.7579626526284,-5.23478161654452,2025-03-04,35,19-10,0.86703071314223,115.591374553845,98.2015173745962,69.2181789536616,0.0551233168378805
2025-03-05,2025,Big East Conference,Providence Friars,DePaul Blue Demons,77,80,0,Providence,DePaul,2025-03-04,102,12-17,0.659036697406395,112.204313993247,105.955237172482,66.5036112325886,-6.70021797445698,2025-03-04,129,11-18,0.581080472956545,108.380710247365,105.340403450343,67.4846696442583,-7.92204838375719
2025-03-05,2025,Big East Conference,UConn Huskies,Marquette Golden Eagles,72,66,0,Connecticut,Marquette,2025-03-04,37,20-9,0.865726957667199,122.228338253081,103.941740455429,64.4138144646274,1.51410005592392,2025-03-04,28,22-7,0.89794358907616,116.806268757115,96.6815601467753,67.8920467380492,4.03351265862401
2025-03-05,2025,Big Ten Conference,Michigan Wolverines,Maryland Terrapins,65,71,0,Michigan,Maryland,2025-03-04,27,22-7,0.900120291607463,116.817387728992,96.4893494798777,69.9158534438988,4.61339159464931,2025-03-04,16,22-7,0.930461891164194,118.064880266248,94.2250379444542,70.2109535403799,3.23095852963776
2025-03-05,2025,Big Ten Conference,Minnesota Golden Gophers,Wisconsin Badgers,67,74,0,Minnesota,Wisconsin,2025-03-04,85,15-14,0.717163605804612,111.651935703182,102.974243231731,62.6360310162218,-3.06846447206102,2025-03-04,9,22-7,0.940127981805854,124.231959122392,97.7769631404081,67.7434792725488,4.74165449728099
2025-03-05,2025,Big Ten Conference,USC Trojans,Washington Huskies,92,61,0,USC,Washington,2025-03-04,62,14-15,0.797073589328795,116.942826883391,103.826332708869,68.6419744145548,-3.78347498683956,2025-03-04,105,13-16,0.641443405903822,110.190850524681,104.756327080656,68.1952328255682,-4.59863887546634
2025-03-06,2025,Big Ten Conference,Iowa Hawkeyes,Michigan State Spartans,84,91,0,Iowa,Michigan St.,2025-03-05,76,15-14,0.746195822136943,117.614789196925,107.086690189045,70.3720378754847,-2.77394266469522,2025-03-05,16,24-5,0.933226805956676,116.544967458428,92.6605395228885,68.1697181014928,6.61405057944934
2025-03-07,2025,Big Ten Conference,Illinois Fighting Illini,Purdue Boilermakers,88,80,0,Illinois,Purdue,2025-03-06,17,19-11,0.930701958034243,122.397030611805,97.65087259567,71.6645549327819,2.64619767798804,2025-03-06,13,21-9,0.937275763677692,125.384732237457,99.1106067093905,65.4672573742653,4.41564492054317
2025-03-08,2025,Atlantic Coast Conference,Clemson Tigers,Virginia Tech Hokies,65,47,0,Clemson,Virginia Tech,2025-03-07,23,25-5,0.922489530643134,120.83380096597,97.4221945394277,64.4132137914122,4.68195450042964,2025-03-07,137,13-17,0.562273472723935,108.679052445314,106.338316364476,65.4424393177554,-8.07811830701331
2025-03-08,2025,Atlantic Coast Conference,Florida State Seminoles,SMU Mustangs,76,69,0,Florida St.,SMU,2025-03-07,97,16-14,0.68252512508769,108.787925343762,101.783068488808,70.0820913475081,-4.66475897204967,2025-03-07,46,22-8,0.848134735735248,119.095654030188,102.550748718277,69.3906341743256,0.467188995653919
2025-03-08,2025,Atlantic Coast Conference,Louisville Cardinals,Stanford Cardinal,68,48,0,Louisville,Stanford,2025-03-07,21,24-6,0.923561150598158,119.022326939192,95.8359174857554,69.378871506299,4.44308951953575,2025-03-07,73,19-11,0.757764527563681,112.398113966493,101.786401381783,66.7291406809902,-2.27241826755915
2025-03-08,2025,Atlantic Coast Conference,Miami Hurricanes,NC State Wolfpack,72,70,0,Miami FL,N.C. State,2025-03-07,196,6-24,0.431685038181223,113.156231510465,115.894547822177,67.5194463679662,-13.615513695126,2025-03-07,112,12-18,0.627567007210563,108.636948262776,103.817883242853,65.2802919284871,-8.04451254822311
2025-03-08,2025,Atlantic Coast Conference,North Carolina Tar Heels,Duke Blue Devils,69,82,0,North Carolina,Duke,2025-03-07,41,20-11,0.860785741230253,119.780138539121,102.231286136598,71.1060481214976,1.11625632968526,2025-03-07,1,27-3,0.981518546026376,129.446482956461,91.6381125704706,66.2567498503823,7.43084370896245
2025-03-08,2025,Atlantic Coast Conference,Notre Dame Fighting Irish,California Golden Bears,112,110,0,Notre Dame,California,2025-03-07,94,13-17,0.692511915017023,112.795289924527,105.106647963005,65.0599415863284,-6.95614604605419,2025-03-07,122,13-17,0.593345206250213,109.938506135995,106.385360908724,67.9667580489049,-6.86013471350875
2025-03-08,2025,Atlantic Coast Conference,Pittsburgh Panthers,Boston College Eagles,93,67,0,Pittsburgh,Boston College,2025-03-07,80,16-14,0.742215668767354,114.259189525409,104.220776409832,66.699391779976,-3.0689174532489,2025-03-07,166,12-18,0.491267016591882,105.614682634619,105.936013973721,66.9462452099582,-9.25620012769752
2025-03-08,2025,Atlantic Coast Conference,Syracuse Orange,Virginia Cavaliers,84,70,0,Syracuse,Virginia,2025-03-07,118,12-18,0.610049023309713,111.471852779119,107.217285793476,68.5251857774129,-7.62169126278373,2025-03-07,91,15-15,0.697371277697907,112.580567178787,104.69766720467899,61.0362209628058,-4.17423818978515
2025-03-08,2025,Atlantic Coast Conference,Wake Forest Demon Deacons,Georgia Tech Yellow Jackets,69,43,0,Wake Forest,Georgia Tech,2025-03-07,81,20-10,0.74096330785722,109.005065559246,99.4847800714115,67.5963505071789,0.957472885540721,2025-03-07,93,16-14,0.693816909301653,108.694230773861,101.231110185965,69.050288809607,-4.70474577705951
2025-03-08,2025,Big 12 Conference,Arizona State Sun Devils,Texas Tech Red Raiders,57,85,0,Arizona St.,Texas Tech,2025-03-07,63,13-17,0.79581790802998,114.161021408065,101.424826971452,68.8227483389484,-2.2442082212981602,2025-03-07,7,23-7,0.949145588433277,125.29892427032,97.1460704480982,66.1430441792708,4.83478768228012
2025-03-08,2025,Big 12 Conference,BYU Cougars,Utah Utes,85,74,0,BYU,Utah,2025-03-07,11,22-8,0.938864368186469,125.796837962025,99.200181802541593,67.3808168811327,3.8535514380914,2025-03-07,66,16-14,0.779117650940085,113.254828667019,101.496968861082,69.0227113618033,-2.24253933875692
2025-03-08,2025,Big 12 Conference,Baylor Bears,Houston Cougars,61,65,0,Baylor,Houston,2025-03-07,31,18-12,0.885398663729249,120.158334602898,100.586785206384,65.26300686503,1.83963879278276,2025-03-07,2,26-4,0.980815029924774,125.88942700814,89.4155565598167,61.4915609063041,8.93820231891722
2025-03-08,2025,Big 12 Conference,Colorado Buffaloes,TCU Horned Frogs,76,56,0,Colorado,TCU,2025-03-07,100,11-19,0.671653191297402,107.58406279511,101.092930439132,67.5908378728291,-5.60991769501185,2025-03-07,68,16-14,0.771238545519447,107.734202926038,96.9298274408117,66.6261136045256,-0.600557388615839
2025-03-08,2025,Big 12 Conference,Kansas Jayhawks,Arizona Wildcats,83,76,0,Kansas,Arizona,2025-03-07,22,19-11,0.923464844103638,115.180942897817,92.7538587827275,68.8297400804395,3.21776417775716,2025-03-07,8,20-10,0.939726849738562,122.769260141353,96.6854536049168,70.440931416338,4.19218470501397
2025-03-08,2025,Big 12 Conference,Kansas State Wildcats,Iowa State Cyclones,57,73,0,Kansas St.,Iowa St.,2025-03-07,53,15-15,0.831487963061148,111.780386609834,97.2938007390079,67.5353325383865,-2.19480564291291,2025-03-07,14,22-8,0.935184330655573,117.723875224512,93.3389805299133,68.9710128283052,4.42324355446493
2025-03-08,2025,Big 12 Conference,Oklahoma State Cowboys,Cincinnati Bearcats,78,67,0,Oklahoma St.,Cincinnati,2025-03-07,95,14-16,0.690762581817404,108.099639722048,100.802945710344,71.328301619264,-3.37953305137499,2025-03-07,42,17-13,0.858977895017663,112.181290285423,95.8707447000033,65.3438376136668,-0.540393449176368
2025-03-08,2025,Big 12 Conference,West Virginia Mountaineers,UCF Knights,72,65,0,West Virginia,UCF,2025-03-07,34,18-12,0.876140147032955,110.948071403604,93.5917904318433,64.5153481635843,1.87685409017476,2025-03-07,72,16-14,0.758809700720016,115.961912083176,104.961675757809,72.0289711337714,-1.81516234854298
2025-03-08,2025,Big East Conference,Creighton Bluejays,Butler Bulldogs,87,74,0,Creighton,Butler,2025-03-07,32,21-9,0.881497170430603,116.801221489784,98.099197344881,68.0782457819887,2.42030925475037,2025-03-07,76,13-17,0.751898695174598,116.644714899325,105.923632887939,67.833171205569,-5.72962385346227
2025-03-08,2025,Big East Conference,DePaul Blue Demons,Georgetown Hoyas,83,77,0,DePaul,Georgetown,2025-03-07,124,12-18,0.591943433874497,108.829225535731,105.365117821441,67.5305269973376,-7.44402778787993,2025-03-07,92,17-13,0.695980542536699,107.280943670787,99.8262360758286,68.466738084406,-3.22139792894163
2025-03-08,2025,Big East Conference,Marquette Golden Eagles,St. John's Red Storm,84,86,0,Marquette,St. John's,2025-03-07,27,22-8,0.896458645487708,116.577600820269,96.6274774725564,67.8017061549659,3.82628715479104,2025-03-07,19,26-4,0.924948177205428,112.444932483887,90.3839935899033,70.2883356084351,5.71322775436013
2025-03-08,2025,Big East Conference,UConn Huskies,Seton Hall Pirates,81,50,0,Connecticut,Seton Hall,2025-03-07,36,21-9,0.869804704834615,122.169185780764,103.570873559664,64.3226614749908,2.08247299461023,2025-03-07,211,7-23,0.398959651455576,99.5106585962476,103.120653658021,64.4486816010115,-12.3014490185876
2025-03-08,2025,Big East Conference,Xavier Musketeers,Providence Friars,76,68,0,Xavier,Providence,2025-03-07,35,20-10,0.874797299944973,116.175161828807,98.1061965998369,69.3030751075038,0.631295864498858,2025-03-07,103,12-18,0.655525267293728,112.314542102,106.203187245013,66.5224730199351,-7.46392502425461
2025-03-08,2025,Big Sky Conference,Northern Arizona Lumberjacks,Eastern Washington Eagles,66,53,1,Northern Arizona,Eastern Washington,2025-03-07,248,17-14,0.320931910145,105.225716277743,112.312029530674,66.8637764821038,-10.6574425049717,2025-03-07,273,10-21,0.274849871047187,103.028735087249,112.097510339714,67.4522936226906,-15.4393629392182
2025-03-08,2025,Big Sky Conference,Weber State Wildcats,Sacramento State Hornets,83,70,1,Weber St.,Sacramento St.,2025-03-07,288,11-21,0.247146784741725,101.84469638558,112.202904677725,65.7702655043935,-16.2182885134193,2025-03-07,348,7-24,0.123032022898521,95.4661675713283,113.245357626279,65.6847666149552,-19.7054510480333
2025-03-08,2025,Big Ten Conference,Indiana Hoosiers,Ohio State Buckeyes,66,60,0,Indiana,Ohio St.,2025-03-07,54,18-12,0.825414294877428,113.909391459963,99.5160563655348,68.3502573677522,0.439295545061701,2025-03-07,38,17-13,0.865304914948234,118.012118879064,100.387956750923,67.6338828625942,0.0224691475180461
2025-03-08,2025,Big Ten Conference,Maryland Terrapins,Northwestern Wildcats,74,61,0,Maryland,Northwestern,2025-03-07,15,23-7,0.933808305453652,117.696511615107,93.4998790490648,70.1679894258812,4.02799043486718,2025-03-07,55,16-14,0.824938489051572,114.323599001442,99.9065750723185,65.0306097523397,-2.44221405921865
2025-03-08,2025,Big Ten Conference,UCLA Bruins,USC Trojans,90,63,0,UCLA,USC,2025-03-07,25,21-9,0.916448436486063,117.851999559896,95.6949079665672,65.2158790431239,3.22401860959915,2025-03-07,58,15-15,0.811612418065761,117.393099774005,103.391862946175,68.5941705185715,-3.60559881439133
2025-03-08,2025,Big Ten Conference,Wisconsin Badgers,Penn State Nittany Lions,75,86,0,Wisconsin,Penn St.,2025-03-07,10,23-7,0.939290064564506,123.957019320734,97.68612163223,67.8046684073669,5.25800807050466,2025-03-07,69,15-15,0.768697201999189,113.444916672235,102.195257807433,70.3495044108118,-4.45448459632355
2025-03-09,2025,Big Sky Conference,Montana Grizzlies,Northern Arizona Lumberjacks,74,65,1,Montana,Northern Arizona,2025-03-08,145,22-9,0.534677466961318,111.863905784115,110.520594864608,67.2538788646563,-3.34916086152326,2025-03-08,242,18-14,0.32968010398272,104.582378403724,111.239131661951,66.6202712157852,-10.6728153479975
2025-03-09,2025,Big Sky Conference,Northern Colorado Bears,Weber State Wildcats,76,52,1,Northern Colorado,Weber St.,2025-03-08,129,23-8,0.582647039987035,111.888811570329,108.689222745103,69.2633930505381,-3.42603083362144,2025-03-08,286,12-21,0.250759234730684,102.356126608645,112.577054920591,65.6191733906572,-16.3077119515342
2025-03-09,2025,Big Ten Conference,Michigan State Spartans,Michigan Wolverines,79,62,0,Michigan St.,Michigan,2025-03-08,17,25-5,0.931613054851007,116.727045938709,93.0122146285972,68.0386521286368,7.18428993786961,2025-03-08,26,22-8,0.899091297488117,115.849470604985,95.7847152496662,69.7487065304223,4.33532632092095
2025-03-09,2025,Big Ten Conference,Nebraska Cornhuskers,Iowa Hawkeyes,68,83,0,Nebraska,Iowa,2025-03-08,60,17-13,0.807373138596596,112.600408364752,99.4081351285853,67.7245444694586,-0.636614178232915,2025-03-08,72,15-15,0.757964737212251,118.328605180656,107.146818319385,70.2226401113323,-3.11935936386935
2025-03-09,2025,Big Ten Conference,Rutgers Scarlet Knights,Minnesota Golden Gophers,75,67,0,Rutgers,Minnesota,2025-03-08,68,14-16,0.776773915505024,116.998567711591,104.975818041179,68.74683217313,-3.18080042690309,2025-03-08,84,15-15,0.722218060568877,111.358246487711,102.479861101991,62.5878723969031,-3.37387326374212
2025-03-09,2025,Big Ten Conference,Washington Huskies,Oregon Ducks,73,80,0,Washington,Oregon,2025-03-08,117,13-17,0.621677349155602,109.575144157433,104.943439535918,68.0360016444952,-4.91877538212561,2025-03-08,37,22-8,0.867059149872314,116.117344799906,98.6462433099837,67.9947530383521,4.86466252305591
2025-03-10,2025,Big Sky Conference,Idaho State Bengals,Montana State Bobcats,60,80,1,Idaho St.,Montana St.,2025-03-09,198,15-14,0.424913247882432,107.182113528317,110.040177217301,65.8490847609884,-9.59141336313574,2025-03-09,189,14-17,0.443988316043137,106.03768056751,108.132675295556,66.1142445407642,-11.2207453502952
2025-03-10,2025,Big Sky Conference,Portland State Vikings,Idaho Vandals,70,80,1,Portland St.,Idaho,2025-03-09,174,19-12,0.476344019594973,102.030918230249,102.874541485611,68.0973694564732,-8.2792472560641,2025-03-09,253,13-18,0.320677511001946,109.382013802787,116.76008218732,66.2395706239215,-13.1970519511756
2025-03-11,2025,Atlantic Coast Conference,Florida State Seminoles,Syracuse Orange,62,66,1,Florida St.,Syracuse,2025-03-10,90,17-14,0.695664764527627,108.899760259755,101.345712077731,69.8658256428429,-4.26307541875446,2025-03-10,112,13-18,0.637909604587012,112.258171680053,106.864065425151,68.5019132264681,-7.42673288373158
2025-03-11,2025,Atlantic Coast Conference,Notre Dame Fighting Irish,Pittsburgh Panthers,55,54,1,Notre Dame,Pittsburgh,2025-03-10,95,14-17,0.686330254545969,112.760428890727,105.338284117207,64.854076097732,-6.83296560979469,2025-03-10,71,17-14,0.764918851900154,115.369618794938,104.120236989906,66.5369065945439,-2.93225675372932
2025-03-11,2025,Atlantic Coast Conference,Virginia Tech Hokies,California Golden Bears,73,82,1,Virginia Tech,California,2025-03-10,139,13-18,0.551792141610357,107.630558223543,105.702135826839,65.223240259146,-8.30227938601145,2025-03-10,124,13-18,0.597614650211873,110.213424941477,106.487146036361,67.7623901309611,-7.46418666055454
2025-03-11,2025,Big 12 Conference,Kansas State Wildcats,Arizona State Sun Devils,71,66,1,Kansas St.,Arizona St.,2025-03-10,57,15-16,0.823202581652787,110.946120398748,97.0560215553044,67.4022355220548,-2.56109378979848,2025-03-10,64,13-18,0.786502934239374,113.877744988102,101.670426820395,68.4974785576521,-2.61788787843071
2025-03-11,2025,Big 12 Conference,Oklahoma State Cowboys,Cincinnati Bearcats,68,87,1,Oklahoma St.,Cincinnati,2025-03-10,87,15-16,0.712231342977989,108.569919110272,100.34260598733201,71.2115793610832,-3.02254827524518,2025-03-10,46,17-14,0.848800382689528,111.884126697435,96.2976920449973,65.2467590917645,-1.10095900220901
2025-03-11,2025,Big 12 Conference,TCU Horned Frogs,Colorado Buffaloes,67,69,1,TCU,Colorado,2025-03-10,72,16-15,0.755943059586833,107.052828789033,97.0292503978296,66.5452850393554,-1.18326179638084,2025-03-10,89,12-19,0.698005132483192,107.946821794084,100.362146787963,67.5123773312633,-5.30918962767353
2025-03-11,2025,Big 12 Conference,Utah Utes,UCF Knights,72,87,1,Utah,UCF,2025-03-10,66,16-15,0.785041921784058,113.187847692982,101.130780762438,68.9977707147185,-2.37959847498267,2025-03-10,75,16-15,0.751692388586211,115.304489825263,104.716657977867,71.9045323971042,-2.04689847238005
2025-03-11,2025,Big Sky Conference,Montana Grizzlies,Idaho Vandals,78,55,1,Montana,Idaho,2025-03-10,146,23-9,0.534836355343109,111.502593717181,110.157503948901,67.3254968912425,-3.22112479768857,2025-03-10,240,14-18,0.342769886469972,109.712519947931,116.102102750228,66.4181084757953,-13.1092233653035
2025-03-11,2025,Big Sky Conference,Northern Colorado Bears,Montana State Bobcats,72,45,1,Northern Colorado,Montana St.,2025-03-10,120,24-8,0.60606138627793,111.824603275478,107.7131778203,69.1584717095439,-3.3672700763098,2025-03-10,175,15-17,0.469998607589108,106.444466763229,107.562408988134,66.1678191196849,-11.1642982367768
2025-03-12,2025,Atlantic Coast Conference,Georgia Tech Yellow Jackets,Virginia Cavaliers,66,60,1,Georgia Tech,Virginia,2025-03-11,100,16-15,0.667711011458612,107.2713423665,100.955405417087,68.7513199630965,-5.20579302675721,2025-03-11,96,15-16,0.679680382314284,112.345761211777,105.231594809224,61.0123529195314,-4.83495078962177
2025-03-12,2025,Atlantic Coast Conference,North Carolina Tar Heels,Notre Dame Fighting Irish,76,56,1,North Carolina,Notre Dame,2025-03-11,38,20-12,0.866543538734711,119.845542153018,101.853038661788,70.8717364175184,1.01395705041914,2025-03-11,91,15-17,0.694373833473854,111.73954869221,104.043598387617,64.8540191387603,-6.53082536478907
2025-03-12,2025,Atlantic Coast Conference,SMU Mustangs,Syracuse Orange,73,53,1,SMU,Syracuse,2025-03-11,48,22-9,0.843423088246835,118.541109813729,102.3943845539,69.1910638476356,-0.21555863145995,2025-03-11,105,14-18,0.651817172326607,111.968110481345,106.026514355925,68.3798024741193,-7.22242812797204
2025-03-12,2025,Atlantic Coast Conference,Stanford Cardinal,California Golden Bears,78,73,1,Stanford,California,2025-03-11,79,19-12,0.747138885755639,111.348424461621,101.337306131273,66.3802935772626,-2.52748222134241,2025-03-11,122,14-18,0.604386023416791,109.687391207112,105.718985485612,67.7380264413441,-7.34713809715249
2025-03-12,2025,Big 12 Conference,Baylor Bears,Kansas State Wildcats,70,56,1,Baylor,Kansas St.,2025-03-11,30,18-13,0.892147755653844,120.117631751672,99.9573642447946,65.0101664946586,1.65474573394743,2025-03-11,55,16-16,0.831932876353812,110.956329391887,96.5498495115781,67.3047434668807,-2.21539547648815
2025-03-12,2025,Big 12 Conference,Iowa State Cyclones,Cincinnati Bearcats,76,56,1,Iowa St.,Cincinnati,2025-03-11,9,23-8,0.942005306528649,117.502728404513,92.208875468108,68.8063018294934,5.12342690414189,2025-03-11,42,18-14,0.859713686436065,112.062087512933,95.7181922055653,65.4876905312873,-0.839819278145025
2025-03-12,2025,Big 12 Conference,Kansas Jayhawks,UCF Knights,98,94,1,Kansas,UCF,2025-03-11,20,20-11,0.929169243203826,116.013481114173,92.7474793882279,68.4571359124142,3.88487312910867,2025-03-11,71,17-15,0.765194106516459,115.492441604796,104.217204996824,71.8172326696054,-1.70705996100018
2025-03-12,2025,Big 12 Conference,West Virginia Mountaineers,Colorado Buffaloes,60,67,1,West Virginia,Colorado,2025-03-11,33,19-12,0.883874148053121,110.561070228463,92.6730392923982,64.3942053178859,2.08535175289005,2025-03-11,87,13-19,0.7133543031546,108.170082918703,99.9253942782847,67.5317081562171,-4.98039570942157
2025-03-12,2025,Big East Conference,Georgetown Hoyas,DePaul Blue Demons,67,71,1,Georgetown,DePaul,2025-03-11,93,17-14,0.692964149218314,107.59111336588,100.238690888567,68.2681582307429,-3.86063470028519,2025-03-11,121,13-18,0.606688685276026,109.340937849962,105.296761907042,67.3402073670851,-7.29278522337645
2025-03-12,2025,Big East Conference,Providence Friars,Butler Bulldogs,69,75,1,Providence,Butler,2025-03-11,101,12-19,0.663552822425183,111.953187400579,105.532903737089,66.3328384358231,-7.79180865975066,2025-03-11,75,13-18,0.752268032991935,116.808953346991,106.054506548214,67.5122915336373,-6.07952113863139
2025-03-12,2025,Big East Conference,Villanova Wildcats,Seton Hall Pirates,67,55,1,Villanova,Seton Hall,2025-03-11,51,18-13,0.839247281752425,119.555441665436,103.551859770282,63.2082303335346,-2.53011020404063,2025-03-11,216,7-24,0.385013206339197,98.4776246136482,102.570781754417,64.3887598634083,-12.6143844656684
2025-03-12,2025,Big Sky Conference,Northern Colorado Bears,Montana Grizzlies,83,91,1,Northern Colorado,Montana,2025-03-11,113,25-8,0.636889433140441,111.542010433086,106.223079825255,69.0077981319889,-3.29875022078251,2025-03-11,140,24-9,0.560234269431896,111.204171820825,108.887430794974,67.3169476091393,-3.19434065115598
2025-03-12,2025,Big Ten Conference,Minnesota Golden Gophers,Northwestern Wildcats,64,72,1,Minnesota,Northwestern,2025-03-11,84,15-16,0.718070335314582,110.480844838798,101.854532456189,62.6196436549411,-3.90666336949033,2025-03-11,56,16-15,0.829116072200991,113.802230660156,99.1987201754316,64.9192801013203,-2.64985080153827
2025-03-12,2025,Big Ten Conference,Ohio State Buckeyes,Iowa Hawkeyes,70,77,1,Ohio St.,Iowa,2025-03-11,40,17-14,0.865726649326679,117.385805000794,99.8237222661595,67.321183964341,-0.390062712077495,2025-03-11,69,16-15,0.772851571136805,118.66913118487,106.683061659722,70.0577463412821,-2.62498299608552
2025-03-12,2025,Big Ten Conference,Rutgers Scarlet Knights,USC Trojans,89,97,1,Rutgers,USC,2025-03-11,67,15-16,0.77911846563306,116.319513134922,104.243441816337,68.7889281200698,-3.03947016263251,2025-03-11,60,15-16,0.801298364257335,116.861594228257,103.516972506709,68.5567549697586,-3.85130525516015
2025-03-13,2025,Atlantic Coast Conference,Clemson Tigers,SMU Mustangs,57,54,1,Clemson,SMU,2025-03-12,20,26-5,0.928101265918766,120.015453797205,96.0814219902347,64.2269784881065,4.75999940380273,2025-03-12,48,23-9,0.8503302518279,117.95868828568,101.42038934723,68.9966627089105,0.0209462728386713
2025-03-13,2025,Atlantic Coast Conference,Duke Blue Devils,Georgia Tech Yellow Jackets,78,70,1,Duke,Georgia Tech,2025-03-12,1,28-3,0.982483963433205,129.308559055293,91.1066154751193,66.0356015830219,8.13055465163947,2025-03-12,97,17-15,0.674562998554322,106.9014016207,100.336010010595,68.8191787711107,-4.96229981583365
2025-03-13,2025,Atlantic Coast Conference,Louisville Cardinals,Stanford Cardinal,75,73,1,Louisville,Stanford,2025-03-12,19,25-6,0.929726160682811,118.506271437181,94.6704101098953,68.9946431328177,4.6404308696205,2025-03-12,81,20-12,0.746580810473932,111.768407874384,101.745642554269,66.235692245599,-2.28356322579187
2025-03-13,2025,Atlantic Coast Conference,Wake Forest Demon Deacons,North Carolina Tar Heels,59,68,1,Wake Forest,North Carolina,2025-03-12,71,21-10,0.768708334504776,108.812231895483,98.0214351865445,67.2771141200802,1.06191468515565,2025-03-12,36,21-12,0.878521910008201,119.832926950199,100.892381227066,70.7356688744116,1.26509339278059
2025-03-13,2025,Big 12 Conference,Arizona Wildcats,Kansas Jayhawks,88,77,1,Arizona,Kansas,2025-03-12,10,20-11,0.939951911082563,123.061147500228,96.8817866117682,70.0280872383961,4.07664483039254,2025-03-12,21,21-11,0.92800721779471,116.060164084505,92.9262954201147,68.4984223796366,4.31798810196823
2025-03-13,2025,Big 12 Conference,BYU Cougars,Iowa State Cyclones,96,92,1,BYU,Iowa St.,2025-03-12,11,23-8,0.939717374514656,125.159125734507,98.5689972399091,67.3201943298756,4.06070204768762,2025-03-12,8,24-8,0.946765498209861,117.81809119108,91.7301385231966,68.7048260935812,5.65971932644355
2025-03-13,2025,Big 12 Conference,Houston Cougars,Colorado Buffaloes,77,68,1,Houston,Colorado,2025-03-12,2,27-4,0.981032506329368,125.402423193767,88.9796813176483,61.2521209864907,9.78565447777295,2025-03-12,83,14-19,0.726838535276852,108.396747908369,99.5538640730669,67.4537558129091,-4.38259099952649
2025-03-13,2025,Big 12 Conference,Texas Tech Red Raiders,Baylor Bears,76,74,1,Texas Tech,Baylor,2025-03-12,7,24-7,0.954033321785723,125.362956437715,96.3023787842418,65.8434079692892,5.3869571651827,2025-03-12,26,19-13,0.901049686552213,120.254761205656,99.2389462419385,64.8604793032062,2.0962130887004
2025-03-13,2025,Big East Conference,Creighton Bluejays,DePaul Blue Demons,85,81,1,Creighton,DePaul,2025-03-12,33,22-9,0.885456086174567,117.155170603214,98.0679534371339,67.748568364167,2.65455717734912,2025-03-12,120,14-18,0.617782006901353,109.286925083786,104.817952966997,67.3085253911918,-7.00232957316332
2025-03-13,2025,Big East Conference,St. John's Red Storm,Butler Bulldogs,78,57,1,St. John's,Butler,2025-03-12,22,27-4,0.927591811361888,112.716982165482,90.2981775979526,70.0436331431657,6.43797474818311,2025-03-12,73,14-18,0.761701696948575,116.826785316272,105.598707539564,67.4536057707969,-5.7821733890646
2025-03-13,2025,Big East Conference,UConn Huskies,Villanova Wildcats,73,56,1,Connecticut,Villanova,2025-03-12,34,22-9,0.88412246402145,122.038819593165,102.272229226036,64.2468033202544,2.20294861005506,2025-03-12,51,19-13,0.84515690036252,119.253363074578,102.891553326613,63.2621392453715,-2.45057519036173
2025-03-13,2025,Big East Conference,Xavier Musketeers,Marquette Golden Eagles,87,89,1,Xavier,Marquette,2025-03-12,37,21-10,0.874746893758543,115.442984158659,97.4917968110315,69.0749719328876,0.73950746273807,2025-03-12,27,22-9,0.899087739926516,116.682940277054,96.4741596044961,67.5396402871467,3.36436204845642
2025-03-13,2025,Big Ten Conference,Illinois Fighting Illini,Iowa Hawkeyes,106,94,1,Illinois,Iowa,2025-03-12,18,20-11,0.931955078710324,122.440033727061,97.5188838664151,71.5568204052991,3.2584008575698298,2025-03-12,66,17-15,0.783899642899918,118.860051373197,106.261174256641,69.8534503650741,-2.0593977642231
2025-03-13,2025,Big Ten Conference,Oregon Ducks,Indiana Hoosiers,72,59,1,Oregon,Indiana,2025-03-12,38,23-8,0.870292905588211,116.036379474152,98.3347604617696,67.7206738312661,5.23540712285125,2025-03-12,56,19-12,0.833771221045213,113.393469731483,98.557312941475,68.0230283385188,0.841354182720473
2025-03-13,2025,Big Ten Conference,Purdue Boilermakers,USC Trojans,76,71,1,Purdue,USC,2025-03-12,13,21-10,0.937236911447037,125.414635119234,99.1399389246263,65.3722787564589,4.21349936212093,2025-03-12,60,16-16,0.808343962713208,116.792657299701,103.053158099022,68.4562183594064,-3.45044275941933
2025-03-13,2025,Big Ten Conference,Wisconsin Badgers,Northwestern Wildcats,70,63,1,Wisconsin,Northwestern,2025-03-12,15,23-8,0.936036540260265,123.180196647891,97.5450344485478,67.704134479368,4.55098507460793,2025-03-12,54,17-15,0.836553182662216,113.870890811735,98.7985026656746,65.0434840444466,-2.3062776307382302
2025-03-14,2025,Atlantic Coast Conference,Duke Blue Devils,North Carolina Tar Heels,74,71,1,Duke,North Carolina,2025-03-13,1,29-3,0.980632388405969,128.94497041442,91.6627933882975,66.05942589389,8.37630110323147,2025-03-13,36,22-12,0.878302383935944,119.03733231995,100.240451119666,70.7735962829415,1.55873854395867
2025-03-14,2025,Atlantic Coast Conference,Louisville Cardinals,Clemson Tigers,76,73,1,Louisville,Clemson,2025-03-13,22,26-6,0.926156792922069,118.569730864129,95.1618890113813,68.9094934558829,4.94973943289861,2025-03-13,20,27-5,0.928253263282469,118.805875353749,95.0942075252214,64.2341756277932,5.22553952470795
2025-03-14,2025,Big 12 Conference,Houston Cougars,BYU Cougars,74,54,1,Houston,BYU,2025-03-13,2,28-4,0.980435942244573,125.140336596172,89.0378542130984,61.5032478092892,10.0652160235467,2025-03-13,11,24-8,0.94141253583476,126.467355349929,99.3369957509883,67.3354233061939,4.80370513417193
2025-03-14,2025,Big 12 Conference,Texas Tech Red Raiders,Arizona Wildcats,80,86,1,Texas Tech,Arizona,2025-03-13,6,25-7,0.955556020404439,125.825074618883,96.3612820213251,65.7819226319251,5.97309367220261,2025-03-13,10,21-11,0.942950924091166,123.537077093971,96.7973275538883,70.0195224476762,4.72062786709276
2025-03-14,2025,Big East Conference,Creighton Bluejays,UConn Huskies,71,62,1,Creighton,Connecticut,2025-03-13,35,23-9,0.878514077600686,116.631421903102,98.1975261393862,67.6305509292684,2.81201452591641,2025-03-13,32,23-9,0.888030563463929,121.788478936639,101.719387187419,64.23825374287,2.6085068644332
2025-03-14,2025,Big East Conference,St. John's Red Storm,Marquette Golden Eagles,79,63,1,St. John's,Marquette,2025-03-13,18,28-4,0.932725618475145,112.645900724698,89.6229789854348,70.0538518718749,6.67748193575588,2025-03-13,27,23-9,0.898121920195956,117.344330725074,97.110471974361,67.6620142568753,3.84111141947235
2025-03-14,2025,Big Ten Conference,Maryland Terrapins,Illinois Fighting Illini,88,65,1,Maryland,Illinois,2025-03-13,14,24-7,0.936831149537678,116.987897343796,92.5339452319036,70.0855565200798,4.29249112769931,2025-03-13,19,21-11,0.931654083436246,123.163521672352,98.135527647115,71.5875121689765,3.579014186092
2025-03-14,2025,Big Ten Conference,Michigan State Spartans,Oregon Ducks,74,64,1,Michigan St.,Oregon,2025-03-13,12,26-5,0.938826612589142,116.839453586875,92.1418853950146,68.0073644182805,7.58671383243183,2025-03-13,38,24-8,0.874974575002655,115.541086579109,97.5570005675722,67.8245235125386,5.62230716281632
2025-03-14,2025,Big Ten Conference,Michigan Wolverines,Purdue Boilermakers,86,68,1,Michigan,Purdue,2025-03-13,31,22-9,0.891041674400389,114.880306385072,95.6942392441149,69.7364429749581,4.11332503138106,2025-03-13,16,22-10,0.934982660161151,125.287922027035,99.3649400727808,65.2509459153791,4.57353466962116
2025-03-14,2025,Big Ten Conference,UCLA Bruins,Wisconsin Badgers,70,86,1,UCLA,Wisconsin,2025-03-13,21,22-9,0.927314822857926,118.075135868611,94.6244905045677,65.2021483075569,3.48594874979268,2025-03-13,13,24-8,0.936995228202184,122.701506273718,97.0298151496044,67.7424667408076,4.95645848058566
2025-03-15,2025,Atlantic Coast Conference,Duke Blue Devils,Louisville Cardinals,73,62,1,Duke,Louisville,2025-03-14,2,30-3,0.980560230079584,128.547321411219,91.4102572450358,65.9208072388452,8.85907024095072,2025-03-14,19,27-6,0.928567689376313,118.467929153112,94.7847101987133,69.0242770719749,5.58210419991854
2025-03-15,2025,Big 12 Conference,Houston Cougars,Arizona Wildcats,72,64,1,Houston,Arizona,2025-03-14,1,29-4,0.982475097612286,125.12712299185,88.164459817994,61.4490346726993,10.7647065889241,2025-03-14,10,22-11,0.946312513812962,124.149858033692,96.7351604897022,69.878431813567,5.45075292322395
2025-03-15,2025,Big East Conference,St. John's Red Storm,Creighton Bluejays,82,66,0,St. John's,Creighton,2025-03-14,15,29-4,0.935120707935553,112.240037042795,88.999163659446907,70.2072245308045,7.24788167174093,2025-03-14,33,24-9,0.886930962135756,117.231636884658,98.0072514651941,67.2395576326467,3.3390698626589
2025-03-15,2025,Big Ten Conference,Maryland Terrapins,Michigan Wolverines,80,81,1,Maryland,Michigan,2025-03-14,9,25-7,0.946432796144695,117.657274990993,91.6573741975324,69.8960080759005,4.91221973122662,2025-03-14,27,23-9,0.90173780492272,115.596947311764,95.33093654809,69.5719876934914,4.74126837444562
2025-03-15,2025,Big Ten Conference,Michigan State Spartans,Wisconsin Badgers,74,77,1,Michigan St.,Wisconsin,2025-03-14,13,27-5,0.941089596194922,116.683734284163,91.6987577764738,67.9246766683109,8.06898810309558,2025-03-14,12,25-8,0.942963922729083,123.557715733731,96.8114645173648,67.6355591880787,5.55600710553873
2025-03-16,2025,Big Ten Conference,Michigan Wolverines,Wisconsin Badgers,59,53,1,Michigan,Wisconsin,2025-03-15,26,24-9,0.905060838714016,116.008131294431,95.3537525775769,69.5332634443919,5.52304673072308,2025-03-15,12,26-8,0.943326353307281,123.649793617663,96.8266852675197,67.5797651089493,6.33382011849495
2025-12-02,2026,Big Ten Conference,Michigan State Spartans,Iowa Hawkeyes,71,52,0,Michigan St.,Iowa,2025-06-30,18,0-0,0.915503867845339,114.568914731763,93.1284038883002,70.8233179456464,0,2025-06-30,40,0-0,0.870924341375702,115.482269785483,97.8174916181647,66.9164732062301,0
2025-12-02,2026,Big Ten Conference,Oregon Ducks,USC Trojans,77,82,0,Oregon,USC,2025-06-30,26,0-0,0.897497203485181,114.278819511496,94.6295646395843,71.2430887520299,0,2025-06-30,24,0-0,0.905530509520128,115.706524555692,95.060550725435,72.5532402266017,0
2025-12-02,2026,Big Ten Conference,Rutgers Scarlet Knights,Purdue Boilermakers,65,81,0,Rutgers,Purdue,2025-06-30,94,0-0,0.692330021947288,106.279051236089,99.0419410539569,71.9499557630185,0,2025-06-30,2,0-0,0.945559199779694,121.967969636763,95.1568834244029,68.620202980675,0
2025-12-03,2026,Big Ten Conference,Minnesota Golden Gophers,Indiana Hoosiers,73,64,0,Minnesota,Indiana,2025-06-30,80,0-0,0.732659139667714,108.999482169015,99.8508311496046,69.403837295676,0,2025-06-30,41,0-0,0.866948361430895,114.339595990929,97.1440917599217,70.8942778758433,0
2025-12-03,2026,Big Ten Conference,Washington Huskies,UCLA Bruins,80,82,0,Washington,UCLA,2025-06-30,54,0-0,0.819316622897943,115.743174472588,101.485854816125,71.2846356113691,0,2025-06-30,8,0-0,0.933093472183754,118.174278432901,93.9734105494189,68.5515221205646,0
2025-12-03,2026,Big Ten Conference,Wisconsin Badgers,Northwestern Wildcats,85,73,0,Wisconsin,Northwestern,2025-06-30,29,0-0,0.888886381368981,114.402930662862,95.4791501258867,71.0246950867304,0,2025-06-30,68,0-0,0.778756468233006,108.275673877439,97.052438826328,68.6637626142792,0
2025-12-06,2026,Big Ten Conference,Iowa Hawkeyes,Maryland Terrapins,83,64,0,Iowa,Maryland,2025-06-30,40,0-0,0.870924341375702,115.482269785483,97.8174916181647,66.9164732062301,0,2025-06-30,37,0-0,0.87334958468424,111.517033251903,94.2803262548255,70.5118416820935,0
2025-12-06,2026,Big Ten Conference,Michigan Wolverines,Rutgers Scarlet Knights,101,60,0,Michigan,Rutgers,2025-06-30,3,0-0,0.944792718959662,119.012295600039,92.9704344000916,72.1091619610474,0,2025-06-30,94,0-0,0.692330021947288,106.279051236089,99.0419410539569,71.9499557630185,0
2025-12-06,2026,Big Ten Conference,Northwestern Wildcats,Ohio State Buckeyes,82,86,0,Northwestern,Ohio St.,2025-06-30,68,0-0,0.778756468233006,108.275673877439,97.052438826328,68.6637626142792,0,2025-06-30,20,0-0,0.913499283363116,119.231090412694,97.1344138885499,71.0518985253959,0
2025-12-06,2026,Big Ten Conference,UCLA Bruins,Oregon Ducks,74,63,0,UCLA,Oregon,2025-06-30,8,0-0,0.933093472183754,118.174278432901,93.9734105494189,68.5515221205646,0,2025-06-30,26,0-0,0.897497203485181,114.278819511496,94.6295646395843,71.2430887520299,0
2025-12-06,2026,Big Ten Conference,USC Trojans,Washington Huskies,76,84,0,USC,Washington,2025-06-30,24,0-0,0.905530509520128,115.706524555692,95.060550725435,72.5532402266017,0,2025-06-30,54,0-0,0.819316622897943,115.743174472588,101.485854816125,71.2846356113691,0
2025-12-09,2026,Big Ten Conference,Indiana Hoosiers,Penn State Nittany Lions,113,72,0,Indiana,Penn St.,2025-06-30,41,0-0,0.866948361430895,114.339595990929,97.1440917599217,70.8942778758433,0,2025-06-30,114,0-0,0.62469533805535,104.032341034857,99.5236414525894,72.3540143595863,0
2025-12-09,2026,Big Ten Conference,Ohio State Buckeyes,Illinois Fighting Illini,80,88,0,Ohio St.,Illinois,2025-06-30,20,0-0,0.913499283363116,119.231090412694,97.1344138885499,71.0518985253959,0,2025-06-30,9,0-0,0.932523277417597,118.258697653393,94.1149645842738,74.3121187465302,0
2025-12-10,2026,Big Ten Conference,Nebraska Cornhuskers,Wisconsin Badgers,90,60,0,Nebraska,Wisconsin,2025-06-30,42,0-0,0.852205391481451,113.746542172325,97.6729332900157,71.0143810047455,0,2025-06-30,29,0-0,0.888886381368981,114.402930662862,95.4791501258867,71.0246950867304,0
2025-12-10,2026,Big Ten Conference,Purdue Boilermakers,Minnesota Golden Gophers,85,57,0,Purdue,Minnesota,2025-06-30,2,0-0,0.945559199779694,121.967969636763,95.1568834244029,68.620202980675,0,2025-06-30,80,0-0,0.732659139667714,108.999482169015,99.8508311496046,69.403837295676,0
2025-12-13,2026,Big East Conference,Butler Bulldogs,Providence Friars,113,110,0,Butler,Providence,2025-06-30,77,0-0,0.741275546420913,110.533456681934,100.865409622521,70.9969095815019,0,2025-06-30,57,0-0,0.815534709492928,113.639456212304,99.8610885006946,70.6581320849298,0
2025-12-13,2026,Big Ten Conference,Illinois Fighting Illini,Nebraska Cornhuskers,80,83,0,Illinois,Nebraska,2025-06-30,9,0-0,0.932523277417597,118.258697653393,94.1149645842738,74.3121187465302,0,2025-06-30,42,0-0,0.852205391481451,113.746542172325,97.6729332900157,71.0143810047455,0
2025-12-13,2026,Big Ten Conference,Maryland Terrapins,Michigan Wolverines,83,101,0,Maryland,Michigan,2025-06-30,37,0-0,0.87334958468424,111.517033251903,94.2803262548255,70.5118416820935,0,2025-06-30,3,0-0,0.944792718959662,119.012295600039,92.9704344000916,72.1091619610474,0
2025-12-13,2026,Big Ten Conference,Penn State Nittany Lions,Michigan State Spartans,72,76,0,Penn St.,Michigan St.,2025-06-30,114,0-0,0.62469533805535,104.032341034857,99.5236414525894,72.3540143595863,0,2025-06-30,18,0-0,0.915503867845339,114.568914731763,93.1284038883002,70.8233179456464,0
2025-12-16,2026,Big East Conference,St. John's Red Storm,DePaul Blue Demons,79,66,0,St. John's,DePaul,2025-06-30,7,0-0,0.933307225250121,117.979449025742,93.7905103825663,72.2374591238359,0,2025-06-30,70,0-0,0.77384319718697,111.572793985224,100.254152138335,70.6086313127839,0
2025-12-16,2026,Big East Conference,UConn Huskies,Butler Bulldogs,79,60,0,Connecticut,Butler,2025-06-30,11,0-0,0.929729678758532,118.882392131575,94.9704347525954,67.5988773516862,0,2025-06-30,77,0-0,0.741275546420913,110.533456681934,100.865409622521,70.9969095815019,0
2025-12-17,2026,Big East Conference,Marquette Golden Eagles,Georgetown Hoyas,69,78,0,Marquette,Georgetown,2025-06-30,49,0-0,0.83028084795501,109.922268367862,95.7479903700122,71.0305463716899,0,2025-06-30,71,0-0,0.773282721977309,110.826004654293,99.6108333968979,71.3704183382937,0
2025-12-17,2026,Big East Conference,Xavier Musketeers,Creighton Bluejays,57,98,0,Xavier,Creighton,2025-06-30,62,0-0,0.803879945346632,110.541641258184,97.7800661686966,73.3213234370762,0,2025-06-30,23,0-0,0.909349965198057,117.930086430666,96.5049447560014,70.6345504645418,0
2025-12-19,2026,Big East Conference,Providence Friars,Seton Hall Pirates,67,72,0,Providence,Seton Hall,2025-06-30,57,0-0,0.815534709492928,113.639456212304,99.8610885006946,70.6581320849298,0,2025-06-30,111,0-0,0.642061407443222,107.091836031762,101.786358709979,68.139822670015,0
2025-12-20,2026,Big East Conference,Creighton Bluejays,Marquette Golden Eagles,84,63,0,Creighton,Marquette,2025-06-30,23,0-0,0.909349965198057,117.930086430666,96.5049447560014,70.6345504645418,0,2025-06-30,49,0-0,0.83028084795501,109.922268367862,95.7479903700122,71.0305463716899,0
2025-12-20,2026,Big East Conference,Georgetown Hoyas,Xavier Musketeers,77,80,0,Georgetown,Xavier,2025-06-30,71,0-0,0.773282721977309,110.826004654293,99.6108333968979,71.3704183382937,0,2025-06-30,62,0-0,0.803879945346632,110.541641258184,97.7800661686966,73.3213234370762,0
2025-12-21,2026,Big East Conference,DePaul Blue Demons,UConn Huskies,54,72,0,DePaul,Connecticut,2025-06-30,70,0-0,0.77384319718697,111.572793985224,100.254152138335,70.6086313127839,0,2025-06-30,11,0-0,0.929729678758532,118.882392131575,94.9704347525954,67.5988773516862,0
2025-12-23,2026,Big East Conference,Seton Hall Pirates,Villanova Wildcats,56,64,0,Seton Hall,Villanova,2025-06-30,111,0-0,0.642061407443222,107.091836031762,101.786358709979,68.139822670015,0,2025-06-30,45,0-0,0.839472282790067,112.556299115366,97.4754707629067,69.8905107705524,0
2025-12-30,2026,Atlantic Coast Conference,California Golden Bears,Louisville Cardinals,70,90,0,California,Louisville,2025-06-30,85,0-0,0.714574745259442,109.857097386753,101.431101178498,71.465261390568,0,2025-06-30,16,0-0,0.923522168158203,118.741463151991,95.6143578866124,73.2915778727068,0
2025-12-30,2026,Atlantic Coast Conference,Miami Hurricanes,Pittsburgh Panthers,76,69,0,Miami FL,Pittsburgh,2025-06-30,59,0-0,0.813427660480489,113.990229866201,100.290869478134,71.2304362575982,0,2025-06-30,74,0-0,0.766369634389924,110.862211289613,99.982014914423,69.9772778422929,0
2025-12-30,2026,Atlantic Coast Conference,North Carolina Tar Heels,Florida State Seminoles,79,66,0,North Carolina,Florida St.,2025-06-30,15,0-0,0.924415386771688,116.596717589045,93.7835927543923,73.6918861012229,0,2025-06-30,81,0-0,0.729918121853582,108.451885796166,99.4697746538931,71.8857439289495,0
2025-12-30,2026,Atlantic Coast Conference,Stanford Cardinal,Notre Dame Fighting Irish,40,47,0,Stanford,Notre Dame,2025-06-30,101,0-0,0.673129522121816,105.905067693495,99.4572590883937,70.4203592089205,0,2025-06-30,66,0-0,0.782745979754288,110.72243983926,99.0446533643418,69.6926182603801,0
2025-12-30,2026,Big East Conference,Creighton Bluejays,Butler Bulldogs,89,85,0,Creighton,Butler,2025-06-30,23,0-0,0.909349965198057,117.930086430666,96.5049447560014,70.6345504645418,0,2025-06-30,77,0-0,0.741275546420913,110.533456681934,100.865409622521,70.9969095815019,0
2025-12-30,2026,Big East Conference,Marquette Golden Eagles,Seton Hall Pirates,73,79,0,Marquette,Seton Hall,2025-06-30,49,0-0,0.83028084795501,109.922268367862,95.7479903700122,71.0305463716899,0,2025-06-30,111,0-0,0.642061407443222,107.091836031762,101.786358709979,68.139822670015,0
2025-12-31,2026,Atlantic Coast Conference,Duke Blue Devils,Georgia Tech Yellow Jackets,85,79,0,Duke,Georgia Tech,2025-06-30,4,0-0,0.944742599380372,118.625225766866,92.6758018278955,69.3058273711142,0,2025-06-30,90,0-0,0.708382895850102,106.62405396015,98.7045921570929,71.3559461679021,0
2025-12-31,2026,Atlantic Coast Conference,NC State Wolfpack,Wake Forest Demon Deacons,70,57,0,N.C. State,Wake Forest,2025-06-30,38,0-0,0.871553208723262,116.456392527171,98.5945347152536,70.8998532657265,0,2025-06-30,79,0-0,0.735190023312254,109.130480204888,99.8582313058309,70.61990850267,0
2025-12-31,2026,Atlantic Coast Conference,Syracuse Orange,Clemson Tigers,61,64,0,Syracuse,Clemson,2025-06-30,64,0-0,0.800366895849887,114.725027919869,101.676004434789,71.8539965814551,0,2025-06-30,51,0-0,0.82954151817239,109.676580975131,95.5775040692217,68.1063202047312,0
2025-12-31,2026,Atlantic Coast Conference,Virginia Tech Hokies,Virginia Cavaliers,95,85,0,Virginia Tech,Virginia,2025-06-30,82,0-0,0.724772177838861,110.090755750006,101.20100780661,68.7673241025642,0,2025-06-30,52,0-0,0.826582367244503,114.387031997331,99.8627444623165,68.6897987167616,0
2025-12-31,2026,Big East Conference,Georgetown Hoyas,St. John's Red Storm,83,95,0,Georgetown,St. John's,2025-06-30,71,0-0,0.773282721977309,110.826004654293,99.6108333968979,71.3704183382937,0,2025-06-30,7,0-0,0.933307225250121,117.979449025742,93.7905103825663,72.2374591238359,0
2025-12-31,2026,Big East Conference,Villanova Wildcats,DePaul Blue Demons,71,66,0,Villanova,DePaul,2025-06-30,45,0-0,0.839472282790067,112.556299115366,97.4754707629067,69.8905107705524,0,2025-06-30,70,0-0,0.77384319718697,111.572793985224,100.254152138335,70.6086313127839,0
2025-12-31,2026,Big East Conference,Xavier Musketeers,UConn Huskies,67,90,0,Xavier,Connecticut,2025-06-30,62,0-0,0.803879945346632,110.541641258184,97.7800661686966,73.3213234370762,0,2025-06-30,11,0-0,0.929729678758532,118.882392131575,94.9704347525954,67.5988773516862,0
2026-01-01,2026,Big Sky Conference,Idaho State Bengals,Sacramento State Hornets,97,84,0,Idaho St.,Sacramento St.,2025-06-30,318,0-0,0.212980177678127,95.0373810528804,106.476808172331,69.4502506405318,0,2025-06-30,251,0-0,0.324704620783475,103.515604614544,110.321068290877,70.6168147845533,0
2026-01-01,2026,Big Sky Conference,Montana Grizzlies,Northern Arizona Lumberjacks,78,64,0,Montana,Northern Arizona,2025-06-30,222,0-0,0.364359833662471,101.326384019258,106.350189843948,70.5181552549304,0,2025-06-30,218,0-0,0.368525384209343,103.336749369164,108.291139967397,70.061471376034,0
2026-01-01,2026,Big Sky Conference,Montana State Bobcats,Northern Colorado Bears,89,75,0,Montana St.,Northern Colorado,2025-06-30,211,0-0,0.384189726027543,101.008122311636,105.238292277048,70.7461629338138,0,2025-06-30,231,0-0,0.353957964781928,100.842515133684,106.259115934007,71.9615359934916,0
2026-01-01,2026,Big Sky Conference,Weber State Wildcats,Portland State Vikings,90,95,0,Weber St.,Portland St.,2025-06-30,283,0-0,0.26749060782554,99.4555458346067,108.560763422431,69.0958477392315,0,2025-06-30,312,0-0,0.230269981956157,94.5285815677391,104.987392508438,71.5598196495396,0
2026-01-02,2026,Atlantic Coast Conference,California Golden Bears,Notre Dame Fighting Irish,72,71,0,California,Notre Dame,2025-06-30,85,0-0,0.714574745259442,109.857097386753,101.431101178498,71.465261390568,0,2025-06-30,66,0-0,0.782745979754288,110.72243983926,99.0446533643418,69.6926182603801,0
2026-01-02,2026,Atlantic Coast Conference,Stanford Cardinal,Louisville Cardinals,80,76,0,Stanford,Louisville,2025-06-30,101,0-0,0.673129522121816,105.905067693495,99.4572590883937,70.4203592089205,0,2025-06-30,16,0-0,0.923522168158203,118.741463151991,95.6143578866124,73.2915778727068,0
2026-01-02,2026,Big 12 Conference,Iowa State Cyclones,West Virginia Mountaineers,80,59,0,Iowa St.,West Virginia,2025-06-30,21,0-0,0.912199706982387,112.309131454657,91.6253388104575,71.8308591819681,0,2025-06-30,58,0-0,0.815506923156036,110.515125623386,97.1171312570543,66.4354284213049,0
2026-01-02,2026,Big Ten Conference,Maryland Terrapins,Oregon Ducks,54,64,0,Maryland,Oregon,2025-06-30,37,0-0,0.87334958468424,111.517033251903,94.2803262548255,70.5118416820935,0,2025-06-30,26,0-0,0.897497203485181,114.278819511496,94.6295646395843,71.2430887520299,0
2026-01-02,2026,Big Ten Conference,Michigan Wolverines,USC Trojans,96,66,0,Michigan,USC,2025-06-30,3,0-0,0.944792718959662,119.012295600039,92.9704344000916,72.1091619610474,0,2025-06-30,24,0-0,0.905530509520128,115.706524555692,95.060550725435,72.5532402266017,0
2026-01-02,2026,Big Ten Conference,Nebraska Cornhuskers,Michigan State Spartans,58,56,0,Nebraska,Michigan St.,2025-06-30,42,0-0,0.852205391481451,113.746542172325,97.6729332900157,71.0143810047455,0,2025-06-30,18,0-0,0.915503867845339,114.568914731763,93.1284038883002,70.8233179456464,0
2026-01-02,2026,Big Ten Conference,Rutgers Scarlet Knights,Ohio State Buckeyes,73,80,0,Rutgers,Ohio St.,2025-06-30,94,0-0,0.692330021947288,106.279051236089,99.0419410539569,71.9499557630185,0,2025-06-30,20,0-0,0.913499283363116,119.231090412694,97.1344138885499,71.0518985253959,0
2026-01-03,2026,Atlantic Coast Conference,Florida State Seminoles,Duke Blue Devils,87,91,0,Florida St.,Duke,2025-06-30,81,0-0,0.729918121853582,108.451885796166,99.4697746538931,71.8857439289495,0,2025-06-30,4,0-0,0.944742599380372,118.625225766866,92.6758018278955,69.3058273711142,0
2026-01-03,2026,Atlantic Coast Conference,Georgia Tech Yellow Jackets,Boston College Eagles,65,53,0,Georgia Tech,Boston College,2025-06-30,90,0-0,0.708382895850102,106.62405396015,98.7045921570929,71.3559461679021,0,2025-06-30,104,0-0,0.670748623720505,109.307363829057,102.748870410117,70.2021154307837,0
2026-01-03,2026,Atlantic Coast Conference,NC State Wolfpack,Virginia Cavaliers,61,76,0,N.C. State,Virginia,2025-06-30,38,0-0,0.871553208723262,116.456392527171,98.5945347152536,70.8998532657265,0,2025-06-30,52,0-0,0.826582367244503,114.387031997331,99.8627444623165,68.6897987167616,0
2026-01-03,2026,Atlantic Coast Conference,Pittsburgh Panthers,Clemson Tigers,68,73,0,Pittsburgh,Clemson,2025-06-30,74,0-0,0.766369634389924,110.862211289613,99.982014914423,69.9772778422929,0,2025-06-30,51,0-0,0.82954151817239,109.676580975131,95.5775040692217,68.1063202047312,0
2026-01-03,2026,Atlantic Coast Conference,SMU Mustangs,North Carolina Tar Heels,97,83,0,SMU,North Carolina,2025-06-30,44,0-0,0.846361198370191,114.265536027834,98.5089546583054,71.900287189876,0,2025-06-30,15,0-0,0.924415386771688,116.596717589045,93.7835927543923,73.6918861012229,0
2026-01-03,2026,Atlantic Coast Conference,Wake Forest Demon Deacons,Virginia Tech Hokies,81,78,0,Wake Forest,Virginia Tech,2025-06-30,79,0-0,0.735190023312254,109.130480204888,99.8582313058309,70.61990850267,0,2025-06-30,82,0-0,0.724772177838861,110.090755750006,101.20100780661,68.7673241025642,0
2026-01-03,2026,Big 12 Conference,Arizona State Sun Devils,Colorado Buffaloes,89,95,0,Arizona St.,Colorado,2025-06-30,75,0-0,0.756393939269118,109.226097777321,98.9779823236436,71.891775822284,0,2025-06-30,98,0-0,0.683544744123586,105.710666085651,98.8634581453619,71.0767848069601,0
2026-01-03,2026,Big 12 Conference,Cincinnati Bearcats,Houston Cougars,60,67,0,Cincinnati,Houston,2025-06-30,32,0-0,0.882644711133029,112.510675292678,94.405041459928,69.2108820522917,0,2025-06-30,1,0-0,0.959586073333546,117.146188692103,88.9436338805332,65.5420483711854,0
2026-01-03,2026,Big 12 Conference,Kansas State Wildcats,BYU Cougars,73,83,0,Kansas St.,BYU,2025-06-30,47,0-0,0.833980023317912,111.710273577074,97.0816172318842,70.4905223622173,0,2025-06-30,6,0-0,0.937491362496672,119.928219196309,94.7672212426591,71.2218950537996,0
2026-01-03,2026,Big 12 Conference,TCU Horned Frogs,Baylor Bears,69,63,0,TCU,Baylor,2025-06-30,56,0-0,0.815806948828176,110.929426865742,97.4642932715056,69.964841095798,0,2025-06-30,34,0-0,0.877198955338908,114.512961496186,96.516778205799,68.1933937597317,0
2026-01-03,2026,Big 12 Conference,Texas Tech Red Raiders,Oklahoma State Cowboys,102,80,0,Texas Tech,Oklahoma St.,2025-06-30,27,0-0,0.893332783281334,115.733494848904,96.2054635880394,69.8572953569329,0,2025-06-30,55,0-0,0.817105929993031,112.4179847706,98.6977403749233,74.0409756910226,0
2026-01-03,2026,Big 12 Conference,UCF Knights,Kansas Jayhawks,81,75,0,UCF,Kansas,2025-06-30,78,0-0,0.736317108648173,108.727143652807,99.4390241672986,74.7724843952323,0,2025-06-30,17,0-0,0.91884171627674,113.551833952599,91.9496312576262,71.6763225306324,0
2026-01-03,2026,Big 12 Conference,Utah Utes,Arizona Wildcats,78,97,0,Utah,Arizona,2025-06-30,61,0-0,0.808384400489602,111.66017826627,98.5222280062483,71.6693321311836,0,2025-06-30,14,0-0,0.924586295525848,116.888971754649,93.9986485854365,73.1861701146009,0
2026-01-03,2026,Big East Conference,Butler Bulldogs,Villanova Wildcats,67,85,0,Butler,Villanova,2025-06-30,77,0-0,0.741275546420913,110.533456681934,100.865409622521,70.9969095815019,0,2025-06-30,45,0-0,0.839472282790067,112.556299115366,97.4754707629067,69.8905107705524,0
2026-01-03,2026,Big East Conference,DePaul Blue Demons,Xavier Musketeers,86,77,0,DePaul,Xavier,2025-06-30,70,0-0,0.77384319718697,111.572793985224,100.254152138335,70.6086313127839,0,2025-06-30,62,0-0,0.803879945346632,110.541641258184,97.7800661686966,73.3213234370762,0
2026-01-03,2026,Big East Conference,St. John's Red Storm,Providence Friars,71,77,0,St. John's,Providence,2025-06-30,7,0-0,0.933307225250121,117.979449025742,93.7905103825663,72.2374591238359,0,2025-06-30,57,0-0,0.815534709492928,113.639456212304,99.8610885006946,70.6581320849298,0
2026-01-03,2026,Big Sky Conference,Idaho State Bengals,Portland State Vikings,87,93,0,Idaho St.,Portland St.,2025-06-30,318,0-0,0.212980177678127,95.0373810528804,106.476808172331,69.4502506405318,0,2025-06-30,312,0-0,0.230269981956157,94.5285815677391,104.987392508438,71.5598196495396,0
2026-01-03,2026,Big Sky Conference,Idaho Vandals,Eastern Washington Eagles,84,81,0,Idaho,Eastern Washington,2025-06-30,178,0-0,0.440125395875932,107.046898936406,109.310604018972,70.541830534393,0,2025-06-30,293,0-0,0.251456053197783,99.7954437727468,109.72531057656,72.544794687781,0
2026-01-03,2026,Big Sky Conference,Montana Grizzlies,Northern Colorado Bears,88,79,0,Montana,Northern Colorado,2025-06-30,222,0-0,0.364359833662471,101.326384019258,106.350189843948,70.5181552549304,0,2025-06-30,231,0-0,0.353957964781928,100.842515133684,106.259115934007,71.9615359934916,0
2026-01-03,2026,Big Sky Conference,Montana State Bobcats,Northern Arizona Lumberjacks,77,68,0,Montana St.,Northern Arizona,2025-06-30,211,0-0,0.384189726027543,101.008122311636,105.238292277048,70.7461629338138,0,2025-06-30,218,0-0,0.368525384209343,103.336749369164,108.291139967397,70.061471376034,0
2026-01-03,2026,Big Sky Conference,Weber State Wildcats,Sacramento State Hornets,95,82,0,Weber St.,Sacramento St.,2025-06-30,283,0-0,0.26749060782554,99.4555458346067,108.560763422431,69.0958477392315,0,2025-06-30,251,0-0,0.324704620783475,103.515604614544,110.321068290877,70.6168147845533,0
2026-01-03,2026,Big Ten Conference,Iowa Hawkeyes,UCLA Bruins,74,61,0,Iowa,UCLA,2025-06-30,40,0-0,0.870924341375702,115.482269785483,97.8174916181647,66.9164732062301,0,2025-06-30,8,0-0,0.933093472183754,118.174278432901,93.9734105494189,68.5515221205646,0
2026-01-03,2026,Big Ten Conference,Northwestern Wildcats,Minnesota Golden Gophers,78,84,0,Northwestern,Minnesota,2025-06-30,68,0-0,0.778756468233006,108.275673877439,97.052438826328,68.6637626142792,0,2025-06-30,80,0-0,0.732659139667714,108.999482169015,99.8508311496046,69.403837295676,0
2026-01-03,2026,Big Ten Conference,Penn State Nittany Lions,Illinois Fighting Illini,65,73,0,Penn St.,Illinois,2025-06-30,114,0-0,0.62469533805535,104.032341034857,99.5236414525894,72.3540143595863,0,2025-06-30,9,0-0,0.932523277417597,118.258697653393,94.1149645842738,74.3121187465302,0
2026-01-03,2026,Big Ten Conference,Wisconsin Badgers,Purdue Boilermakers,73,89,0,Wisconsin,Purdue,2025-06-30,29,0-0,0.888886381368981,114.402930662862,95.4791501258867,71.0246950867304,0,2025-06-30,2,0-0,0.945559199779694,121.967969636763,95.1568834244029,68.620202980675,0
2026-01-04,2026,Big East Conference,Seton Hall Pirates,Creighton Bluejays,56,54,0,Seton Hall,Creighton,2025-06-30,111,0-0,0.642061407443222,107.091836031762,101.786358709979,68.139822670015,0,2025-06-30,23,0-0,0.909349965198057,117.930086430666,96.5049447560014,70.6345504645418,0
2026-01-04,2026,Big East Conference,UConn Huskies,Marquette Golden Eagles,73,57,0,Connecticut,Marquette,2025-06-30,11,0-0,0.929729678758532,118.882392131575,94.9704347525954,67.5988773516862,0,2025-06-30,49,0-0,0.83028084795501,109.922268367862,95.7479903700122,71.0305463716899,0
2026-01-04,2026,Big Ten Conference,Indiana Hoosiers,Washington Huskies,90,80,0,Indiana,Washington,2025-06-30,41,0-0,0.866948361430895,114.339595990929,97.1440917599217,70.8942778758433,0,2025-06-30,54,0-0,0.819316622897943,115.743174472588,101.485854816125,71.2846356113691,0
2026-01-05,2026,Big Ten Conference,Michigan State Spartans,USC Trojans,80,51,0,Michigan St.,USC,2025-06-30,18,0-0,0.915503867845339,114.568914731763,93.1284038883002,70.8233179456464,0,2025-06-30,24,0-0,0.905530509520128,115.706524555692,95.060550725435,72.5532402266017,0
2026-01-05,2026,Big Ten Conference,Ohio State Buckeyes,Nebraska Cornhuskers,69,72,0,Ohio St.,Nebraska,2025-06-30,20,0-0,0.913499283363116,119.231090412694,97.1344138885499,71.0518985253959,0,2025-06-30,42,0-0,0.852205391481451,113.746542172325,97.6729332900157,71.0143810047455,0
2026-01-05,2026,Big Ten Conference,Rutgers Scarlet Knights,Oregon Ducks,88,85,0,Rutgers,Oregon,2025-06-30,94,0-0,0.692330021947288,106.279051236089,99.0419410539569,71.9499557630185,0,2025-06-30,26,0-0,0.897497203485181,114.278819511496,94.6295646395843,71.2430887520299,0
2026-01-06,2026,Atlantic Coast Conference,Boston College Eagles,NC State Wolfpack,71,79,0,Boston College,N.C. State,2025-06-30,104,0-0,0.670748623720505,109.307363829057,102.748870410117,70.2021154307837,0,2025-06-30,38,0-0,0.871553208723262,116.456392527171,98.5945347152536,70.8998532657265,0
2026-01-06,2026,Atlantic Coast Conference,Georgia Tech Yellow Jackets,Syracuse Orange,72,82,0,Georgia Tech,Syracuse,2025-06-30,90,0-0,0.708382895850102,106.62405396015,98.7045921570929,71.3559461679021,0,2025-06-30,64,0-0,0.800366895849887,114.725027919869,101.676004434789,71.8539965814551,0
2026-01-06,2026,Atlantic Coast Conference,Louisville Cardinals,Duke Blue Devils,73,84,0,Louisville,Duke,2025-06-30,16,0-0,0.923522168158203,118.741463151991,95.6143578866124,73.2915778727068,0,2025-06-30,4,0-0,0.944742599380372,118.625225766866,92.6758018278955,69.3058273711142,0
2026-01-06,2026,Big 12 Conference,Houston Cougars,Texas Tech Red Raiders,69,65,0,Houston,Texas Tech,2025-06-30,1,0-0,0.959586073333546,117.146188692103,88.9436338805332,65.5420483711854,0,2025-06-30,27,0-0,0.893332783281334,115.733494848904,96.2054635880394,69.8572953569329,0
2026-01-06,2026,Big 12 Conference,Kansas Jayhawks,TCU Horned Frogs,104,100,0,Kansas,TCU,2025-06-30,17,0-0,0.91884171627674,113.551833952599,91.9496312576262,71.6763225306324,0,2025-06-30,56,0-0,0.815806948828176,110.929426865742,97.4642932715056,69.964841095798,0
2026-01-06,2026,Big 12 Conference,Oklahoma State Cowboys,UCF Knights,87,76,0,Oklahoma St.,UCF,2025-06-30,55,0-0,0.817105929993031,112.4179847706,98.6977403749233,74.0409756910226,0,2025-06-30,78,0-0,0.736317108648173,108.727143652807,99.4390241672986,74.7724843952323,0
2026-01-06,2026,Big 12 Conference,West Virginia Mountaineers,Cincinnati Bearcats,62,60,0,West Virginia,Cincinnati,2025-06-30,58,0-0,0.815506923156036,110.515125623386,97.1171312570543,66.4354284213049,0,2025-06-30,32,0-0,0.882644711133029,112.510675292678,94.405041459928,69.2108820522917,0
2026-01-06,2026,Big East Conference,Butler Bulldogs,St. John's Red Storm,70,84,0,Butler,St. John's,2025-06-30,77,0-0,0.741275546420913,110.533456681934,100.865409622521,70.9969095815019,0,2025-06-30,7,0-0,0.933307225250121,117.979449025742,93.7905103825663,72.2374591238359,0
2026-01-06,2026,Big East Conference,DePaul Blue Demons,Georgetown Hoyas,56,50,0,DePaul,Georgetown,2025-06-30,70,0-0,0.77384319718697,111.572793985224,100.254152138335,70.6086313127839,0,2025-06-30,71,0-0,0.773282721977309,110.826004654293,99.6108333968979,71.3704183382937,0
2026-01-06,2026,Big Ten Conference,Minnesota Golden Gophers,Iowa Hawkeyes,70,67,0,Minnesota,Iowa,2025-06-30,80,0-0,0.732659139667714,108.999482169015,99.8508311496046,69.403837295676,0,2025-06-30,40,0-0,0.870924341375702,115.482269785483,97.8174916181647,66.9164732062301,0
2026-01-06,2026,Big Ten Conference,Penn State Nittany Lions,Michigan Wolverines,72,74,0,Penn St.,Michigan,2025-06-30,114,0-0,0.62469533805535,104.032341034857,99.5236414525894,72.3540143595863,0,2025-06-30,3,0-0,0.944792718959662,119.012295600039,92.9704344000916,72.1091619610474,0
2026-01-06,2026,Big Ten Conference,Wisconsin Badgers,UCLA Bruins,80,72,0,Wisconsin,UCLA,2025-06-30,29,0-0,0.888886381368981,114.402930662862,95.4791501258867,71.0246950867304,0,2025-06-30,8,0-0,0.933093472183754,118.174278432901,93.9734105494189,68.5515221205646,0
2026-01-07,2026,Atlantic Coast Conference,Clemson Tigers,SMU Mustangs,74,70,0,Clemson,SMU,2025-06-30,51,0-0,0.82954151817239,109.676580975131,95.5775040692217,68.1063202047312,0,2025-06-30,44,0-0,0.846361198370191,114.265536027834,98.5089546583054,71.900287189876,0
2026-01-07,2026,Atlantic Coast Conference,Virginia Cavaliers,California Golden Bears,84,60,0,Virginia,California,2025-06-30,52,0-0,0.826582367244503,114.387031997331,99.8627444623165,68.6897987167616,0,2025-06-30,85,0-0,0.714574745259442,109.857097386753,101.431101178498,71.465261390568,0
2026-01-07,2026,Atlantic Coast Conference,Virginia Tech Hokies,Stanford Cardinal,68,69,0,Virginia Tech,Stanford,2025-06-30,82,0-0,0.724772177838861,110.090755750006,101.20100780661,68.7673241025642,0,2025-06-30,101,0-0,0.673129522121816,105.905067693495,99.4572590883937,70.4203592089205,0
2026-01-07,2026,Atlantic Coast Conference,Wake Forest Demon Deacons,Miami Hurricanes,77,81,0,Wake Forest,Miami FL,2025-06-30,79,0-0,0.735190023312254,109.130480204888,99.8582313058309,70.61990850267,0,2025-06-30,59,0-0,0.813427660480489,113.990229866201,100.290869478134,71.2304362575982,0
2026-01-07,2026,Big 12 Conference,Arizona Wildcats,Kansas State Wildcats,101,76,0,Arizona,Kansas St.,2025-06-30,14,0-0,0.924586295525848,116.888971754649,93.9986485854365,73.1861701146009,0,2025-06-30,47,0-0,0.833980023317912,111.710273577074,97.0816172318842,70.4905223622173,0
2026-01-07,2026,Big 12 Conference,BYU Cougars,Arizona State Sun Devils,104,76,0,BYU,Arizona St.,2025-06-30,6,0-0,0.937491362496672,119.928219196309,94.7672212426591,71.2218950537996,0,2025-06-30,75,0-0,0.756393939269118,109.226097777321,98.9779823236436,71.891775822284,0
2026-01-07,2026,Big 12 Conference,Baylor Bears,Iowa State Cyclones,60,70,0,Baylor,Iowa St.,2025-06-30,34,0-0,0.877198955338908,114.512961496186,96.516778205799,68.1933937597317,0,2025-06-30,21,0-0,0.912199706982387,112.309131454657,91.6253388104575,71.8308591819681,0
2026-01-07,2026,Big 12 Conference,Colorado Buffaloes,Utah Utes,85,73,0,Colorado,Utah,2025-06-30,98,0-0,0.683544744123586,105.710666085651,98.8634581453619,71.0767848069601,0,2025-06-30,61,0-0,0.808384400489602,111.66017826627,98.5222280062483,71.6693321311836,0
2026-01-07,2026,Big East Conference,Marquette Golden Eagles,Xavier Musketeers,66,65,0,Marquette,Xavier,2025-06-30,49,0-0,0.83028084795501,109.922268367862,95.7479903700122,71.0305463716899,0,2025-06-30,62,0-0,0.803879945346632,110.541641258184,97.7800661686966,73.3213234370762,0
2026-01-07,2026,Big East Conference,Providence Friars,UConn Huskies,98,103,0,Providence,Connecticut,2025-06-30,57,0-0,0.815534709492928,113.639456212304,99.8610885006946,70.6581320849298,0,2025-06-30,11,0-0,0.929729678758532,118.882392131575,94.9704347525954,67.5988773516862,0
2026-01-07,2026,Big East Conference,Villanova Wildcats,Creighton Bluejays,72,76,0,Villanova,Creighton,2025-06-30,45,0-0,0.839472282790067,112.556299115366,97.4754707629067,69.8905107705524,0,2025-06-30,23,0-0,0.909349965198057,117.930086430666,96.5049447560014,70.6345504645418,0
2026-01-07,2026,Big Ten Conference,Maryland Terrapins,Indiana Hoosiers,66,84,0,Maryland,Indiana,2025-06-30,37,0-0,0.87334958468424,111.517033251903,94.2803262548255,70.5118416820935,0,2025-06-30,41,0-0,0.866948361430895,114.339595990929,97.1440917599217,70.8942778758433,0
2026-01-07,2026,Big Ten Conference,Purdue Boilermakers,Washington Huskies,81,73,0,Purdue,Washington,2025-06-30,2,0-0,0.945559199779694,121.967969636763,95.1568834244029,68.620202980675,0,2025-06-30,54,0-0,0.819316622897943,115.743174472588,101.485854816125,71.2846356113691,0
2026-01-08,2026,Big Sky Conference,Eastern Washington Eagles,Montana State Bobcats,64,68,0,Eastern Washington,Montana St.,2025-06-30,293,0-0,0.251456053197783,99.7954437727468,109.72531057656,72.544794687781,0,2025-06-30,211,0-0,0.384189726027543,101.008122311636,105.238292277048,70.7461629338138,0
2026-01-08,2026,Big Sky Conference,Idaho Vandals,Montana Grizzlies,73,79,0,Idaho,Montana,2025-06-30,178,0-0,0.440125395875932,107.046898936406,109.310604018972,70.541830534393,0,2025-06-30,222,0-0,0.364359833662471,101.326384019258,106.350189843948,70.5181552549304,0
2026-01-08,2026,Big Sky Conference,Northern Arizona Lumberjacks,Weber State Wildcats,65,78,0,Northern Arizona,Weber St.,2025-06-30,218,0-0,0.368525384209343,103.336749369164,108.291139967397,70.061471376034,0,2025-06-30,283,0-0,0.26749060782554,99.4555458346067,108.560763422431,69.0958477392315,0
2026-01-08,2026,Big Sky Conference,Northern Colorado Bears,Idaho State Bengals,85,72,0,Northern Colorado,Idaho St.,2025-06-30,231,0-0,0.353957964781928,100.842515133684,106.259115934007,71.9615359934916,0,2025-06-30,318,0-0,0.212980177678127,95.0373810528804,106.476808172331,69.4502506405318,0
2026-01-08,2026,Big Ten Conference,Illinois Fighting Illini,Rutgers Scarlet Knights,81,55,0,Illinois,Rutgers,2025-06-30,9,0-0,0.932523277417597,118.258697653393,94.1149645842738,74.3121187465302,0,2025-06-30,94,0-0,0.692330021947288,106.279051236089,99.0419410539569,71.9499557630185,0
2026-01-08,2026,Big Ten Conference,Michigan State Spartans,Northwestern Wildcats,76,66,0,Michigan St.,Northwestern,2025-06-30,18,0-0,0.915503867845339,114.568914731763,93.1284038883002,70.8233179456464,0,2025-06-30,68,0-0,0.778756468233006,108.275673877439,97.052438826328,68.6637626142792,0
2026-01-08,2026,Big Ten Conference,Oregon Ducks,Ohio State Buckeyes,62,72,0,Oregon,Ohio St.,2025-06-30,26,0-0,0.897497203485181,114.278819511496,94.6295646395843,71.2430887520299,0,2025-06-30,20,0-0,0.913499283363116,119.231090412694,97.1344138885499,71.0518985253959,0
2026-01-09,2026,Big Ten Conference,Minnesota Golden Gophers,USC Trojans,69,70,0,Minnesota,USC,2025-06-30,80,0-0,0.732659139667714,108.999482169015,99.8508311496046,69.403837295676,0,2025-06-30,24,0-0,0.905530509520128,115.706524555692,95.060550725435,72.5532402266017,0
2026-01-10,2026,Atlantic Coast Conference,Duke Blue Devils,SMU Mustangs,82,75,0,Duke,SMU,2025-06-30,4,0-0,0.944742599380372,118.625225766866,92.6758018278955,69.3058273711142,0,2025-06-30,44,0-0,0.846361198370191,114.265536027834,98.5089546583054,71.900287189876,0
2026-01-10,2026,Atlantic Coast Conference,Florida State Seminoles,NC State Wolfpack,69,113,0,Florida St.,N.C. State,2025-06-30,81,0-0,0.729918121853582,108.451885796166,99.4697746538931,71.8857439289495,0,2025-06-30,38,0-0,0.871553208723262,116.456392527171,98.5945347152536,70.8998532657265,0
2026-01-10,2026,Atlantic Coast Conference,Louisville Cardinals,Boston College Eagles,75,62,0,Louisville,Boston College,2025-06-30,16,0-0,0.923522168158203,118.741463151991,95.6143578866124,73.2915778727068,0,2025-06-30,104,0-0,0.670748623720505,109.307363829057,102.748870410117,70.2021154307837,0
2026-01-10,2026,Atlantic Coast Conference,Miami Hurricanes,Georgia Tech Yellow Jackets,91,81,0,Miami FL,Georgia Tech,2025-06-30,59,0-0,0.813427660480489,113.990229866201,100.290869478134,71.2304362575982,0,2025-06-30,90,0-0,0.708382895850102,106.62405396015,98.7045921570929,71.3559461679021,0
2026-01-10,2026,Atlantic Coast Conference,North Carolina Tar Heels,Wake Forest Demon Deacons,87,84,0,North Carolina,Wake Forest,2025-06-30,15,0-0,0.924415386771688,116.596717589045,93.7835927543923,73.6918861012229,0,2025-06-30,79,0-0,0.735190023312254,109.130480204888,99.8582313058309,70.61990850267,0
2026-01-10,2026,Atlantic Coast Conference,Notre Dame Fighting Irish,Clemson Tigers,61,76,0,Notre Dame,Clemson,2025-06-30,66,0-0,0.782745979754288,110.72243983926,99.0446533643418,69.6926182603801,0,2025-06-30,51,0-0,0.82954151817239,109.676580975131,95.5775040692217,68.1063202047312,0
2026-01-10,2026,Atlantic Coast Conference,Pittsburgh Panthers,Syracuse Orange,72,83,0,Pittsburgh,Syracuse,2025-06-30,74,0-0,0.766369634389924,110.862211289613,99.982014914423,69.9772778422929,0,2025-06-30,64,0-0,0.800366895849887,114.725027919869,101.676004434789,71.8539965814551,0
2026-01-10,2026,Atlantic Coast Conference,Virginia Cavaliers,Stanford Cardinal,70,55,0,Virginia,Stanford,2025-06-30,52,0-0,0.826582367244503,114.387031997331,99.8627444623165,68.6897987167616,0,2025-06-30,101,0-0,0.673129522121816,105.905067693495,99.4572590883937,70.4203592089205,0
2026-01-10,2026,Atlantic Coast Conference,Virginia Tech Hokies,California Golden Bears,78,75,0,Virginia Tech,California,2025-06-30,82,0-0,0.724772177838861,110.090755750006,101.20100780661,68.7673241025642,0,2025-06-30,85,0-0,0.714574745259442,109.857097386753,101.431101178498,71.465261390568,0
2026-01-10,2026,Big 12 Conference,Arizona State Sun Devils,Kansas State Wildcats,87,84,0,Arizona St.,Kansas St.,2025-06-30,75,0-0,0.756393939269118,109.226097777321,98.9779823236436,71.891775822284,0,2025-06-30,47,0-0,0.833980023317912,111.710273577074,97.0816172318842,70.4905223622173,0
2026-01-10,2026,Big 12 Conference,Baylor Bears,Houston Cougars,55,77,0,Baylor,Houston,2025-06-30,34,0-0,0.877198955338908,114.512961496186,96.516778205799,68.1933937597317,0,2025-06-30,1,0-0,0.959586073333546,117.146188692103,88.9436338805332,65.5420483711854,0
2026-01-10,2026,Big 12 Conference,Colorado Buffaloes,Texas Tech Red Raiders,71,73,0,Colorado,Texas Tech,2025-06-30,98,0-0,0.683544744123586,105.710666085651,98.8634581453619,71.0767848069601,0,2025-06-30,27,0-0,0.893332783281334,115.733494848904,96.2054635880394,69.8572953569329,0
2026-01-10,2026,Big 12 Conference,Iowa State Cyclones,Oklahoma State Cowboys,83,71,0,Iowa St.,Oklahoma St.,2025-06-30,21,0-0,0.912199706982387,112.309131454657,91.6253388104575,71.8308591819681,0,2025-06-30,55,0-0,0.817105929993031,112.4179847706,98.6977403749233,74.0409756910226,0
2026-01-10,2026,Big 12 Conference,TCU Horned Frogs,Arizona Wildcats,73,86,0,TCU,Arizona,2025-06-30,56,0-0,0.815806948828176,110.929426865742,97.4642932715056,69.964841095798,0,2025-06-30,14,0-0,0.924586295525848,116.888971754649,93.9986485854365,73.1861701146009,0
2026-01-10,2026,Big 12 Conference,Utah Utes,BYU Cougars,84,89,0,Utah,BYU,2025-06-30,61,0-0,0.808384400489602,111.66017826627,98.5222280062483,71.6693321311836,0,2025-06-30,6,0-0,0.937491362496672,119.928219196309,94.7672212426591,71.2218950537996,0
2026-01-10,2026,Big 12 Conference,West Virginia Mountaineers,Kansas Jayhawks,86,75,0,West Virginia,Kansas,2025-06-30,58,0-0,0.815506923156036,110.515125623386,97.1171312570543,66.4354284213049,0,2025-06-30,17,0-0,0.91884171627674,113.551833952599,91.9496312576262,71.6763225306324,0
2026-01-10,2026,Big East Conference,Creighton Bluejays,St. John's Red Storm,73,90,0,Creighton,St. John's,2025-06-30,23,0-0,0.909349965198057,117.930086430666,96.5049447560014,70.6345504645418,0,2025-06-30,7,0-0,0.933307225250121,117.979449025742,93.7905103825663,72.2374591238359,0
2026-01-10,2026,Big East Conference,Georgetown Hoyas,Seton Hall Pirates,67,76,0,Georgetown,Seton Hall,2025-06-30,71,0-0,0.773282721977309,110.826004654293,99.6108333968979,71.3704183382937,0,2025-06-30,111,0-0,0.642061407443222,107.091836031762,101.786358709979,68.139822670015,0
2026-01-10,2026,Big East Conference,Marquette Golden Eagles,Villanova Wildcats,73,76,0,Marquette,Villanova,2025-06-30,49,0-0,0.83028084795501,109.922268367862,95.7479903700122,71.0305463716899,0,2025-06-30,45,0-0,0.839472282790067,112.556299115366,97.4754707629067,69.8905107705524,0
2026-01-10,2026,Big East Conference,UConn Huskies,DePaul Blue Demons,72,60,0,Connecticut,DePaul,2025-06-30,11,0-0,0.929729678758532,118.882392131575,94.9704347525954,67.5988773516862,0,2025-06-30,70,0-0,0.77384319718697,111.572793985224,100.254152138335,70.6086313127839,0
2026-01-10,2026,Big East Conference,Xavier Musketeers,Providence Friars,97,84,0,Xavier,Providence,2025-06-30,62,0-0,0.803879945346632,110.541641258184,97.7800661686966,73.3213234370762,0,2025-06-30,57,0-0,0.815534709492928,113.639456212304,99.8610885006946,70.6581320849298,0
2026-01-10,2026,Big Sky Conference,Eastern Washington Eagles,Montana Grizzlies,66,65,0,Eastern Washington,Montana,2025-06-30,293,0-0,0.251456053197783,99.7954437727468,109.72531057656,72.544794687781,0,2025-06-30,222,0-0,0.364359833662471,101.326384019258,106.350189843948,70.5181552549304,0
2026-01-10,2026,Big Sky Conference,Idaho Vandals,Montana State Bobcats,92,89,0,Idaho,Montana St.,2025-06-30,178,0-0,0.440125395875932,107.046898936406,109.310604018972,70.541830534393,0,2025-06-30,211,0-0,0.384189726027543,101.008122311636,105.238292277048,70.7461629338138,0
2026-01-10,2026,Big Sky Conference,Northern Arizona Lumberjacks,Idaho State Bengals,79,81,0,Northern Arizona,Idaho St.,2025-06-30,218,0-0,0.368525384209343,103.336749369164,108.291139967397,70.061471376034,0,2025-06-30,318,0-0,0.212980177678127,95.0373810528804,106.476808172331,69.4502506405318,0
2026-01-10,2026,Big Sky Conference,Northern Colorado Bears,Weber State Wildcats,71,76,0,Northern Colorado,Weber St.,2025-06-30,231,0-0,0.353957964781928,100.842515133684,106.259115934007,71.9615359934916,0,2025-06-30,283,0-0,0.26749060782554,99.4555458346067,108.560763422431,69.0958477392315,0
2026-01-10,2026,Big Sky Conference,Portland State Vikings,Sacramento State Hornets,96,69,0,Portland St.,Sacramento St.,2025-06-30,312,0-0,0.230269981956157,94.5285815677391,104.987392508438,71.5598196495396,0,2025-06-30,251,0-0,0.324704620783475,103.515604614544,110.321068290877,70.6168147845533,0
2026-01-10,2026,Big Ten Conference,Indiana Hoosiers,Nebraska Cornhuskers,77,83,0,Indiana,Nebraska,2025-06-30,41,0-0,0.866948361430895,114.339595990929,97.1440917599217,70.8942778758433,0,2025-06-30,42,0-0,0.852205391481451,113.746542172325,97.6729332900157,71.0143810047455,0
2026-01-10,2026,Big Ten Conference,Michigan Wolverines,Wisconsin Badgers,88,91,0,Michigan,Wisconsin,2025-06-30,3,0-0,0.944792718959662,119.012295600039,92.9704344000916,72.1091619610474,0,2025-06-30,29,0-0,0.888886381368981,114.402930662862,95.4791501258867,71.0246950867304,0
2026-01-10,2026,Big Ten Conference,Purdue Boilermakers,Penn State Nittany Lions,93,85,0,Purdue,Penn St.,2025-06-30,2,0-0,0.945559199779694,121.967969636763,95.1568834244029,68.620202980675,0,2025-06-30,114,0-0,0.62469533805535,104.032341034857,99.5236414525894,72.3540143595863,0
2026-01-10,2026,Big Ten Conference,UCLA Bruins,Maryland Terrapins,67,55,0,UCLA,Maryland,2025-06-30,8,0-0,0.933093472183754,118.174278432901,93.9734105494189,68.5515221205646,0,2025-06-30,37,0-0,0.87334958468424,111.517033251903,94.2803262548255,70.5118416820935,0
2026-01-11,2026,Big 12 Conference,UCF Knights,Cincinnati Bearcats,73,72,0,UCF,Cincinnati,2025-06-30,78,0-0,0.736317108648173,108.727143652807,99.4390241672986,74.7724843952323,0,2025-06-30,32,0-0,0.882644711133029,112.510675292678,94.405041459928,69.2108820522917,0
2026-01-11,2026,Big Ten Conference,Iowa Hawkeyes,Illinois Fighting Illini,69,75,0,Iowa,Illinois,2025-06-30,40,0-0,0.870924341375702,115.482269785483,97.8174916181647,66.9164732062301,0,2025-06-30,9,0-0,0.932523277417597,118.258697653393,94.1149645842738,74.3121187465302,0
2026-01-11,2026,Big Ten Conference,Rutgers Scarlet Knights,Northwestern Wildcats,77,75,0,Rutgers,Northwestern,2025-06-30,94,0-0,0.692330021947288,106.279051236089,99.0419410539569,71.9499557630185,0,2025-06-30,68,0-0,0.778756468233006,108.275673877439,97.052438826328,68.6637626142792,0
2026-01-11,2026,Big Ten Conference,Washington Huskies,Ohio State Buckeyes,81,74,0,Washington,Ohio St.,2025-06-30,54,0-0,0.819316622897943,115.743174472588,101.485854816125,71.2846356113691,0,2025-06-30,20,0-0,0.913499283363116,119.231090412694,97.1344138885499,71.0518985253959,0
2026-01-13,2026,Atlantic Coast Conference,Clemson Tigers,Boston College Eagles,74,50,0,Clemson,Boston College,2025-06-30,51,0-0,0.82954151817239,109.676580975131,95.5775040692217,68.1063202047312,0,2025-06-30,104,0-0,0.670748623720505,109.307363829057,102.748870410117,70.2021154307837,0
2026-01-13,2026,Atlantic Coast Conference,Louisville Cardinals,Virginia Cavaliers,70,79,0,Louisville,Virginia,2025-06-30,16,0-0,0.923522168158203,118.741463151991,95.6143578866124,73.2915778727068,0,2025-06-30,52,0-0,0.826582367244503,114.387031997331,99.8627444623165,68.6897987167616,0
2026-01-13,2026,Atlantic Coast Conference,Notre Dame Fighting Irish,Miami Hurricanes,69,81,0,Notre Dame,Miami FL,2025-06-30,66,0-0,0.782745979754288,110.72243983926,99.0446533643418,69.6926182603801,0,2025-06-30,59,0-0,0.813427660480489,113.990229866201,100.290869478134,71.2304362575982,0
2026-01-13,2026,Atlantic Coast Conference,Syracuse Orange,Florida State Seminoles,94,86,0,Syracuse,Florida St.,2025-06-30,64,0-0,0.800366895849887,114.725027919869,101.676004434789,71.8539965814551,0,2025-06-30,81,0-0,0.729918121853582,108.451885796166,99.4697746538931,71.8857439289495,0
2026-01-13,2026,Big 12 Conference,Houston Cougars,West Virginia Mountaineers,77,48,0,Houston,West Virginia,2025-06-30,1,0-0,0.959586073333546,117.146188692103,88.9436338805332,65.5420483711854,0,2025-06-30,58,0-0,0.815506923156036,110.515125623386,97.1171312570543,66.4354284213049,0
2026-01-13,2026,Big 12 Conference,Kansas Jayhawks,Iowa State Cyclones,84,63,0,Kansas,Iowa St.,2025-06-30,17,0-0,0.91884171627674,113.551833952599,91.9496312576262,71.6763225306324,0,2025-06-30,21,0-0,0.912199706982387,112.309131454657,91.6253388104575,71.8308591819681,0
2026-01-13,2026,Big 12 Conference,Oklahoma State Cowboys,Baylor Bears,79,94,0,Oklahoma St.,Baylor,2025-06-30,55,0-0,0.817105929993031,112.4179847706,98.6977403749233,74.0409756910226,0,2025-06-30,34,0-0,0.877198955338908,114.512961496186,96.516778205799,68.1933937597317,0
2026-01-13,2026,Big East Conference,Creighton Bluejays,Georgetown Hoyas,86,83,0,Creighton,Georgetown,2025-06-30,23,0-0,0.909349965198057,117.930086430666,96.5049447560014,70.6345504645418,0,2025-06-30,71,0-0,0.773282721977309,110.826004654293,99.6108333968979,71.3704183382937,0
2026-01-13,2026,Big East Conference,Providence Friars,Villanova Wildcats,82,88,0,Providence,Villanova,2025-06-30,57,0-0,0.815534709492928,113.639456212304,99.8610885006946,70.6581320849298,0,2025-06-30,45,0-0,0.839472282790067,112.556299115366,97.4754707629067,69.8905107705524,0
2026-01-13,2026,Big East Conference,Seton Hall Pirates,UConn Huskies,64,69,0,Seton Hall,Connecticut,2025-06-30,111,0-0,0.642061407443222,107.091836031762,101.786358709979,68.139822670015,0,2025-06-30,11,0-0,0.929729678758532,118.882392131575,94.9704347525954,67.5988773516862,0
2026-01-13,2026,Big East Conference,St. John's Red Storm,Marquette Golden Eagles,92,68,0,St. John's,Marquette,2025-06-30,7,0-0,0.933307225250121,117.979449025742,93.7905103825663,72.2374591238359,0,2025-06-30,49,0-0,0.83028084795501,109.922268367862,95.7479903700122,71.0305463716899,0
2026-01-13,2026,Big Ten Conference,Michigan State Spartans,Indiana Hoosiers,81,60,0,Michigan St.,Indiana,2025-06-30,18,0-0,0.915503867845339,114.568914731763,93.1284038883002,70.8233179456464,0,2025-06-30,41,0-0,0.866948361430895,114.339595990929,97.1440917599217,70.8942778758433,0
2026-01-13,2026,Big Ten Conference,Minnesota Golden Gophers,Wisconsin Badgers,75,78,0,Minnesota,Wisconsin,2025-06-30,80,0-0,0.732659139667714,108.999482169015,99.8508311496046,69.403837295676,0,2025-06-30,29,0-0,0.888886381368981,114.402930662862,95.4791501258867,71.0246950867304,0
2026-01-13,2026,Big Ten Conference,Nebraska Cornhuskers,Oregon Ducks,90,55,0,Nebraska,Oregon,2025-06-30,42,0-0,0.852205391481451,113.746542172325,97.6729332900157,71.0143810047455,0,2025-06-30,26,0-0,0.897497203485181,114.278819511496,94.6295646395843,71.2430887520299,0
2026-01-13,2026,Big Ten Conference,USC Trojans,Maryland Terrapins,88,71,0,USC,Maryland,2025-06-30,24,0-0,0.905530509520128,115.706524555692,95.060550725435,72.5532402266017,0,2025-06-30,37,0-0,0.87334958468424,111.517033251903,94.2803262548255,70.5118416820935,0
2026-01-14,2026,Atlantic Coast Conference,California Golden Bears,Duke Blue Devils,56,71,0,California,Duke,2025-06-30,85,0-0,0.714574745259442,109.857097386753,101.431101178498,71.465261390568,0,2025-06-30,4,0-0,0.944742599380372,118.625225766866,92.6758018278955,69.3058273711142,0
2026-01-14,2026,Atlantic Coast Conference,Georgia Tech Yellow Jackets,Pittsburgh Panthers,66,89,0,Georgia Tech,Pittsburgh,2025-06-30,90,0-0,0.708382895850102,106.62405396015,98.7045921570929,71.3559461679021,0,2025-06-30,74,0-0,0.766369634389924,110.862211289613,99.982014914423,69.9772778422929,0
2026-01-14,2026,Atlantic Coast Conference,SMU Mustangs,Virginia Tech Hokies,77,76,0,SMU,Virginia Tech,2025-06-30,44,0-0,0.846361198370191,114.265536027834,98.5089546583054,71.900287189876,0,2025-06-30,82,0-0,0.724772177838861,110.090755750006,101.20100780661,68.7673241025642,0
2026-01-14,2026,Atlantic Coast Conference,Stanford Cardinal,North Carolina Tar Heels,95,90,0,Stanford,North Carolina,2025-06-30,101,0-0,0.673129522121816,105.905067693495,99.4572590883937,70.4203592089205,0,2025-06-30,15,0-0,0.924415386771688,116.596717589045,93.7835927543923,73.6918861012229,0
2026-01-14,2026,Big 12 Conference,Arizona Wildcats,Arizona State Sun Devils,89,82,0,Arizona,Arizona St.,2025-06-30,14,0-0,0.924586295525848,116.888971754649,93.9986485854365,73.1861701146009,0,2025-06-30,75,0-0,0.756393939269118,109.226097777321,98.9779823236436,71.891775822284,0
2026-01-14,2026,Big 12 Conference,BYU Cougars,TCU Horned Frogs,76,70,0,BYU,TCU,2025-06-30,6,0-0,0.937491362496672,119.928219196309,94.7672212426591,71.2218950537996,0,2025-06-30,56,0-0,0.815806948828176,110.929426865742,97.4642932715056,69.964841095798,0
2026-01-14,2026,Big 12 Conference,Cincinnati Bearcats,Colorado Buffaloes,77,68,0,Cincinnati,Colorado,2025-06-30,32,0-0,0.882644711133029,112.510675292678,94.405041459928,69.2108820522917,0,2025-06-30,98,0-0,0.683544744123586,105.710666085651,98.8634581453619,71.0767848069601,0
2026-01-14,2026,Big 12 Conference,Kansas State Wildcats,UCF Knights,73,82,0,Kansas St.,UCF,2025-06-30,47,0-0,0.833980023317912,111.710273577074,97.0816172318842,70.4905223622173,0,2025-06-30,78,0-0,0.736317108648173,108.727143652807,99.4390241672986,74.7724843952323,0
2026-01-14,2026,Big 12 Conference,Texas Tech Red Raiders,Utah Utes,88,74,0,Texas Tech,Utah,2025-06-30,27,0-0,0.893332783281334,115.733494848904,96.2054635880394,69.8572953569329,0,2025-06-30,61,0-0,0.808384400489602,111.66017826627,98.5222280062483,71.6693321311836,0
2026-01-14,2026,Big East Conference,Xavier Musketeers,Butler Bulldogs,89,75,0,Xavier,Butler,2025-06-30,62,0-0,0.803879945346632,110.541641258184,97.7800661686966,73.3213234370762,0,2025-06-30,77,0-0,0.741275546420913,110.533456681934,100.865409622521,70.9969095815019,0
2026-01-14,2026,Big Ten Conference,Northwestern Wildcats,Illinois Fighting Illini,68,79,0,Northwestern,Illinois,2025-06-30,68,0-0,0.778756468233006,108.275673877439,97.052438826328,68.6637626142792,0,2025-06-30,9,0-0,0.932523277417597,118.258697653393,94.1149645842738,74.3121187465302,0
2026-01-14,2026,Big Ten Conference,Penn State Nittany Lions,UCLA Bruins,60,71,0,Penn St.,UCLA,2025-06-30,114,0-0,0.62469533805535,104.032341034857,99.5236414525894,72.3540143595863,0,2025-06-30,8,0-0,0.933093472183754,118.174278432901,93.9734105494189,68.5515221205646,0
2026-01-14,2026,Big Ten Conference,Purdue Boilermakers,Iowa Hawkeyes,79,72,0,Purdue,Iowa,2025-06-30,2,0-0,0.945559199779694,121.967969636763,95.1568834244029,68.620202980675,0,2025-06-30,40,0-0,0.870924341375702,115.482269785483,97.8174916181647,66.9164732062301,0
2026-01-14,2026,Big Ten Conference,Washington Huskies,Michigan Wolverines,72,82,0,Washington,Michigan,2025-06-30,54,0-0,0.819316622897943,115.743174472588,101.485854816125,71.2846356113691,0,2025-06-30,3,0-0,0.944792718959662,119.012295600039,92.9704344000916,72.1091619610474,0
2026-01-15,2026,Big Sky Conference,Idaho State Bengals,Idaho Vandals,76,68,0,Idaho St.,Idaho,2025-06-30,318,0-0,0.212980177678127,95.0373810528804,106.476808172331,69.4502506405318,0,2025-06-30,178,0-0,0.440125395875932,107.046898936406,109.310604018972,70.541830534393,0
2026-01-15,2026,Big Sky Conference,Portland State Vikings,Northern Colorado Bears,76,73,0,Portland St.,Northern Colorado,2025-06-30,312,0-0,0.230269981956157,94.5285815677391,104.987392508438,71.5598196495396,0,2025-06-30,231,0-0,0.353957964781928,100.842515133684,106.259115934007,71.9615359934916,0
2026-01-15,2026,Big Sky Conference,Sacramento State Hornets,Northern Arizona Lumberjacks,83,69,0,Sacramento St.,Northern Arizona,2025-06-30,251,0-0,0.324704620783475,103.515604614544,110.321068290877,70.6168147845533,0,2025-06-30,218,0-0,0.368525384209343,103.336749369164,108.291139967397,70.061471376034,0
2026-01-15,2026,Big Sky Conference,Weber State Wildcats,Eastern Washington Eagles,91,80,0,Weber St.,Eastern Washington,2025-06-30,283,0-0,0.26749060782554,99.4555458346067,108.560763422431,69.0958477392315,0,2025-06-30,293,0-0,0.251456053197783,99.7954437727468,109.72531057656,72.544794687781,0
2026-01-16,2026,Big 12 Conference,Kansas Jayhawks,Baylor Bears,80,62,0,Kansas,Baylor,2025-06-30,17,0-0,0.91884171627674,113.551833952599,91.9496312576262,71.6763225306324,0,2025-06-30,34,0-0,0.877198955338908,114.512961496186,96.516778205799,68.1933937597317,0
2026-01-16,2026,Big East Conference,DePaul Blue Demons,Marquette Golden Eagles,80,75,0,DePaul,Marquette,2025-06-30,70,0-0,0.77384319718697,111.572793985224,100.254152138335,70.6086313127839,0,2025-06-30,49,0-0,0.83028084795501,109.922268367862,95.7479903700122,71.0305463716899,0
2026-01-16,2026,Big East Conference,Providence Friars,Creighton Bluejays,93,88,0,Providence,Creighton,2025-06-30,57,0-0,0.815534709492928,113.639456212304,99.8610885006946,70.6581320849298,0,2025-06-30,23,0-0,0.909349965198057,117.930086430666,96.5049447560014,70.6345504645418,0
2026-01-17,2026,Atlantic Coast Conference,Boston College Eagles,Syracuse Orange,81,73,0,Boston College,Syracuse,2025-06-30,104,0-0,0.670748623720505,109.307363829057,102.748870410117,70.2021154307837,0,2025-06-30,64,0-0,0.800366895849887,114.725027919869,101.676004434789,71.8539965814551,0
2026-01-17,2026,Atlantic Coast Conference,California Golden Bears,North Carolina Tar Heels,84,78,0,California,North Carolina,2025-06-30,85,0-0,0.714574745259442,109.857097386753,101.431101178498,71.465261390568,0,2025-06-30,15,0-0,0.924415386771688,116.596717589045,93.7835927543923,73.6918861012229,0
2026-01-17,2026,Atlantic Coast Conference,Clemson Tigers,Miami Hurricanes,69,59,0,Clemson,Miami FL,2025-06-30,51,0-0,0.82954151817239,109.676580975131,95.5775040692217,68.1063202047312,0,2025-06-30,59,0-0,0.813427660480489,113.990229866201,100.290869478134,71.2304362575982,0
2026-01-17,2026,Atlantic Coast Conference,Florida State Seminoles,Wake Forest Demon Deacons,68,69,0,Florida St.,Wake Forest,2025-06-30,81,0-0,0.729918121853582,108.451885796166,99.4697746538931,71.8857439289495,0,2025-06-30,79,0-0,0.735190023312254,109.130480204888,99.8582313058309,70.61990850267,0
2026-01-17,2026,Atlantic Coast Conference,NC State Wolfpack,Georgia Tech Yellow Jackets,74,78,0,N.C. State,Georgia Tech,2025-06-30,38,0-0,0.871553208723262,116.456392527171,98.5945347152536,70.8998532657265,0,2025-06-30,90,0-0,0.708382895850102,106.62405396015,98.7045921570929,71.3559461679021,0
2026-01-17,2026,Atlantic Coast Conference,Pittsburgh Panthers,Louisville Cardinals,59,100,0,Pittsburgh,Louisville,2025-06-30,74,0-0,0.766369634389924,110.862211289613,99.982014914423,69.9772778422929,0,2025-06-30,16,0-0,0.923522168158203,118.741463151991,95.6143578866124,73.2915778727068,0
2026-01-17,2026,Atlantic Coast Conference,SMU Mustangs,Virginia Cavaliers,68,72,0,SMU,Virginia,2025-06-30,44,0-0,0.846361198370191,114.265536027834,98.5089546583054,71.900287189876,0,2025-06-30,52,0-0,0.826582367244503,114.387031997331,99.8627444623165,68.6897987167616,0
2026-01-17,2026,Atlantic Coast Conference,Stanford Cardinal,Duke Blue Devils,50,80,0,Stanford,Duke,2025-06-30,101,0-0,0.673129522121816,105.905067693495,99.4572590883937,70.4203592089205,0,2025-06-30,4,0-0,0.944742599380372,118.625225766866,92.6758018278955,69.3058273711142,0
2026-01-17,2026,Atlantic Coast Conference,Virginia Tech Hokies,Notre Dame Fighting Irish,89,76,0,Virginia Tech,Notre Dame,2025-06-30,82,0-0,0.724772177838861,110.090755750006,101.20100780661,68.7673241025642,0,2025-06-30,66,0-0,0.782745979754288,110.72243983926,99.0446533643418,69.6926182603801,0
2026-01-17,2026,Big 12 Conference,Cincinnati Bearcats,Iowa State Cyclones,79,70,0,Cincinnati,Iowa St.,2025-06-30,32,0-0,0.882644711133029,112.510675292678,94.405041459928,69.2108820522917,0,2025-06-30,21,0-0,0.912199706982387,112.309131454657,91.6253388104575,71.8308591819681,0
2026-01-17,2026,Big 12 Conference,Oklahoma State Cowboys,Kansas State Wildcats,84,83,0,Oklahoma St.,Kansas St.,2025-06-30,55,0-0,0.817105929993031,112.4179847706,98.6977403749233,74.0409756910226,0,2025-06-30,47,0-0,0.833980023317912,111.710273577074,97.0816172318842,70.4905223622173,0
2026-01-17,2026,Big 12 Conference,Texas Tech Red Raiders,BYU Cougars,84,71,0,Texas Tech,BYU,2025-06-30,27,0-0,0.893332783281334,115.733494848904,96.2054635880394,69.8572953569329,0,2025-06-30,6,0-0,0.937491362496672,119.928219196309,94.7672212426591,71.2218950537996,0
2026-01-17,2026,Big 12 Conference,UCF Knights,Arizona Wildcats,77,84,0,UCF,Arizona,2025-06-30,78,0-0,0.736317108648173,108.727143652807,99.4390241672986,74.7724843952323,0,2025-06-30,14,0-0,0.924586295525848,116.888971754649,93.9986485854365,73.1861701146009,0
2026-01-17,2026,Big 12 Conference,Utah Utes,TCU Horned Frogs,82,79,0,Utah,TCU,2025-06-30,61,0-0,0.808384400489602,111.66017826627,98.5222280062483,71.6693321311836,0,2025-06-30,56,0-0,0.815806948828176,110.929426865742,97.4642932715056,69.964841095798,0
2026-01-17,2026,Big 12 Conference,West Virginia Mountaineers,Colorado Buffaloes,72,61,0,West Virginia,Colorado,2025-06-30,58,0-0,0.815506923156036,110.515125623386,97.1171312570543,66.4354284213049,0,2025-06-30,98,0-0,0.683544744123586,105.710666085651,98.8634581453619,71.0767848069601,0
2026-01-17,2026,Big East Conference,Georgetown Hoyas,UConn Huskies,62,64,0,Georgetown,Connecticut,2025-06-30,71,0-0,0.773282721977309,110.826004654293,99.6108333968979,71.3704183382937,0,2025-06-30,11,0-0,0.929729678758532,118.882392131575,94.9704347525954,67.5988773516862,0
2026-01-17,2026,Big East Conference,Seton Hall Pirates,Butler Bulldogs,66,77,0,Seton Hall,Butler,2025-06-30,111,0-0,0.642061407443222,107.091836031762,101.786358709979,68.139822670015,0,2025-06-30,77,0-0,0.741275546420913,110.533456681934,100.865409622521,70.9969095815019,0
2026-01-17,2026,Big East Conference,Villanova Wildcats,St. John's Red Storm,79,86,0,Villanova,St. John's,2025-06-30,45,0-0,0.839472282790067,112.556299115366,97.4754707629067,69.8905107705524,0,2025-06-30,7,0-0,0.933307225250121,117.979449025742,93.7905103825663,72.2374591238359,0
2026-01-17,2026,Big Sky Conference,Idaho State Bengals,Eastern Washington Eagles,66,84,0,Idaho St.,Eastern Washington,2025-06-30,318,0-0,0.212980177678127,95.0373810528804,106.476808172331,69.4502506405318,0,2025-06-30,293,0-0,0.251456053197783,99.7954437727468,109.72531057656,72.544794687781,0
2026-01-17,2026,Big Sky Conference,Montana State Bobcats,Montana Grizzlies,76,67,0,Montana St.,Montana,2025-06-30,211,0-0,0.384189726027543,101.008122311636,105.238292277048,70.7461629338138,0,2025-06-30,222,0-0,0.364359833662471,101.326384019258,106.350189843948,70.5181552549304,0
2026-01-17,2026,Big Sky Conference,Portland State Vikings,Northern Arizona Lumberjacks,63,52,0,Portland St.,Northern Arizona,2025-06-30,312,0-0,0.230269981956157,94.5285815677391,104.987392508438,71.5598196495396,0,2025-06-30,218,0-0,0.368525384209343,103.336749369164,108.291139967397,70.061471376034,0
2026-01-17,2026,Big Sky Conference,Sacramento State Hornets,Northern Colorado Bears,93,89,0,Sacramento St.,Northern Colorado,2025-06-30,251,0-0,0.324704620783475,103.515604614544,110.321068290877,70.6168147845533,0,2025-06-30,231,0-0,0.353957964781928,100.842515133684,106.259115934007,71.9615359934916,0
2026-01-17,2026,Big Sky Conference,Weber State Wildcats,Idaho Vandals,67,75,0,Weber St.,Idaho,2025-06-30,283,0-0,0.26749060782554,99.4555458346067,108.560763422431,69.0958477392315,0,2025-06-30,178,0-0,0.440125395875932,107.046898936406,109.310604018972,70.541830534393,0
2026-01-17,2026,Big Ten Conference,Illinois Fighting Illini,Minnesota Golden Gophers,77,67,0,Illinois,Minnesota,2025-06-30,9,0-0,0.932523277417597,118.258697653393,94.1149645842738,74.3121187465302,0,2025-06-30,80,0-0,0.732659139667714,108.999482169015,99.8508311496046,69.403837295676,0
2026-01-17,2026,Big Ten Conference,Indiana Hoosiers,Iowa Hawkeyes,57,74,0,Indiana,Iowa,2025-06-30,41,0-0,0.866948361430895,114.339595990929,97.1440917599217,70.8942778758433,0,2025-06-30,40,0-0,0.870924341375702,115.482269785483,97.8174916181647,66.9164732062301,0
2026-01-17,2026,Big Ten Conference,Northwestern Wildcats,Nebraska Cornhuskers,58,77,0,Northwestern,Nebraska,2025-06-30,68,0-0,0.778756468233006,108.275673877439,97.052438826328,68.6637626142792,0,2025-06-30,42,0-0,0.852205391481451,113.746542172325,97.6729332900157,71.0143810047455,0
2026-01-17,2026,Big Ten Conference,Ohio State Buckeyes,UCLA Bruins,86,74,0,Ohio St.,UCLA,2025-06-30,20,0-0,0.913499283363116,119.231090412694,97.1344138885499,71.0518985253959,0,2025-06-30,8,0-0,0.933093472183754,118.174278432901,93.9734105494189,68.5515221205646,0
2026-01-17,2026,Big Ten Conference,Oregon Ducks,Michigan Wolverines,71,81,0,Oregon,Michigan,2025-06-30,26,0-0,0.897497203485181,114.278819511496,94.6295646395843,71.2430887520299,0,2025-06-30,3,0-0,0.944792718959662,119.012295600039,92.9704344000916,72.1091619610474,0
2026-01-17,2026,Big Ten Conference,USC Trojans,Purdue Boilermakers,64,69,0,USC,Purdue,2025-06-30,24,0-0,0.905530509520128,115.706524555692,95.060550725435,72.5532402266017,0,2025-06-30,2,0-0,0.945559199779694,121.967969636763,95.1568834244029,68.620202980675,0
2026-01-17,2026,Big Ten Conference,Washington Huskies,Michigan State Spartans,63,80,0,Washington,Michigan St.,2025-06-30,54,0-0,0.819316622897943,115.743174472588,101.485854816125,71.2846356113691,0,2025-06-30,18,0-0,0.915503867845339,114.568914731763,93.1284038883002,70.8233179456464,0
2026-01-17,2026,Big Ten Conference,Wisconsin Badgers,Rutgers Scarlet Knights,96,87,0,Wisconsin,Rutgers,2025-06-30,29,0-0,0.888886381368981,114.402930662862,95.4791501258867,71.0246950867304,0,2025-06-30,94,0-0,0.692330021947288,106.279051236089,99.0419410539569,71.9499557630185,0
2026-01-18,2026,Big 12 Conference,Houston Cougars,Arizona State Sun Devils,103,73,0,Houston,Arizona St.,2025-06-30,1,0-0,0.959586073333546,117.146188692103,88.9436338805332,65.5420483711854,0,2025-06-30,75,0-0,0.756393939269118,109.226097777321,98.9779823236436,71.891775822284,0
2026-01-18,2026,Big Ten Conference,Maryland Terrapins,Penn State Nittany Lions,96,73,0,Maryland,Penn St.,2025-06-30,37,0-0,0.87334958468424,111.517033251903,94.2803262548255,70.5118416820935,0,2025-06-30,114,0-0,0.62469533805535,104.032341034857,99.5236414525894,72.3540143595863,0
2026-01-19,2026,Big East Conference,Marquette Golden Eagles,Providence Friars,105,104,0,Marquette,Providence,2025-06-30,49,0-0,0.83028084795501,109.922268367862,95.7479903700122,71.0305463716899,0,2025-06-30,57,0-0,0.815534709492928,113.639456212304,99.8610885006946,70.6581320849298,0
2026-01-19,2026,Big Sky Conference,Northern Arizona Lumberjacks,Montana Grizzlies,72,98,0,Northern Arizona,Montana,2025-06-30,218,0-0,0.368525384209343,103.336749369164,108.291139967397,70.061471376034,0,2025-06-30,222,0-0,0.364359833662471,101.326384019258,106.350189843948,70.5181552549304,0
2026-01-19,2026,Big Sky Conference,Northern Colorado Bears,Montana State Bobcats,68,73,0,Northern Colorado,Montana St.,2025-06-30,231,0-0,0.353957964781928,100.842515133684,106.259115934007,71.9615359934916,0,2025-06-30,211,0-0,0.384189726027543,101.008122311636,105.238292277048,70.7461629338138,0
2026-01-20,2026,Atlantic Coast Conference,Clemson Tigers,NC State Wolfpack,76,80,0,Clemson,N.C. State,2025-06-30,51,0-0,0.82954151817239,109.676580975131,95.5775040692217,68.1063202047312,0,2025-06-30,38,0-0,0.871553208723262,116.456392527171,98.5945347152536,70.8998532657265,0
2026-01-20,2026,Atlantic Coast Conference,Miami Hurricanes,Florida State Seminoles,63,65,0,Miami FL,Florida St.,2025-06-30,59,0-0,0.813427660480489,113.990229866201,100.290869478134,71.2304362575982,0,2025-06-30,81,0-0,0.729918121853582,108.451885796166,99.4697746538931,71.8857439289495,0
2026-01-20,2026,Atlantic Coast Conference,Wake Forest Demon Deacons,SMU Mustangs,79,91,0,Wake Forest,SMU,2025-06-30,79,0-0,0.735190023312254,109.130480204888,99.8582313058309,70.61990850267,0,2025-06-30,44,0-0,0.846361198370191,114.265536027834,98.5089546583054,71.900287189876,0
2026-01-20,2026,Big 12 Conference,Baylor Bears,Texas Tech Red Raiders,73,92,0,Baylor,Texas Tech,2025-06-30,34,0-0,0.877198955338908,114.512961496186,96.516778205799,68.1933937597317,0,2025-06-30,27,0-0,0.893332783281334,115.733494848904,96.2054635880394,69.8572953569329,0
2026-01-20,2026,Big 12 Conference,Colorado Buffaloes,Kansas Jayhawks,69,75,0,Colorado,Kansas,2025-06-30,98,0-0,0.683544744123586,105.710666085651,98.8634581453619,71.0767848069601,0,2025-06-30,17,0-0,0.91884171627674,113.551833952599,91.9496312576262,71.6763225306324,0
2026-01-20,2026,Big 12 Conference,Iowa State Cyclones,UCF Knights,87,57,0,Iowa St.,UCF,2025-06-30,21,0-0,0.912199706982387,112.309131454657,91.6253388104575,71.8308591819681,0,2025-06-30,78,0-0,0.736317108648173,108.727143652807,99.4390241672986,74.7724843952323,0
2026-01-20,2026,Big 12 Conference,Kansas State Wildcats,Utah Utes,81,78,0,Kansas St.,Utah,2025-06-30,47,0-0,0.833980023317912,111.710273577074,97.0816172318842,70.4905223622173,0,2025-06-30,61,0-0,0.808384400489602,111.66017826627,98.5222280062483,71.6693321311836,0
2026-01-20,2026,Big 12 Conference,TCU Horned Frogs,Oklahoma State Cowboys,68,65,0,TCU,Oklahoma St.,2025-06-30,56,0-0,0.815806948828176,110.929426865742,97.4642932715056,69.964841095798,0,2025-06-30,55,0-0,0.817105929993031,112.4179847706,98.6977403749233,74.0409756910226,0
2026-01-20,2026,Big East Conference,Butler Bulldogs,DePaul Blue Demons,87,80,0,Butler,DePaul,2025-06-30,77,0-0,0.741275546420913,110.533456681934,100.865409622521,70.9969095815019,0,2025-06-30,70,0-0,0.77384319718697,111.572793985224,100.254152138335,70.6086313127839,0
2026-01-20,2026,Big East Conference,St. John's Red Storm,Seton Hall Pirates,65,60,0,St. John's,Seton Hall,2025-06-30,7,0-0,0.933307225250121,117.979449025742,93.7905103825663,72.2374591238359,0,2025-06-30,111,0-0,0.642061407443222,107.091836031762,101.786358709979,68.139822670015,0
2026-01-20,2026,Big Ten Conference,Iowa Hawkeyes,Rutgers Scarlet Knights,68,62,0,Iowa,Rutgers,2025-06-30,40,0-0,0.870924341375702,115.482269785483,97.8174916181647,66.9164732062301,0,2025-06-30,94,0-0,0.692330021947288,106.279051236089,99.0419410539569,71.9499557630185,0
2026-01-20,2026,Big Ten Conference,Michigan Wolverines,Indiana Hoosiers,86,72,0,Michigan,Indiana,2025-06-30,3,0-0,0.944792718959662,119.012295600039,92.9704344000916,72.1091619610474,0,2025-06-30,41,0-0,0.866948361430895,114.339595990929,97.1440917599217,70.8942778758433,0
2026-01-20,2026,Big Ten Conference,Ohio State Buckeyes,Minnesota Golden Gophers,82,74,0,Ohio St.,Minnesota,2025-06-30,20,0-0,0.913499283363116,119.231090412694,97.1344138885499,71.0518985253959,0,2025-06-30,80,0-0,0.732659139667714,108.999482169015,99.8508311496046,69.403837295676,0
2026-01-20,2026,Big Ten Conference,Oregon Ducks,Michigan State Spartans,52,68,0,Oregon,Michigan St.,2025-06-30,26,0-0,0.897497203485181,114.278819511496,94.6295646395843,71.2430887520299,0,2025-06-30,18,0-0,0.915503867845339,114.568914731763,93.1284038883002,70.8233179456464,0
2026-01-20,2026,Big Ten Conference,UCLA Bruins,Purdue Boilermakers,69,67,0,UCLA,Purdue,2025-06-30,8,0-0,0.933093472183754,118.174278432901,93.9734105494189,68.5515221205646,0,2025-06-30,2,0-0,0.945559199779694,121.967969636763,95.1568834244029,68.620202980675,0
2026-01-21,2026,Atlantic Coast Conference,Boston College Eagles,Pittsburgh Panthers,65,62,0,Boston College,Pittsburgh,2025-06-30,104,0-0,0.670748623720505,109.307363829057,102.748870410117,70.2021154307837,0,2025-06-30,74,0-0,0.766369634389924,110.862211289613,99.982014914423,69.9772778422929,0
2026-01-21,2026,Atlantic Coast Conference,North Carolina Tar Heels,Notre Dame Fighting Irish,91,69,0,North Carolina,Notre Dame,2025-06-30,15,0-0,0.924415386771688,116.596717589045,93.7835927543923,73.6918861012229,0,2025-06-30,66,0-0,0.782745979754288,110.72243983926,99.0446533643418,69.6926182603801,0
2026-01-21,2026,Atlantic Coast Conference,Syracuse Orange,Virginia Tech Hokies,74,76,0,Syracuse,Virginia Tech,2025-06-30,64,0-0,0.800366895849887,114.725027919869,101.676004434789,71.8539965814551,0,2025-06-30,82,0-0,0.724772177838861,110.090755750006,101.20100780661,68.7673241025642,0
2026-01-21,2026,Big 12 Conference,Arizona State Sun Devils,West Virginia Mountaineers,63,75,0,Arizona St.,West Virginia,2025-06-30,75,0-0,0.756393939269118,109.226097777321,98.9779823236436,71.891775822284,0,2025-06-30,58,0-0,0.815506923156036,110.515125623386,97.1171312570543,66.4354284213049,0
2026-01-21,2026,Big 12 Conference,Arizona Wildcats,Cincinnati Bearcats,77,51,0,Arizona,Cincinnati,2025-06-30,14,0-0,0.924586295525848,116.888971754649,93.9986485854365,73.1861701146009,0,2025-06-30,32,0-0,0.882644711133029,112.510675292678,94.405041459928,69.2108820522917,0
2026-01-21,2026,Big East Conference,Creighton Bluejays,Xavier Musketeers,94,93,0,Creighton,Xavier,2025-06-30,23,0-0,0.909349965198057,117.930086430666,96.5049447560014,70.6345504645418,0,2025-06-30,62,0-0,0.803879945346632,110.541641258184,97.7800661686966,73.3213234370762,0
2026-01-21,2026,Big East Conference,Villanova Wildcats,Georgetown Hoyas,66,51,0,Villanova,Georgetown,2025-06-30,45,0-0,0.839472282790067,112.556299115366,97.4754707629067,69.8905107705524,0,2025-06-30,71,0-0,0.773282721977309,110.826004654293,99.6108333968979,71.3704183382937,0
2026-01-21,2026,Big Ten Conference,Illinois Fighting Illini,Maryland Terrapins,89,70,0,Illinois,Maryland,2025-06-30,9,0-0,0.932523277417597,118.258697653393,94.1149645842738,74.3121187465302,0,2025-06-30,37,0-0,0.87334958468424,111.517033251903,94.2803262548255,70.5118416820935,0
2026-01-21,2026,Big Ten Conference,Nebraska Cornhuskers,Washington Huskies,76,66,0,Nebraska,Washington,2025-06-30,42,0-0,0.852205391481451,113.746542172325,97.6729332900157,71.0143810047455,0,2025-06-30,54,0-0,0.819316622897943,115.743174472588,101.485854816125,71.2846356113691,0
2026-01-21,2026,Big Ten Conference,USC Trojans,Northwestern Wildcats,68,74,0,USC,Northwestern,2025-06-30,24,0-0,0.905530509520128,115.706524555692,95.060550725435,72.5532402266017,0,2025-06-30,68,0-0,0.778756468233006,108.275673877439,97.052438826328,68.6637626142792,0
2026-01-22,2026,Big Sky Conference,Eastern Washington Eagles,Portland State Vikings,61,65,0,Eastern Washington,Portland St.,2025-06-30,293,0-0,0.251456053197783,99.7954437727468,109.72531057656,72.544794687781,0,2025-06-30,312,0-0,0.230269981956157,94.5285815677391,104.987392508438,71.5598196495396,0
2026-01-22,2026,Big Sky Conference,Idaho Vandals,Sacramento State Hornets,86,76,0,Idaho,Sacramento St.,2025-06-30,178,0-0,0.440125395875932,107.046898936406,109.310604018972,70.541830534393,0,2025-06-30,251,0-0,0.324704620783475,103.515604614544,110.321068290877,70.6168147845533,0
2026-01-22,2026,Big Sky Conference,Montana Grizzlies,Weber State Wildcats,81,65,0,Montana,Weber St.,2025-06-30,222,0-0,0.364359833662471,101.326384019258,106.350189843948,70.5181552549304,0,2025-06-30,283,0-0,0.26749060782554,99.4555458346067,108.560763422431,69.0958477392315,0
2026-01-22,2026,Big Sky Conference,Montana State Bobcats,Idaho State Bengals,74,62,0,Montana St.,Idaho St.,2025-06-30,211,0-0,0.384189726027543,101.008122311636,105.238292277048,70.7461629338138,0,2025-06-30,318,0-0,0.212980177678127,95.0373810528804,106.476808172331,69.4502506405318,0
2026-01-22,2026,Big Ten Conference,Penn State Nittany Lions,Wisconsin Badgers,71,98,0,Penn St.,Wisconsin,2025-06-30,114,0-0,0.62469533805535,104.032341034857,99.5236414525894,72.3540143595863,0,2025-06-30,29,0-0,0.888886381368981,114.402930662862,95.4791501258867,71.0246950867304,0
2026-01-23,2026,Big East Conference,Butler Bulldogs,Marquette Golden Eagles,87,76,0,Butler,Marquette,2025-06-30,77,0-0,0.741275546420913,110.533456681934,100.865409622521,70.9969095815019,0,2025-06-30,49,0-0,0.83028084795501,109.922268367862,95.7479903700122,71.0305463716899,0
2026-01-23,2026,Big Ten Conference,Michigan Wolverines,Ohio State Buckeyes,74,62,0,Michigan,Ohio St.,2025-06-30,3,0-0,0.944792718959662,119.012295600039,92.9704344000916,72.1091619610474,0,2025-06-30,20,0-0,0.913499283363116,119.231090412694,97.1344138885499,71.0518985253959,0
2026-01-23,2026,Big Ten Conference,Rutgers Scarlet Knights,Indiana Hoosiers,59,82,0,Rutgers,Indiana,2025-06-30,94,0-0,0.692330021947288,106.279051236089,99.0419410539569,71.9499557630185,0,2025-06-30,41,0-0,0.866948361430895,114.339595990929,97.1440917599217,70.8942778758433,0
2026-01-24,2026,Atlantic Coast Conference,Duke Blue Devils,Wake Forest Demon Deacons,90,69,0,Duke,Wake Forest,2025-06-30,4,0-0,0.944742599380372,118.625225766866,92.6758018278955,69.3058273711142,0,2025-06-30,79,0-0,0.735190023312254,109.130480204888,99.8582313058309,70.61990850267,0
2026-01-24,2026,Atlantic Coast Conference,Georgia Tech Yellow Jackets,Clemson Tigers,63,77,0,Georgia Tech,Clemson,2025-06-30,90,0-0,0.708382895850102,106.62405396015,98.7045921570929,71.3559461679021,0,2025-06-30,51,0-0,0.82954151817239,109.676580975131,95.5775040692217,68.1063202047312,0
2026-01-24,2026,Atlantic Coast Conference,Louisville Cardinals,Virginia Tech Hokies,85,71,0,Louisville,Virginia Tech,2025-06-30,16,0-0,0.923522168158203,118.741463151991,95.6143578866124,73.2915778727068,0,2025-06-30,82,0-0,0.724772177838861,110.090755750006,101.20100780661,68.7673241025642,0
2026-01-24,2026,Atlantic Coast Conference,Notre Dame Fighting Irish,Boston College Eagles,68,64,0,Notre Dame,Boston College,2025-06-30,66,0-0,0.782745979754288,110.72243983926,99.0446533643418,69.6926182603801,0,2025-06-30,104,0-0,0.670748623720505,109.307363829057,102.748870410117,70.2021154307837,0
2026-01-24,2026,Atlantic Coast Conference,Pittsburgh Panthers,NC State Wolfpack,72,81,0,Pittsburgh,N.C. State,2025-06-30,74,0-0,0.766369634389924,110.862211289613,99.982014914423,69.9772778422929,0,2025-06-30,38,0-0,0.871553208723262,116.456392527171,98.5945347152536,70.8998532657265,0
2026-01-24,2026,Atlantic Coast Conference,SMU Mustangs,Florida State Seminoles,83,80,0,SMU,Florida St.,2025-06-30,44,0-0,0.846361198370191,114.265536027834,98.5089546583054,71.900287189876,0,2025-06-30,81,0-0,0.729918121853582,108.451885796166,99.4697746538931,71.8857439289495,0
2026-01-24,2026,Atlantic Coast Conference,Stanford Cardinal,California Golden Bears,66,78,0,Stanford,California,2025-06-30,101,0-0,0.673129522121816,105.905067693495,99.4572590883937,70.4203592089205,0,2025-06-30,85,0-0,0.714574745259442,109.857097386753,101.431101178498,71.465261390568,0
2026-01-24,2026,Atlantic Coast Conference,Syracuse Orange,Miami Hurricanes,76,85,0,Syracuse,Miami FL,2025-06-30,64,0-0,0.800366895849887,114.725027919869,101.676004434789,71.8539965814551,0,2025-06-30,59,0-0,0.813427660480489,113.990229866201,100.290869478134,71.2304362575982,0
2026-01-24,2026,Atlantic Coast Conference,Virginia Cavaliers,North Carolina Tar Heels,80,85,0,Virginia,North Carolina,2025-06-30,52,0-0,0.826582367244503,114.387031997331,99.8627444623165,68.6897987167616,0,2025-06-30,15,0-0,0.924415386771688,116.596717589045,93.7835927543923,73.6918861012229,0
2026-01-24,2026,Big 12 Conference,Arizona State Sun Devils,Cincinnati Bearcats,82,68,0,Arizona St.,Cincinnati,2025-06-30,75,0-0,0.756393939269118,109.226097777321,98.9779823236436,71.891775822284,0,2025-06-30,32,0-0,0.882644711133029,112.510675292678,94.405041459928,69.2108820522917,0
2026-01-24,2026,Big 12 Conference,Arizona Wildcats,West Virginia Mountaineers,88,53,0,Arizona,West Virginia,2025-06-30,14,0-0,0.924586295525848,116.888971754649,93.9986485854365,73.1861701146009,0,2025-06-30,58,0-0,0.815506923156036,110.515125623386,97.1171312570543,66.4354284213049,0
2026-01-24,2026,Big 12 Conference,BYU Cougars,Utah Utes,91,78,0,BYU,Utah,2025-06-30,6,0-0,0.937491362496672,119.928219196309,94.7672212426591,71.2218950537996,0,2025-06-30,61,0-0,0.808384400489602,111.66017826627,98.5222280062483,71.6693321311836,0
2026-01-24,2026,Big 12 Conference,Baylor Bears,TCU Horned Frogs,90,97,0,Baylor,TCU,2025-06-30,34,0-0,0.877198955338908,114.512961496186,96.516778205799,68.1933937597317,0,2025-06-30,56,0-0,0.815806948828176,110.929426865742,97.4642932715056,69.964841095798,0
2026-01-24,2026,Big 12 Conference,Colorado Buffaloes,UCF Knights,86,95,0,Colorado,UCF,2025-06-30,98,0-0,0.683544744123586,105.710666085651,98.8634581453619,71.0767848069601,0,2025-06-30,78,0-0,0.736317108648173,108.727143652807,99.4390241672986,74.7724843952323,0
2026-01-24,2026,Big 12 Conference,Kansas State Wildcats,Kansas Jayhawks,62,86,0,Kansas St.,Kansas,2025-06-30,47,0-0,0.833980023317912,111.710273577074,97.0816172318842,70.4905223622173,0,2025-06-30,17,0-0,0.91884171627674,113.551833952599,91.9496312576262,71.6763225306324,0
2026-01-24,2026,Big 12 Conference,Oklahoma State Cowboys,Iowa State Cyclones,71,84,0,Oklahoma St.,Iowa St.,2025-06-30,55,0-0,0.817105929993031,112.4179847706,98.6977403749233,74.0409756910226,0,2025-06-30,21,0-0,0.912199706982387,112.309131454657,91.6253388104575,71.8308591819681,0
2026-01-24,2026,Big 12 Conference,Texas Tech Red Raiders,Houston Cougars,90,86,0,Texas Tech,Houston,2025-06-30,27,0-0,0.893332783281334,115.733494848904,96.2054635880394,69.8572953569329,0,2025-06-30,1,0-0,0.959586073333546,117.146188692103,88.9436338805332,65.5420483711854,0
2026-01-24,2026,Big East Conference,DePaul Blue Demons,Seton Hall Pirates,67,60,0,DePaul,Seton Hall,2025-06-30,70,0-0,0.77384319718697,111.572793985224,100.254152138335,70.6086313127839,0,2025-06-30,111,0-0,0.642061407443222,107.091836031762,101.786358709979,68.139822670015,0
2026-01-24,2026,Big East Conference,Providence Friars,Georgetown Hoyas,78,81,0,Providence,Georgetown,2025-06-30,57,0-0,0.815534709492928,113.639456212304,99.8610885006946,70.6581320849298,0,2025-06-30,71,0-0,0.773282721977309,110.826004654293,99.6108333968979,71.3704183382937,0
2026-01-24,2026,Big East Conference,UConn Huskies,Villanova Wildcats,75,67,0,Connecticut,Villanova,2025-06-30,11,0-0,0.929729678758532,118.882392131575,94.9704347525954,67.5988773516862,0,2025-06-30,45,0-0,0.839472282790067,112.556299115366,97.4754707629067,69.8905107705524,0
2026-01-24,2026,Big East Conference,Xavier Musketeers,St. John's Red Storm,83,88,0,Xavier,St. John's,2025-06-30,62,0-0,0.803879945346632,110.541641258184,97.7800661686966,73.3213234370762,0,2025-06-30,7,0-0,0.933307225250121,117.979449025742,93.7905103825663,72.2374591238359,0
2026-01-24,2026,Big Sky Conference,Eastern Washington Eagles,Sacramento State Hornets,75,67,0,Eastern Washington,Sacramento St.,2025-06-30,293,0-0,0.251456053197783,99.7954437727468,109.72531057656,72.544794687781,0,2025-06-30,251,0-0,0.324704620783475,103.515604614544,110.321068290877,70.6168147845533,0
2026-01-24,2026,Big Sky Conference,Idaho Vandals,Portland State Vikings,66,69,0,Idaho,Portland St.,2025-06-30,178,0-0,0.440125395875932,107.046898936406,109.310604018972,70.541830534393,0,2025-06-30,312,0-0,0.230269981956157,94.5285815677391,104.987392508438,71.5598196495396,0
2026-01-24,2026,Big Sky Conference,Montana Grizzlies,Idaho State Bengals,69,60,0,Montana,Idaho St.,2025-06-30,222,0-0,0.364359833662471,101.326384019258,106.350189843948,70.5181552549304,0,2025-06-30,318,0-0,0.212980177678127,95.0373810528804,106.476808172331,69.4502506405318,0
2026-01-24,2026,Big Sky Conference,Montana State Bobcats,Weber State Wildcats,91,88,0,Montana St.,Weber St.,2025-06-30,211,0-0,0.384189726027543,101.008122311636,105.238292277048,70.7461629338138,0,2025-06-30,283,0-0,0.26749060782554,99.4555458346067,108.560763422431,69.0958477392315,0
2026-01-24,2026,Big Sky Conference,Northern Arizona Lumberjacks,Northern Colorado Bears,81,77,0,Northern Arizona,Northern Colorado,2025-06-30,218,0-0,0.368525384209343,103.336749369164,108.291139967397,70.061471376034,0,2025-06-30,231,0-0,0.353957964781928,100.842515133684,106.259115934007,71.9615359934916,0
2026-01-24,2026,Big Ten Conference,Michigan State Spartans,Maryland Terrapins,91,48,0,Michigan St.,Maryland,2025-06-30,18,0-0,0.915503867845339,114.568914731763,93.1284038883002,70.8233179456464,0,2025-06-30,37,0-0,0.87334958468424,111.517033251903,94.2803262548255,70.5118416820935,0
2026-01-24,2026,Big Ten Conference,Minnesota Golden Gophers,Nebraska Cornhuskers,57,76,0,Minnesota,Nebraska,2025-06-30,80,0-0,0.732659139667714,108.999482169015,99.8508311496046,69.403837295676,0,2025-06-30,42,0-0,0.852205391481451,113.746542172325,97.6729332900157,71.0143810047455,0
2026-01-24,2026,Big Ten Conference,Purdue Boilermakers,Illinois Fighting Illini,82,88,0,Purdue,Illinois,2025-06-30,2,0-0,0.945559199779694,121.967969636763,95.1568834244029,68.620202980675,0,2025-06-30,9,0-0,0.932523277417597,118.258697653393,94.1149645842738,74.3121187465302,0
2026-01-24,2026,Big Ten Conference,UCLA Bruins,Northwestern Wildcats,71,64,0,UCLA,Northwestern,2025-06-30,8,0-0,0.933093472183754,118.174278432901,93.9734105494189,68.5515221205646,0,2025-06-30,68,0-0,0.778756468233006,108.275673877439,97.052438826328,68.6637626142792,0
2026-01-25,2026,Big Ten Conference,Washington Huskies,Oregon Ducks,72,57,0,Washington,Oregon,2025-06-30,54,0-0,0.819316622897943,115.743174472588,101.485854816125,71.2846356113691,0,2025-06-30,26,0-0,0.897497203485181,114.278819511496,94.6295646395843,71.2430887520299,0
2026-01-25,2026,Big Ten Conference,Wisconsin Badgers,USC Trojans,71,73,0,Wisconsin,USC,2025-06-30,29,0-0,0.888886381368981,114.402930662862,95.4791501258867,71.0246950867304,0,2025-06-30,24,0-0,0.905530509520128,115.706524555692,95.060550725435,72.5532402266017,0
2026-01-26,2026,Atlantic Coast Conference,Duke Blue Devils,Louisville Cardinals,83,52,0,Duke,Louisville,2025-06-30,4,0-0,0.944742599380372,118.625225766866,92.6758018278955,69.3058273711142,0,2025-06-30,16,0-0,0.923522168158203,118.741463151991,95.6143578866124,73.2915778727068,0
2026-01-26,2026,Big 12 Conference,BYU Cougars,Arizona Wildcats,83,86,0,BYU,Arizona,2025-06-30,6,0-0,0.937491362496672,119.928219196309,94.7672212426591,71.2218950537996,0,2025-06-30,14,0-0,0.924586295525848,116.888971754649,93.9986485854365,73.1861701146009,0
2026-01-26,2026,Big Ten Conference,Ohio State Buckeyes,Penn State Nittany Lions,84,78,0,Ohio St.,Penn St.,2025-06-30,20,0-0,0.913499283363116,119.231090412694,97.1344138885499,71.0518985253959,0,2025-06-30,114,0-0,0.62469533805535,104.032341034857,99.5236414525894,72.3540143595863,0
2026-01-27,2026,Atlantic Coast Conference,NC State Wolfpack,Syracuse Orange,88,68,0,N.C. State,Syracuse,2025-06-30,38,0-0,0.871553208723262,116.456392527171,98.5945347152536,70.8998532657265,0,2025-06-30,64,0-0,0.800366895849887,114.725027919869,101.676004434789,71.8539965814551,0
2026-01-27,2026,Atlantic Coast Conference,Notre Dame Fighting Irish,Virginia Cavaliers,97,100,0,Notre Dame,Virginia,2025-06-30,66,0-0,0.782745979754288,110.72243983926,99.0446533643418,69.6926182603801,0,2025-06-30,52,0-0,0.826582367244503,114.387031997331,99.8627444623165,68.6897987167616,0
2026-01-27,2026,Atlantic Coast Conference,Pittsburgh Panthers,Wake Forest Demon Deacons,80,76,0,Pittsburgh,Wake Forest,2025-06-30,74,0-0,0.766369634389924,110.862211289613,99.982014914423,69.9772778422929,0,2025-06-30,79,0-0,0.735190023312254,109.130480204888,99.8582313058309,70.61990850267,0
2026-01-27,2026,Atlantic Coast Conference,Virginia Tech Hokies,Georgia Tech Yellow Jackets,71,65,0,Virginia Tech,Georgia Tech,2025-06-30,82,0-0,0.724772177838861,110.090755750006,101.20100780661,68.7673241025642,0,2025-06-30,90,0-0,0.708382895850102,106.62405396015,98.7045921570929,71.3559461679021,0
2026-01-27,2026,Big 12 Conference,UCF Knights,Arizona State Sun Devils,79,76,0,UCF,Arizona St.,2025-06-30,78,0-0,0.736317108648173,108.727143652807,99.4390241672986,74.7724843952323,0,2025-06-30,75,0-0,0.756393939269118,109.226097777321,98.9779823236436,71.891775822284,0
2026-01-27,2026,Big 12 Conference,West Virginia Mountaineers,Kansas State Wildcats,59,54,0,West Virginia,Kansas St.,2025-06-30,58,0-0,0.815506923156036,110.515125623386,97.1171312570543,66.4354284213049,0,2025-06-30,47,0-0,0.833980023317912,111.710273577074,97.0816172318842,70.4905223622173,0
2026-01-27,2026,Big East Conference,Marquette Golden Eagles,Creighton Bluejays,86,62,0,Marquette,Creighton,2025-06-30,49,0-0,0.83028084795501,109.922268367862,95.7479903700122,71.0305463716899,0,2025-06-30,23,0-0,0.909349965198057,117.930086430666,96.5049447560014,70.6345504645418,0
2026-01-27,2026,Big East Conference,UConn Huskies,Providence Friars,87,81,0,Connecticut,Providence,2025-06-30,11,0-0,0.929729678758532,118.882392131575,94.9704347525954,67.5988773516862,0,2025-06-30,57,0-0,0.815534709492928,113.639456212304,99.8610885006946,70.6581320849298,0
2026-01-27,2026,Big Ten Conference,Indiana Hoosiers,Purdue Boilermakers,72,67,0,Indiana,Purdue,2025-06-30,41,0-0,0.866948361430895,114.339595990929,97.1440917599217,70.8942778758433,0,2025-06-30,2,0-0,0.945559199779694,121.967969636763,95.1568834244029,68.620202980675,0
2026-01-27,2026,Big Ten Conference,Michigan Wolverines,Nebraska Cornhuskers,75,72,0,Michigan,Nebraska,2025-06-30,3,0-0,0.944792718959662,119.012295600039,92.9704344000916,72.1091619610474,0,2025-06-30,42,0-0,0.852205391481451,113.746542172325,97.6729332900157,71.0143810047455,0
2026-01-27,2026,Big Ten Conference,Rutgers Scarlet Knights,Michigan State Spartans,79,88,0,Rutgers,Michigan St.,2025-06-30,94,0-0,0.692330021947288,106.279051236089,99.0419410539569,71.9499557630185,0,2025-06-30,18,0-0,0.915503867845339,114.568914731763,93.1284038883002,70.8233179456464,0
2026-01-28,2026,Atlantic Coast Conference,Florida State Seminoles,California Golden Bears,63,61,0,Florida St.,California,2025-06-30,81,0-0,0.729918121853582,108.451885796166,99.4697746538931,71.8857439289495,0,2025-06-30,85,0-0,0.714574745259442,109.857097386753,101.431101178498,71.465261390568,0
2026-01-28,2026,Atlantic Coast Conference,Miami Hurricanes,Stanford Cardinal,79,70,0,Miami FL,Stanford,2025-06-30,59,0-0,0.813427660480489,113.990229866201,100.290869478134,71.2304362575982,0,2025-06-30,101,0-0,0.673129522121816,105.905067693495,99.4572590883937,70.4203592089205,0
2026-01-28,2026,Big 12 Conference,Cincinnati Bearcats,Baylor Bears,67,57,0,Cincinnati,Baylor,2025-06-30,32,0-0,0.882644711133029,112.510675292678,94.405041459928,69.2108820522917,0,2025-06-30,34,0-0,0.877198955338908,114.512961496186,96.516778205799,68.1933937597317,0
2026-01-28,2026,Big 12 Conference,TCU Horned Frogs,Houston Cougars,70,79,0,TCU,Houston,2025-06-30,56,0-0,0.815806948828176,110.929426865742,97.4642932715056,69.964841095798,0,2025-06-30,1,0-0,0.959586073333546,117.146188692103,88.9436338805332,65.5420483711854,0
2026-01-28,2026,Big East Conference,Georgetown Hoyas,DePaul Blue Demons,70,61,0,Georgetown,DePaul,2025-06-30,71,0-0,0.773282721977309,110.826004654293,99.6108333968979,71.3704183382937,0,2025-06-30,70,0-0,0.77384319718697,111.572793985224,100.254152138335,70.6086313127839,0
2026-01-28,2026,Big East Conference,Seton Hall Pirates,Xavier Musketeers,86,68,0,Seton Hall,Xavier,2025-06-30,111,0-0,0.642061407443222,107.091836031762,101.786358709979,68.139822670015,0,2025-06-30,62,0-0,0.803879945346632,110.541641258184,97.7800661686966,73.3213234370762,0
2026-01-28,2026,Big East Conference,St. John's Red Storm,Butler Bulldogs,92,70,0,St. John's,Butler,2025-06-30,7,0-0,0.933307225250121,117.979449025742,93.7905103825663,72.2374591238359,0,2025-06-30,77,0-0,0.741275546420913,110.533456681934,100.865409622521,70.9969095815019,0
2026-01-28,2026,Big Ten Conference,Iowa Hawkeyes,USC Trojans,73,72,0,Iowa,USC,2025-06-30,40,0-0,0.870924341375702,115.482269785483,97.8174916181647,66.9164732062301,0,2025-06-30,24,0-0,0.905530509520128,115.706524555692,95.060550725435,72.5532402266017,0
2026-01-28,2026,Big Ten Conference,Oregon Ducks,UCLA Bruins,57,73,0,Oregon,UCLA,2025-06-30,26,0-0,0.897497203485181,114.278819511496,94.6295646395843,71.2430887520299,0,2025-06-30,8,0-0,0.933093472183754,118.174278432901,93.9734105494189,68.5515221205646,0
2026-01-28,2026,Big Ten Conference,Wisconsin Badgers,Minnesota Golden Gophers,67,63,0,Wisconsin,Minnesota,2025-06-30,29,0-0,0.888886381368981,114.402930662862,95.4791501258867,71.0246950867304,0,2025-06-30,80,0-0,0.732659139667714,108.999482169015,99.8508311496046,69.403837295676,0
2026-01-29,2026,Big 12 Conference,Iowa State Cyclones,Colorado Buffaloes,97,67,0,Iowa St.,Colorado,2025-06-30,21,0-0,0.912199706982387,112.309131454657,91.6253388104575,71.8308591819681,0,2025-06-30,98,0-0,0.683544744123586,105.710666085651,98.8634581453619,71.0767848069601,0
2026-01-29,2026,Big Sky Conference,Northern Arizona Lumberjacks,Eastern Washington Eagles,92,86,0,Northern Arizona,Eastern Washington,2025-06-30,218,0-0,0.368525384209343,103.336749369164,108.291139967397,70.061471376034,0,2025-06-30,293,0-0,0.251456053197783,99.7954437727468,109.72531057656,72.544794687781,0
2026-01-29,2026,Big Sky Conference,Northern Colorado Bears,Idaho Vandals,91,83,0,Northern Colorado,Idaho,2025-06-30,231,0-0,0.353957964781928,100.842515133684,106.259115934007,71.9615359934916,0,2025-06-30,178,0-0,0.440125395875932,107.046898936406,109.310604018972,70.541830534393,0
2026-01-29,2026,Big Sky Conference,Portland State Vikings,Montana Grizzlies,60,64,0,Portland St.,Montana,2025-06-30,312,0-0,0.230269981956157,94.5285815677391,104.987392508438,71.5598196495396,0,2025-06-30,222,0-0,0.364359833662471,101.326384019258,106.350189843948,70.5181552549304,0
2026-01-29,2026,Big Sky Conference,Sacramento State Hornets,Montana State Bobcats,83,80,0,Sacramento St.,Montana St.,2025-06-30,251,0-0,0.324704620783475,103.515604614544,110.321068290877,70.6168147845533,0,2025-06-30,211,0-0,0.384189726027543,101.008122311636,105.238292277048,70.7461629338138,0
2026-01-29,2026,Big Ten Conference,Illinois Fighting Illini,Washington Huskies,75,66,0,Illinois,Washington,2025-06-30,9,0-0,0.932523277417597,118.258697653393,94.1149645842738,74.3121187465302,0,2025-06-30,54,0-0,0.819316622897943,115.743174472588,101.485854816125,71.2846356113691,0
2026-01-29,2026,Big Ten Conference,Northwestern Wildcats,Penn State Nittany Lions,94,73,0,Northwestern,Penn St.,2025-06-30,68,0-0,0.778756468233006,108.275673877439,97.052438826328,68.6637626142792,0,2025-06-30,114,0-0,0.62469533805535,104.032341034857,99.5236414525894,72.3540143595863,0
2026-01-30,2026,Big East Conference,Villanova Wildcats,Providence Friars,87,73,0,Villanova,Providence,2025-06-30,45,0-0,0.839472282790067,112.556299115366,97.4754707629067,69.8905107705524,0,2025-06-30,57,0-0,0.815534709492928,113.639456212304,99.8610885006946,70.6581320849298,0
2026-01-30,2026,Big Ten Conference,Michigan State Spartans,Michigan Wolverines,71,83,0,Michigan St.,Michigan,2025-06-30,18,0-0,0.915503867845339,114.568914731763,93.1284038883002,70.8233179456464,0,2025-06-30,3,0-0,0.944792718959662,119.012295600039,92.9704344000916,72.1091619610474,0
2026-01-31,2026,Atlantic Coast Conference,Boston College Eagles,Virginia Cavaliers,66,73,0,Boston College,Virginia,2025-06-30,104,0-0,0.670748623720505,109.307363829057,102.748870410117,70.2021154307837,0,2025-06-30,52,0-0,0.826582367244503,114.387031997331,99.8627444623165,68.6897987167616,0
2026-01-31,2026,Atlantic Coast Conference,Clemson Tigers,Pittsburgh Panthers,63,52,0,Clemson,Pittsburgh,2025-06-30,51,0-0,0.82954151817239,109.676580975131,95.5775040692217,68.1063202047312,0,2025-06-30,74,0-0,0.766369634389924,110.862211289613,99.982014914423,69.9772778422929,0
2026-01-31,2026,Atlantic Coast Conference,Florida State Seminoles,Stanford Cardinal,88,80,0,Florida St.,Stanford,2025-06-30,81,0-0,0.729918121853582,108.451885796166,99.4697746538931,71.8857439289495,0,2025-06-30,101,0-0,0.673129522121816,105.905067693495,99.4572590883937,70.4203592089205,0
2026-01-31,2026,Atlantic Coast Conference,Georgia Tech Yellow Jackets,North Carolina Tar Heels,75,91,0,Georgia Tech,North Carolina,2025-06-30,90,0-0,0.708382895850102,106.62405396015,98.7045921570929,71.3559461679021,0,2025-06-30,15,0-0,0.924415386771688,116.596717589045,93.7835927543923,73.6918861012229,0
2026-01-31,2026,Atlantic Coast Conference,Louisville Cardinals,SMU Mustangs,88,74,0,Louisville,SMU,2025-06-30,16,0-0,0.923522168158203,118.741463151991,95.6143578866124,73.2915778727068,0,2025-06-30,44,0-0,0.846361198370191,114.265536027834,98.5089546583054,71.900287189876,0
2026-01-31,2026,Atlantic Coast Conference,Miami Hurricanes,California Golden Bears,85,86,0,Miami FL,California,2025-06-30,59,0-0,0.813427660480489,113.990229866201,100.290869478134,71.2304362575982,0,2025-06-30,85,0-0,0.714574745259442,109.857097386753,101.431101178498,71.465261390568,0
2026-01-31,2026,Atlantic Coast Conference,Syracuse Orange,Notre Dame Fighting Irish,86,72,0,Syracuse,Notre Dame,2025-06-30,64,0-0,0.800366895849887,114.725027919869,101.676004434789,71.8539965814551,0,2025-06-30,66,0-0,0.782745979754288,110.72243983926,99.0446533643418,69.6926182603801,0
2026-01-31,2026,Atlantic Coast Conference,Virginia Tech Hokies,Duke Blue Devils,58,72,0,Virginia Tech,Duke,2025-06-30,82,0-0,0.724772177838861,110.090755750006,101.20100780661,68.7673241025642,0,2025-06-30,4,0-0,0.944742599380372,118.625225766866,92.6758018278955,69.3058273711142,0
2026-01-31,2026,Atlantic Coast Conference,Wake Forest Demon Deacons,NC State Wolfpack,78,96,0,Wake Forest,N.C. State,2025-06-30,79,0-0,0.735190023312254,109.130480204888,99.8582313058309,70.61990850267,0,2025-06-30,38,0-0,0.871553208723262,116.456392527171,98.5945347152536,70.8998532657265,0
2026-01-31,2026,Big 12 Conference,Arizona State Sun Devils,Arizona Wildcats,74,87,0,Arizona St.,Arizona,2025-06-30,75,0-0,0.756393939269118,109.226097777321,98.9779823236436,71.891775822284,0,2025-06-30,14,0-0,0.924586295525848,116.888971754649,93.9986485854365,73.1861701146009,0
2026-01-31,2026,Big 12 Conference,Houston Cougars,Cincinnati Bearcats,76,54,0,Houston,Cincinnati,2025-06-30,1,0-0,0.959586073333546,117.146188692103,88.9436338805332,65.5420483711854,0,2025-06-30,32,0-0,0.882644711133029,112.510675292678,94.405041459928,69.2108820522917,0
2026-01-31,2026,Big 12 Conference,Kansas Jayhawks,BYU Cougars,90,82,0,Kansas,BYU,2025-06-30,17,0-0,0.91884171627674,113.551833952599,91.9496312576262,71.6763225306324,0,2025-06-30,6,0-0,0.937491362496672,119.928219196309,94.7672212426591,71.2218950537996,0
2026-01-31,2026,Big 12 Conference,UCF Knights,Texas Tech Red Raiders,88,80,0,UCF,Texas Tech,2025-06-30,78,0-0,0.736317108648173,108.727143652807,99.4390241672986,74.7724843952323,0,2025-06-30,27,0-0,0.893332783281334,115.733494848904,96.2054635880394,69.8572953569329,0
2026-01-31,2026,Big 12 Conference,Utah Utes,Oklahoma State Cowboys,69,81,0,Utah,Oklahoma St.,2025-06-30,61,0-0,0.808384400489602,111.66017826627,98.5222280062483,71.6693321311836,0,2025-06-30,55,0-0,0.817105929993031,112.4179847706,98.6977403749233,74.0409756910226,0
2026-01-31,2026,Big 12 Conference,West Virginia Mountaineers,Baylor Bears,53,63,0,West Virginia,Baylor,2025-06-30,58,0-0,0.815506923156036,110.515125623386,97.1171312570543,66.4354284213049,0,2025-06-30,34,0-0,0.877198955338908,114.512961496186,96.516778205799,68.1933937597317,0
2026-01-31,2026,Big East Conference,Butler Bulldogs,Georgetown Hoyas,64,77,0,Butler,Georgetown,2025-06-30,77,0-0,0.741275546420913,110.533456681934,100.865409622521,70.9969095815019,0,2025-06-30,71,0-0,0.773282721977309,110.826004654293,99.6108333968979,71.3704183382937,0
2026-01-31,2026,Big East Conference,Creighton Bluejays,UConn Huskies,58,85,0,Creighton,Connecticut,2025-06-30,23,0-0,0.909349965198057,117.930086430666,96.5049447560014,70.6345504645418,0,2025-06-30,11,0-0,0.929729678758532,118.882392131575,94.9704347525954,67.5988773516862,0
2026-01-31,2026,Big East Conference,Seton Hall Pirates,Marquette Golden Eagles,69,64,0,Seton Hall,Marquette,2025-06-30,111,0-0,0.642061407443222,107.091836031762,101.786358709979,68.139822670015,0,2025-06-30,49,0-0,0.83028084795501,109.922268367862,95.7479903700122,71.0305463716899,0
2026-01-31,2026,Big East Conference,Xavier Musketeers,DePaul Blue Demons,68,66,0,Xavier,DePaul,2025-06-30,62,0-0,0.803879945346632,110.541641258184,97.7800661686966,73.3213234370762,0,2025-06-30,70,0-0,0.77384319718697,111.572793985224,100.254152138335,70.6086313127839,0
2026-01-31,2026,Big Sky Conference,Northern Arizona Lumberjacks,Idaho Vandals,62,79,0,Northern Arizona,Idaho,2025-06-30,218,0-0,0.368525384209343,103.336749369164,108.291139967397,70.061471376034,0,2025-06-30,178,0-0,0.440125395875932,107.046898936406,109.310604018972,70.541830534393,0
2026-01-31,2026,Big Sky Conference,Northern Colorado Bears,Eastern Washington Eagles,74,71,0,Northern Colorado,Eastern Washington,2025-06-30,231,0-0,0.353957964781928,100.842515133684,106.259115934007,71.9615359934916,0,2025-06-30,293,0-0,0.251456053197783,99.7954437727468,109.72531057656,72.544794687781,0
2026-01-31,2026,Big Sky Conference,Portland State Vikings,Montana State Bobcats,63,54,0,Portland St.,Montana St.,2025-06-30,312,0-0,0.230269981956157,94.5285815677391,104.987392508438,71.5598196495396,0,2025-06-30,211,0-0,0.384189726027543,101.008122311636,105.238292277048,70.7461629338138,0
2026-01-31,2026,Big Sky Conference,Sacramento State Hornets,Montana Grizzlies,86,79,0,Sacramento St.,Montana,2025-06-30,251,0-0,0.324704620783475,103.515604614544,110.321068290877,70.6168147845533,0,2025-06-30,222,0-0,0.364359833662471,101.326384019258,106.350189843948,70.5181552549304,0
2026-01-31,2026,Big Sky Conference,Weber State Wildcats,Idaho State Bengals,81,79,0,Weber St.,Idaho St.,2025-06-30,283,0-0,0.26749060782554,99.4555458346067,108.560763422431,69.0958477392315,0,2025-06-30,318,0-0,0.212980177678127,95.0373810528804,106.476808172331,69.4502506405318,0
2026-01-31,2026,Big Ten Conference,Northwestern Wildcats,Washington Huskies,62,76,0,Northwestern,Washington,2025-06-30,68,0-0,0.778756468233006,108.275673877439,97.052438826328,68.6637626142792,0,2025-06-30,54,0-0,0.819316622897943,115.743174472588,101.485854816125,71.2846356113691,0
2026-01-31,2026,Big Ten Conference,UCLA Bruins,Indiana Hoosiers,97,98,0,UCLA,Indiana,2025-06-30,8,0-0,0.933093472183754,118.174278432901,93.9734105494189,68.5515221205646,0,2025-06-30,41,0-0,0.866948361430895,114.339595990929,97.1440917599217,70.8942778758433,0
2026-01-31,2026,Big Ten Conference,USC Trojans,Rutgers Scarlet Knights,78,75,0,USC,Rutgers,2025-06-30,24,0-0,0.905530509520128,115.706524555692,95.060550725435,72.5532402266017,0,2025-06-30,94,0-0,0.692330021947288,106.279051236089,99.0419410539569,71.9499557630185,0
2026-01-31,2026,Big Ten Conference,Wisconsin Badgers,Ohio State Buckeyes,92,82,0,Wisconsin,Ohio St.,2025-06-30,29,0-0,0.888886381368981,114.402930662862,95.4791501258867,71.0246950867304,0,2025-06-30,20,0-0,0.913499283363116,119.231090412694,97.1344138885499,71.0518985253959,0
2026-02-01,2026,Big 12 Conference,Colorado Buffaloes,TCU Horned Frogs,87,61,0,Colorado,TCU,2025-06-30,98,0-0,0.683544744123586,105.710666085651,98.8634581453619,71.0767848069601,0,2025-06-30,56,0-0,0.815806948828176,110.929426865742,97.4642932715056,69.964841095798,0
2026-02-01,2026,Big 12 Conference,Kansas State Wildcats,Iowa State Cyclones,61,95,0,Kansas St.,Iowa St.,2025-06-30,47,0-0,0.833980023317912,111.710273577074,97.0816172318842,70.4905223622173,0,2025-06-30,21,0-0,0.912199706982387,112.309131454657,91.6253388104575,71.8308591819681,0
2026-02-01,2026,Big Ten Conference,Maryland Terrapins,Purdue Boilermakers,63,93,0,Maryland,Purdue,2025-06-30,37,0-0,0.87334958468424,111.517033251903,94.2803262548255,70.5118416820935,0,2025-06-30,2,0-0,0.945559199779694,121.967969636763,95.1568834244029,68.620202980675,0
2026-02-01,2026,Big Ten Conference,Nebraska Cornhuskers,Illinois Fighting Illini,69,78,0,Nebraska,Illinois,2025-06-30,42,0-0,0.852205391481451,113.746542172325,97.6729332900157,71.0143810047455,0,2025-06-30,9,0-0,0.932523277417597,118.258697653393,94.1149645842738,74.3121187465302,0
2026-02-01,2026,Big Ten Conference,Oregon Ducks,Iowa Hawkeyes,66,84,0,Oregon,Iowa,2025-06-30,26,0-0,0.897497203485181,114.278819511496,94.6295646395843,71.2430887520299,0,2025-06-30,40,0-0,0.870924341375702,115.482269785483,97.8174916181647,66.9164732062301,0
2026-02-01,2026,Big Ten Conference,Penn State Nittany Lions,Minnesota Golden Gophers,77,75,0,Penn St.,Minnesota,2025-06-30,114,0-0,0.62469533805535,104.032341034857,99.5236414525894,72.3540143595863,0,2025-06-30,80,0-0,0.732659139667714,108.999482169015,99.8508311496046,69.403837295676,0
2026-02-02,2026,Atlantic Coast Conference,North Carolina Tar Heels,Syracuse Orange,87,77,0,North Carolina,Syracuse,2025-06-30,15,0-0,0.924415386771688,116.596717589045,93.7835927543923,73.6918861012229,0,2025-06-30,64,0-0,0.800366895849887,114.725027919869,101.676004434789,71.8539965814551,0
2026-02-02,2026,Big 12 Conference,Texas Tech Red Raiders,Kansas Jayhawks,61,64,0,Texas Tech,Kansas,2025-06-30,27,0-0,0.893332783281334,115.733494848904,96.2054635880394,69.8572953569329,0,2025-06-30,17,0-0,0.91884171627674,113.551833952599,91.9496312576262,71.6763225306324,0
2026-02-02,2026,Big Sky Conference,Portland State Vikings,Idaho State Bengals,88,65,0,Portland St.,Idaho St.,2025-06-30,312,0-0,0.230269981956157,94.5285815677391,104.987392508438,71.5598196495396,0,2025-06-30,318,0-0,0.212980177678127,95.0373810528804,106.476808172331,69.4502506405318,0
2026-02-02,2026,Big Sky Conference,Sacramento State Hornets,Weber State Wildcats,104,90,0,Sacramento St.,Weber St.,2025-06-30,251,0-0,0.324704620783475,103.515604614544,110.321068290877,70.6168147845533,0,2025-06-30,283,0-0,0.26749060782554,99.4555458346067,108.560763422431,69.0958477392315,0
2026-02-03,2026,Atlantic Coast Conference,Duke Blue Devils,Boston College Eagles,67,49,0,Duke,Boston College,2025-06-30,4,0-0,0.944742599380372,118.625225766866,92.6758018278955,69.3058273711142,0,2025-06-30,104,0-0,0.670748623720505,109.307363829057,102.748870410117,70.2021154307837,0
2026-02-03,2026,Atlantic Coast Conference,SMU Mustangs,NC State Wolfpack,83,84,0,SMU,N.C. State,2025-06-30,44,0-0,0.846361198370191,114.265536027834,98.5089546583054,71.900287189876,0,2025-06-30,38,0-0,0.871553208723262,116.456392527171,98.5945347152536,70.8998532657265,0
2026-02-03,2026,Atlantic Coast Conference,Virginia Cavaliers,Pittsburgh Panthers,67,47,0,Virginia,Pittsburgh,2025-06-30,52,0-0,0.826582367244503,114.387031997331,99.8627444623165,68.6897987167616,0,2025-06-30,74,0-0,0.766369634389924,110.862211289613,99.982014914423,69.9772778422929,0
2026-02-03,2026,Big East Conference,DePaul Blue Demons,St. John's Red Storm,56,68,0,DePaul,St. John's,2025-06-30,70,0-0,0.77384319718697,111.572793985224,100.254152138335,70.6086313127839,0,2025-06-30,7,0-0,0.933307225250121,117.979449025742,93.7905103825663,72.2374591238359,0
2026-02-03,2026,Big East Conference,UConn Huskies,Xavier Musketeers,92,60,0,Connecticut,Xavier,2025-06-30,11,0-0,0.929729678758532,118.882392131575,94.9704347525954,67.5988773516862,0,2025-06-30,62,0-0,0.803879945346632,110.541641258184,97.7800661686966,73.3213234370762,0
2026-02-03,2026,Big Ten Conference,UCLA Bruins,Rutgers Scarlet Knights,98,66,0,UCLA,Rutgers,2025-06-30,8,0-0,0.933093472183754,118.174278432901,93.9734105494189,68.5515221205646,0,2025-06-30,94,0-0,0.692330021947288,106.279051236089,99.0419410539569,71.9499557630185,0
2026-02-03,2026,Big Ten Conference,USC Trojans,Indiana Hoosiers,81,75,0,USC,Indiana,2025-06-30,24,0-0,0.905530509520128,115.706524555692,95.060550725435,72.5532402266017,0,2025-06-30,41,0-0,0.866948361430895,114.339595990929,97.1440917599217,70.8942778758433,0
2026-02-04,2026,Atlantic Coast Conference,California Golden Bears,Georgia Tech Yellow Jackets,90,85,0,California,Georgia Tech,2025-06-30,85,0-0,0.714574745259442,109.857097386753,101.431101178498,71.465261390568,0,2025-06-30,90,0-0,0.708382895850102,106.62405396015,98.7045921570929,71.3559461679021,0
2026-02-04,2026,Atlantic Coast Conference,Louisville Cardinals,Notre Dame Fighting Irish,76,65,0,Louisville,Notre Dame,2025-06-30,16,0-0,0.923522168158203,118.741463151991,95.6143578866124,73.2915778727068,0,2025-06-30,66,0-0,0.782745979754288,110.72243983926,99.0446533643418,69.6926182603801,0
2026-02-04,2026,Atlantic Coast Conference,Stanford Cardinal,Clemson Tigers,64,66,0,Stanford,Clemson,2025-06-30,101,0-0,0.673129522121816,105.905067693495,99.4572590883937,70.4203592089205,0,2025-06-30,51,0-0,0.82954151817239,109.676580975131,95.5775040692217,68.1063202047312,0
2026-02-04,2026,Big 12 Conference,Baylor Bears,Colorado Buffaloes,86,67,0,Baylor,Colorado,2025-06-30,34,0-0,0.877198955338908,114.512961496186,96.516778205799,68.1933937597317,0,2025-06-30,98,0-0,0.683544744123586,105.710666085651,98.8634581453619,71.0767848069601,0
2026-02-04,2026,Big 12 Conference,Houston Cougars,UCF Knights,79,55,0,Houston,UCF,2025-06-30,1,0-0,0.959586073333546,117.146188692103,88.9436338805332,65.5420483711854,0,2025-06-30,78,0-0,0.736317108648173,108.727143652807,99.4390241672986,74.7724843952323,0
2026-02-04,2026,Big 12 Conference,Oklahoma State Cowboys,BYU Cougars,99,92,0,Oklahoma St.,BYU,2025-06-30,55,0-0,0.817105929993031,112.4179847706,98.6977403749233,74.0409756910226,0,2025-06-30,6,0-0,0.937491362496672,119.928219196309,94.7672212426591,71.2218950537996,0
2026-02-04,2026,Big 12 Conference,Utah Utes,Arizona State Sun Devils,63,71,0,Utah,Arizona St.,2025-06-30,61,0-0,0.808384400489602,111.66017826627,98.5222280062483,71.6693321311836,0,2025-06-30,75,0-0,0.756393939269118,109.226097777321,98.9779823236436,71.891775822284,0
2026-02-04,2026,Big East Conference,Georgetown Hoyas,Creighton Bluejays,76,68,0,Georgetown,Creighton,2025-06-30,71,0-0,0.773282721977309,110.826004654293,99.6108333968979,71.3704183382937,0,2025-06-30,23,0-0,0.909349965198057,117.930086430666,96.5049447560014,70.6345504645418,0
2026-02-04,2026,Big East Conference,Providence Friars,Butler Bulldogs,97,87,0,Providence,Butler,2025-06-30,57,0-0,0.815534709492928,113.639456212304,99.8610885006946,70.6581320849298,0,2025-06-30,77,0-0,0.741275546420913,110.533456681934,100.865409622521,70.9969095815019,0
2026-02-04,2026,Big East Conference,Villanova Wildcats,Seton Hall Pirates,72,60,0,Villanova,Seton Hall,2025-06-30,45,0-0,0.839472282790067,112.556299115366,97.4754707629067,69.8905107705524,0,2025-06-30,111,0-0,0.642061407443222,107.091836031762,101.786358709979,68.139822670015,0
2026-02-04,2026,Big Ten Conference,Illinois Fighting Illini,Northwestern Wildcats,84,44,0,Illinois,Northwestern,2025-06-30,9,0-0,0.932523277417597,118.258697653393,94.1149645842738,74.3121187465302,0,2025-06-30,68,0-0,0.778756468233006,108.275673877439,97.052438826328,68.6637626142792,0
2026-02-04,2026,Big Ten Conference,Minnesota Golden Gophers,Michigan State Spartans,76,73,0,Minnesota,Michigan St.,2025-06-30,80,0-0,0.732659139667714,108.999482169015,99.8508311496046,69.403837295676,0,2025-06-30,18,0-0,0.915503867845339,114.568914731763,93.1284038883002,70.8233179456464,0
2026-02-04,2026,Big Ten Conference,Washington Huskies,Iowa Hawkeyes,74,84,0,Washington,Iowa,2025-06-30,54,0-0,0.819316622897943,115.743174472588,101.485854816125,71.2846356113691,0,2025-06-30,40,0-0,0.870924341375702,115.482269785483,97.8174916181647,66.9164732062301,0
2026-02-05,2026,Big 12 Conference,Cincinnati Bearcats,West Virginia Mountaineers,54,59,0,Cincinnati,West Virginia,2025-06-30,32,0-0,0.882644711133029,112.510675292678,94.405041459928,69.2108820522917,0,2025-06-30,58,0-0,0.815506923156036,110.515125623386,97.1171312570543,66.4354284213049,0
2026-02-05,2026,Big Sky Conference,Idaho State Bengals,Northern Arizona Lumberjacks,73,79,0,Idaho St.,Northern Arizona,2025-06-30,318,0-0,0.212980177678127,95.0373810528804,106.476808172331,69.4502506405318,0,2025-06-30,218,0-0,0.368525384209343,103.336749369164,108.291139967397,70.061471376034,0
2026-02-05,2026,Big Sky Conference,Montana Grizzlies,Eastern Washington Eagles,74,82,0,Montana,Eastern Washington,2025-06-30,222,0-0,0.364359833662471,101.326384019258,106.350189843948,70.5181552549304,0,2025-06-30,293,0-0,0.251456053197783,99.7954437727468,109.72531057656,72.544794687781,0
2026-02-05,2026,Big Sky Conference,Montana State Bobcats,Idaho Vandals,73,66,0,Montana St.,Idaho,2025-06-30,211,0-0,0.384189726027543,101.008122311636,105.238292277048,70.7461629338138,0,2025-06-30,178,0-0,0.440125395875932,107.046898936406,109.310604018972,70.541830534393,0
2026-02-05,2026,Big Sky Conference,Weber State Wildcats,Northern Colorado Bears,74,88,0,Weber St.,Northern Colorado,2025-06-30,283,0-0,0.26749060782554,99.4555458346067,108.560763422431,69.0958477392315,0,2025-06-30,231,0-0,0.353957964781928,100.842515133684,106.259115934007,71.9615359934916,0
2026-02-05,2026,Big Ten Conference,Maryland Terrapins,Ohio State Buckeyes,62,82,0,Maryland,Ohio St.,2025-06-30,37,0-0,0.87334958468424,111.517033251903,94.2803262548255,70.5118416820935,0,2025-06-30,20,0-0,0.913499283363116,119.231090412694,97.1344138885499,71.0518985253959,0
2026-02-05,2026,Big Ten Conference,Michigan Wolverines,Penn State Nittany Lions,110,69,0,Michigan,Penn St.,2025-06-30,3,0-0,0.944792718959662,119.012295600039,92.9704344000916,72.1091619610474,0,2025-06-30,114,0-0,0.62469533805535,104.032341034857,99.5236414525894,72.3540143595863,0
2026-02-06,2026,Big East Conference,St. John's Red Storm,UConn Huskies,81,72,0,St. John's,Connecticut,2025-06-30,7,0-0,0.933307225250121,117.979449025742,93.7905103825663,72.2374591238359,0,2025-06-30,11,0-0,0.929729678758532,118.882392131575,94.9704347525954,67.5988773516862,0
2026-02-07,2026,Atlantic Coast Conference,Boston College Eagles,Miami Hurricanes,68,74,0,Boston College,Miami FL,2025-06-30,104,0-0,0.670748623720505,109.307363829057,102.748870410117,70.2021154307837,0,2025-06-30,59,0-0,0.813427660480489,113.990229866201,100.290869478134,71.2304362575982,0
2026-02-07,2026,Atlantic Coast Conference,California Golden Bears,Clemson Tigers,55,77,0,California,Clemson,2025-06-30,85,0-0,0.714574745259442,109.857097386753,101.431101178498,71.465261390568,0,2025-06-30,51,0-0,0.82954151817239,109.676580975131,95.5775040692217,68.1063202047312,0
2026-02-07,2026,Atlantic Coast Conference,NC State Wolfpack,Virginia Tech Hokies,82,73,0,N.C. State,Virginia Tech,2025-06-30,38,0-0,0.871553208723262,116.456392527171,98.5945347152536,70.8998532657265,0,2025-06-30,82,0-0,0.724772177838861,110.090755750006,101.20100780661,68.7673241025642,0
2026-02-07,2026,Atlantic Coast Conference,North Carolina Tar Heels,Duke Blue Devils,71,68,0,North Carolina,Duke,2025-06-30,15,0-0,0.924415386771688,116.596717589045,93.7835927543923,73.6918861012229,0,2025-06-30,4,0-0,0.944742599380372,118.625225766866,92.6758018278955,69.3058273711142,0
2026-02-07,2026,Atlantic Coast Conference,Notre Dame Fighting Irish,Florida State Seminoles,79,82,0,Notre Dame,Florida St.,2025-06-30,66,0-0,0.782745979754288,110.72243983926,99.0446533643418,69.6926182603801,0,2025-06-30,81,0-0,0.729918121853582,108.451885796166,99.4697746538931,71.8857439289495,0
2026-02-07,2026,Atlantic Coast Conference,Pittsburgh Panthers,SMU Mustangs,67,86,0,Pittsburgh,SMU,2025-06-30,74,0-0,0.766369634389924,110.862211289613,99.982014914423,69.9772778422929,0,2025-06-30,44,0-0,0.846361198370191,114.265536027834,98.5089546583054,71.900287189876,0
2026-02-07,2026,Atlantic Coast Conference,Stanford Cardinal,Georgia Tech Yellow Jackets,95,72,0,Stanford,Georgia Tech,2025-06-30,101,0-0,0.673129522121816,105.905067693495,99.4572590883937,70.4203592089205,0,2025-06-30,90,0-0,0.708382895850102,106.62405396015,98.7045921570929,71.3559461679021,0
2026-02-07,2026,Atlantic Coast Conference,Virginia Cavaliers,Syracuse Orange,72,59,0,Virginia,Syracuse,2025-06-30,52,0-0,0.826582367244503,114.387031997331,99.8627444623165,68.6897987167616,0,2025-06-30,64,0-0,0.800366895849887,114.725027919869,101.676004434789,71.8539965814551,0
2026-02-07,2026,Atlantic Coast Conference,Wake Forest Demon Deacons,Louisville Cardinals,80,88,0,Wake Forest,Louisville,2025-06-30,79,0-0,0.735190023312254,109.130480204888,99.8582313058309,70.61990850267,0,2025-06-30,16,0-0,0.923522168158203,118.741463151991,95.6143578866124,73.2915778727068,0
2026-02-07,2026,Big 12 Conference,Arizona Wildcats,Oklahoma State Cowboys,84,47,0,Arizona,Oklahoma St.,2025-06-30,14,0-0,0.924586295525848,116.888971754649,93.9986485854365,73.1861701146009,0,2025-06-30,55,0-0,0.817105929993031,112.4179847706,98.6977403749233,74.0409756910226,0
2026-02-07,2026,Big 12 Conference,BYU Cougars,Houston Cougars,66,77,0,BYU,Houston,2025-06-30,6,0-0,0.937491362496672,119.928219196309,94.7672212426591,71.2218950537996,0,2025-06-30,1,0-0,0.959586073333546,117.146188692103,88.9436338805332,65.5420483711854,0
2026-02-07,2026,Big 12 Conference,Colorado Buffaloes,Arizona State Sun Devils,78,70,0,Colorado,Arizona St.,2025-06-30,98,0-0,0.683544744123586,105.710666085651,98.8634581453619,71.0767848069601,0,2025-06-30,75,0-0,0.756393939269118,109.226097777321,98.9779823236436,71.891775822284,0
2026-02-07,2026,Big 12 Conference,Iowa State Cyclones,Baylor Bears,72,69,0,Iowa St.,Baylor,2025-06-30,21,0-0,0.912199706982387,112.309131454657,91.6253388104575,71.8308591819681,0,2025-06-30,34,0-0,0.877198955338908,114.512961496186,96.516778205799,68.1933937597317,0
2026-02-07,2026,Big 12 Conference,Kansas Jayhawks,Utah Utes,71,59,0,Kansas,Utah,2025-06-30,17,0-0,0.91884171627674,113.551833952599,91.9496312576262,71.6763225306324,0,2025-06-30,61,0-0,0.808384400489602,111.66017826627,98.5222280062483,71.6693321311836,0
2026-02-07,2026,Big 12 Conference,TCU Horned Frogs,Kansas State Wildcats,84,82,0,TCU,Kansas St.,2025-06-30,56,0-0,0.815806948828176,110.929426865742,97.4642932715056,69.964841095798,0,2025-06-30,47,0-0,0.833980023317912,111.710273577074,97.0816172318842,70.4905223622173,0
2026-02-07,2026,Big East Conference,Creighton Bluejays,Seton Hall Pirates,69,68,0,Creighton,Seton Hall,2025-06-30,23,0-0,0.909349965198057,117.930086430666,96.5049447560014,70.6345504645418,0,2025-06-30,111,0-0,0.642061407443222,107.091836031762,101.786358709979,68.139822670015,0
2026-02-07,2026,Big East Conference,Georgetown Hoyas,Villanova Wildcats,73,80,0,Georgetown,Villanova,2025-06-30,71,0-0,0.773282721977309,110.826004654293,99.6108333968979,71.3704183382937,0,2025-06-30,45,0-0,0.839472282790067,112.556299115366,97.4754707629067,69.8905107705524,0
2026-02-07,2026,Big East Conference,Marquette Golden Eagles,Butler Bulldogs,70,55,0,Marquette,Butler,2025-06-30,49,0-0,0.83028084795501,109.922268367862,95.7479903700122,71.0305463716899,0,2025-06-30,77,0-0,0.741275546420913,110.533456681934,100.865409622521,70.9969095815019,0
2026-02-07,2026,Big East Conference,Providence Friars,DePaul Blue Demons,90,72,0,Providence,DePaul,2025-06-30,57,0-0,0.815534709492928,113.639456212304,99.8610885006946,70.6581320849298,0,2025-06-30,70,0-0,0.77384319718697,111.572793985224,100.254152138335,70.6086313127839,0
2026-02-07,2026,Big Sky Conference,Idaho State Bengals,Northern Colorado Bears,61,69,0,Idaho St.,Northern Colorado,2025-06-30,318,0-0,0.212980177678127,95.0373810528804,106.476808172331,69.4502506405318,0,2025-06-30,231,0-0,0.353957964781928,100.842515133684,106.259115934007,71.9615359934916,0
2026-02-07,2026,Big Sky Conference,Montana Grizzlies,Idaho Vandals,73,68,0,Montana,Idaho,2025-06-30,222,0-0,0.364359833662471,101.326384019258,106.350189843948,70.5181552549304,0,2025-06-30,178,0-0,0.440125395875932,107.046898936406,109.310604018972,70.541830534393,0
2026-02-07,2026,Big Sky Conference,Montana State Bobcats,Eastern Washington Eagles,71,72,0,Montana St.,Eastern Washington,2025-06-30,211,0-0,0.384189726027543,101.008122311636,105.238292277048,70.7461629338138,0,2025-06-30,293,0-0,0.251456053197783,99.7954437727468,109.72531057656,72.544794687781,0
2026-02-07,2026,Big Sky Conference,Sacramento State Hornets,Portland State Vikings,73,74,0,Sacramento St.,Portland St.,2025-06-30,251,0-0,0.324704620783475,103.515604614544,110.321068290877,70.6168147845533,0,2025-06-30,312,0-0,0.230269981956157,94.5285815677391,104.987392508438,71.5598196495396,0
2026-02-07,2026,Big Sky Conference,Weber State Wildcats,Northern Arizona Lumberjacks,72,53,0,Weber St.,Northern Arizona,2025-06-30,283,0-0,0.26749060782554,99.4555458346067,108.560763422431,69.0958477392315,0,2025-06-30,218,0-0,0.368525384209343,103.336749369164,108.291139967397,70.061471376034,0
2026-02-07,2026,Big Ten Conference,Indiana Hoosiers,Wisconsin Badgers,78,77,0,Indiana,Wisconsin,2025-06-30,41,0-0,0.866948361430895,114.339595990929,97.1440917599217,70.8942778758433,0,2025-06-30,29,0-0,0.888886381368981,114.402930662862,95.4791501258867,71.0246950867304,0
2026-02-07,2026,Big Ten Conference,Michigan State Spartans,Illinois Fighting Illini,85,82,0,Michigan St.,Illinois,2025-06-30,18,0-0,0.915503867845339,114.568914731763,93.1284038883002,70.8233179456464,0,2025-06-30,9,0-0,0.932523277417597,118.258697653393,94.1149645842738,74.3121187465302,0
2026-02-07,2026,Big Ten Conference,Purdue Boilermakers,Oregon Ducks,68,64,0,Purdue,Oregon,2025-06-30,2,0-0,0.945559199779694,121.967969636763,95.1568834244029,68.620202980675,0,2025-06-30,26,0-0,0.897497203485181,114.278819511496,94.6295646395843,71.2430887520299,0
2026-02-07,2026,Big Ten Conference,Rutgers Scarlet Knights,Nebraska Cornhuskers,68,80,0,Rutgers,Nebraska,2025-06-30,94,0-0,0.692330021947288,106.279051236089,99.0419410539569,71.9499557630185,0,2025-06-30,42,0-0,0.852205391481451,113.746542172325,97.6729332900157,71.0143810047455,0
2026-02-07,2026,Big Ten Conference,UCLA Bruins,Washington Huskies,77,73,0,UCLA,Washington,2025-06-30,8,0-0,0.933093472183754,118.174278432901,93.9734105494189,68.5515221205646,0,2025-06-30,54,0-0,0.819316622897943,115.743174472588,101.485854816125,71.2846356113691,0
2026-02-08,2026,Big 12 Conference,Cincinnati Bearcats,UCF Knights,92,72,0,Cincinnati,UCF,2025-06-30,32,0-0,0.882644711133029,112.510675292678,94.405041459928,69.2108820522917,0,2025-06-30,78,0-0,0.736317108648173,108.727143652807,99.4390241672986,74.7724843952323,0
2026-02-08,2026,Big 12 Conference,West Virginia Mountaineers,Texas Tech Red Raiders,63,70,0,West Virginia,Texas Tech,2025-06-30,58,0-0,0.815506923156036,110.515125623386,97.1171312570543,66.4354284213049,0,2025-06-30,27,0-0,0.893332783281334,115.733494848904,96.2054635880394,69.8572953569329,0
2026-02-08,2026,Big Ten Conference,Iowa Hawkeyes,Northwestern Wildcats,76,70,0,Iowa,Northwestern,2025-06-30,40,0-0,0.870924341375702,115.482269785483,97.8174916181647,66.9164732062301,0,2025-06-30,68,0-0,0.778756468233006,108.275673877439,97.052438826328,68.6637626142792,0
2026-02-08,2026,Big Ten Conference,Minnesota Golden Gophers,Maryland Terrapins,62,67,0,Minnesota,Maryland,2025-06-30,80,0-0,0.732659139667714,108.999482169015,99.8508311496046,69.403837295676,0,2025-06-30,37,0-0,0.87334958468424,111.517033251903,94.2803262548255,70.5118416820935,0
2026-02-08,2026,Big Ten Conference,Ohio State Buckeyes,Michigan Wolverines,61,82,0,Ohio St.,Michigan,2025-06-30,20,0-0,0.913499283363116,119.231090412694,97.1344138885499,71.0518985253959,0,2025-06-30,3,0-0,0.944792718959662,119.012295600039,92.9704344000916,72.1091619610474,0
2026-02-08,2026,Big Ten Conference,Penn State Nittany Lions,USC Trojans,75,77,0,Penn St.,USC,2025-06-30,114,0-0,0.62469533805535,104.032341034857,99.5236414525894,72.3540143595863,0,2025-06-30,24,0-0,0.905530509520128,115.706524555692,95.060550725435,72.5532402266017,0
2026-02-09,2026,Atlantic Coast Conference,Louisville Cardinals,NC State Wolfpack,118,77,0,Louisville,N.C. State,2025-06-30,16,0-0,0.923522168158203,118.741463151991,95.6143578866124,73.2915778727068,0,2025-06-30,38,0-0,0.871553208723262,116.456392527171,98.5945347152536,70.8998532657265,0
2026-02-09,2026,Big 12 Conference,Kansas Jayhawks,Arizona Wildcats,82,78,0,Kansas,Arizona,2025-06-30,17,0-0,0.91884171627674,113.551833952599,91.9496312576262,71.6763225306324,0,2025-06-30,14,0-0,0.924586295525848,116.888971754649,93.9986485854365,73.1861701146009,0
2026-02-09,2026,Big East Conference,St. John's Red Storm,Xavier Musketeers,87,82,0,St. John's,Xavier,2025-06-30,7,0-0,0.933307225250121,117.979449025742,93.7905103825663,72.2374591238359,0,2025-06-30,62,0-0,0.803879945346632,110.541641258184,97.7800661686966,73.3213234370762,0
2026-02-09,2026,Big Ten Conference,Indiana Hoosiers,Oregon Ducks,92,74,0,Indiana,Oregon,2025-06-30,41,0-0,0.866948361430895,114.339595990929,97.1440917599217,70.8942778758433,0,2025-06-30,26,0-0,0.897497203485181,114.278819511496,94.6295646395843,71.2430887520299,0
2026-02-10,2026,Atlantic Coast Conference,Florida State Seminoles,Virginia Cavaliers,58,61,0,Florida St.,Virginia,2025-06-30,81,0-0,0.729918121853582,108.451885796166,99.4697746538931,71.8857439289495,0,2025-06-30,52,0-0,0.826582367244503,114.387031997331,99.8627444623165,68.6897987167616,0
2026-02-10,2026,Atlantic Coast Conference,Miami Hurricanes,North Carolina Tar Heels,75,66,0,Miami FL,North Carolina,2025-06-30,59,0-0,0.813427660480489,113.990229866201,100.290869478134,71.2304362575982,0,2025-06-30,15,0-0,0.924415386771688,116.596717589045,93.7835927543923,73.6918861012229,0
2026-02-10,2026,Atlantic Coast Conference,Pittsburgh Panthers,Duke Blue Devils,54,70,0,Pittsburgh,Duke,2025-06-30,74,0-0,0.766369634389924,110.862211289613,99.982014914423,69.9772778422929,0,2025-06-30,4,0-0,0.944742599380372,118.625225766866,92.6758018278955,69.3058273711142,0
2026-02-10,2026,Atlantic Coast Conference,SMU Mustangs,Notre Dame Fighting Irish,89,81,0,SMU,Notre Dame,2025-06-30,44,0-0,0.846361198370191,114.265536027834,98.5089546583054,71.900287189876,0,2025-06-30,66,0-0,0.782745979754288,110.72243983926,99.0446533643418,69.6926182603801,0
2026-02-10,2026,Big 12 Conference,Arizona State Sun Devils,Oklahoma State Cowboys,85,76,0,Arizona St.,Oklahoma St.,2025-06-30,75,0-0,0.756393939269118,109.226097777321,98.9779823236436,71.891775822284,0,2025-06-30,55,0-0,0.817105929993031,112.4179847706,98.6977403749233,74.0409756910226,0
2026-02-10,2026,Big 12 Conference,Baylor Bears,BYU Cougars,94,99,0,Baylor,BYU,2025-06-30,34,0-0,0.877198955338908,114.512961496186,96.516778205799,68.1933937597317,0,2025-06-30,6,0-0,0.937491362496672,119.928219196309,94.7672212426591,71.2218950537996,0
2026-02-10,2026,Big 12 Conference,TCU Horned Frogs,Iowa State Cyclones,62,55,0,TCU,Iowa St.,2025-06-30,56,0-0,0.815806948828176,110.929426865742,97.4642932715056,69.964841095798,0,2025-06-30,21,0-0,0.912199706982387,112.309131454657,91.6253388104575,71.8308591819681,0
2026-02-10,2026,Big 12 Conference,Utah Utes,Houston Cougars,52,66,0,Utah,Houston,2025-06-30,61,0-0,0.808384400489602,111.66017826627,98.5222280062483,71.6693321311836,0,2025-06-30,1,0-0,0.959586073333546,117.146188692103,88.9436338805332,65.5420483711854,0
2026-02-10,2026,Big East Conference,Villanova Wildcats,Marquette Golden Eagles,77,74,0,Villanova,Marquette,2025-06-30,45,0-0,0.839472282790067,112.556299115366,97.4754707629067,69.8905107705524,0,2025-06-30,49,0-0,0.83028084795501,109.922268367862,95.7479903700122,71.0305463716899,0
2026-02-10,2026,Big Ten Conference,Illinois Fighting Illini,Wisconsin Badgers,90,92,0,Illinois,Wisconsin,2025-06-30,9,0-0,0.932523277417597,118.258697653393,94.1149645842738,74.3121187465302,0,2025-06-30,29,0-0,0.888886381368981,114.402930662862,95.4791501258867,71.0246950867304,0
2026-02-10,2026,Big Ten Conference,Nebraska Cornhuskers,Purdue Boilermakers,77,80,0,Nebraska,Purdue,2025-06-30,42,0-0,0.852205391481451,113.746542172325,97.6729332900157,71.0143810047455,0,2025-06-30,2,0-0,0.945559199779694,121.967969636763,95.1568834244029,68.620202980675,0
2026-02-11,2026,Atlantic Coast Conference,Boston College Eagles,Stanford Cardinal,64,70,0,Boston College,Stanford,2025-06-30,104,0-0,0.670748623720505,109.307363829057,102.748870410117,70.2021154307837,0,2025-06-30,101,0-0,0.673129522121816,105.905067693495,99.4572590883937,70.4203592089205,0
2026-02-11,2026,Atlantic Coast Conference,Clemson Tigers,Virginia Tech Hokies,66,76,0,Clemson,Virginia Tech,2025-06-30,51,0-0,0.82954151817239,109.676580975131,95.5775040692217,68.1063202047312,0,2025-06-30,82,0-0,0.724772177838861,110.090755750006,101.20100780661,68.7673241025642,0
2026-02-11,2026,Atlantic Coast Conference,Georgia Tech Yellow Jackets,Wake Forest Demon Deacons,67,83,0,Georgia Tech,Wake Forest,2025-06-30,90,0-0,0.708382895850102,106.62405396015,98.7045921570929,71.3559461679021,0,2025-06-30,79,0-0,0.735190023312254,109.130480204888,99.8582313058309,70.61990850267,0
2026-02-11,2026,Atlantic Coast Conference,Syracuse Orange,California Golden Bears,107,100,0,Syracuse,California,2025-06-30,64,0-0,0.800366895849887,114.725027919869,101.676004434789,71.8539965814551,0,2025-06-30,85,0-0,0.714574745259442,109.857097386753,101.431101178498,71.465261390568,0
2026-02-11,2026,Big 12 Conference,Kansas State Wildcats,Cincinnati Bearcats,62,91,0,Kansas St.,Cincinnati,2025-06-30,47,0-0,0.833980023317912,111.710273577074,97.0816172318842,70.4905223622173,0,2025-06-30,32,0-0,0.882644711133029,112.510675292678,94.405041459928,69.2108820522917,0
2026-02-11,2026,Big 12 Conference,Texas Tech Red Raiders,Colorado Buffaloes,78,44,0,Texas Tech,Colorado,2025-06-30,27,0-0,0.893332783281334,115.733494848904,96.2054635880394,69.8572953569329,0,2025-06-30,98,0-0,0.683544744123586,105.710666085651,98.8634581453619,71.0767848069601,0
2026-02-11,2026,Big East Conference,Butler Bulldogs,UConn Huskies,70,80,0,Butler,Connecticut,2025-06-30,77,0-0,0.741275546420913,110.533456681934,100.865409622521,70.9969095815019,0,2025-06-30,11,0-0,0.929729678758532,118.882392131575,94.9704347525954,67.5988773516862,0
2026-02-11,2026,Big East Conference,DePaul Blue Demons,Creighton Bluejays,72,71,0,DePaul,Creighton,2025-06-30,70,0-0,0.77384319718697,111.572793985224,100.254152138335,70.6086313127839,0,2025-06-30,23,0-0,0.909349965198057,117.930086430666,96.5049447560014,70.6345504645418,0
2026-02-11,2026,Big East Conference,Seton Hall Pirates,Providence Friars,87,80,0,Seton Hall,Providence,2025-06-30,111,0-0,0.642061407443222,107.091836031762,101.786358709979,68.139822670015,0,2025-06-30,57,0-0,0.815534709492928,113.639456212304,99.8610885006946,70.6581320849298,0
2026-02-11,2026,Big Ten Conference,Maryland Terrapins,Iowa Hawkeyes,77,70,0,Maryland,Iowa,2025-06-30,37,0-0,0.87334958468424,111.517033251903,94.2803262548255,70.5118416820935,0,2025-06-30,40,0-0,0.870924341375702,115.482269785483,97.8174916181647,66.9164732062301,0
2026-02-11,2026,Big Ten Conference,Northwestern Wildcats,Michigan Wolverines,75,87,0,Northwestern,Michigan,2025-06-30,68,0-0,0.778756468233006,108.275673877439,97.052438826328,68.6637626142792,0,2025-06-30,3,0-0,0.944792718959662,119.012295600039,92.9704344000916,72.1091619610474,0
2026-02-11,2026,Big Ten Conference,Ohio State Buckeyes,USC Trojans,89,82,0,Ohio St.,USC,2025-06-30,20,0-0,0.913499283363116,119.231090412694,97.1344138885499,71.0518985253959,0,2025-06-30,24,0-0,0.905530509520128,115.706524555692,95.060550725435,72.5532402266017,0
2026-02-11,2026,Big Ten Conference,Washington Huskies,Penn State Nittany Lions,60,63,0,Washington,Penn St.,2025-06-30,54,0-0,0.819316622897943,115.743174472588,101.485854816125,71.2846356113691,0,2025-06-30,114,0-0,0.62469533805535,104.032341034857,99.5236414525894,72.3540143595863,0
2026-02-12,2026,Big Sky Conference,Eastern Washington Eagles,Idaho State Bengals,88,75,0,Eastern Washington,Idaho St.,2025-06-30,293,0-0,0.251456053197783,99.7954437727468,109.72531057656,72.544794687781,0,2025-06-30,318,0-0,0.212980177678127,95.0373810528804,106.476808172331,69.4502506405318,0
2026-02-12,2026,Big Sky Conference,Idaho Vandals,Weber State Wildcats,72,83,0,Idaho,Weber St.,2025-06-30,178,0-0,0.440125395875932,107.046898936406,109.310604018972,70.541830534393,0,2025-06-30,283,0-0,0.26749060782554,99.4555458346067,108.560763422431,69.0958477392315,0
2026-02-12,2026,Big Sky Conference,Northern Arizona Lumberjacks,Portland State Vikings,68,77,0,Northern Arizona,Portland St.,2025-06-30,218,0-0,0.368525384209343,103.336749369164,108.291139967397,70.061471376034,0,2025-06-30,312,0-0,0.230269981956157,94.5285815677391,104.987392508438,71.5598196495396,0
2026-02-12,2026,Big Sky Conference,Northern Colorado Bears,Sacramento State Hornets,95,79,0,Northern Colorado,Sacramento St.,2025-06-30,231,0-0,0.353957964781928,100.842515133684,106.259115934007,71.9615359934916,0,2025-06-30,251,0-0,0.324704620783475,103.515604614544,110.321068290877,70.6168147845533,0
2026-02-13,2026,Big Ten Conference,Wisconsin Badgers,Michigan State Spartans,92,71,0,Wisconsin,Michigan St.,2025-06-30,29,0-0,0.888886381368981,114.402930662862,95.4791501258867,71.0246950867304,0,2025-06-30,18,0-0,0.915503867845339,114.568914731763,93.1284038883002,70.8233179456464,0
2026-02-14,2026,Atlantic Coast Conference,Boston College Eagles,California Golden Bears,75,86,0,Boston College,California,2025-06-30,104,0-0,0.670748623720505,109.307363829057,102.748870410117,70.2021154307837,0,2025-06-30,85,0-0,0.714574745259442,109.857097386753,101.431101178498,71.465261390568,0
2026-02-14,2026,Atlantic Coast Conference,Duke Blue Devils,Clemson Tigers,67,54,0,Duke,Clemson,2025-06-30,4,0-0,0.944742599380372,118.625225766866,92.6758018278955,69.3058273711142,0,2025-06-30,51,0-0,0.82954151817239,109.676580975131,95.5775040692217,68.1063202047312,0
2026-02-14,2026,Atlantic Coast Conference,NC State Wolfpack,Miami Hurricanes,76,77,0,N.C. State,Miami FL,2025-06-30,38,0-0,0.871553208723262,116.456392527171,98.5945347152536,70.8998532657265,0,2025-06-30,59,0-0,0.813427660480489,113.990229866201,100.290869478134,71.2304362575982,0
2026-02-14,2026,Atlantic Coast Conference,North Carolina Tar Heels,Pittsburgh Panthers,79,65,0,North Carolina,Pittsburgh,2025-06-30,15,0-0,0.924415386771688,116.596717589045,93.7835927543923,73.6918861012229,0,2025-06-30,74,0-0,0.766369634389924,110.862211289613,99.982014914423,69.9772778422929,0
2026-02-14,2026,Atlantic Coast Conference,Notre Dame Fighting Irish,Georgia Tech Yellow Jackets,89,74,0,Notre Dame,Georgia Tech,2025-06-30,66,0-0,0.782745979754288,110.72243983926,99.0446533643418,69.6926182603801,0,2025-06-30,90,0-0,0.708382895850102,106.62405396015,98.7045921570929,71.3559461679021,0
2026-02-14,2026,Atlantic Coast Conference,Syracuse Orange,SMU Mustangs,79,78,0,Syracuse,SMU,2025-06-30,64,0-0,0.800366895849887,114.725027919869,101.676004434789,71.8539965814551,0,2025-06-30,44,0-0,0.846361198370191,114.265536027834,98.5089546583054,71.900287189876,0
2026-02-14,2026,Atlantic Coast Conference,Virginia Tech Hokies,Florida State Seminoles,69,92,0,Virginia Tech,Florida St.,2025-06-30,82,0-0,0.724772177838861,110.090755750006,101.20100780661,68.7673241025642,0,2025-06-30,81,0-0,0.729918121853582,108.451885796166,99.4697746538931,71.8857439289495,0
2026-02-14,2026,Atlantic Coast Conference,Wake Forest Demon Deacons,Stanford Cardinal,68,63,0,Wake Forest,Stanford,2025-06-30,79,0-0,0.735190023312254,109.130480204888,99.8582313058309,70.61990850267,0,2025-06-30,101,0-0,0.673129522121816,105.905067693495,99.4572590883937,70.4203592089205,0
2026-02-14,2026,Big 12 Conference,Arizona Wildcats,Texas Tech Red Raiders,75,78,0,Arizona,Texas Tech,2025-06-30,14,0-0,0.924586295525848,116.888971754649,93.9986485854365,73.1861701146009,0,2025-06-30,27,0-0,0.893332783281334,115.733494848904,96.2054635880394,69.8572953569329,0
2026-02-14,2026,Big 12 Conference,BYU Cougars,Colorado Buffaloes,90,86,0,BYU,Colorado,2025-06-30,6,0-0,0.937491362496672,119.928219196309,94.7672212426591,71.2218950537996,0,2025-06-30,98,0-0,0.683544744123586,105.710666085651,98.8634581453619,71.0767848069601,0
2026-02-14,2026,Big 12 Conference,Houston Cougars,Kansas State Wildcats,78,64,0,Houston,Kansas St.,2025-06-30,1,0-0,0.959586073333546,117.146188692103,88.9436338805332,65.5420483711854,0,2025-06-30,47,0-0,0.833980023317912,111.710273577074,97.0816172318842,70.4905223622173,0
2026-02-14,2026,Big 12 Conference,Iowa State Cyclones,Kansas Jayhawks,74,56,0,Iowa St.,Kansas,2025-06-30,21,0-0,0.912199706982387,112.309131454657,91.6253388104575,71.8308591819681,0,2025-06-30,17,0-0,0.91884171627674,113.551833952599,91.9496312576262,71.6763225306324,0
2026-02-14,2026,Big 12 Conference,Oklahoma State Cowboys,TCU Horned Frogs,92,95,0,Oklahoma St.,TCU,2025-06-30,55,0-0,0.817105929993031,112.4179847706,98.6977403749233,74.0409756910226,0,2025-06-30,56,0-0,0.815806948828176,110.929426865742,97.4642932715056,69.964841095798,0
2026-02-14,2026,Big 12 Conference,UCF Knights,West Virginia Mountaineers,67,74,0,UCF,West Virginia,2025-06-30,78,0-0,0.736317108648173,108.727143652807,99.4390241672986,74.7724843952323,0,2025-06-30,58,0-0,0.815506923156036,110.515125623386,97.1171312570543,66.4354284213049,0
2026-02-14,2026,Big East Conference,Creighton Bluejays,Villanova Wildcats,69,80,0,Creighton,Villanova,2025-06-30,23,0-0,0.909349965198057,117.930086430666,96.5049447560014,70.6345504645418,0,2025-06-30,45,0-0,0.839472282790067,112.556299115366,97.4754707629067,69.8905107705524,0
2026-02-14,2026,Big East Conference,Providence Friars,St. John's Red Storm,69,79,0,Providence,St. John's,2025-06-30,57,0-0,0.815534709492928,113.639456212304,99.8610885006946,70.6581320849298,0,2025-06-30,7,0-0,0.933307225250121,117.979449025742,93.7905103825663,72.2374591238359,0
2026-02-14,2026,Big East Conference,UConn Huskies,Georgetown Hoyas,79,75,0,Connecticut,Georgetown,2025-06-30,11,0-0,0.929729678758532,118.882392131575,94.9704347525954,67.5988773516862,0,2025-06-30,71,0-0,0.773282721977309,110.826004654293,99.6108333968979,71.3704183382937,0
2026-02-14,2026,Big East Conference,Xavier Musketeers,Marquette Golden Eagles,96,88,0,Xavier,Marquette,2025-06-30,62,0-0,0.803879945346632,110.541641258184,97.7800661686966,73.3213234370762,0,2025-06-30,49,0-0,0.83028084795501,109.922268367862,95.7479903700122,71.0305463716899,0
2026-02-14,2026,Big Sky Conference,Eastern Washington Eagles,Weber State Wildcats,84,66,0,Eastern Washington,Weber St.,2025-06-30,293,0-0,0.251456053197783,99.7954437727468,109.72531057656,72.544794687781,0,2025-06-30,283,0-0,0.26749060782554,99.4555458346067,108.560763422431,69.0958477392315,0
2026-02-14,2026,Big Sky Conference,Idaho Vandals,Idaho State Bengals,99,69,0,Idaho,Idaho St.,2025-06-30,178,0-0,0.440125395875932,107.046898936406,109.310604018972,70.541830534393,0,2025-06-30,318,0-0,0.212980177678127,95.0373810528804,106.476808172331,69.4502506405318,0
2026-02-14,2026,Big Sky Conference,Montana Grizzlies,Montana State Bobcats,71,82,0,Montana,Montana St.,2025-06-30,222,0-0,0.364359833662471,101.326384019258,106.350189843948,70.5181552549304,0,2025-06-30,211,0-0,0.384189726027543,101.008122311636,105.238292277048,70.7461629338138,0
2026-02-14,2026,Big Sky Conference,Northern Arizona Lumberjacks,Sacramento State Hornets,79,74,0,Northern Arizona,Sacramento St.,2025-06-30,218,0-0,0.368525384209343,103.336749369164,108.291139967397,70.061471376034,0,2025-06-30,251,0-0,0.324704620783475,103.515604614544,110.321068290877,70.6168147845533,0
2026-02-14,2026,Big Sky Conference,Northern Colorado Bears,Portland State Vikings,77,65,0,Northern Colorado,Portland St.,2025-06-30,231,0-0,0.353957964781928,100.842515133684,106.259115934007,71.9615359934916,0,2025-06-30,312,0-0,0.230269981956157,94.5285815677391,104.987392508438,71.5598196495396,0
2026-02-14,2026,Big Ten Conference,Iowa Hawkeyes,Purdue Boilermakers,57,78,0,Iowa,Purdue,2025-06-30,40,0-0,0.870924341375702,115.482269785483,97.8174916181647,66.9164732062301,0,2025-06-30,2,0-0,0.945559199779694,121.967969636763,95.1568834244029,68.620202980675,0
2026-02-14,2026,Big Ten Conference,Michigan Wolverines,UCLA Bruins,86,56,0,Michigan,UCLA,2025-06-30,3,0-0,0.944792718959662,119.012295600039,92.9704344000916,72.1091619610474,0,2025-06-30,8,0-0,0.933093472183754,118.174278432901,93.9734105494189,68.5515221205646,0
2026-02-14,2026,Big Ten Conference,Nebraska Cornhuskers,Northwestern Wildcats,68,49,0,Nebraska,Northwestern,2025-06-30,42,0-0,0.852205391481451,113.746542172325,97.6729332900157,71.0143810047455,0,2025-06-30,68,0-0,0.778756468233006,108.275673877439,97.052438826328,68.6637626142792,0
2026-02-14,2026,Big Ten Conference,Oregon Ducks,Penn State Nittany Lions,83,72,0,Oregon,Penn St.,2025-06-30,26,0-0,0.897497203485181,114.278819511496,94.6295646395843,71.2430887520299,0,2025-06-30,114,0-0,0.62469533805535,104.032341034857,99.5236414525894,72.3540143595863,0
2026-02-14,2026,Big Ten Conference,Washington Huskies,Minnesota Golden Gophers,69,57,0,Washington,Minnesota,2025-06-30,54,0-0,0.819316622897943,115.743174472588,101.485854816125,71.2846356113691,0,2025-06-30,80,0-0,0.732659139667714,108.999482169015,99.8508311496046,69.403837295676,0
2026-02-15,2026,Big 12 Conference,Cincinnati Bearcats,Utah Utes,69,65,0,Cincinnati,Utah,2025-06-30,32,0-0,0.882644711133029,112.510675292678,94.405041459928,69.2108820522917,0,2025-06-30,61,0-0,0.808384400489602,111.66017826627,98.5222280062483,71.6693321311836,0
2026-02-15,2026,Big East Conference,Butler Bulldogs,Seton Hall Pirates,56,63,0,Butler,Seton Hall,2025-06-30,77,0-0,0.741275546420913,110.533456681934,100.865409622521,70.9969095815019,0,2025-06-30,111,0-0,0.642061407443222,107.091836031762,101.786358709979,68.139822670015,0
2026-02-15,2026,Big Ten Conference,Illinois Fighting Illini,Indiana Hoosiers,71,51,0,Illinois,Indiana,2025-06-30,9,0-0,0.932523277417597,118.258697653393,94.1149645842738,74.3121187465302,0,2025-06-30,41,0-0,0.866948361430895,114.339595990929,97.1440917599217,70.8942778758433,0
2026-02-15,2026,Big Ten Conference,Rutgers Scarlet Knights,Maryland Terrapins,68,57,0,Rutgers,Maryland,2025-06-30,94,0-0,0.692330021947288,106.279051236089,99.0419410539569,71.9499557630185,0,2025-06-30,37,0-0,0.87334958468424,111.517033251903,94.2803262548255,70.5118416820935,0
2026-02-16,2026,Atlantic Coast Conference,Duke Blue Devils,Syracuse Orange,101,64,0,Duke,Syracuse,2025-06-30,4,0-0,0.944742599380372,118.625225766866,92.6758018278955,69.3058273711142,0,2025-06-30,64,0-0,0.800366895849887,114.725027919869,101.676004434789,71.8539965814551,0
2026-02-16,2026,Big 12 Conference,Iowa State Cyclones,Houston Cougars,70,67,0,Iowa St.,Houston,2025-06-30,21,0-0,0.912199706982387,112.309131454657,91.6253388104575,71.8308591819681,0,2025-06-30,1,0-0,0.959586073333546,117.146188692103,88.9436338805332,65.5420483711854,0
2026-02-17,2026,Atlantic Coast Conference,Florida State Seminoles,Boston College Eagles,80,72,0,Florida St.,Boston College,2025-06-30,81,0-0,0.729918121853582,108.451885796166,99.4697746538931,71.8857439289495,0,2025-06-30,104,0-0,0.670748623720505,109.307363829057,102.748870410117,70.2021154307837,0
2026-02-17,2026,Atlantic Coast Conference,Miami Hurricanes,Virginia Tech Hokies,67,66,0,Miami FL,Virginia Tech,2025-06-30,59,0-0,0.813427660480489,113.990229866201,100.290869478134,71.2304362575982,0,2025-06-30,82,0-0,0.724772177838861,110.090755750006,101.20100780661,68.7673241025642,0
2026-02-17,2026,Atlantic Coast Conference,NC State Wolfpack,North Carolina Tar Heels,82,58,0,N.C. State,North Carolina,2025-06-30,38,0-0,0.871553208723262,116.456392527171,98.5945347152536,70.8998532657265,0,2025-06-30,15,0-0,0.924415386771688,116.596717589045,93.7835927543923,73.6918861012229,0
2026-02-17,2026,Atlantic Coast Conference,SMU Mustangs,Louisville Cardinals,95,85,0,SMU,Louisville,2025-06-30,44,0-0,0.846361198370191,114.265536027834,98.5089546583054,71.900287189876,0,2025-06-30,16,0-0,0.923522168158203,118.741463151991,95.6143578866124,73.2915778727068,0
2026-02-17,2026,Big 12 Conference,Arizona State Sun Devils,Texas Tech Red Raiders,72,67,0,Arizona St.,Texas Tech,2025-06-30,75,0-0,0.756393939269118,109.226097777321,98.9779823236436,71.891775822284,0,2025-06-30,27,0-0,0.893332783281334,115.733494848904,96.2054635880394,69.8572953569329,0
2026-02-17,2026,Big 12 Conference,Kansas State Wildcats,Baylor Bears,90,74,0,Kansas St.,Baylor,2025-06-30,47,0-0,0.833980023317912,111.710273577074,97.0816172318842,70.4905223622173,0,2025-06-30,34,0-0,0.877198955338908,114.512961496186,96.516778205799,68.1933937597317,0
2026-02-17,2026,Big 12 Conference,UCF Knights,TCU Horned Frogs,82,71,0,UCF,TCU,2025-06-30,78,0-0,0.736317108648173,108.727143652807,99.4390241672986,74.7724843952323,0,2025-06-30,56,0-0,0.815806948828176,110.929426865742,97.4642932715056,69.964841095798,0
2026-02-17,2026,Big East Conference,Xavier Musketeers,Villanova Wildcats,89,92,0,Xavier,Villanova,2025-06-30,62,0-0,0.803879945346632,110.541641258184,97.7800661686966,73.3213234370762,0,2025-06-30,45,0-0,0.839472282790067,112.556299115366,97.4754707629067,69.8905107705524,0
2026-02-17,2026,Big Ten Conference,Iowa Hawkeyes,Nebraska Cornhuskers,57,52,0,Iowa,Nebraska,2025-06-30,40,0-0,0.870924341375702,115.482269785483,97.8174916181647,66.9164732062301,0,2025-06-30,42,0-0,0.852205391481451,113.746542172325,97.6729332900157,71.0143810047455,0
2026-02-17,2026,Big Ten Conference,Michigan State Spartans,UCLA Bruins,82,59,0,Michigan St.,UCLA,2025-06-30,18,0-0,0.915503867845339,114.568914731763,93.1284038883002,70.8233179456464,0,2025-06-30,8,0-0,0.933093472183754,118.174278432901,93.9734105494189,68.5515221205646,0
2026-02-17,2026,Big Ten Conference,Ohio State Buckeyes,Wisconsin Badgers,86,69,0,Ohio St.,Wisconsin,2025-06-30,20,0-0,0.913499283363116,119.231090412694,97.1344138885499,71.0518985253959,0,2025-06-30,29,0-0,0.888886381368981,114.402930662862,95.4791501258867,71.0246950867304,0
2026-02-17,2026,Big Ten Conference,Oregon Ducks,Minnesota Golden Gophers,44,61,0,Oregon,Minnesota,2025-06-30,26,0-0,0.897497203485181,114.278819511496,94.6295646395843,71.2430887520299,0,2025-06-30,80,0-0,0.732659139667714,108.999482169015,99.8508311496046,69.403837295676,0
2026-02-17,2026,Big Ten Conference,Purdue Boilermakers,Michigan Wolverines,80,91,0,Purdue,Michigan,2025-06-30,2,0-0,0.945559199779694,121.967969636763,95.1568834244029,68.620202980675,0,2025-06-30,3,0-0,0.944792718959662,119.012295600039,92.9704344000916,72.1091619610474,0
2026-02-18,2026,Atlantic Coast Conference,Georgia Tech Yellow Jackets,Virginia Cavaliers,68,94,0,Georgia Tech,Virginia,2025-06-30,90,0-0,0.708382895850102,106.62405396015,98.7045921570929,71.3559461679021,0,2025-06-30,52,0-0,0.826582367244503,114.387031997331,99.8627444623165,68.6897987167616,0
2026-02-18,2026,Atlantic Coast Conference,Wake Forest Demon Deacons,Clemson Tigers,85,77,0,Wake Forest,Clemson,2025-06-30,79,0-0,0.735190023312254,109.130480204888,99.8582313058309,70.61990850267,0,2025-06-30,51,0-0,0.82954151817239,109.676580975131,95.5775040692217,68.1063202047312,0
2026-02-18,2026,Big 12 Conference,Arizona Wildcats,BYU Cougars,75,68,0,Arizona,BYU,2025-06-30,14,0-0,0.924586295525848,116.888971754649,93.9986485854365,73.1861701146009,0,2025-06-30,6,0-0,0.937491362496672,119.928219196309,94.7672212426591,71.2218950537996,0
2026-02-18,2026,Big 12 Conference,Oklahoma State Cowboys,Kansas Jayhawks,69,81,0,Oklahoma St.,Kansas,2025-06-30,55,0-0,0.817105929993031,112.4179847706,98.6977403749233,74.0409756910226,0,2025-06-30,17,0-0,0.91884171627674,113.551833952599,91.9496312576262,71.6763225306324,0
2026-02-18,2026,Big 12 Conference,West Virginia Mountaineers,Utah Utes,56,61,0,West Virginia,Utah,2025-06-30,58,0-0,0.815506923156036,110.515125623386,97.1171312570543,66.4354284213049,0,2025-06-30,61,0-0,0.808384400489602,111.66017826627,98.5222280062483,71.6693321311836,0
2026-02-18,2026,Big East Conference,Georgetown Hoyas,Butler Bulldogs,89,93,0,Georgetown,Butler,2025-06-30,71,0-0,0.773282721977309,110.826004654293,99.6108333968979,71.3704183382937,0,2025-06-30,77,0-0,0.741275546420913,110.533456681934,100.865409622521,70.9969095815019,0
2026-02-18,2026,Big East Conference,Marquette Golden Eagles,St. John's Red Storm,70,76,0,Marquette,St. John's,2025-06-30,49,0-0,0.83028084795501,109.922268367862,95.7479903700122,71.0305463716899,0,2025-06-30,7,0-0,0.933307225250121,117.979449025742,93.7905103825663,72.2374591238359,0
2026-02-18,2026,Big East Conference,Seton Hall Pirates,DePaul Blue Demons,57,69,0,Seton Hall,DePaul,2025-06-30,111,0-0,0.642061407443222,107.091836031762,101.786358709979,68.139822670015,0,2025-06-30,70,0-0,0.77384319718697,111.572793985224,100.254152138335,70.6086313127839,0
2026-02-18,2026,Big East Conference,UConn Huskies,Creighton Bluejays,84,91,0,Connecticut,Creighton,2025-06-30,11,0-0,0.929729678758532,118.882392131575,94.9704347525954,67.5988773516862,0,2025-06-30,23,0-0,0.909349965198057,117.930086430666,96.5049447560014,70.6345504645418,0
2026-02-18,2026,Big Ten Conference,Northwestern Wildcats,Maryland Terrapins,78,74,0,Northwestern,Maryland,2025-06-30,68,0-0,0.778756468233006,108.275673877439,97.052438826328,68.6637626142792,0,2025-06-30,37,0-0,0.87334958468424,111.517033251903,94.2803262548255,70.5118416820935,0
2026-02-18,2026,Big Ten Conference,Penn State Nittany Lions,Rutgers Scarlet Knights,72,85,0,Penn St.,Rutgers,2025-06-30,114,0-0,0.62469533805535,104.032341034857,99.5236414525894,72.3540143595863,0,2025-06-30,94,0-0,0.692330021947288,106.279051236089,99.0419410539569,71.9499557630185,0
2026-02-18,2026,Big Ten Conference,USC Trojans,Illinois Fighting Illini,65,101,0,USC,Illinois,2025-06-30,24,0-0,0.905530509520128,115.706524555692,95.060550725435,72.5532402266017,0,2025-06-30,9,0-0,0.932523277417597,118.258697653393,94.1149645842738,74.3121187465302,0
2026-02-19,2026,Big Sky Conference,Idaho State Bengals,Montana Grizzlies,73,69,0,Idaho St.,Montana,2025-06-30,318,0-0,0.212980177678127,95.0373810528804,106.476808172331,69.4502506405318,0,2025-06-30,222,0-0,0.364359833662471,101.326384019258,106.350189843948,70.5181552549304,0
2026-02-19,2026,Big Sky Conference,Portland State Vikings,Idaho Vandals,77,67,0,Portland St.,Idaho,2025-06-30,312,0-0,0.230269981956157,94.5285815677391,104.987392508438,71.5598196495396,0,2025-06-30,178,0-0,0.440125395875932,107.046898936406,109.310604018972,70.541830534393,0
2026-02-19,2026,Big Sky Conference,Sacramento State Hornets,Eastern Washington Eagles,94,102,0,Sacramento St.,Eastern Washington,2025-06-30,251,0-0,0.324704620783475,103.515604614544,110.321068290877,70.6168147845533,0,2025-06-30,293,0-0,0.251456053197783,99.7954437727468,109.72531057656,72.544794687781,0
2026-02-19,2026,Big Sky Conference,Weber State Wildcats,Montana State Bobcats,82,79,0,Weber St.,Montana St.,2025-06-30,283,0-0,0.26749060782554,99.4555458346067,108.560763422431,69.0958477392315,0,2025-06-30,211,0-0,0.384189726027543,101.008122311636,105.238292277048,70.7461629338138,0
2026-02-20,2026,Big Ten Conference,Purdue Boilermakers,Indiana Hoosiers,93,64,0,Purdue,Indiana,2025-06-30,2,0-0,0.945559199779694,121.967969636763,95.1568834244029,68.620202980675,0,2025-06-30,41,0-0,0.866948361430895,114.339595990929,97.1440917599217,70.8942778758433,0
2026-02-21,2026,Atlantic Coast Conference,California Golden Bears,Stanford Cardinal,72,66,0,California,Stanford,2025-06-30,85,0-0,0.714574745259442,109.857097386753,101.431101178498,71.465261390568,0,2025-06-30,101,0-0,0.673129522121816,105.905067693495,99.4572590883937,70.4203592089205,0
2026-02-21,2026,Atlantic Coast Conference,Clemson Tigers,Florida State Seminoles,65,70,0,Clemson,Florida St.,2025-06-30,51,0-0,0.82954151817239,109.676580975131,95.5775040692217,68.1063202047312,0,2025-06-30,81,0-0,0.729918121853582,108.451885796166,99.4697746538931,71.8857439289495,0
2026-02-21,2026,Atlantic Coast Conference,Louisville Cardinals,Georgia Tech Yellow Jackets,87,70,0,Louisville,Georgia Tech,2025-06-30,16,0-0,0.923522168158203,118.741463151991,95.6143578866124,73.2915778727068,0,2025-06-30,90,0-0,0.708382895850102,106.62405396015,98.7045921570929,71.3559461679021,0
2026-02-21,2026,Atlantic Coast Conference,Pittsburgh Panthers,Notre Dame Fighting Irish,73,68,0,Pittsburgh,Notre Dame,2025-06-30,74,0-0,0.766369634389924,110.862211289613,99.982014914423,69.9772778422929,0,2025-06-30,66,0-0,0.782745979754288,110.72243983926,99.0446533643418,69.6926182603801,0
2026-02-21,2026,Atlantic Coast Conference,SMU Mustangs,Boston College Eagles,94,70,0,SMU,Boston College,2025-06-30,44,0-0,0.846361198370191,114.265536027834,98.5089546583054,71.900287189876,0,2025-06-30,104,0-0,0.670748623720505,109.307363829057,102.748870410117,70.2021154307837,0
2026-02-21,2026,Atlantic Coast Conference,Syracuse Orange,North Carolina Tar Heels,64,77,0,Syracuse,North Carolina,2025-06-30,64,0-0,0.800366895849887,114.725027919869,101.676004434789,71.8539965814551,0,2025-06-30,15,0-0,0.924415386771688,116.596717589045,93.7835927543923,73.6918861012229,0
2026-02-21,2026,Atlantic Coast Conference,Virginia Cavaliers,Miami Hurricanes,86,83,0,Virginia,Miami FL,2025-06-30,52,0-0,0.826582367244503,114.387031997331,99.8627444623165,68.6897987167616,0,2025-06-30,59,0-0,0.813427660480489,113.990229866201,100.290869478134,71.2304362575982,0
2026-02-21,2026,Atlantic Coast Conference,Virginia Tech Hokies,Wake Forest Demon Deacons,82,63,0,Virginia Tech,Wake Forest,2025-06-30,82,0-0,0.724772177838861,110.090755750006,101.20100780661,68.7673241025642,0,2025-06-30,79,0-0,0.735190023312254,109.130480204888,99.8582313058309,70.61990850267,0
2026-02-21,2026,Big 12 Conference,BYU Cougars,Iowa State Cyclones,79,69,0,BYU,Iowa St.,2025-06-30,6,0-0,0.937491362496672,119.928219196309,94.7672212426591,71.2218950537996,0,2025-06-30,21,0-0,0.912199706982387,112.309131454657,91.6253388104575,71.8308591819681,0
2026-02-21,2026,Big 12 Conference,Baylor Bears,Arizona State Sun Devils,73,68,0,Baylor,Arizona St.,2025-06-30,34,0-0,0.877198955338908,114.512961496186,96.516778205799,68.1933937597317,0,2025-06-30,75,0-0,0.756393939269118,109.226097777321,98.9779823236436,71.891775822284,0
2026-02-21,2026,Big 12 Conference,Colorado Buffaloes,Oklahoma State Cowboys,83,69,0,Colorado,Oklahoma St.,2025-06-30,98,0-0,0.683544744123586,105.710666085651,98.8634581453619,71.0767848069601,0,2025-06-30,55,0-0,0.817105929993031,112.4179847706,98.6977403749233,74.0409756910226,0
2026-02-21,2026,Big 12 Conference,Houston Cougars,Arizona Wildcats,66,73,0,Houston,Arizona,2025-06-30,1,0-0,0.959586073333546,117.146188692103,88.9436338805332,65.5420483711854,0,2025-06-30,14,0-0,0.924586295525848,116.888971754649,93.9986485854365,73.1861701146009,0
2026-02-21,2026,Big 12 Conference,Kansas Jayhawks,Cincinnati Bearcats,68,84,0,Kansas,Cincinnati,2025-06-30,17,0-0,0.91884171627674,113.551833952599,91.9496312576262,71.6763225306324,0,2025-06-30,32,0-0,0.882644711133029,112.510675292678,94.405041459928,69.2108820522917,0
2026-02-21,2026,Big 12 Conference,TCU Horned Frogs,West Virginia Mountaineers,60,54,0,TCU,West Virginia,2025-06-30,56,0-0,0.815806948828176,110.929426865742,97.4642932715056,69.964841095798,0,2025-06-30,58,0-0,0.815506923156036,110.515125623386,97.1171312570543,66.4354284213049,0
2026-02-21,2026,Big 12 Conference,Texas Tech Red Raiders,Kansas State Wildcats,100,72,0,Texas Tech,Kansas St.,2025-06-30,27,0-0,0.893332783281334,115.733494848904,96.2054635880394,69.8572953569329,0,2025-06-30,47,0-0,0.833980023317912,111.710273577074,97.0816172318842,70.4905223622173,0
2026-02-21,2026,Big 12 Conference,Utah Utes,UCF Knights,71,73,0,Utah,UCF,2025-06-30,61,0-0,0.808384400489602,111.66017826627,98.5222280062483,71.6693321311836,0,2025-06-30,78,0-0,0.736317108648173,108.727143652807,99.4390241672986,74.7724843952323,0
2026-02-21,2026,Big East Conference,Butler Bulldogs,Xavier Musketeers,80,75,0,Butler,Xavier,2025-06-30,77,0-0,0.741275546420913,110.533456681934,100.865409622521,70.9969095815019,0,2025-06-30,62,0-0,0.803879945346632,110.541641258184,97.7800661686966,73.3213234370762,0
2026-02-21,2026,Big East Conference,DePaul Blue Demons,Providence Friars,68,71,0,DePaul,Providence,2025-06-30,70,0-0,0.77384319718697,111.572793985224,100.254152138335,70.6086313127839,0,2025-06-30,57,0-0,0.815534709492928,113.639456212304,99.8610885006946,70.6581320849298,0
2026-02-21,2026,Big East Conference,Seton Hall Pirates,Georgetown Hoyas,51,47,0,Seton Hall,Georgetown,2025-06-30,111,0-0,0.642061407443222,107.091836031762,101.786358709979,68.139822670015,0,2025-06-30,71,0-0,0.773282721977309,110.826004654293,99.6108333968979,71.3704183382937,0
2026-02-21,2026,Big East Conference,St. John's Red Storm,Creighton Bluejays,81,52,0,St. John's,Creighton,2025-06-30,7,0-0,0.933307225250121,117.979449025742,93.7905103825663,72.2374591238359,0,2025-06-30,23,0-0,0.909349965198057,117.930086430666,96.5049447560014,70.6345504645418,0
2026-02-21,2026,Big East Conference,Villanova Wildcats,UConn Huskies,63,73,0,Villanova,Connecticut,2025-06-30,45,0-0,0.839472282790067,112.556299115366,97.4754707629067,69.8905107705524,0,2025-06-30,11,0-0,0.929729678758532,118.882392131575,94.9704347525954,67.5988773516862,0
2026-02-21,2026,Big Sky Conference,Idaho State Bengals,Montana State Bobcats,91,76,0,Idaho St.,Montana St.,2025-06-30,318,0-0,0.212980177678127,95.0373810528804,106.476808172331,69.4502506405318,0,2025-06-30,211,0-0,0.384189726027543,101.008122311636,105.238292277048,70.7461629338138,0
2026-02-21,2026,Big Sky Conference,Northern Colorado Bears,Northern Arizona Lumberjacks,78,77,0,Northern Colorado,Northern Arizona,2025-06-30,231,0-0,0.353957964781928,100.842515133684,106.259115934007,71.9615359934916,0,2025-06-30,218,0-0,0.368525384209343,103.336749369164,108.291139967397,70.061471376034,0
2026-02-21,2026,Big Sky Conference,Portland State Vikings,Eastern Washington Eagles,55,67,0,Portland St.,Eastern Washington,2025-06-30,312,0-0,0.230269981956157,94.5285815677391,104.987392508438,71.5598196495396,0,2025-06-30,293,0-0,0.251456053197783,99.7954437727468,109.72531057656,72.544794687781,0
2026-02-21,2026,Big Sky Conference,Sacramento State Hornets,Idaho Vandals,80,86,0,Sacramento St.,Idaho,2025-06-30,251,0-0,0.324704620783475,103.515604614544,110.321068290877,70.6168147845533,0,2025-06-30,178,0-0,0.440125395875932,107.046898936406,109.310604018972,70.541830534393,0
2026-02-21,2026,Big Sky Conference,Weber State Wildcats,Montana Grizzlies,92,72,0,Weber St.,Montana,2025-06-30,283,0-0,0.26749060782554,99.4555458346067,108.560763422431,69.0958477392315,0,2025-06-30,222,0-0,0.364359833662471,101.326384019258,106.350189843948,70.5181552549304,0
2026-02-21,2026,Big Ten Conference,Maryland Terrapins,Washington Huskies,64,60,0,Maryland,Washington,2025-06-30,37,0-0,0.87334958468424,111.517033251903,94.2803262548255,70.5118416820935,0,2025-06-30,54,0-0,0.819316622897943,115.743174472588,101.485854816125,71.2846356113691,0
2026-02-21,2026,Big Ten Conference,Minnesota Golden Gophers,Rutgers Scarlet Knights,80,61,0,Minnesota,Rutgers,2025-06-30,80,0-0,0.732659139667714,108.999482169015,99.8508311496046,69.403837295676,0,2025-06-30,94,0-0,0.692330021947288,106.279051236089,99.0419410539569,71.9499557630185,0
2026-02-21,2026,Big Ten Conference,Nebraska Cornhuskers,Penn State Nittany Lions,87,64,0,Nebraska,Penn St.,2025-06-30,42,0-0,0.852205391481451,113.746542172325,97.6729332900157,71.0143810047455,0,2025-06-30,114,0-0,0.62469533805535,104.032341034857,99.5236414525894,72.3540143595863,0
2026-02-21,2026,Big Ten Conference,UCLA Bruins,Illinois Fighting Illini,95,94,0,UCLA,Illinois,2025-06-30,8,0-0,0.933093472183754,118.174278432901,93.9734105494189,68.5515221205646,0,2025-06-30,9,0-0,0.932523277417597,118.258697653393,94.1149645842738,74.3121187465302,0
2026-02-21,2026,Big Ten Conference,USC Trojans,Oregon Ducks,70,71,0,USC,Oregon,2025-06-30,24,0-0,0.905530509520128,115.706524555692,95.060550725435,72.5532402266017,0,2025-06-30,26,0-0,0.897497203485181,114.278819511496,94.6295646395843,71.2430887520299,0
2026-02-22,2026,Big Ten Conference,Michigan State Spartans,Ohio State Buckeyes,66,60,0,Michigan St.,Ohio St.,2025-06-30,18,0-0,0.915503867845339,114.568914731763,93.1284038883002,70.8233179456464,0,2025-06-30,20,0-0,0.913499283363116,119.231090412694,97.1344138885499,71.0518985253959,0
2026-02-22,2026,Big Ten Conference,Wisconsin Badgers,Iowa Hawkeyes,84,71,0,Wisconsin,Iowa,2025-06-30,29,0-0,0.888886381368981,114.402930662862,95.4791501258867,71.0246950867304,0,2025-06-30,40,0-0,0.870924341375702,115.482269785483,97.8174916181647,66.9164732062301,0
2026-02-23,2026,Atlantic Coast Conference,North Carolina Tar Heels,Louisville Cardinals,77,74,0,North Carolina,Louisville,2025-06-30,15,0-0,0.924415386771688,116.596717589045,93.7835927543923,73.6918861012229,0,2025-06-30,16,0-0,0.923522168158203,118.741463151991,95.6143578866124,73.2915778727068,0
2026-02-23,2026,Big 12 Conference,Kansas Jayhawks,Houston Cougars,69,56,0,Kansas,Houston,2025-06-30,17,0-0,0.91884171627674,113.551833952599,91.9496312576262,71.6763225306324,0,2025-06-30,1,0-0,0.959586073333546,117.146188692103,88.9436338805332,65.5420483711854,0
2026-02-24,2026,Atlantic Coast Conference,Florida State Seminoles,Miami Hurricanes,73,83,0,Florida St.,Miami FL,2025-06-30,81,0-0,0.729918121853582,108.451885796166,99.4697746538931,71.8857439289495,0,2025-06-30,59,0-0,0.813427660480489,113.990229866201,100.290869478134,71.2304362575982,0
2026-02-24,2026,Atlantic Coast Conference,Notre Dame Fighting Irish,Duke Blue Devils,56,100,0,Notre Dame,Duke,2025-06-30,66,0-0,0.782745979754288,110.72243983926,99.0446533643418,69.6926182603801,0,2025-06-30,4,0-0,0.944742599380372,118.625225766866,92.6758018278955,69.3058273711142,0
2026-02-24,2026,Atlantic Coast Conference,Virginia Cavaliers,NC State Wolfpack,90,61,0,Virginia,N.C. State,2025-06-30,52,0-0,0.826582367244503,114.387031997331,99.8627444623165,68.6897987167616,0,2025-06-30,38,0-0,0.871553208723262,116.456392527171,98.5945347152536,70.8998532657265,0
2026-02-24,2026,Big 12 Conference,BYU Cougars,UCF Knights,84,97,0,BYU,UCF,2025-06-30,6,0-0,0.937491362496672,119.928219196309,94.7672212426591,71.2218950537996,0,2025-06-30,78,0-0,0.736317108648173,108.727143652807,99.4390241672986,74.7724843952323,0
2026-02-24,2026,Big 12 Conference,Baylor Bears,Arizona Wildcats,80,87,0,Baylor,Arizona,2025-06-30,34,0-0,0.877198955338908,114.512961496186,96.516778205799,68.1933937597317,0,2025-06-30,14,0-0,0.924586295525848,116.888971754649,93.9986485854365,73.1861701146009,0
2026-02-24,2026,Big 12 Conference,Oklahoma State Cowboys,West Virginia Mountaineers,91,84,0,Oklahoma St.,West Virginia,2025-06-30,55,0-0,0.817105929993031,112.4179847706,98.6977403749233,74.0409756910226,0,2025-06-30,58,0-0,0.815506923156036,110.515125623386,97.1171312570543,66.4354284213049,0
2026-02-24,2026,Big 12 Conference,TCU Horned Frogs,Arizona State Sun Devils,90,78,0,TCU,Arizona St.,2025-06-30,56,0-0,0.815806948828176,110.929426865742,97.4642932715056,69.964841095798,0,2025-06-30,75,0-0,0.756393939269118,109.226097777321,98.9779823236436,71.891775822284,0
2026-02-24,2026,Big 12 Conference,Texas Tech Red Raiders,Cincinnati Bearcats,80,68,0,Texas Tech,Cincinnati,2025-06-30,27,0-0,0.893332783281334,115.733494848904,96.2054635880394,69.8572953569329,0,2025-06-30,32,0-0,0.882644711133029,112.510675292678,94.405041459928,69.2108820522917,0
2026-02-24,2026,Big 12 Conference,Utah Utes,Iowa State Cyclones,59,75,0,Utah,Iowa St.,2025-06-30,61,0-0,0.808384400489602,111.66017826627,98.5222280062483,71.6693321311836,0,2025-06-30,21,0-0,0.912199706982387,112.309131454657,91.6253388104575,71.8308591819681,0
2026-02-24,2026,Big East Conference,Georgetown Hoyas,Marquette Golden Eagles,60,76,0,Georgetown,Marquette,2025-06-30,71,0-0,0.773282721977309,110.826004654293,99.6108333968979,71.3704183382937,0,2025-06-30,49,0-0,0.83028084795501,109.922268367862,95.7479903700122,71.0305463716899,0
2026-02-24,2026,Big Ten Conference,Indiana Hoosiers,Northwestern Wildcats,68,72,0,Indiana,Northwestern,2025-06-30,41,0-0,0.866948361430895,114.339595990929,97.1440917599217,70.8942778758433,0,2025-06-30,68,0-0,0.778756468233006,108.275673877439,97.052438826328,68.6637626142792,0
2026-02-24,2026,Big Ten Conference,Michigan Wolverines,Minnesota Golden Gophers,77,67,0,Michigan,Minnesota,2025-06-30,3,0-0,0.944792718959662,119.012295600039,92.9704344000916,72.1091619610474,0,2025-06-30,80,0-0,0.732659139667714,108.999482169015,99.8508311496046,69.403837295676,0
2026-02-24,2026,Big Ten Conference,Rutgers Scarlet Knights,Washington Huskies,72,79,0,Rutgers,Washington,2025-06-30,94,0-0,0.692330021947288,106.279051236089,99.0419410539569,71.9499557630185,0,2025-06-30,54,0-0,0.819316622897943,115.743174472588,101.485854816125,71.2846356113691,0
2026-02-24,2026,Big Ten Conference,UCLA Bruins,USC Trojans,81,62,0,UCLA,USC,2025-06-30,8,0-0,0.933093472183754,118.174278432901,93.9734105494189,68.5515221205646,0,2025-06-30,24,0-0,0.905530509520128,115.706524555692,95.060550725435,72.5532402266017,0
2026-02-25,2026,Atlantic Coast Conference,Boston College Eagles,Wake Forest Demon Deacons,68,67,0,Boston College,Wake Forest,2025-06-30,104,0-0,0.670748623720505,109.307363829057,102.748870410117,70.2021154307837,0,2025-06-30,79,0-0,0.735190023312254,109.130480204888,99.8582313058309,70.61990850267,0
2026-02-25,2026,Atlantic Coast Conference,California Golden Bears,SMU Mustangs,73,69,0,California,SMU,2025-06-30,85,0-0,0.714574745259442,109.857097386753,101.431101178498,71.465261390568,0,2025-06-30,44,0-0,0.846361198370191,114.265536027834,98.5089546583054,71.900287189876,0
2026-02-25,2026,Atlantic Coast Conference,Stanford Cardinal,Pittsburgh Panthers,75,67,0,Stanford,Pittsburgh,2025-06-30,101,0-0,0.673129522121816,105.905067693495,99.4572590883937,70.4203592089205,0,2025-06-30,74,0-0,0.766369634389924,110.862211289613,99.982014914423,69.9772778422929,0
2026-02-25,2026,Big 12 Conference,Colorado Buffaloes,Kansas State Wildcats,79,70,0,Colorado,Kansas St.,2025-06-30,98,0-0,0.683544744123586,105.710666085651,98.8634581453619,71.0767848069601,0,2025-06-30,47,0-0,0.833980023317912,111.710273577074,97.0816172318842,70.4905223622173,0
2026-02-25,2026,Big East Conference,Creighton Bluejays,DePaul Blue Demons,71,72,0,Creighton,DePaul,2025-06-30,23,0-0,0.909349965198057,117.930086430666,96.5049447560014,70.6345504645418,0,2025-06-30,70,0-0,0.77384319718697,111.572793985224,100.254152138335,70.6086313127839,0
2026-02-25,2026,Big East Conference,Providence Friars,Xavier Musketeers,94,84,0,Providence,Xavier,2025-06-30,57,0-0,0.815534709492928,113.639456212304,99.8610885006946,70.6581320849298,0,2025-06-30,62,0-0,0.803879945346632,110.541641258184,97.7800661686966,73.3213234370762,0
2026-02-25,2026,Big East Conference,UConn Huskies,St. John's Red Storm,72,40,0,Connecticut,St. John's,2025-06-30,11,0-0,0.929729678758532,118.882392131575,94.9704347525954,67.5988773516862,0,2025-06-30,7,0-0,0.933307225250121,117.979449025742,93.7905103825663,72.2374591238359,0
2026-02-25,2026,Big East Conference,Villanova Wildcats,Butler Bulldogs,82,73,0,Villanova,Butler,2025-06-30,45,0-0,0.839472282790067,112.556299115366,97.4754707629067,69.8905107705524,0,2025-06-30,77,0-0,0.741275546420913,110.533456681934,100.865409622521,70.9969095815019,0
2026-02-25,2026,Big Ten Conference,Iowa Hawkeyes,Ohio State Buckeyes,74,57,0,Iowa,Ohio St.,2025-06-30,40,0-0,0.870924341375702,115.482269785483,97.8174916181647,66.9164732062301,0,2025-06-30,20,0-0,0.913499283363116,119.231090412694,97.1344138885499,71.0518985253959,0
2026-02-25,2026,Big Ten Conference,Nebraska Cornhuskers,Maryland Terrapins,74,61,0,Nebraska,Maryland,2025-06-30,42,0-0,0.852205391481451,113.746542172325,97.6729332900157,71.0143810047455,0,2025-06-30,37,0-0,0.87334958468424,111.517033251903,94.2803262548255,70.5118416820935,0
2026-02-25,2026,Big Ten Conference,Oregon Ducks,Wisconsin Badgers,85,71,0,Oregon,Wisconsin,2025-06-30,26,0-0,0.897497203485181,114.278819511496,94.6295646395843,71.2430887520299,0,2025-06-30,29,0-0,0.888886381368981,114.402930662862,95.4791501258867,71.0246950867304,0
2026-02-26,2026,Big Sky Conference,Eastern Washington Eagles,Northern Colorado Bears,82,72,0,Eastern Washington,Northern Colorado,2025-06-30,293,0-0,0.251456053197783,99.7954437727468,109.72531057656,72.544794687781,0,2025-06-30,231,0-0,0.353957964781928,100.842515133684,106.259115934007,71.9615359934916,0
2026-02-26,2026,Big Sky Conference,Idaho Vandals,Northern Arizona Lumberjacks,78,58,0,Idaho,Northern Arizona,2025-06-30,178,0-0,0.440125395875932,107.046898936406,109.310604018972,70.541830534393,0,2025-06-30,218,0-0,0.368525384209343,103.336749369164,108.291139967397,70.061471376034,0
2026-02-26,2026,Big Sky Conference,Montana Grizzlies,Sacramento State Hornets,81,73,0,Montana,Sacramento St.,2025-06-30,222,0-0,0.364359833662471,101.326384019258,106.350189843948,70.5181552549304,0,2025-06-30,251,0-0,0.324704620783475,103.515604614544,110.321068290877,70.6168147845533,0
2026-02-26,2026,Big Sky Conference,Montana State Bobcats,Portland State Vikings,84,69,0,Montana St.,Portland St.,2025-06-30,211,0-0,0.384189726027543,101.008122311636,105.238292277048,70.7461629338138,0,2025-06-30,312,0-0,0.230269981956157,94.5285815677391,104.987392508438,71.5598196495396,0
2026-02-26,2026,Big Ten Conference,Purdue Boilermakers,Michigan State Spartans,74,76,0,Purdue,Michigan St.,2025-06-30,2,0-0,0.945559199779694,121.967969636763,95.1568834244029,68.620202980675,0,2025-06-30,18,0-0,0.915503867845339,114.568914731763,93.1284038883002,70.8233179456464,0
2026-02-27,2026,Big Ten Conference,Illinois Fighting Illini,Michigan Wolverines,70,84,0,Illinois,Michigan,2025-06-30,9,0-0,0.932523277417597,118.258697653393,94.1149645842738,74.3121187465302,0,2025-06-30,3,0-0,0.944792718959662,119.012295600039,92.9704344000916,72.1091619610474,0
2026-02-28,2026,Atlantic Coast Conference,California Golden Bears,Pittsburgh Panthers,56,72,0,California,Pittsburgh,2025-06-30,85,0-0,0.714574745259442,109.857097386753,101.431101178498,71.465261390568,0,2025-06-30,74,0-0,0.766369634389924,110.862211289613,99.982014914423,69.9772778422929,0
2026-02-28,2026,Atlantic Coast Conference,Clemson Tigers,Louisville Cardinals,80,75,0,Clemson,Louisville,2025-06-30,51,0-0,0.82954151817239,109.676580975131,95.5775040692217,68.1063202047312,0,2025-06-30,16,0-0,0.923522168158203,118.741463151991,95.6143578866124,73.2915778727068,0
2026-02-28,2026,Atlantic Coast Conference,Duke Blue Devils,Virginia Cavaliers,77,51,0,Duke,Virginia,2025-06-30,4,0-0,0.944742599380372,118.625225766866,92.6758018278955,69.3058273711142,0,2025-06-30,52,0-0,0.826582367244503,114.387031997331,99.8627444623165,68.6897987167616,0
2026-02-28,2026,Atlantic Coast Conference,Georgia Tech Yellow Jackets,Florida State Seminoles,71,80,0,Georgia Tech,Florida St.,2025-06-30,90,0-0,0.708382895850102,106.62405396015,98.7045921570929,71.3559461679021,0,2025-06-30,81,0-0,0.729918121853582,108.451885796166,99.4697746538931,71.8857439289495,0
2026-02-28,2026,Atlantic Coast Conference,Miami Hurricanes,Boston College Eagles,76,54,0,Miami FL,Boston College,2025-06-30,59,0-0,0.813427660480489,113.990229866201,100.290869478134,71.2304362575982,0,2025-06-30,104,0-0,0.670748623720505,109.307363829057,102.748870410117,70.2021154307837,0
2026-02-28,2026,Atlantic Coast Conference,North Carolina Tar Heels,Virginia Tech Hokies,89,82,0,North Carolina,Virginia Tech,2025-06-30,15,0-0,0.924415386771688,116.596717589045,93.7835927543923,73.6918861012229,0,2025-06-30,82,0-0,0.724772177838861,110.090755750006,101.20100780661,68.7673241025642,0
2026-02-28,2026,Atlantic Coast Conference,Notre Dame Fighting Irish,NC State Wolfpack,96,90,0,Notre Dame,N.C. State,2025-06-30,66,0-0,0.782745979754288,110.72243983926,99.0446533643418,69.6926182603801,0,2025-06-30,38,0-0,0.871553208723262,116.456392527171,98.5945347152536,70.8998532657265,0
2026-02-28,2026,Atlantic Coast Conference,Stanford Cardinal,SMU Mustangs,95,75,0,Stanford,SMU,2025-06-30,101,0-0,0.673129522121816,105.905067693495,99.4572590883937,70.4203592089205,0,2025-06-30,44,0-0,0.846361198370191,114.265536027834,98.5089546583054,71.900287189876,0
2026-02-28,2026,Atlantic Coast Conference,Wake Forest Demon Deacons,Syracuse Orange,88,83,0,Wake Forest,Syracuse,2025-06-30,79,0-0,0.735190023312254,109.130480204888,99.8582313058309,70.61990850267,0,2025-06-30,64,0-0,0.800366895849887,114.725027919869,101.676004434789,71.8539965814551,0
2026-02-28,2026,Big 12 Conference,Arizona State Sun Devils,Utah Utes,73,60,0,Arizona St.,Utah,2025-06-30,75,0-0,0.756393939269118,109.226097777321,98.9779823236436,71.891775822284,0,2025-06-30,61,0-0,0.808384400489602,111.66017826627,98.5222280062483,71.6693321311836,0
2026-02-28,2026,Big 12 Conference,Arizona Wildcats,Kansas Jayhawks,84,61,0,Arizona,Kansas,2025-06-30,14,0-0,0.924586295525848,116.888971754649,93.9986485854365,73.1861701146009,0,2025-06-30,17,0-0,0.91884171627674,113.551833952599,91.9496312576262,71.6763225306324,0
2026-02-28,2026,Big 12 Conference,Cincinnati Bearcats,Oklahoma State Cowboys,91,68,0,Cincinnati,Oklahoma St.,2025-06-30,32,0-0,0.882644711133029,112.510675292678,94.405041459928,69.2108820522917,0,2025-06-30,55,0-0,0.817105929993031,112.4179847706,98.6977403749233,74.0409756910226,0
2026-02-28,2026,Big 12 Conference,Houston Cougars,Colorado Buffaloes,102,62,0,Houston,Colorado,2025-06-30,1,0-0,0.959586073333546,117.146188692103,88.9436338805332,65.5420483711854,0,2025-06-30,98,0-0,0.683544744123586,105.710666085651,98.8634581453619,71.0767848069601,0
2026-02-28,2026,Big 12 Conference,Iowa State Cyclones,Texas Tech Red Raiders,73,82,0,Iowa St.,Texas Tech,2025-06-30,21,0-0,0.912199706982387,112.309131454657,91.6253388104575,71.8308591819681,0,2025-06-30,27,0-0,0.893332783281334,115.733494848904,96.2054635880394,69.8572953569329,0
2026-02-28,2026,Big 12 Conference,Kansas State Wildcats,TCU Horned Frogs,68,77,0,Kansas St.,TCU,2025-06-30,47,0-0,0.833980023317912,111.710273577074,97.0816172318842,70.4905223622173,0,2025-06-30,56,0-0,0.815806948828176,110.929426865742,97.4642932715056,69.964841095798,0
2026-02-28,2026,Big 12 Conference,UCF Knights,Baylor Bears,86,87,0,UCF,Baylor,2025-06-30,78,0-0,0.736317108648173,108.727143652807,99.4390241672986,74.7724843952323,0,2025-06-30,34,0-0,0.877198955338908,114.512961496186,96.516778205799,68.1933937597317,0
2026-02-28,2026,Big 12 Conference,West Virginia Mountaineers,BYU Cougars,79,71,0,West Virginia,BYU,2025-06-30,58,0-0,0.815506923156036,110.515125623386,97.1171312570543,66.4354284213049,0,2025-06-30,6,0-0,0.937491362496672,119.928219196309,94.7672212426591,71.2218950537996,0
2026-02-28,2026,Big East Conference,Creighton Bluejays,Providence Friars,76,79,0,Creighton,Providence,2025-06-30,23,0-0,0.909349965198057,117.930086430666,96.5049447560014,70.6345504645418,0,2025-06-30,57,0-0,0.815534709492928,113.639456212304,99.8610885006946,70.6581320849298,0
2026-02-28,2026,Big East Conference,St. John's Red Storm,Villanova Wildcats,89,57,0,St. John's,Villanova,2025-06-30,7,0-0,0.933307225250121,117.979449025742,93.7905103825663,72.2374591238359,0,2025-06-30,45,0-0,0.839472282790067,112.556299115366,97.4754707629067,69.8905107705524,0
2026-02-28,2026,Big East Conference,UConn Huskies,Seton Hall Pirates,71,67,0,Connecticut,Seton Hall,2025-06-30,11,0-0,0.929729678758532,118.882392131575,94.9704347525954,67.5988773516862,0,2025-06-30,111,0-0,0.642061407443222,107.091836031762,101.786358709979,68.139822670015,0
2026-02-28,2026,Big East Conference,Xavier Musketeers,Georgetown Hoyas,91,84,0,Xavier,Georgetown,2025-06-30,62,0-0,0.803879945346632,110.541641258184,97.7800661686966,73.3213234370762,0,2025-06-30,71,0-0,0.773282721977309,110.826004654293,99.6108333968979,71.3704183382937,0
2026-02-28,2026,Big Sky Conference,Eastern Washington Eagles,Northern Arizona Lumberjacks,88,57,0,Eastern Washington,Northern Arizona,2025-06-30,293,0-0,0.251456053197783,99.7954437727468,109.72531057656,72.544794687781,0,2025-06-30,218,0-0,0.368525384209343,103.336749369164,108.291139967397,70.061471376034,0
2026-02-28,2026,Big Sky Conference,Idaho State Bengals,Weber State Wildcats,73,83,0,Idaho St.,Weber St.,2025-06-30,318,0-0,0.212980177678127,95.0373810528804,106.476808172331,69.4502506405318,0,2025-06-30,283,0-0,0.26749060782554,99.4555458346067,108.560763422431,69.0958477392315,0
2026-02-28,2026,Big Sky Conference,Idaho Vandals,Northern Colorado Bears,67,76,0,Idaho,Northern Colorado,2025-06-30,178,0-0,0.440125395875932,107.046898936406,109.310604018972,70.541830534393,0,2025-06-30,231,0-0,0.353957964781928,100.842515133684,106.259115934007,71.9615359934916,0
2026-02-28,2026,Big Sky Conference,Montana Grizzlies,Portland State Vikings,74,68,0,Montana,Portland St.,2025-06-30,222,0-0,0.364359833662471,101.326384019258,106.350189843948,70.5181552549304,0,2025-06-30,312,0-0,0.230269981956157,94.5285815677391,104.987392508438,71.5598196495396,0
2026-02-28,2026,Big Sky Conference,Montana State Bobcats,Sacramento State Hornets,82,61,0,Montana St.,Sacramento St.,2025-06-30,211,0-0,0.384189726027543,101.008122311636,105.238292277048,70.7461629338138,0,2025-06-30,251,0-0,0.324704620783475,103.515604614544,110.321068290877,70.6168147845533,0
2026-02-28,2026,Big Ten Conference,Minnesota Golden Gophers,UCLA Bruins,78,73,0,Minnesota,UCLA,2025-06-30,80,0-0,0.732659139667714,108.999482169015,99.8508311496046,69.403837295676,0,2025-06-30,8,0-0,0.933093472183754,118.174278432901,93.9734105494189,68.5515221205646,0
2026-02-28,2026,Big Ten Conference,Northwestern Wildcats,Oregon Ducks,63,62,0,Northwestern,Oregon,2025-06-30,68,0-0,0.778756468233006,108.275673877439,97.052438826328,68.6637626142792,0,2025-06-30,26,0-0,0.897497203485181,114.278819511496,94.6295646395843,71.2430887520299,0
2026-02-28,2026,Big Ten Conference,Penn State Nittany Lions,Iowa Hawkeyes,71,69,0,Penn St.,Iowa,2025-06-30,114,0-0,0.62469533805535,104.032341034857,99.5236414525894,72.3540143595863,0,2025-06-30,40,0-0,0.870924341375702,115.482269785483,97.8174916181647,66.9164732062301,0
2026-02-28,2026,Big Ten Conference,USC Trojans,Nebraska Cornhuskers,67,82,0,USC,Nebraska,2025-06-30,24,0-0,0.905530509520128,115.706524555692,95.060550725435,72.5532402266017,0,2025-06-30,42,0-0,0.852205391481451,113.746542172325,97.6729332900157,71.0143810047455,0
2026-02-28,2026,Big Ten Conference,Washington Huskies,Wisconsin Badgers,73,90,0,Washington,Wisconsin,2025-06-30,54,0-0,0.819316622897943,115.743174472588,101.485854816125,71.2846356113691,0,2025-06-30,29,0-0,0.888886381368981,114.402930662862,95.4791501258867,71.0246950867304,0
2026-03-01,2026,Big East Conference,Marquette Golden Eagles,DePaul Blue Demons,51,62,0,Marquette,DePaul,2025-06-30,49,0-0,0.83028084795501,109.922268367862,95.7479903700122,71.0305463716899,0,2025-06-30,70,0-0,0.77384319718697,111.572793985224,100.254152138335,70.6086313127839,0
2026-03-01,2026,Big Ten Conference,Indiana Hoosiers,Michigan State Spartans,64,77,0,Indiana,Michigan St.,2025-06-30,41,0-0,0.866948361430895,114.339595990929,97.1440917599217,70.8942778758433,0,2025-06-30,18,0-0,0.915503867845339,114.568914731763,93.1284038883002,70.8233179456464,0
2026-03-01,2026,Big Ten Conference,Maryland Terrapins,Rutgers Scarlet Knights,65,69,0,Maryland,Rutgers,2025-06-30,37,0-0,0.87334958468424,111.517033251903,94.2803262548255,70.5118416820935,0,2025-06-30,94,0-0,0.692330021947288,106.279051236089,99.0419410539569,71.9499557630185,0
2026-03-01,2026,Big Ten Conference,Ohio State Buckeyes,Purdue Boilermakers,82,74,0,Ohio St.,Purdue,2025-06-30,20,0-0,0.913499283363116,119.231090412694,97.1344138885499,71.0518985253959,0,2025-06-30,2,0-0,0.945559199779694,121.967969636763,95.1568834244029,68.620202980675,0
2026-03-02,2026,Atlantic Coast Conference,NC State Wolfpack,Duke Blue Devils,64,93,0,N.C. State,Duke,2025-06-30,38,0-0,0.871553208723262,116.456392527171,98.5945347152536,70.8998532657265,0,2025-06-30,4,0-0,0.944742599380372,118.625225766866,92.6758018278955,69.3058273711142,0
2026-03-02,2026,Big 12 Conference,Arizona Wildcats,Iowa State Cyclones,73,57,0,Arizona,Iowa St.,2025-06-30,14,0-0,0.924586295525848,116.888971754649,93.9986485854365,73.1861701146009,0,2025-06-30,21,0-0,0.912199706982387,112.309131454657,91.6253388104575,71.8308591819681,0
2026-03-02,2026,Big Sky Conference,Eastern Washington Eagles,Idaho Vandals,81,85,0,Eastern Washington,Idaho,2025-06-30,293,0-0,0.251456053197783,99.7954437727468,109.72531057656,72.544794687781,0,2025-06-30,178,0-0,0.440125395875932,107.046898936406,109.310604018972,70.541830534393,0
2026-03-02,2026,Big Sky Conference,Northern Arizona Lumberjacks,Montana State Bobcats,65,76,0,Northern Arizona,Montana St.,2025-06-30,218,0-0,0.368525384209343,103.336749369164,108.291139967397,70.061471376034,0,2025-06-30,211,0-0,0.384189726027543,101.008122311636,105.238292277048,70.7461629338138,0
2026-03-02,2026,Big Sky Conference,Northern Colorado Bears,Montana Grizzlies,85,57,0,Northern Colorado,Montana,2025-06-30,231,0-0,0.353957964781928,100.842515133684,106.259115934007,71.9615359934916,0,2025-06-30,222,0-0,0.364359833662471,101.326384019258,106.350189843948,70.5181552549304,0
2026-03-02,2026,Big Sky Conference,Portland State Vikings,Weber State Wildcats,84,60,0,Portland St.,Weber St.,2025-06-30,312,0-0,0.230269981956157,94.5285815677391,104.987392508438,71.5598196495396,0,2025-06-30,283,0-0,0.26749060782554,99.4555458346067,108.560763422431,69.0958477392315,0
2026-03-02,2026,Big Sky Conference,Sacramento State Hornets,Idaho State Bengals,83,65,0,Sacramento St.,Idaho St.,2025-06-30,251,0-0,0.324704620783475,103.515604614544,110.321068290877,70.6168147845533,0,2025-06-30,318,0-0,0.212980177678127,95.0373810528804,106.476808172331,69.4502506405318,0
2026-03-03,2026,Atlantic Coast Conference,Louisville Cardinals,Syracuse Orange,77,62,0,Louisville,Syracuse,2025-06-30,16,0-0,0.923522168158203,118.741463151991,95.6143578866124,73.2915778727068,0,2025-06-30,64,0-0,0.800366895849887,114.725027919869,101.676004434789,71.8539965814551,0
2026-03-03,2026,Atlantic Coast Conference,North Carolina Tar Heels,Clemson Tigers,67,63,0,North Carolina,Clemson,2025-06-30,15,0-0,0.924415386771688,116.596717589045,93.7835927543923,73.6918861012229,0,2025-06-30,51,0-0,0.82954151817239,109.676580975131,95.5775040692217,68.1063202047312,0
2026-03-03,2026,Atlantic Coast Conference,Virginia Cavaliers,Wake Forest Demon Deacons,75,70,0,Virginia,Wake Forest,2025-06-30,52,0-0,0.826582367244503,114.387031997331,99.8627444623165,68.6897987167616,0,2025-06-30,79,0-0,0.735190023312254,109.130480204888,99.8582313058309,70.61990850267,0
2026-03-03,2026,Atlantic Coast Conference,Virginia Tech Hokies,Boston College Eagles,72,63,0,Virginia Tech,Boston College,2025-06-30,82,0-0,0.724772177838861,110.090755750006,101.20100780661,68.7673241025642,0,2025-06-30,104,0-0,0.670748623720505,109.307363829057,102.748870410117,70.2021154307837,0
2026-03-03,2026,Big 12 Conference,Arizona State Sun Devils,Kansas Jayhawks,70,60,0,Arizona St.,Kansas,2025-06-30,75,0-0,0.756393939269118,109.226097777321,98.9779823236436,71.891775822284,0,2025-06-30,17,0-0,0.91884171627674,113.551833952599,91.9496312576262,71.6763225306324,0
2026-03-03,2026,Big 12 Conference,Cincinnati Bearcats,BYU Cougars,90,68,0,Cincinnati,BYU,2025-06-30,32,0-0,0.882644711133029,112.510675292678,94.405041459928,69.2108820522917,0,2025-06-30,6,0-0,0.937491362496672,119.928219196309,94.7672212426591,71.2218950537996,0
2026-03-03,2026,Big 12 Conference,Kansas State Wildcats,West Virginia Mountaineers,65,63,0,Kansas St.,West Virginia,2025-06-30,47,0-0,0.833980023317912,111.710273577074,97.0816172318842,70.4905223622173,0,2025-06-30,58,0-0,0.815506923156036,110.515125623386,97.1171312570543,66.4354284213049,0
2026-03-03,2026,Big 12 Conference,Texas Tech Red Raiders,TCU Horned Frogs,65,73,0,Texas Tech,TCU,2025-06-30,27,0-0,0.893332783281334,115.733494848904,96.2054635880394,69.8572953569329,0,2025-06-30,56,0-0,0.815806948828176,110.929426865742,97.4642932715056,69.964841095798,0
2026-03-03,2026,Big 12 Conference,UCF Knights,Oklahoma State Cowboys,104,111,0,UCF,Oklahoma St.,2025-06-30,78,0-0,0.736317108648173,108.727143652807,99.4390241672986,74.7724843952323,0,2025-06-30,55,0-0,0.817105929993031,112.4179847706,98.6977403749233,74.0409756910226,0
2026-03-03,2026,Big 12 Conference,Utah Utes,Colorado Buffaloes,78,92,0,Utah,Colorado,2025-06-30,61,0-0,0.808384400489602,111.66017826627,98.5222280062483,71.6693321311836,0,2025-06-30,98,0-0,0.683544744123586,105.710666085651,98.8634581453619,71.0767848069601,0
2026-03-03,2026,Big East Conference,St. John's Red Storm,Georgetown Hoyas,72,69,0,St. John's,Georgetown,2025-06-30,7,0-0,0.933307225250121,117.979449025742,93.7905103825663,72.2374591238359,0,2025-06-30,71,0-0,0.773282721977309,110.826004654293,99.6108333968979,71.3704183382937,0
2026-03-03,2026,Big East Conference,Xavier Musketeers,Seton Hall Pirates,68,77,0,Xavier,Seton Hall,2025-06-30,62,0-0,0.803879945346632,110.541641258184,97.7800661686966,73.3213234370762,0,2025-06-30,111,0-0,0.642061407443222,107.091836031762,101.786358709979,68.139822670015,0
2026-03-03,2026,Big Ten Conference,Illinois Fighting Illini,Oregon Ducks,80,54,0,Illinois,Oregon,2025-06-30,9,0-0,0.932523277417597,118.258697653393,94.1149645842738,74.3121187465302,0,2025-06-30,26,0-0,0.897497203485181,114.278819511496,94.6295646395843,71.2430887520299,0
2026-03-03,2026,Big Ten Conference,UCLA Bruins,Nebraska Cornhuskers,72,52,0,UCLA,Nebraska,2025-06-30,8,0-0,0.933093472183754,118.174278432901,93.9734105494189,68.5515221205646,0,2025-06-30,42,0-0,0.852205391481451,113.746542172325,97.6729332900157,71.0143810047455,0
2026-03-04,2026,Atlantic Coast Conference,Georgia Tech Yellow Jackets,California Golden Bears,65,76,0,Georgia Tech,California,2025-06-30,90,0-0,0.708382895850102,106.62405396015,98.7045921570929,71.3559461679021,0,2025-06-30,85,0-0,0.714574745259442,109.857097386753,101.431101178498,71.465261390568,0
2026-03-04,2026,Atlantic Coast Conference,Notre Dame Fighting Irish,Stanford Cardinal,78,86,0,Notre Dame,Stanford,2025-06-30,66,0-0,0.782745979754288,110.72243983926,99.0446533643418,69.6926182603801,0,2025-06-30,101,0-0,0.673129522121816,105.905067693495,99.4572590883937,70.4203592089205,0
2026-03-04,2026,Atlantic Coast Conference,Pittsburgh Panthers,Florida State Seminoles,74,75,0,Pittsburgh,Florida St.,2025-06-30,74,0-0,0.766369634389924,110.862211289613,99.982014914423,69.9772778422929,0,2025-06-30,81,0-0,0.729918121853582,108.451885796166,99.4697746538931,71.8857439289495,0
2026-03-04,2026,Atlantic Coast Conference,SMU Mustangs,Miami Hurricanes,69,77,0,SMU,Miami FL,2025-06-30,44,0-0,0.846361198370191,114.265536027834,98.5089546583054,71.900287189876,0,2025-06-30,59,0-0,0.813427660480489,113.990229866201,100.290869478134,71.2304362575982,0
2026-03-04,2026,Big 12 Conference,Houston Cougars,Baylor Bears,77,64,0,Houston,Baylor,2025-06-30,1,0-0,0.959586073333546,117.146188692103,88.9436338805332,65.5420483711854,0,2025-06-30,34,0-0,0.877198955338908,114.512961496186,96.516778205799,68.1933937597317,0
2026-03-04,2026,Big East Conference,Butler Bulldogs,Creighton Bluejays,59,76,0,Butler,Creighton,2025-06-30,77,0-0,0.741275546420913,110.533456681934,100.865409622521,70.9969095815019,0,2025-06-30,23,0-0,0.909349965198057,117.930086430666,96.5049447560014,70.6345504645418,0
2026-03-04,2026,Big East Conference,DePaul Blue Demons,Villanova Wildcats,57,76,0,DePaul,Villanova,2025-06-30,70,0-0,0.77384319718697,111.572793985224,100.254152138335,70.6086313127839,0,2025-06-30,45,0-0,0.839472282790067,112.556299115366,97.4754707629067,69.8905107705524,0
2026-03-04,2026,Big East Conference,Providence Friars,Marquette Golden Eagles,56,78,0,Providence,Marquette,2025-06-30,57,0-0,0.815534709492928,113.639456212304,99.8610885006946,70.6581320849298,0,2025-06-30,49,0-0,0.83028084795501,109.922268367862,95.7479903700122,71.0305463716899,0
2026-03-04,2026,Big Ten Conference,Indiana Hoosiers,Minnesota Golden Gophers,77,47,0,Indiana,Minnesota,2025-06-30,41,0-0,0.866948361430895,114.339595990929,97.1440917599217,70.8942778758433,0,2025-06-30,80,0-0,0.732659139667714,108.999482169015,99.8508311496046,69.403837295676,0
2026-03-04,2026,Big Ten Conference,Northwestern Wildcats,Purdue Boilermakers,66,70,0,Northwestern,Purdue,2025-06-30,68,0-0,0.778756468233006,108.275673877439,97.052438826328,68.6637626142792,0,2025-06-30,2,0-0,0.945559199779694,121.967969636763,95.1568834244029,68.620202980675,0
2026-03-04,2026,Big Ten Conference,Penn State Nittany Lions,Ohio State Buckeyes,62,94,0,Penn St.,Ohio St.,2025-06-30,114,0-0,0.62469533805535,104.032341034857,99.5236414525894,72.3540143595863,0,2025-06-30,20,0-0,0.913499283363116,119.231090412694,97.1344138885499,71.0518985253959,0
2026-03-04,2026,Big Ten Conference,Washington Huskies,USC Trojans,91,72,0,Washington,USC,2025-06-30,54,0-0,0.819316622897943,115.743174472588,101.485854816125,71.2846356113691,0,2025-06-30,24,0-0,0.905530509520128,115.706524555692,95.060550725435,72.5532402266017,0
2026-03-04,2026,Big Ten Conference,Wisconsin Badgers,Maryland Terrapins,78,45,0,Wisconsin,Maryland,2025-06-30,29,0-0,0.888886381368981,114.402930662862,95.4791501258867,71.0246950867304,0,2025-06-30,37,0-0,0.87334958468424,111.517033251903,94.2803262548255,70.5118416820935,0
2026-03-05,2026,Big Ten Conference,Iowa Hawkeyes,Michigan Wolverines,68,71,0,Iowa,Michigan,2025-06-30,40,0-0,0.870924341375702,115.482269785483,97.8174916181647,66.9164732062301,0,2025-06-30,3,0-0,0.944792718959662,119.012295600039,92.9704344000916,72.1091619610474,0
2026-03-05,2026,Big Ten Conference,Michigan State Spartans,Rutgers Scarlet Knights,91,87,0,Michigan St.,Rutgers,2025-06-30,18,0-0,0.915503867845339,114.568914731763,93.1284038883002,70.8233179456464,0,2025-06-30,94,0-0,0.692330021947288,106.279051236089,99.0419410539569,71.9499557630185,0
2026-03-06,2026,Big 12 Conference,West Virginia Mountaineers,UCF Knights,77,62,0,West Virginia,UCF,2025-06-30,58,0-0,0.815506923156036,110.515125623386,97.1171312570543,66.4354284213049,0,2025-06-30,78,0-0,0.736317108648173,108.727143652807,99.4390241672986,74.7724843952323,0
2026-03-06,2026,Big East Conference,Seton Hall Pirates,St. John's Red Storm,65,72,0,Seton Hall,St. John's,2025-06-30,111,0-0,0.642061407443222,107.091836031762,101.786358709979,68.139822670015,0,2025-06-30,7,0-0,0.933307225250121,117.979449025742,93.7905103825663,72.2374591238359,0
2026-03-07,2026,Atlantic Coast Conference,Boston College Eagles,Notre Dame Fighting Irish,77,69,0,Boston College,Notre Dame,2025-06-30,104,0-0,0.670748623720505,109.307363829057,102.748870410117,70.2021154307837,0,2025-06-30,66,0-0,0.782745979754288,110.72243983926,99.0446533643418,69.6926182603801,0
2026-03-07,2026,Atlantic Coast Conference,Clemson Tigers,Georgia Tech Yellow Jackets,79,76,0,Clemson,Georgia Tech,2025-06-30,51,0-0,0.82954151817239,109.676580975131,95.5775040692217,68.1063202047312,0,2025-06-30,90,0-0,0.708382895850102,106.62405396015,98.7045921570929,71.3559461679021,0
2026-03-07,2026,Atlantic Coast Conference,Duke Blue Devils,North Carolina Tar Heels,76,61,0,Duke,North Carolina,2025-06-30,4,0-0,0.944742599380372,118.625225766866,92.6758018278955,69.3058273711142,0,2025-06-30,15,0-0,0.924415386771688,116.596717589045,93.7835927543923,73.6918861012229,0
2026-03-07,2026,Atlantic Coast Conference,Florida State Seminoles,SMU Mustangs,91,78,0,Florida St.,SMU,2025-06-30,81,0-0,0.729918121853582,108.451885796166,99.4697746538931,71.8857439289495,0,2025-06-30,44,0-0,0.846361198370191,114.265536027834,98.5089546583054,71.900287189876,0
2026-03-07,2026,Atlantic Coast Conference,Miami Hurricanes,Louisville Cardinals,89,92,0,Miami FL,Louisville,2025-06-30,59,0-0,0.813427660480489,113.990229866201,100.290869478134,71.2304362575982,0,2025-06-30,16,0-0,0.923522168158203,118.741463151991,95.6143578866124,73.2915778727068,0
2026-03-07,2026,Atlantic Coast Conference,NC State Wolfpack,Stanford Cardinal,84,85,0,N.C. State,Stanford,2025-06-30,38,0-0,0.871553208723262,116.456392527171,98.5945347152536,70.8998532657265,0,2025-06-30,101,0-0,0.673129522121816,105.905067693495,99.4572590883937,70.4203592089205,0
2026-03-07,2026,Atlantic Coast Conference,Syracuse Orange,Pittsburgh Panthers,69,71,0,Syracuse,Pittsburgh,2025-06-30,64,0-0,0.800366895849887,114.725027919869,101.676004434789,71.8539965814551,0,2025-06-30,74,0-0,0.766369634389924,110.862211289613,99.982014914423,69.9772778422929,0
2026-03-07,2026,Atlantic Coast Conference,Virginia Cavaliers,Virginia Tech Hokies,76,72,0,Virginia,Virginia Tech,2025-06-30,52,0-0,0.826582367244503,114.387031997331,99.8627444623165,68.6897987167616,0,2025-06-30,82,0-0,0.724772177838861,110.090755750006,101.20100780661,68.7673241025642,0
2026-03-07,2026,Atlantic Coast Conference,Wake Forest Demon Deacons,California Golden Bears,80,73,0,Wake Forest,California,2025-06-30,79,0-0,0.735190023312254,109.130480204888,99.8582313058309,70.61990850267,0,2025-06-30,85,0-0,0.714574745259442,109.857097386753,101.431101178498,71.465261390568,0
2026-03-07,2026,Big 12 Conference,BYU Cougars,Texas Tech Red Raiders,82,76,0,BYU,Texas Tech,2025-06-30,6,0-0,0.937491362496672,119.928219196309,94.7672212426591,71.2218950537996,0,2025-06-30,27,0-0,0.893332783281334,115.733494848904,96.2054635880394,69.8572953569329,0
2026-03-07,2026,Big 12 Conference,Baylor Bears,Utah Utes,101,75,0,Baylor,Utah,2025-06-30,34,0-0,0.877198955338908,114.512961496186,96.516778205799,68.1933937597317,0,2025-06-30,61,0-0,0.808384400489602,111.66017826627,98.5222280062483,71.6693321311836,0
2026-03-07,2026,Big 12 Conference,Colorado Buffaloes,Arizona Wildcats,79,89,0,Colorado,Arizona,2025-06-30,98,0-0,0.683544744123586,105.710666085651,98.8634581453619,71.0767848069601,0,2025-06-30,14,0-0,0.924586295525848,116.888971754649,93.9986485854365,73.1861701146009,0
2026-03-07,2026,Big 12 Conference,Iowa State Cyclones,Arizona State Sun Devils,86,65,0,Iowa St.,Arizona St.,2025-06-30,21,0-0,0.912199706982387,112.309131454657,91.6253388104575,71.8308591819681,0,2025-06-30,75,0-0,0.756393939269118,109.226097777321,98.9779823236436,71.891775822284,0
2026-03-07,2026,Big 12 Conference,Kansas Jayhawks,Kansas State Wildcats,104,85,0,Kansas,Kansas St.,2025-06-30,17,0-0,0.91884171627674,113.551833952599,91.9496312576262,71.6763225306324,0,2025-06-30,47,0-0,0.833980023317912,111.710273577074,97.0816172318842,70.4905223622173,0
2026-03-07,2026,Big 12 Conference,Oklahoma State Cowboys,Houston Cougars,75,82,0,Oklahoma St.,Houston,2025-06-30,55,0-0,0.817105929993031,112.4179847706,98.6977403749233,74.0409756910226,0,2025-06-30,1,0-0,0.959586073333546,117.146188692103,88.9436338805332,65.5420483711854,0
2026-03-07,2026,Big 12 Conference,TCU Horned Frogs,Cincinnati Bearcats,73,63,0,TCU,Cincinnati,2025-06-30,56,0-0,0.815806948828176,110.929426865742,97.4642932715056,69.964841095798,0,2025-06-30,32,0-0,0.882644711133029,112.510675292678,94.405041459928,69.2108820522917,0
2026-03-07,2026,Big East Conference,DePaul Blue Demons,Butler Bulldogs,71,81,0,DePaul,Butler,2025-06-30,70,0-0,0.77384319718697,111.572793985224,100.254152138335,70.6086313127839,0,2025-06-30,77,0-0,0.741275546420913,110.533456681934,100.865409622521,70.9969095815019,0
2026-03-07,2026,Big East Conference,Georgetown Hoyas,Providence Friars,80,79,0,Georgetown,Providence,2025-06-30,71,0-0,0.773282721977309,110.826004654293,99.6108333968979,71.3704183382937,0,2025-06-30,57,0-0,0.815534709492928,113.639456212304,99.8610885006946,70.6581320849298,0
2026-03-07,2026,Big East Conference,Marquette Golden Eagles,UConn Huskies,68,62,0,Marquette,Connecticut,2025-06-30,49,0-0,0.83028084795501,109.922268367862,95.7479903700122,71.0305463716899,0,2025-06-30,11,0-0,0.929729678758532,118.882392131575,94.9704347525954,67.5988773516862,0
2026-03-07,2026,Big East Conference,Villanova Wildcats,Xavier Musketeers,91,78,0,Villanova,Xavier,2025-06-30,45,0-0,0.839472282790067,112.556299115366,97.4754707629067,69.8905107705524,0,2025-06-30,62,0-0,0.803879945346632,110.541641258184,97.7800661686966,73.3213234370762,0
2026-03-07,2026,Big Sky Conference,Idaho State Bengals,Northern Arizona Lumberjacks,73,65,1,Idaho St.,Northern Arizona,2025-06-30,318,0-0,0.212980177678127,95.0373810528804,106.476808172331,69.4502506405318,0,2025-06-30,218,0-0,0.368525384209343,103.336749369164,108.291139967397,70.061471376034,0
2026-03-07,2026,Big Sky Conference,Idaho Vandals,Sacramento State Hornets,68,45,1,Idaho,Sacramento St.,2025-06-30,178,0-0,0.440125395875932,107.046898936406,109.310604018972,70.541830534393,0,2025-06-30,251,0-0,0.324704620783475,103.515604614544,110.321068290877,70.6168147845533,0
2026-03-07,2026,Big Ten Conference,Minnesota Golden Gophers,Northwestern Wildcats,67,66,0,Minnesota,Northwestern,2025-06-30,80,0-0,0.732659139667714,108.999482169015,99.8508311496046,69.403837295676,0,2025-06-30,68,0-0,0.778756468233006,108.275673877439,97.052438826328,68.6637626142792,0
2026-03-07,2026,Big Ten Conference,Ohio State Buckeyes,Indiana Hoosiers,91,78,0,Ohio St.,Indiana,2025-06-30,20,0-0,0.913499283363116,119.231090412694,97.1344138885499,71.0518985253959,0,2025-06-30,41,0-0,0.866948361430895,114.339595990929,97.1440917599217,70.8942778758433,0
2026-03-07,2026,Big Ten Conference,Oregon Ducks,Washington Huskies,85,79,0,Oregon,Washington,2025-06-30,26,0-0,0.897497203485181,114.278819511496,94.6295646395843,71.2430887520299,0,2025-06-30,54,0-0,0.819316622897943,115.743174472588,101.485854816125,71.2846356113691,0
2026-03-07,2026,Big Ten Conference,Purdue Boilermakers,Wisconsin Badgers,93,97,0,Purdue,Wisconsin,2025-06-30,2,0-0,0.945559199779694,121.967969636763,95.1568834244029,68.620202980675,0,2025-06-30,29,0-0,0.888886381368981,114.402930662862,95.4791501258867,71.0246950867304,0
2026-03-07,2026,Big Ten Conference,USC Trojans,UCLA Bruins,68,89,0,USC,UCLA,2025-06-30,24,0-0,0.905530509520128,115.706524555692,95.060550725435,72.5532402266017,0,2025-06-30,8,0-0,0.933093472183754,118.174278432901,93.9734105494189,68.5515221205646,0
2026-03-08,2026,Big Sky Conference,Montana State Bobcats,Idaho Vandals,74,78,1,Montana St.,Idaho,2025-06-30,211,0-0,0.384189726027543,101.008122311636,105.238292277048,70.7461629338138,0,2025-06-30,178,0-0,0.440125395875932,107.046898936406,109.310604018972,70.541830534393,0
2026-03-08,2026,Big Sky Conference,Portland State Vikings,Idaho State Bengals,85,78,1,Portland St.,Idaho St.,2025-06-30,312,0-0,0.230269981956157,94.5285815677391,104.987392508438,71.5598196495396,0,2025-06-30,318,0-0,0.212980177678127,95.0373810528804,106.476808172331,69.4502506405318,0
2026-03-08,2026,Big Ten Conference,Maryland Terrapins,Illinois Fighting Illini,72,78,0,Maryland,Illinois,2025-06-30,37,0-0,0.87334958468424,111.517033251903,94.2803262548255,70.5118416820935,0,2025-06-30,9,0-0,0.932523277417597,118.258697653393,94.1149645842738,74.3121187465302,0
2026-03-08,2026,Big Ten Conference,Michigan Wolverines,Michigan State Spartans,90,80,0,Michigan,Michigan St.,2025-06-30,3,0-0,0.944792718959662,119.012295600039,92.9704344000916,72.1091619610474,0,2025-06-30,18,0-0,0.915503867845339,114.568914731763,93.1284038883002,70.8233179456464,0
2026-03-08,2026,Big Ten Conference,Nebraska Cornhuskers,Iowa Hawkeyes,84,75,0,Nebraska,Iowa,2025-06-30,42,0-0,0.852205391481451,113.746542172325,97.6729332900157,71.0143810047455,0,2025-06-30,40,0-0,0.870924341375702,115.482269785483,97.8174916181647,66.9164732062301,0
2026-03-08,2026,Big Ten Conference,Rutgers Scarlet Knights,Penn State Nittany Lions,74,62,0,Rutgers,Penn St.,2025-06-30,94,0-0,0.692330021947288,106.279051236089,99.0419410539569,71.9499557630185,0,2025-06-30,114,0-0,0.62469533805535,104.032341034857,99.5236414525894,72.3540143595863,0
2026-03-09,2026,Big Sky Conference,Eastern Washington Eagles,Weber State Wildcats,84,79,1,Eastern Washington,Weber St.,2025-06-30,293,0-0,0.251456053197783,99.7954437727468,109.72531057656,72.544794687781,0,2025-06-30,283,0-0,0.26749060782554,99.4555458346067,108.560763422431,69.0958477392315,0
2026-03-09,2026,Big Sky Conference,Montana Grizzlies,Northern Colorado Bears,95,89,1,Montana,Northern Colorado,2025-06-30,222,0-0,0.364359833662471,101.326384019258,106.350189843948,70.5181552549304,0,2025-06-30,231,0-0,0.353957964781928,100.842515133684,106.259115934007,71.9615359934916,0
2026-03-10,2026,Atlantic Coast Conference,SMU Mustangs,Syracuse Orange,86,69,1,SMU,Syracuse,2025-06-30,44,0-0,0.846361198370191,114.265536027834,98.5089546583054,71.900287189876,0,2025-06-30,64,0-0,0.800366895849887,114.725027919869,101.676004434789,71.8539965814551,0
2026-03-10,2026,Atlantic Coast Conference,Stanford Cardinal,Pittsburgh Panthers,63,64,1,Stanford,Pittsburgh,2025-06-30,101,0-0,0.673129522121816,105.905067693495,99.4572590883937,70.4203592089205,0,2025-06-30,74,0-0,0.766369634389924,110.862211289613,99.982014914423,69.9772778422929,0
2026-03-10,2026,Atlantic Coast Conference,Virginia Tech Hokies,Wake Forest Demon Deacons,89,95,1,Virginia Tech,Wake Forest,2025-06-30,82,0-0,0.724772177838861,110.090755750006,101.20100780661,68.7673241025642,0,2025-06-30,79,0-0,0.735190023312254,109.130480204888,99.8582313058309,70.61990850267,0
2026-03-10,2026,Big 12 Conference,Arizona State Sun Devils,Baylor Bears,83,79,1,Arizona St.,Baylor,2025-06-30,75,0-0,0.756393939269118,109.226097777321,98.9779823236436,71.891775822284,0,2025-06-30,34,0-0,0.877198955338908,114.512961496186,96.516778205799,68.1933937597317,0
2026-03-10,2026,Big 12 Conference,BYU Cougars,Kansas State Wildcats,105,91,1,BYU,Kansas St.,2025-06-30,6,0-0,0.937491362496672,119.928219196309,94.7672212426591,71.2218950537996,0,2025-06-30,47,0-0,0.833980023317912,111.710273577074,97.0816172318842,70.4905223622173,0
2026-03-10,2026,Big 12 Conference,Cincinnati Bearcats,Utah Utes,73,66,1,Cincinnati,Utah,2025-06-30,32,0-0,0.882644711133029,112.510675292678,94.405041459928,69.2108820522917,0,2025-06-30,61,0-0,0.808384400489602,111.66017826627,98.5222280062483,71.6693321311836,0
2026-03-10,2026,Big 12 Conference,Colorado Buffaloes,Oklahoma State Cowboys,83,92,1,Colorado,Oklahoma St.,2025-06-30,98,0-0,0.683544744123586,105.710666085651,98.8634581453619,71.0767848069601,0,2025-06-30,55,0-0,0.817105929993031,112.4179847706,98.6977403749233,74.0409756910226,0
2026-03-10,2026,Big Sky Conference,Eastern Washington Eagles,Idaho Vandals,68,81,1,Eastern Washington,Idaho,2025-06-30,293,0-0,0.251456053197783,99.7954437727468,109.72531057656,72.544794687781,0,2025-06-30,178,0-0,0.440125395875932,107.046898936406,109.310604018972,70.541830534393,0
2026-03-10,2026,Big Sky Conference,Portland State Vikings,Montana Grizzlies,72,75,1,Portland St.,Montana,2025-06-30,312,0-0,0.230269981956157,94.5285815677391,104.987392508438,71.5598196495396,0,2025-06-30,222,0-0,0.364359833662471,101.326384019258,106.350189843948,70.5181552549304,0
2026-03-10,2026,Big Ten Conference,Northwestern Wildcats,Penn State Nittany Lions,76,66,1,Northwestern,Penn St.,2025-06-30,68,0-0,0.778756468233006,108.275673877439,97.052438826328,68.6637626142792,0,2025-06-30,114,0-0,0.62469533805535,104.032341034857,99.5236414525894,72.3540143595863,0
2026-03-10,2026,Big Ten Conference,Oregon Ducks,Maryland Terrapins,60,70,1,Oregon,Maryland,2025-06-30,26,0-0,0.897497203485181,114.278819511496,94.6295646395843,71.2430887520299,0,2025-06-30,37,0-0,0.87334958468424,111.517033251903,94.2803262548255,70.5118416820935,0
2026-03-11,2026,Atlantic Coast Conference,Clemson Tigers,Wake Forest Demon Deacons,71,62,1,Clemson,Wake Forest,2025-06-30,51,0-0,0.82954151817239,109.676580975131,95.5775040692217,68.1063202047312,0,2025-06-30,79,0-0,0.735190023312254,109.130480204888,99.8582313058309,70.61990850267,0
2026-03-11,2026,Atlantic Coast Conference,Florida State Seminoles,California Golden Bears,95,89,1,Florida St.,California,2025-06-30,81,0-0,0.729918121853582,108.451885796166,99.4697746538931,71.8857439289495,0,2025-06-30,85,0-0,0.714574745259442,109.857097386753,101.431101178498,71.465261390568,0
2026-03-11,2026,Atlantic Coast Conference,Louisville Cardinals,SMU Mustangs,62,58,1,Louisville,SMU,2025-06-30,16,0-0,0.923522168158203,118.741463151991,95.6143578866124,73.2915778727068,0,2025-06-30,44,0-0,0.846361198370191,114.265536027834,98.5089546583054,71.900287189876,0
2026-03-11,2026,Atlantic Coast Conference,NC State Wolfpack,Pittsburgh Panthers,98,88,1,N.C. State,Pittsburgh,2025-06-30,38,0-0,0.871553208723262,116.456392527171,98.5945347152536,70.8998532657265,0,2025-06-30,74,0-0,0.766369634389924,110.862211289613,99.982014914423,69.9772778422929,0
2026-03-11,2026,Big 12 Conference,Iowa State Cyclones,Arizona State Sun Devils,91,42,1,Iowa St.,Arizona St.,2025-06-30,21,0-0,0.912199706982387,112.309131454657,91.6253388104575,71.8308591819681,0,2025-06-30,75,0-0,0.756393939269118,109.226097777321,98.9779823236436,71.891775822284,0
2026-03-11,2026,Big 12 Conference,TCU Horned Frogs,Oklahoma State Cowboys,95,88,1,TCU,Oklahoma St.,2025-06-30,56,0-0,0.815806948828176,110.929426865742,97.4642932715056,69.964841095798,0,2025-06-30,55,0-0,0.817105929993031,112.4179847706,98.6977403749233,74.0409756910226,0
2026-03-11,2026,Big 12 Conference,UCF Knights,Cincinnati Bearcats,66,65,1,UCF,Cincinnati,2025-06-30,78,0-0,0.736317108648173,108.727143652807,99.4390241672986,74.7724843952323,0,2025-06-30,32,0-0,0.882644711133029,112.510675292678,94.405041459928,69.2108820522917,0
2026-03-11,2026,Big 12 Conference,West Virginia Mountaineers,BYU Cougars,48,68,1,West Virginia,BYU,2025-06-30,58,0-0,0.815506923156036,110.515125623386,97.1171312570543,66.4354284213049,0,2025-06-30,6,0-0,0.937491362496672,119.928219196309,94.7672212426591,71.2218950537996,0
2026-03-11,2026,Big East Conference,Butler Bulldogs,Providence Friars,81,91,1,Butler,Providence,2025-06-30,77,0-0,0.741275546420913,110.533456681934,100.865409622521,70.9969095815019,0,2025-06-30,57,0-0,0.815534709492928,113.639456212304,99.8610885006946,70.6581320849298,0
2026-03-11,2026,Big East Conference,DePaul Blue Demons,Georgetown Hoyas,56,63,1,DePaul,Georgetown,2025-06-30,70,0-0,0.77384319718697,111.572793985224,100.254152138335,70.6086313127839,0,2025-06-30,71,0-0,0.773282721977309,110.826004654293,99.6108333968979,71.3704183382937,0
2026-03-11,2026,Big East Conference,Marquette Golden Eagles,Xavier Musketeers,87,89,1,Marquette,Xavier,2025-06-30,49,0-0,0.83028084795501,109.922268367862,95.7479903700122,71.0305463716899,0,2025-06-30,62,0-0,0.803879945346632,110.541641258184,97.7800661686966,73.3213234370762,0
2026-03-11,2026,Big Sky Conference,Montana Grizzlies,Idaho Vandals,66,77,1,Montana,Idaho,2025-06-30,222,0-0,0.364359833662471,101.326384019258,106.350189843948,70.5181552549304,0,2025-06-30,178,0-0,0.440125395875932,107.046898936406,109.310604018972,70.541830534393,0
2026-03-11,2026,Big Ten Conference,Indiana Hoosiers,Northwestern Wildcats,61,74,1,Indiana,Northwestern,2025-06-30,41,0-0,0.866948361430895,114.339595990929,97.1440917599217,70.8942778758433,0,2025-06-30,68,0-0,0.778756468233006,108.275673877439,97.052438826328,68.6637626142792,0
2026-03-11,2026,Big Ten Conference,Iowa Hawkeyes,Maryland Terrapins,75,64,1,Iowa,Maryland,2025-06-30,40,0-0,0.870924341375702,115.482269785483,97.8174916181647,66.9164732062301,0,2025-06-30,37,0-0,0.87334958468424,111.517033251903,94.2803262548255,70.5118416820935,0
2026-03-11,2026,Big Ten Conference,Minnesota Golden Gophers,Rutgers Scarlet Knights,67,72,1,Minnesota,Rutgers,2025-06-30,80,0-0,0.732659139667714,108.999482169015,99.8508311496046,69.403837295676,0,2025-06-30,94,0-0,0.692330021947288,106.279051236089,99.0419410539569,71.9499557630185,0
2026-03-11,2026,Big Ten Conference,Washington Huskies,USC Trojans,83,79,1,Washington,USC,2025-06-30,54,0-0,0.819316622897943,115.743174472588,101.485854816125,71.2846356113691,0,2025-06-30,24,0-0,0.905530509520128,115.706524555692,95.060550725435,72.5532402266017,0
2026-03-12,2026,Atlantic Coast Conference,Duke Blue Devils,Florida State Seminoles,80,79,1,Duke,Florida St.,2025-06-30,4,0-0,0.944742599380372,118.625225766866,92.6758018278955,69.3058273711142,0,2025-06-30,81,0-0,0.729918121853582,108.451885796166,99.4697746538931,71.8857439289495,0
2026-03-12,2026,Atlantic Coast Conference,Miami Hurricanes,Louisville Cardinals,78,73,1,Miami FL,Louisville,2025-06-30,59,0-0,0.813427660480489,113.990229866201,100.290869478134,71.2304362575982,0,2025-06-30,16,0-0,0.923522168158203,118.741463151991,95.6143578866124,73.2915778727068,0
2026-03-12,2026,Atlantic Coast Conference,North Carolina Tar Heels,Clemson Tigers,79,80,1,North Carolina,Clemson,2025-06-30,15,0-0,0.924415386771688,116.596717589045,93.7835927543923,73.6918861012229,0,2025-06-30,51,0-0,0.82954151817239,109.676580975131,95.5775040692217,68.1063202047312,0
2026-03-12,2026,Atlantic Coast Conference,Virginia Cavaliers,NC State Wolfpack,81,74,1,Virginia,N.C. State,2025-06-30,52,0-0,0.826582367244503,114.387031997331,99.8627444623165,68.6897987167616,0,2025-06-30,38,0-0,0.871553208723262,116.456392527171,98.5945347152536,70.8998532657265,0
2026-03-12,2026,Big 12 Conference,Arizona Wildcats,UCF Knights,81,59,1,Arizona,UCF,2025-06-30,14,0-0,0.924586295525848,116.888971754649,93.9986485854365,73.1861701146009,0,2025-06-30,78,0-0,0.736317108648173,108.727143652807,99.4390241672986,74.7724843952323,0
2026-03-12,2026,Big 12 Conference,Houston Cougars,BYU Cougars,73,66,1,Houston,BYU,2025-06-30,1,0-0,0.959586073333546,117.146188692103,88.9436338805332,65.5420483711854,0,2025-06-30,6,0-0,0.937491362496672,119.928219196309,94.7672212426591,71.2218950537996,0
2026-03-12,2026,Big 12 Conference,Kansas Jayhawks,TCU Horned Frogs,78,73,1,Kansas,TCU,2025-06-30,17,0-0,0.91884171627674,113.551833952599,91.9496312576262,71.6763225306324,0,2025-06-30,56,0-0,0.815806948828176,110.929426865742,97.4642932715056,69.964841095798,0
2026-03-12,2026,Big 12 Conference,Texas Tech Red Raiders,Iowa State Cyclones,53,75,1,Texas Tech,Iowa St.,2025-06-30,27,0-0,0.893332783281334,115.733494848904,96.2054635880394,69.8572953569329,0,2025-06-30,21,0-0,0.912199706982387,112.309131454657,91.6253388104575,71.8308591819681,0
2026-03-12,2026,Big East Conference,Seton Hall Pirates,Creighton Bluejays,72,61,1,Seton Hall,Creighton,2025-06-30,111,0-0,0.642061407443222,107.091836031762,101.786358709979,68.139822670015,0,2025-06-30,23,0-0,0.909349965198057,117.930086430666,96.5049447560014,70.6345504645418,0
2026-03-12,2026,Big East Conference,St. John's Red Storm,Providence Friars,85,72,0,St. John's,Providence,2025-06-30,7,0-0,0.933307225250121,117.979449025742,93.7905103825663,72.2374591238359,0,2025-06-30,57,0-0,0.815534709492928,113.639456212304,99.8610885006946,70.6581320849298,0
2026-03-12,2026,Big East Conference,UConn Huskies,Xavier Musketeers,93,68,1,Connecticut,Xavier,2025-06-30,11,0-0,0.929729678758532,118.882392131575,94.9704347525954,67.5988773516862,0,2025-06-30,62,0-0,0.803879945346632,110.541641258184,97.7800661686966,73.3213234370762,0
2026-03-12,2026,Big East Conference,Villanova Wildcats,Georgetown Hoyas,64,78,1,Villanova,Georgetown,2025-06-30,45,0-0,0.839472282790067,112.556299115366,97.4754707629067,69.8905107705524,0,2025-06-30,71,0-0,0.773282721977309,110.826004654293,99.6108333968979,71.3704183382937,0
2026-03-12,2026,Big Ten Conference,Ohio State Buckeyes,Iowa Hawkeyes,72,69,1,Ohio St.,Iowa,2025-06-30,20,0-0,0.913499283363116,119.231090412694,97.1344138885499,71.0518985253959,0,2025-06-30,40,0-0,0.870924341375702,115.482269785483,97.8174916181647,66.9164732062301,0
2026-03-12,2026,Big Ten Conference,Purdue Boilermakers,Northwestern Wildcats,81,68,1,Purdue,Northwestern,2025-06-30,2,0-0,0.945559199779694,121.967969636763,95.1568834244029,68.620202980675,0,2025-06-30,68,0-0,0.778756468233006,108.275673877439,97.052438826328,68.6637626142792,0
2026-03-12,2026,Big Ten Conference,UCLA Bruins,Rutgers Scarlet Knights,72,59,1,UCLA,Rutgers,2025-06-30,8,0-0,0.933093472183754,118.174278432901,93.9734105494189,68.5515221205646,0,2025-06-30,94,0-0,0.692330021947288,106.279051236089,99.0419410539569,71.9499557630185,0
2026-03-12,2026,Big Ten Conference,Wisconsin Badgers,Washington Huskies,85,82,1,Wisconsin,Washington,2025-06-30,29,0-0,0.888886381368981,114.402930662862,95.4791501258867,71.0246950867304,0,2025-06-30,54,0-0,0.819316622897943,115.743174472588,101.485854816125,71.2846356113691,0
2026-03-13,2026,Atlantic Coast Conference,Duke Blue Devils,Clemson Tigers,73,61,1,Duke,Clemson,2025-06-30,4,0-0,0.944742599380372,118.625225766866,92.6758018278955,69.3058273711142,0,2025-06-30,51,0-0,0.82954151817239,109.676580975131,95.5775040692217,68.1063202047312,0
2026-03-13,2026,Atlantic Coast Conference,Virginia Cavaliers,Miami Hurricanes,84,62,1,Virginia,Miami FL,2025-06-30,52,0-0,0.826582367244503,114.387031997331,99.8627444623165,68.6897987167616,0,2025-06-30,59,0-0,0.813427660480489,113.990229866201,100.290869478134,71.2304362575982,0
2026-03-13,2026,Big 12 Conference,Arizona Wildcats,Iowa State Cyclones,82,80,1,Arizona,Iowa St.,2025-06-30,14,0-0,0.924586295525848,116.888971754649,93.9986485854365,73.1861701146009,0,2025-06-30,21,0-0,0.912199706982387,112.309131454657,91.6253388104575,71.8308591819681,0
2026-03-13,2026,Big 12 Conference,Houston Cougars,Kansas Jayhawks,69,47,1,Houston,Kansas,2025-06-30,1,0-0,0.959586073333546,117.146188692103,88.9436338805332,65.5420483711854,0,2025-06-30,17,0-0,0.91884171627674,113.551833952599,91.9496312576262,71.6763225306324,0
2026-03-13,2026,Big East Conference,St. John's Red Storm,Seton Hall Pirates,78,68,0,St. John's,Seton Hall,2025-06-30,7,0-0,0.933307225250121,117.979449025742,93.7905103825663,72.2374591238359,0,2025-06-30,111,0-0,0.642061407443222,107.091836031762,101.786358709979,68.139822670015,0
2026-03-13,2026,Big East Conference,UConn Huskies,Georgetown Hoyas,67,51,1,Connecticut,Georgetown,2025-06-30,11,0-0,0.929729678758532,118.882392131575,94.9704347525954,67.5988773516862,0,2025-06-30,71,0-0,0.773282721977309,110.826004654293,99.6108333968979,71.3704183382937,0
2026-03-13,2026,Big Ten Conference,Illinois Fighting Illini,Wisconsin Badgers,88,91,1,Illinois,Wisconsin,2025-06-30,9,0-0,0.932523277417597,118.258697653393,94.1149645842738,74.3121187465302,0,2025-06-30,29,0-0,0.888886381368981,114.402930662862,95.4791501258867,71.0246950867304,0
2026-03-13,2026,Big Ten Conference,Michigan State Spartans,UCLA Bruins,84,88,1,Michigan St.,UCLA,2025-06-30,18,0-0,0.915503867845339,114.568914731763,93.1284038883002,70.8233179456464,0,2025-06-30,8,0-0,0.933093472183754,118.174278432901,93.9734105494189,68.5515221205646,0
2026-03-13,2026,Big Ten Conference,Michigan Wolverines,Ohio State Buckeyes,71,67,1,Michigan,Ohio St.,2025-06-30,3,0-0,0.944792718959662,119.012295600039,92.9704344000916,72.1091619610474,0,2025-06-30,20,0-0,0.913499283363116,119.231090412694,97.1344138885499,71.0518985253959,0
2026-03-13,2026,Big Ten Conference,Nebraska Cornhuskers,Purdue Boilermakers,58,74,1,Nebraska,Purdue,2025-06-30,42,0-0,0.852205391481451,113.746542172325,97.6729332900157,71.0143810047455,0,2025-06-30,2,0-0,0.945559199779694,121.967969636763,95.1568834244029,68.620202980675,0
2026-03-14,2026,Atlantic Coast Conference,Duke Blue Devils,Virginia Cavaliers,74,70,1,Duke,Virginia,2025-06-30,4,0-0,0.944742599380372,118.625225766866,92.6758018278955,69.3058273711142,0,2025-06-30,52,0-0,0.826582367244503,114.387031997331,99.8627444623165,68.6897987167616,0
2026-03-14,2026,Big 12 Conference,Arizona Wildcats,Houston Cougars,79,74,1,Arizona,Houston,2025-06-30,14,0-0,0.924586295525848,116.888971754649,93.9986485854365,73.1861701146009,0,2025-06-30,1,0-0,0.959586073333546,117.146188692103,88.9436338805332,65.5420483711854,0
2026-03-14,2026,Big East Conference,St. John's Red Storm,UConn Huskies,72,52,0,St. John's,Connecticut,2025-06-30,7,0-0,0.933307225250121,117.979449025742,93.7905103825663,72.2374591238359,0,2025-06-30,11,0-0,0.929729678758532,118.882392131575,94.9704347525954,67.5988773516862,0
2026-03-14,2026,Big Ten Conference,Michigan Wolverines,Wisconsin Badgers,68,65,1,Michigan,Wisconsin,2025-06-30,3,0-0,0.944792718959662,119.012295600039,92.9704344000916,72.1091619610474,0,2025-06-30,29,0-0,0.888886381368981,114.402930662862,95.4791501258867,71.0246950867304,0
2026-03-14,2026,Big Ten Conference,UCLA Bruins,Purdue Boilermakers,66,73,1,UCLA,Purdue,2025-06-30,8,0-0,0.933093472183754,118.174278432901,93.9734105494189,68.5515221205646,0,2025-06-30,2,0-0,0.945559199779694,121.967969636763,95.1568834244029,68.620202980675,0
2026-03-15,2026,Big Ten Conference,Michigan Wolverines,Purdue Boilermakers,72,80,1,Michigan,Purdue,2025-06-30,3,0-0,0.944792718959662,119.012295600039,92.9704344000916,72.1091619610474,0,2025-06-30,2,0-0,0.945559199779694,121.967969636763,95.1568834244029,68.620202980675,0
