year,region,round,high_bracket_team,low_bracket_team,high_bracket_seed,low_bracket_seed,win,5man_bpm,3man_bpm,wab,kenpom_rtg,torvik_rtg,5man_prpg,3man_prpg,5man_dprpg,3man_dprpg,size,height,experience,bench,raw_tempo,adj_tempo,3pr,3prd,off_dunk_share,off_close2_share,off_far2_share,off_3pt_share,def_dunk_share,def_close2_share,def_far2_share,def_3pt_share,5man_obpm,3man_obpm,kenpom_off,torvik_off,efg_pct,2p_pct,3p_pct,ft_pct,ftr,tor,orb_pct,ast_pct,blk_pct,off_dunk_fg_pct,off_close2_fg_pct,off_far2_fg_pct,off_3pt_fg_pct,5man_dbpm,3man_dbpm,kenpom_def,torvik_def,efgd_pct,2pd_pct,3pd_pct,ftd_pct,ftrd,tord,drb_pct,astd_pct,blked_pct,def_dunk_fg_pct,def_close2_fg_pct,def_far2_fg_pct,def_3pt_fg_pct,net_efg_margin,net_turnover_margin,net_rebounding_margin,net_ftr_margin,rim_efficiency,perimeter_efficiency,three_point_volume_efficiency,shot_quality_variance,rim_to_three_ratio,mid_range_reliance,paint_touch_rate,top5_scoring_concentration,top5_rebounding_concentration,top5_def_rebounding_concentration,bench_scoring_ratio,rotation_balance,tempo_advantage,effective_possession_rate,offensive_versatility_score,size_speed_index,assist_to_usage_ratio,free_throw_advantage,block_efficiency,experience_weighted_production,four_factors_composite,elite_outcome_probability,offense_defense_balance,shooting_variance_resilience,lineup_depth_quality,def_net_efg_margin,def_net_turnover_margin,def_net_rebounding_margin,def_net_ftr_margin,def_rim_efficiency,def_perimeter_efficiency,def_three_point_volume_efficiency,def_shot_quality_variance,def_rim_to_three_ratio,def_mid_range_reliance,def_paint_touch_rate,def_effective_possession_rate,defensive_versatility_score,def_size_speed_index,def_assist_suppression,def_free_throw_advantage,def_block_efficiency,def_experience_impact,def_four_factors_composite,def_lineup_depth_quality
2015,Region 1,Sweet 16,2015 Kentucky,2015 West Virginia,1,5,1,25,18.5,9.010267102,18.6802,0.10307926,-0.6,0.2,-10.1,-6.2,2.79,5.87,-0.63,-1.89,-5.2,-5.6,-40.1,-35.2,4.9,-5.4,10.5,-5.1,1.7,-2.3,5.1,-3,13.7,9.5,26.7707,26.1808223,-0.8,-0.1,-1.5,3.5,-12.1,11.8,9.3,2.9,8.5,2.9,7.9,-1.7,-1.6,10.2,8.9,29.4153,26.97444413,6.9,6.8,4.5,1,8.8,3.1,-9.3,17.1,3.2,5.7,4,6.5,4.6,-9.3,-114.9,-56,-28.3,21.0078,-15.891,-10.9605,3.030699462,0.2645019818,-17.5,-4.3,0.01,0.01,1.42E-14,-1.89,-1.508976826,-5.6,29.938,3.754919019,3.67033,-1.752027522,2054.43,-9.814671875,5.276,17.425,0,-0.295089736,1.811873585,-4.2,9.3,114.9,56,28.3,-5.4456,26.3258,11.679,-0.08269791911,0.09688593022,16.1,21.2,-24.7404,-3.941883049,3.67033,2.855570042,-2054.43,5.019399092,-0.303,-7.055,-1.3
2015,Region 1,Sweet 16,2015 Notre Dame,2015 Wichita St.,3,7,1,-4.9,-4.4,4.020501752,2.4148,0.000853163,2.3,1.9,-1.9,0.1,1.1,1.09,0.03,-10.83,3.2,1.9,-31.7,-32.1,5.1,11.2,-18.4,7.3,-2.7,0.7,2.5,-3.2,7.6,8.5,31.3165,32.65786174,13.4,15.9,4.8,5.9,0.3,7.2,1.1,9.7,-0.8,7.9,12.6,8.2,3.6,-12,-12.9,14.41,14.26922145,2.6,1.5,3,-1,12.1,2.2,-3.2,5.4,4.4,-7.7,1.5,0.9,2.7,2.6,-131.4,-78.5,-67.4,21.4322,-22.2407,-5.0035,1.345349709,0.2157978535,-11.2,-15.7,-0.01,0.01,0,-10.83,0.1838464376,1.9,38.3248,0.9019538034,0.66544,-2.97933089,893.34,-8.018852123,13.977,13.825,2,1.693776343,1.459894304,0.9,-2.6,131.4,78.5,67.4,-12.6901,19.8268,8.9819,4.237658138,0.0515571903,18.7,23.4,-33.963,-3.047132333,0.66544,2.674943455,-893.34,10.12842562,-20.577,-10.815,-0.9
2015,Region 4,Sweet 16,2015 Wisconsin,2015 North Carolina,1,4,1,7.8,9.3,4.876392735,9.7292,0.024763867,5.9,5.6,-5.2,-2.6,1.34,2.99,0.77,-10.84,-10.2,-10.9,-25.9,-50.7,0,3.4,-3.8,0.4,-3.7,-4.6,1.2,3.4,16.9,17.3,32.6901,34.64779609,9.3,9.4,5.9,7.6,-2,5.4,1.4,-2,0.7,2.7,9.8,5.5,6.5,-5.8,-8,24.6306,26.26416737,4.7,7.3,-1.5,2,13.6,-1.5,-16.2,20.2,6,1.6,10,1.6,-1.9,-2,-134.9,-74,-71,14.4727,-22.0005,-12.2155,-1.044603862,0.08068863229,-13,-24.6,0,-0.01,0.01,-10.84,-3.156140155,-10.9,38.093,3.620906341,1.54853,-2.023595506,678.72,-7.590662251,47.318,13.67,0,0.7463704498,3.212983667,0.4,2,134.9,74,71,-18.3169,20.3325,8.0757,-1.331079003,-0.5857342991,34.4,19.7,-33.1441,-5.853999265,1.54853,4.04100553,-678.72,10.097096,6.493,-12.125,-2.2
2015,Region 4,Sweet 16,2015 Xavier,2015 Arizona,6,2,0,-15.5,-12,-7.675433325,-13.6626,-0.079227835,-10.7,-5.2,0.1,0.9,-0.58,-0.66,0.08,0.89,-0.9,-0.9,-35.8,-37,2.4,14.8,-16.4,1.6,-4,-3.9,-7.4,11.2,-5.9,-2.2,29.3707,28.48761146,8.7,11.4,2.1,3.3,1.8,3.1,9,13.9,2,0.5,4.6,6.4,1.5,-11.9,-9.8,21.5957,19.30666254,3.4,4.5,1,2.8,12.7,2.5,-7,-1.1,0.2,2.1,5.1,5,1.5,1.1,-125,-85.2,-44.1,18.8793,-27.2027,-9.2979,-1.346291547,0.4738949656,-18,-23.2,0.01,-0.01,-0.01,0.89,-0.3714702888,-0.9,31.7073,3.065582014,-0.46593,-2.275253647,1934.34,-9.093152785,-7.644,12.105,0,0.7897678511,1.045891874,3.7,-1.1,125,85.2,44.1,-18.3414,18.8867,14.9765,0.2401065433,-0.7269220235,19.6,19.7,-35.0872,-5.182310597,-0.46593,1.864485164,-1934.34,10.73321032,-17.196,-16.17,2.1
2015,Region 2,Sweet 16,2015 NC St.,2015 Louisville,8,4,0,-6.4,-7.3,-4.627135616,-5.0616,-0.073740582,-8.8,-6.1,-2.5,1.7,0.81,-1.73,-0.15,2.1,-1.7,-1.1,-36.2,-36.1,0.8,-0.4,-0.2,0.6,-4.7,2.4,-2.1,-0.4,-4.5,2,25.825,26.67595499,6.2,4.1,6.8,3.3,1.4,5.6,3.2,-8.8,6.6,0.3,2,5.7,5.4,-3.9,-9.3,9.9633,10.57399972,2.3,5.3,-2.8,-4.3,4.7,-2.4,-4.6,-3.7,4.7,3.8,10.9,1,-2.1,-13.7,-128.8,-69.4,-56.3,10.876,-22.196,-10.5298,-2.579050654,-0.0104557482,-23.4,-22,0,0.01,0,2.1,2.972628307,-1.1,29.226,9.712365756,-1.15313,-1.947856627,803.98,-6.132081716,-8.52,8.96,-1,1.535080371,3.968813643,6.5,13.7,128.8,69.4,56.3,-13.1669,21.2871,11.275,-2.677240595,-0.05674269299,21.9,19.9,-30.8986,-4.343039947,-1.15313,2.382396987,-803.98,6.450670029,-6.309,-10.875,-5.4
2015,Region 2,Sweet 16,2015 Oklahoma,2015 Michigan St.,3,7,0,-3.7,-1.2,1.27583778,3.1788,0.012498195,-4.1,-2.7,-6.8,-2.6,0.67,1.4,-0.03,-9.44,5,4,-31.1,-31.6,3.8,-0.4,0.4,0,-4.6,0.1,0.4,-0.6,2.3,5.7,16.733,17.43984221,3.7,4.3,2,1.8,-5,-0.7,4.9,-1.6,5.6,8.4,6.3,2.6,2.7,-7.1,-7,28.2876,27.50396131,10.1,9.2,7.7,-2.1,3,2.3,-3.1,15.6,3,-0.2,13.2,4,6.7,-7.4,-127.2,-77,-68.8,12.3836,-23.2179,-11.6955,2.821247152,0.1002920268,-17.4,-23.4,-0.01,0.01,-0.01,-9.44,-1.486876256,4,31.4252,6.741412561,0.9182,-2.152434372,199.57,-6.878544327,3.799,10.905,-1,-1.097656843,-2.461208813,3.4,7.4,127.2,77,68.8,-14.3746,21.4076,9.9164,1.744452186,-0.110827914,18.8,24.3,-32.7972,-0.7730277422,0.9182,2.102889277,-199.57,6.818307435,-13.606,-9.215,0.1
2015,Region 3,Sweet 16,2015 Duke,2015 Utah,1,5,1,-1.1,-3.7,6.902285076,2.4039,0.014782173,0.6,2.1,-2.8,-0.5,-0.2,-0.56,-0.49,-11.9,3.9,5.3,-37.2,-34.5,4.6,9.1,-13.2,4.1,-0.5,1.9,7.7,-9.6,8.4,6.4,34.7231,35.73274124,14.2,15.4,7,1.8,5.7,1.5,9.3,10.4,-1.5,10.2,17.8,1.4,7.4,-10.6,-10.1,21.4877,22.0601094,8.2,5.7,8.2,0.6,17.9,0.9,-1.2,10.1,5.1,-6.3,6.2,3.3,8.6,2.6,-128.4,-73.1,-57.6,20.8567,-24.586,-7.266,3.549804662,0.2601902534,-15.2,-14.7,0.01,-0.01,-0.01,-11.9,-1.05588896,5.3,36.8549,6.443587728,-0.18434,-2.490467537,1357.49,-6.53938493,0.182,14.13,2,1.287665314,-2.646221392,-2,-2.6,128.4,73.1,57.6,-12.1799,17.2429,4.1108,5.464692807,0.4187416782,14.7,18.8,-35.867,-2.414044314,-0.18434,2.412628267,-1357.49,10.14031058,-22.604,-12.47,0.5
2015,Region 3,Sweet 16,2015 UCLA,2015 Gonzaga,11,2,0,-15.1,-9.4,-7.921659592,-14.7893,-0.139184604,-3.1,-0.7,-0.6,1,0.03,-2.02,-0.94,-8.43,2.5,1.8,-40.2,-28.8,4,7.1,-5.7,-1.5,1.8,-1.3,-4.8,6.2,-4.5,5.3,19.2702,17.26354582,5.8,5.8,4,1.5,4.7,0.1,5.2,9.2,4.7,-3.3,6.9,1,4.1,-15.9,-14.7,23.7885,23.43561106,9.7,11.4,5.3,-1.1,6.4,2.2,-5.8,-0.9,0.3,4.3,12.6,12,4.5,0.1,-130.1,-75.6,-60.3,14.4193,-25.3351,-9.824,-2.577619723,0.4373351457,-26.1,-26.5,0,0.01,-0.01,-8.43,1.190558383,1.8,30.8286,5.598329813,-1.24842,-2.71636519,810.11,-11.19450011,-23.027,9.65,-2,-0.3732683684,-5.412867065,9.8,-0.1,130.1,75.6,60.3,-12.1235,16.2577,11.8417,1.280631599,-0.1719732412,14,25.3,-39.3903,-4.635007106,-1.24842,1.679199963,-810.11,8.429338875,-41.293,-16.07,1.2
2015,Region 1,Elite Eight,2015 Kentucky,2015 Notre Dame,1,3,1,15,9.4,4.516254404,13.363,0.057428816,-3.2,-2.4,0.6,1.9,1.99,7.55,-1.04,20.34,-0.2,-0.6,-39.3,-30.4,9.1,1.2,3.4,-4.5,-4,-7.2,14.2,-7.2,11.1,10.7,20.718,19.21471645,3.7,4.1,2.1,2,20.5,1,8.8,5.5,11.7,-1.4,10.4,-1.4,2.3,-2.6,-1.4,40.7863,40.87014653,18.9,19.3,11.8,9,5.5,7.4,3.5,14.3,3.3,3.1,16.5,13.5,11.9,-1.8,-130,-68.3,-64.2,23.2665,-21.3964,-11.808,0.1964989951,0.5788082765,-24.6,-15.1,0.01,1.42E-14,-0.01,20.34,-1.71487858,-0.6,34.2742,4.394720405,4.79821,-2.671821617,1228.1,-10.05629369,-2.401,13.335,-2,-2.029128255,-3.913256065,-0.4,1.8,130,68.3,64.2,-18.3491,23.9517,7.5997,4.094749706,-0.0522569344,7,10.6,-37.0162,0.05969931378,4.79821,2.99362866,-1228.1,5.021753207,-28.002,-9.875,1.2
2015,Region 4,Elite Eight,2015 Wisconsin,2015 Arizona,1,2,1,8.7,5.6,2.31548153,1.2108,0.008964146,1.8,2.5,-6.5,-3.9,1.3,1.68,0.6,-8.17,-7.6,-7.6,-31.6,-47.5,2.8,6.8,-12.6,5.8,-4,-4.1,4.3,-0.2,13.2,10.8,40.9027,39.88882666,10.3,13.1,2.9,7.1,-0.7,8.7,9.6,1.2,2.9,5.1,9.8,7.1,2.9,1.2,-5.2,24.9366,23.37111637,6.9,9.4,0,1.8,26,0,-10.4,12.5,4.3,-4.3,9.1,5.9,-1.6,-0.8,-133.1,-88,-59.9,16.2323,-23.4905,-7.3015,0.6060269481,0.1102702356,-21.8,-30.8,0.01,-0.01,-0.01,-8.17,-3.281728799,-7.6,36.0769,6.98826996,0.74012,-2.451075537,1529.7,-9.08760669,39.156,13.89,2,1.521284978,0.4001576974,-2.4,0.8,133.1,88,59.9,-17.4472,18.4611,6.7128,2.413424176,-0.3019132566,31.3,19.9,-35.7477,-6.667285376,0.74012,4.107609746,-1529.7,10.11829233,12.756,-14.08,-6.4
2015,Region 2,Elite Eight,2015 Louisville,2015 Michigan St.,4,7,0,-11.8,-1.2,2.687386423,-0.4968,0.003504613,-7.1,-1.6,-4,-4.2,0.67,3.64,-0.39,-1.69,3,1.9,-32.1,-33.9,5.9,-1.3,3.5,-2.1,-2,0.7,2.6,-3.4,-4.9,5,13.549,15.30880961,2.1,4.8,-1.9,-5.7,1.1,-0.8,9.1,-2.7,7.5,10.7,8,3.8,-0.6,-5.3,-6.2,27.797,28.15533999,10.4,8.3,9.3,-1.9,-2.8,3.9,-3.7,9.1,6.2,3.1,10.2,4.2,8.3,-9.3,-125.5,-73.4,-56.9,14.4787,-23.4885,-13.461,4.581587537,0.2159425728,-20.5,-22.2,-0.01,-1.42E-14,-0.01,-1.69,-4.277693617,1.9,30.0606,6.942258438,2.38568,-2.153963267,544.54,-6.863057214,-12.185,11.995,0,-1.338722587,-3.672513612,9.9,9.3,125.5,73.4,56.9,-14.5176,21.5848,8.5152,0.892196908,0.08212769459,21,21.1,-31.831,-2.58085294,2.38568,1.721555683,-544.54,6.140965947,-16.63,-9.685,-0.9
2015,Region 3,Elite Eight,2015 Duke,2015 Gonzaga,1,2,1,3.5,-0.3,2.684300082,0.3835,0.014479248,1.5,3.5,-1.7,0.2,-0.7,-2.7,-1.07,-3.97,1.6,1.7,-35,-40.2,6.5,11.8,-14.9,3,1.4,2.8,1.8,-4.5,7.4,12.7,31.2572,31.73101302,13.3,14.9,6.3,3,8.6,0.8,8.8,9.3,2.8,-1.7,15.7,1.5,5.9,-11.2,-13,26.9747,27.3131151,11,10,8.8,-0.7,14.2,2.4,-3.8,9.9,-0.1,-6.2,11.1,10.7,8.7,6.3,-130.6,-70,-64.2,23.3324,-26.0667,-7.5668,-1.702013262,0.4557095269,-16.9,-19.3,0.01,0,-0.01,-3.97,1.683620613,1.7,37.4144,6.018862297,-1.70636,-2.71350226,870.01,-11.21472962,-12.272,14.13,2,0.4335061186,-4.889254469,5.3,-6.3,130.6,70,64.2,-11.5126,14.4925,6.1185,6.840104457,0.3369868218,20.6,21.6,-39.0446,-3.173675383,-1.70636,2.421054907,-870.01,10.20258758,-37.338,-13.93,-1.8
2016,Region 1,Sweet 16,2016 Kansas,2016 Maryland,1,5,1,6.9,4.3,7.43013884,9.0904,0.07613017,0.5,1.6,-2.1,-2.1,-1.68,-3.07,0.09,2.07,2.2,2.1,-31,-30,2.8,4.1,-1.8,-2.3,-6.3,-0.8,6.7,-5.8,11.3,8.4,24.7984,24.10350195,9.2,6.5,9.9,0.6,12.1,-1.3,2.7,7.5,1.8,-2.4,4.3,7.9,9.1,-0.6,-4,25.719,23.83510576,10.3,11.9,4.6,4,-1.5,0,-1.4,4.2,5.2,3.4,15.7,6.1,3.7,3.5,-127.5,-79.3,-61.2,17.0316,-20.6374,-10.2514,-5.084571151,0.2860707,-13.4,-17.3,0,0.01,-0.01,2.07,-0.6825360985,2.1,37.1553,4.722023184,-2.05316,-2.075175338,1505.35,-6.43054895,22.026,12.89,0,-0.1361454025,2.743014516,-2.9,-3.5,127.5,79.3,61.2,-17.6354,19.8823,8.1042,-0.2375603473,-0.01393637406,14.5,19.1,-34.5327,-2.339914501,-2.05316,2.248335223,-1505.35,8.787463211,0.621,-12.025,-3.4
2016,Region 1,Sweet 16,2016 Miami FL,2016 Villanova,3,2,0,-13.1,-7.1,-2.086218585,-3.8991,-0.033497095,-4.4,-0.3,-0.7,0.4,0.39,3.02,0.51,-2.68,-1.5,-0.1,-28.4,-26.4,5,5.5,-2.1,-3.6,-4.3,3.2,9.1,-12.4,-2.6,4,27.296,28.40920979,7.6,9.5,3.1,8.8,8.6,4.4,1.8,-8.3,2.2,-0.2,8.3,6.7,3.7,-15.8,-11.1,22.2995,23.50058275,6.3,9.5,0.8,7,5.5,1.1,0.6,14.5,2.4,1.6,12.4,5.9,1.7,2.5,-129.7,-83,-65.5,17.3408,-21.9917,-12.1125,-2.184530887,0.4062863251,-11.9,-21.3,-1.42E-14,-1.42E-14,-1.42E-14,-2.68,-1.246117143,-0.1,34.3212,4.791997805,2.02919,-2.009567592,1271.13,-9.510170652,3.153,12.05,0,0.5192664617,1.195704373,6.6,-2.5,129.7,83,65.5,-15.9242,16.0045,4.4916,0.2788254692,0.3469115114,11.7,20.7,-36.2948,2.415700209,2.02919,2.599736623,-1271.13,10.19477955,-23.142,-11.79,4.7
2016,Region 4,Sweet 16,2016 Oregon,2016 Duke,1,4,1,-3.7,-1.7,2.503339612,0.7315,-0.014507974,0.4,0.2,4,3.6,-0.56,-3.38,0.56,5.16,1.1,0.3,-37.1,-26.1,1.8,0.3,-5.1,4.8,-1,4.8,1,-5.8,8.8,10.3,19.8972,19.27232275,2.9,3.3,1.2,3.1,14.8,1.4,0.1,-2.6,5.7,-3.6,2.7,2.4,0.4,-12.2,-12,24.9405,24.62799242,4.7,4.5,2.3,1.9,7.9,6.3,-2.7,-4.1,1.2,8.5,5.8,5,2.3,4.4,-131.1,-65.6,-61.9,18.2045,-19.1752,-7.7024,-2.048726576,-0.1586146179,-8.3,-4.7,0.01,0.01,-0.01,5.16,-0.614242736,0.3,34.8189,2.498094402,-2.32163,-2.692990492,1408.69,-9.347941318,20.192,12.04,-1,-0.548969431,-0.06918448359,1.5,-4.4,131.1,65.6,61.9,-11.1363,15.3024,6.369,-2.250599102,0.2921979275,4.6,12,-35.5149,-5.431191272,-2.32163,2.267049301,-1408.69,5.887985015,-6.436,-13.77,0.2
2016,Region 4,Sweet 16,2016 Texas A&M,2016 Oklahoma,3,2,0,-8.3,-3.9,-2.729798496,-3.0433,-0.020816096,-6.8,-2.8,0.4,0.7,1.16,0.55,-0.34,11.12,-3,-3,-28,-19.8,4.4,4.3,-6,1.8,-2.2,-4,4.7,-0.5,4.3,1.4,21.7233,20.87540271,5,6.7,1,-0.5,10.2,0.4,5.2,21.6,1.8,5.7,8.8,-3.6,0.4,-6.1,-5.4,24.9322,25.41433591,7.4,2.5,9.7,7.1,1.2,2.9,-0.5,-3.6,3.4,-2.3,0.2,0.5,8.9,-0.6,-126.3,-74.7,-69.2,16.0447,-22.9214,-10.8494,4.109981269,0.1779995387,-1,-10.5,0,0.01,-0.01,11.12,0.62114204,-3,33.1256,0.05216912024,0.34095,-2.43164678,310.21,-7.027765778,4.698,11.18,1,-0.2987872459,-3.896487049,-2.9,0.6,126.3,74.7,69.2,-15.0898,22.6823,9.638,3.071370886,-0.1418183815,7.9,25,-33.6339,-5.846979556,0.34095,1.908021816,-310.21,8.104838726,-18.072,-10.915,0.7
2016,Region 2,Sweet 16,2016 North Carolina,2016 Indiana,1,5,1,14.1,8.7,5.232421353,5.2422,0.030259153,4.2,1.5,-2.5,0.6,0.43,2.76,0.1,-3.01,1.9,3,-41.9,-23.5,3.5,-3.2,7.7,-4.4,-5.6,-12.4,17.7,-5.2,18.8,12.5,23.0801,22.08971644,2.6,5.2,-2.9,7.2,2.9,3.5,11.1,11.5,2.5,3.2,9.4,3.9,-1.7,-1.3,-3.9,27.7541,25.81323391,11.2,12.4,5.5,2.4,3.6,-1.2,-7.8,9,3.5,6.5,7.3,2.5,5.3,7.6,-127.3,-63.9,-75.5,15.0371,-15.6028,-11.8529,1.749458134,0.2353250162,-17.1,-13.9,-0.01,-1.42E-14,2.84E-14,-3.01,-1.284993825,3,34.5321,2.045499816,2.01528,-1.957968103,306.54,-8.998233769,35.52,13.51,0,-0.5232770988,-2.227888415,-6.3,-7.6,127.3,63.9,75.5,-22.9703,22.6976,5.8031,-1.445955003,-0.3250622204,4.9,17.4,-37.2136,-5.537456669,2.01528,2.851277442,-306.54,8.163956185,-0.465,-13.81,-2.6
2016,Region 2,Sweet 16,2016 Notre Dame,2016 Wisconsin,6,7,1,-9.1,-2.7,1.834752067,-0.3838,-0.010902507,-3.5,-0.2,1.2,-0.7,-0.33,0.66,0.37,-0.91,1.3,1.7,-36.2,-32,1.4,5.1,-10.5,5.4,-0.7,1.7,-1.9,0.2,0.4,4.7,24.2862,22.81180921,5,7.4,-1.1,2.8,-1.1,4,4.6,2.8,0.7,1.2,6,5.2,0.1,-7.3,-7.4,8.06,6.6813119,-0.2,1.1,-1.8,-1.3,12.8,-2.2,-2.3,-2.7,0.3,-1.2,0.4,1.2,-2,0.2,-134.6,-74.1,-65.9,13.9192,-18.9558,-5.2921,-0.5441962294,-0.01695040576,-14.1,-17.7,1.42E-14,0.02,-0.01,-0.91,1.17041022,1.7,35.9,4.306169878,0.45364,-2.547074901,1275.18,-10.57325438,5.535,13.445,2,1.744241829,0.3178587926,4.3,-0.2,134.6,74.1,65.9,-8.225,18.9172,9.7706,0.3254642428,0.02289833159,16.5,26.4,-33.1516,-4.866279086,0.45364,2.627900928,-1275.18,9.178179424,-8.745,-11.78,-0.1
2016,Region 3,Sweet 16,2016 Virginia,2016 Iowa St.,1,4,1,11.9,7.9,5.128433128,8.0198,0.047184257,-0.7,0.9,1.3,1.9,0.44,1.44,-0.45,12.87,-10.5,-10.7,-36.2,-27.7,3.9,4.2,2.9,-7.1,-4.2,-4.7,3.1,1.6,11.1,12.5,20.2664,20.63102445,4.9,2.9,6.9,6.9,8.2,1.8,-0.1,5.6,2.5,8.6,3.5,2.3,6.7,-6.8,-4.3,29.9042,28.46019973,8.1,10.2,3.1,1,-8.2,3.7,-1.4,4.8,4.3,-0.7,7.7,10,4.1,9.4,-131.9,-85.5,-84.2,22.0273,-20.7311,-12.1907,1.670015408,0.5492689954,-17.5,-16.9,-0.01,0,0.01,12.87,0.965517956,-10.7,37.4413,2.283401797,0.88704,-2.424914911,-159.96,-9.106161021,17.028,11.93,-1,-1.055377396,-2.885219809,1.4,-9.4,131.9,85.5,84.2,-21.1106,19.9225,10.4181,3.261357556,-0.2993839353,11.9,17.3,-37.6059,-1.353682052,0.88704,2.746082872,159.96,9.806144833,-22.059,-12.435,2.5
2016,Region 3,Sweet 16,2016 Gonzaga,2016 Syracuse,11,10,0,6.8,3.6,2.496222885,3.4255,0.042794135,-3.2,-0.3,-4,-1.9,0.06,4.66,0.08,6.66,3.1,2.5,-23.8,-23.7,-4.6,-1.3,5.3,-4.1,-6.5,1.8,7.6,-9.3,9.7,7.6,20.933,22.37100525,7.8,5.9,7.2,9.3,6.5,4.1,-3.4,-16.1,-1.1,-4.8,4.2,11.7,7.1,4.4,-3.9,14.1926,14.46783116,5.3,2.7,5.8,-2.4,7.2,-3.4,-7.1,14.9,4.3,-0.8,6.3,-4.2,5.7,-1.7,-129.7,-73.9,-70.9,9.9314,-18.35,-14.0553,-6.496956557,-0.04302115619,-6.9,-21.3,0.01,0.02,0.01,6.66,-3.006765505,2.5,35.3605,5.884750947,3.19437,-1.291377659,701.26,-7.60834383,18.107,10.96,1,0.6660328521,5.78454641,-2.1,1.7,129.7,73.9,70.9,-12.2442,21.902,7.7056,0.2614927166,0.1409063394,8,20.3,-32.9967,-4.800963849,3.19437,2.666568791,-701.26,12.35474613,8.852,-10.89,-8.3
2016,Region 1,Elite Eight,2016 Kansas,2016 Villanova,1,2,0,-1,-2.4,2.492000417,3.0569,0.001638424,-0.9,0.9,-2,-1.4,-0.09,1.39,0.15,-2.68,1.5,2.8,-29.1,-24,4.9,5.8,-1.2,-4.7,-4.2,0.9,9.3,-10.2,5,5.7,28.827,30.15093239,9.6,8.3,8.7,4.3,7.6,2.6,3.5,-2.4,3.4,-4,7.8,6.6,7.5,-4.7,-8.1,27.724,27.63038226,9,13.1,1.4,5.8,-2.9,2.7,0.2,12,0.9,8.3,16.5,7.9,3.6,1.8,-126.3,-81.7,-58.1,16.9444,-20.8358,-11.2786,-4.833356407,0.4565029328,-12.8,-21.1,-1.42E-14,0.01,-1.42E-14,-2.68,0.5350196233,2.8,34.995,6.170138962,0.98139,-1.9248926,1342.01,-9.495416105,11.925,12.59,2,0.09268938806,3.472895576,0.7,-1.8,126.3,81.7,58.1,-15.2438,18.9067,6.5542,-1.972035811,0.1926367288,11.9,22.9,-34.9471,1.885121516,0.98139,2.119307335,-1342.01,8.836223834,-5.232,-11.65,-3.4
2016,Region 4,Elite Eight,2016 Oregon,2016 Oklahoma,1,2,0,-7.6,-3.4,-1.160536161,-2.0643,-0.034582875,-1.6,0.7,1.4,1.1,1.12,0.15,-0.54,1.97,-1.8,-2,-31.1,-25.5,5.2,3.1,-1.9,-1.2,-0.3,5.6,1.2,-6.7,10.2,5.9,27.1943,24.93602321,5.9,8.2,1.1,3.7,12.9,1.3,4.8,8.1,6.1,7,9.8,2.2,0.7,-8.9,-9.4,20.4395,20.70300962,5.5,1.9,6.2,2.5,1.3,2.6,0.8,-0.7,4.4,-2.1,5.6,-0.3,6,2.2,-127.5,-73.8,-66.6,16.5048,-21.0602,-11.7692,3.104016955,0.2808569373,-5.1,-10.9,0.01,0,-0.01,1.97,0.899482468,-2,34.3415,4.664800043,0.08125,-2.604698153,968.75,-6.982196783,11.556,12.09,1,0.6934456822,-2.222521541,-4.3,-2.2,127.5,73.8,66.6,-9.0649,14.934,4.5166,1.643694095,0.3524418068,4.4,13.5,-34.184,-3.429088065,0.08125,2.226513149,-968.75,5.853206047,-25.488,-11.475,-0.5
2016,Region 2,Elite Eight,2016 North Carolina,2016 Notre Dame,1,6,1,27.6,14.5,6.210576485,12.0566,0.116808641,4.6,1.4,-3.2,-0.1,0.08,1.66,0.13,12.2,5.3,6.4,-39.1,-29.9,3.4,2.5,5.1,-7.5,-1.3,-10.8,9.5,1.4,23.2,16.3,17.43,16.6398218,2.9,8.4,-6.2,1.8,5.3,-0.6,8.5,6.4,3.1,8.1,9.8,6.2,-4.4,4.6,-1.7,26.5891,24.14880971,6.1,8.8,0.9,3.6,3.5,3.8,-2.9,3.9,3.4,6,4.2,5.4,1.2,2.2,-136.4,-66.2,-78,17.0429,-19.1077,-12.9639,4.071836538,0.5216174509,-19.7,-19.5,-0.01,-0.01,0.01,12.2,-1.019712891,6.4,36.5582,-0.1759690705,1.31282,-2.51760343,653.73,-9.150936406,43.31,13.535,1,-1.097918803,-1.936284503,-6.9,-2.2,136.4,66.2,78,-16.7221,23.0317,9.9484,-1.275109213,-0.3896863411,13.1,23.3,-35.7984,-3.813604529,1.31282,2.94359229,-653.73,8.165762143,10.265,-12.025,-6.3
2016,Region 3,Elite Eight,2016 Virginia,2016 Syracuse,1,10,0,14.9,9.1,8.946169346,13.2451,0.092954273,-3,-0.7,-3.8,-1.8,-0.67,0.79,0.27,15.91,-4,-4.1,-31.6,-19.5,1.5,1.8,9.4,-11.3,-3.5,-1.8,7.3,-5.4,12.8,8.5,24.717,24.87288275,6.9,3.2,10.1,8.7,3,5.3,-4.7,-10,1,7.1,7.8,4.9,9.5,0.1,0.7,20.2282,18.88453193,1.7,1.1,1.2,-1.3,1.8,1.4,-7.1,10.5,6.1,-3.9,0,-2.7,1.4,1,-126.1,-75.2,-69,19.5366,-21.0165,-16.0953,0.05612776165,0.5401129224,-11,-12.1,0.01,0.01,0.01,15.91,1.291340596,-4.1,35.2618,5.090031868,0.45999,-1.180574345,501.11,-7.587581357,27.855,10.115,1,0.3858879288,1.267011591,-4.3,-1,126.1,75.2,69,-15.6697,23.3314,8.8458,1.260251663,0.003070707492,7.7,20.9,-31.0707,-3.793840945,0.45999,2.646114248,-501.11,9.784692593,3.492,-11.94,0.6
2017,Region 1,Sweet 16,2017 Wisconsin,2017 Florida,8,4,0,1,0,-1.201917656,-4.0965,-0.029180742,-2.1,0.2,-7.3,-3.5,0.27,-0.04,0.06,-6.1,-5.9,-5.9,-31.8,-30.4,1.8,-0.1,-5.5,5.5,-4.4,-6.5,9.6,-3,-0.8,1,24.1272,24.20888606,6.1,5.3,4.8,-6.3,-1.9,4.3,6.3,11,2.1,-6.6,6.5,1.4,5.5,2.9,-0.9,24.5547,24.17612901,4.2,7.3,-1.4,-1.2,14,3.3,-6.5,1.2,3.8,2.1,7.5,0.3,-1.7,-3.9,-125.6,-78,-67.3,12.3158,-20.4806,-8.539,-4.298083503,-0.1499646637,-8.3,-15.7,-0.04,-0.07,-0.04,-6.1,0.3791614656,-5.9,31.536,6.447915937,-0.08067,-2.933910991,1128.79,-7.44868022,-0.594,10.59,1,-0.03121721312,0.2242373064,1.8,3.9,125.6,78,67.3,-16.7474,23.5947,7.9239,-1.879748521,-0.2176809119,16.4,23.7,-32.4637,-7.05512467,-0.08067,2.594218066,-1128.79,9.119271142,6.849,-11.715,-3.8
2017,Region 1,Sweet 16,2017 Baylor,2017 South Carolina,3,7,0,-0.3,-5.1,6.164715667,7.9776,0.048811194,-6.1,-3.1,-6.2,-2.9,0.67,1.4,0.35,-1.56,-4.8,-4.8,-32.2,-31.9,3,1.6,0.5,-2.1,0.8,-1.3,-0.1,1.4,1.3,0.1,28.7727,27.71723562,7.7,7.2,5.7,0.1,-12.5,3.8,8.4,15.3,4,12.1,11.5,1.3,4.8,5.8,-5.3,13.265,12.67511568,1.5,0.8,2,-3,9.5,-2.1,-4.1,-6.9,0.7,1,4.6,-3.2,1.2,-10.4,-118.9,-64.9,-48.8,15.3402,-21.2734,-12.5754,4.589998951,0.2122660479,-15.1,-17.8,0,0.01,-0.01,-1.56,2.664085394,-4.8,28.3161,3.410562214,0.86736,-2.18189393,1731.82,-8.418727437,7.593,11.595,0,1.421013504,-0.07214708104,-1.2,10.4,118.9,64.9,48.8,-8.8733,23.4827,12.5416,-1.274999579,-0.05707274188,20.9,29.1,-28.5658,-7.29162223,0.86736,1.339764925,-1731.82,6.70850171,15.138,-9.15,-11.1
2017,Region 4,Sweet 16,2017 Gonzaga,2017 West Virginia,1,4,1,4.5,1.9,1.447318122,6.2547,0.021463427,-4,-2.6,-7.2,-3.4,0.89,2.33,-0.19,-5.48,-0.6,-0.7,-31.1,-35.2,-1.3,-4.6,8,-3.5,-4.1,-5.8,6,-0.3,0.8,0.3,31.0379,30.00800074,9.3,11.8,3.3,6.3,-4,12.2,-2.5,-1.2,1.5,9.8,14.9,6.7,2.8,2.6,1.6,28.8149,28.10018186,10.2,10.6,6.1,2,12.2,0.8,-12.3,14.8,7.2,-3.8,13,2.8,7.3,0.1,-121.4,-74.6,-55.4,8.4797,-11.5429,-11.0159,2.904809961,-0.03963321535,-4.8,-10.3,-0.02,0.01,0,-5.48,-2.643762356,-0.7,34.3627,-0.7731535977,1.66699,-2.080184952,999.82,-6.417221593,-1.956,13.24,0,0.1878811462,2.337092936,-0.5,-0.1,121.4,74.6,55.4,-12.5497,24.898,11.1292,3.818923712,-0.2948885049,17.2,22.3,-32.709,-7.417420601,1.66699,2.788476806,-999.82,8.565729312,1.775,-10.8,-1
2017,Region 4,Sweet 16,2017 Xavier,2017 Arizona,11,2,1,-14.2,-6.1,-6.354177818,-7.4238,-0.051498543,-7.7,-2.1,3.4,3.6,-0.25,-3.21,0.56,-2.28,1,1.7,-27,-30,1,5.9,-6.2,0.2,-3.7,-3.9,-5.2,9.1,-6.3,5.7,19.9022,20.16390199,4.5,4.1,3.4,-0.2,12,-0.9,9,4.3,0,4.4,0.9,2.9,3.6,-16.4,-11.8,18.1595,18.91136545,1.9,-1.5,6,5.9,7.3,0.8,-8.3,-2.9,-1.7,-8.1,-1,-0.3,5.9,4.2,-128.9,-80.3,-54.9,15.5533,-21.4934,-12.311,0.3744954003,0.1831503879,-1,-8.7,0.03,1.42E-14,1.42E-14,-2.28,0.07549681763,1.7,32.6391,5.374089478,-2.14441,-2.053274376,1751.93,-10.2587861,-1.75,12.765,0,0.2271247199,-2.148144992,12,-4.2,128.9,80.3,54.9,-18.576,18.2239,14.6253,5.243618676,-0.5270003386,11.6,18,-35.9914,-8.873230144,-2.14441,1.753227111,-1751.93,11.21839037,-15.616,-16.365,4.6
2017,Region 2,Sweet 16,2017 Kansas,2017 Purdue,1,4,1,0.7,2.8,5.358626059,1.7514,0.009132502,0.6,1.9,-2.4,-0.7,0.17,-0.9,0.25,-4.36,1.3,1.1,-31.3,-28.6,6.7,8,-10.1,2,-1.5,2.2,1.7,-4,5.4,9.4,28.1441,28.10792242,9.2,7.4,8.2,-4.6,14.1,-1.1,9.8,6,2.6,2.3,-0.2,5.8,7.1,-6.3,-6.7,22.0535,21.68764095,7.8,7.5,4.9,5.3,3.5,0.2,-0.5,15,-3.5,1.9,13.6,1.8,4.7,6.2,-127.9,-79.9,-75.4,24.7578,-23.6106,-8.1077,-2.511832993,0.3521089576,-13.5,-15.5,0.01,-0.01,-0.02,-4.36,2.774301675,1.1,36.7211,8.145954631,-0.62251,-2.089258152,845.28,-14.80476738,14.024,13.15,2,0.5977304662,-0.1808077419,4,-6.2,127.9,79.9,75.4,-11.7799,16.9243,6.6543,-0.5114042584,0.1281895982,16.7,28.5,-35.7606,1.393967644,-0.62251,1.985884594,-845.28,7.79322742,-6.603,-12.055,-0.4
2017,Region 2,Sweet 16,2017 Oregon,2017 Michigan,3,7,1,2.4,1.3,2.236887694,1.2096,-0.002996842,-1.8,-0.3,0.2,1.4,-0.72,-0.8,-0.21,5.61,5.1,4.5,-32.2,-17.7,6.3,8.8,-19,10.2,-0.6,11.9,-4.4,-7.5,8.9,8.8,18.7538,18.02020934,3.9,5.1,0.1,2.5,6.9,3.1,2.6,12.9,9.7,3.2,0.4,-2,0.2,-5.3,-7.5,27.6918,27.92975234,10.8,10.9,7,6,3.9,5.5,4.5,3.9,-2.7,7.6,22.2,4,7.3,10.3,-128.2,-83.5,-81,23.1824,-19.0804,-3.0936,1.884814206,0.07025492935,-12.4,-15.1,0.03,0.06,0.04,5.61,-2.748929133,4.5,36.4397,0.3214174928,-0.4598,-3.001716559,387.74,-12.57955712,13.679,13.45,-1,-0.9397547154,-1.195010732,-0.1,-10.3,128.2,83.5,81,-6.2068,12.4502,8.4226,-2.505649291,0.439835192,5.4,25.7,-37.7587,0.850767755,-0.4598,2.366288452,-387.74,5.011847885,-14.075,-10.19,-2.2
2017,Region 3,Sweet 16,2017 North Carolina,2017 Butler,1,4,1,12.3,7.5,2.802955721,7.0994,0.051735578,3.4,3.3,-4.8,-2.9,1.5,1.69,-0.14,2.97,5.2,5.7,-32.4,-23.1,2.6,1.8,5.6,-7.4,0.8,-2.3,0.7,1.7,11.1,11.7,25.0137,24.01492457,1.6,0.1,3.3,0.6,-4.4,3.7,14.2,16,1.2,-3.1,2.2,-1.2,2.2,0,-4.2,23.9056,24.43817877,6.1,7.9,2.1,2,4.8,3.6,-3,2,-1.7,2.5,6.9,8.2,2.6,6.1,-129.7,-77,-61.8,16.106,-19.5442,-14.3894,-1.511198722,0.3829418981,-14.4,-22.2,-0.02,-0.04,-0.01,2.97,-1.774439482,5.7,33.8135,6.887685751,1.22122,-3.048886134,1229.42,-10.87477382,19.423,15.505,-1,0.06330613808,-2.518124253,0.6,-6.1,129.7,77,61.8,-12.6182,19.8472,12.1764,0.9687854385,-0.07716526306,16.9,33.7,-36.7249,-3.31236922,1.22122,2.60355389,-1229.42,9.896673833,-2.002,-13.53,-4.2
2017,Region 3,Sweet 16,2017 UCLA,2017 Kentucky,3,2,0,-5,1,-2.312808169,-4.3149,-0.041434995,1.5,2.4,0.5,-0.4,1.01,0.7,0.47,-6.6,0,0.8,-29.7,-32.4,4.9,-4.4,-0.2,4.4,-6.9,-3.5,-0.8,4.3,10.5,8.9,30.8842,30.17834494,12.1,10.8,9.8,7.2,-7.8,4,2.2,20.7,5.7,0.9,11,12.2,9.8,-11.1,-7.8,19.3333,20.04417087,4.8,8.4,-0.9,3.1,15.9,0.2,-5.7,4.5,8.6,7.4,11.9,1.8,-1,8.5,-133,-81.1,-70.9,18.358,-13.401,-7.7088,-4.303696488,-0.135790411,-12,-14.9,0.03,0.03,0.04,-6.6,2.164832693,0.8,40.1326,0.626221522,0.54236,-2.80214323,354.9,-7.067242263,21.736,13.74,3,1.233462542,3.818594172,-1.6,-8.5,133,81.1,70.9,-19.067,19.4593,11.5505,-3.875359407,-0.4742737261,13,14,-36.3288,-3.831152107,0.54236,2.802385089,-354.9,7.337120946,-6.144,-13.855,3.3
2017,Region 1,Elite Eight,2017 Florida,2017 South Carolina,4,7,0,0.7,-1.4,4.65889934,9.3589,0.069443069,-7.9,-4.7,-5.2,-0.8,0.15,0.1,0.45,3.52,1,0.8,-29.9,-34.8,2.8,2,-3.9,1.9,-0.1,5.7,-3.6,-2.1,-0.5,0.6,27.3347,27.36563902,6.5,4.6,6.7,1.5,-6.3,7.9,0.3,2.7,3,5.5,8.8,-1.8,5.2,6.1,-1.9,16.0842,15.93251846,1.1,-0.5,2.7,-1.4,6,2.1,-4.6,10.7,2.8,-9,4.3,-0.7,2.8,-11.2,-118.8,-73.5,-39.1,13.9043,-22.2146,-11.0126,2.229601479,0.07306803812,-10.7,-17.6,0.04,0.06,0.03,3.52,5.107283823,0.8,29.476,5.379988599,0.07704,-2.303090004,2221.01,-8.432910089,5.565,11.45,-1,1.013227342,0.7290781914,1.1,11.2,118.8,73.5,39.1,-6.5162,20.1696,10.6675,4.280284918,0.2496049058,17.4,23,-26.3486,-6.093415071,0.07704,2.898636506,-2221.01,7.44001884,17.481,-8.885,-8
2017,Region 4,Elite Eight,2017 Gonzaga,2017 Xavier,1,11,1,20.7,10.9,6.244306786,17.7349,0.106246407,0,1.5,-9.5,-2.6,0.02,2.81,0.13,0.29,2.6,3.1,-28.2,-31.8,1.2,3.5,3.2,-6.8,-5.3,-9.9,14.2,-4.2,13.3,9.9,21.2855,22.43097285,6.2,5.9,4.4,3.9,4.5,1.9,4.9,-2.7,0.1,-6.2,2.8,4.5,5,8.6,0.9,27.0869,26.49413216,10,12,4,3,15.2,-0.9,-9.8,14.6,1.2,-0.1,9.9,7,5.8,3,-130,-84.5,-60.9,17.5777,-16.9118,-14.0244,-4.967262047,0.3365134166,-9.6,-20.9,-0.03,-0.01,-1.42E-14,0.29,-0.7560462229,3.1,40.1984,3.987313366,2.02905,-1.750797007,1127.29,-11.20034083,25.054,17.26,1,-0.663967046,2.745226158,-3.4,-3,130,84.5,60.9,-15.1482,26.0024,10.2634,2.973511918,-0.2961017056,9,17,-31.6656,-5.233673429,2.02905,2.891464249,-1127.29,8.630445424,16.999,-10.245,-7.7
2017,Region 2,Elite Eight,2017 Kansas,2017 Oregon,1,3,0,1.8,1.6,4.935857957,2.1474,0.021938311,0.7,2.9,-3.5,-2.5,-0.26,-0.07,0.03,-4.76,2.6,3.1,-27.3,-27.5,6.4,0.4,1.2,-1.7,-6.1,-7.8,12.5,-4.7,5.6,7.9,26.9328,26.66191834,9.8,7.4,9.4,-4.9,10.2,2,4.5,6.5,1.6,6.7,12.8,0.3,9.1,-6.3,-6.4,22.8695,21.57865015,7.7,9.8,2.2,-0.5,3.6,1.6,-1.6,8.5,8.1,6,6.8,3.3,2.4,5.5,-126.2,-73.5,-71.4,17.0639,-17.6423,-11.3276,1.360111551,0.2433095156,-2.2,-7.6,0.02,0,-0.01,-4.76,0.9762487184,3.1,34.9482,5.528296291,-0.01416,-2.346455706,787.74,-4.962896921,10.64,11.66,2,0.3964445019,1.078717904,2.3,-5.5,126.2,73.5,71.4,-20.648,21.1881,7.2692,-1.644557308,-0.2295709593,5.9,13.9,-36.4574,-0.3569589532,-0.01416,2.03689839,-787.74,7.66373986,-10.827,-12.6,-0.1
2017,Region 3,Elite Eight,2017 North Carolina,2017 Kentucky,1,2,1,2.3,1.1,-0.68593515,0.7427,-0.001317581,-0.9,1.6,-0.3,-0.7,0.51,-0.26,0.95,6.76,-2.7,-1.9,-37.3,-29,-0.1,-1.1,3.9,-2.9,-6.2,-9.6,1.9,7.8,9.5,9.2,30.2022,29.44813664,4.9,3.1,6,3.4,-1.6,3,14.8,16,1.9,-0.8,4.9,2.2,4.7,-6.4,-7.9,25.0736,26.15128747,4.7,6.7,1.1,-1.8,10.3,2.7,-8.9,4.3,2.8,3.9,5.7,2.7,1.5,1.4,-129.5,-71.7,-59.1,13.7871,-19.479,-12.2179,-1.792615367,0.08233286789,-16.1,-16.6,-0.01,-0.04,-0.03,6.76,-0.8892808308,-1.9,33.5184,7.638907669,-0.2236,-2.836579027,1211.4,-7.10088205,31.73,14.06,1,0.505200763,-0.2189738186,-0.3,-1.4,129.5,71.7,59.1,-23.6106,24.6992,14.7555,-1.120614587,-0.7057036516,15.7,19.4,-35.0575,-6.18028584,-0.2236,2.580366006,-1211.4,9.848921642,7.441,-14.75,-1.5
2018,Region 1,Sweet 16,2018 Kansas St.,2018 Kentucky,9,5,1,-9.6,-6.4,-1.770593352,-5.6526,-0.031978133,-6.7,-3,-1.9,-2.1,-1.78,-1.09,1.3,0.39,-3.1,-3.5,-21,-34.1,-0.5,0.1,5.7,-5.9,-4,-4.1,-10.2,14.2,-7.8,-5.4,16.159,16.65092324,6.6,6.2,4.5,5.3,1.4,-0.1,-5.2,2.8,0.3,-4.1,7.6,5.1,4.1,-4,-1,19.0024,19.26813553,2.2,1.6,2.9,-4.5,6.2,2.8,-3.4,-5.4,6.8,3.1,6.8,-0.7,2.8,1.6,-125.7,-74.8,-54.8,12.414,-20.6083,-17.3412,-3.543680849,0.1498241579,0.1,-14.8,-0.02,-0.04,-0.03,0.39,-1.719375661,-3.5,35.2179,-1.375064425,-0.7805,-1.843424456,1742.12,-6.45445521,4.056,10.415,-1,-0.2608084348,1.533328681,2.4,-1.6,125.7,74.8,54.8,-17.9875,19.8136,17.5636,-1.18917377,-0.8794285201,10.2,9.7,-31.2768,-5.992296128,-0.7805,2.024842842,-1742.12,9.944150708,12.8,-13.07,3
2018,Region 1,Sweet 16,2018 Loyola Chicago,2018 Nevada,11,7,1,1.2,-1.7,-0.508513279,-3.0412,-0.052568382,-2.1,-0.1,0.7,1.7,-1.83,-0.5,-0.34,7.66,-4.9,-4.4,-24.8,-23.2,-2.2,8.8,-5.6,-3.2,-1.3,-0.4,3.8,-3.6,5,8,9.611,7.5746103,8.6,5.8,8.8,1.5,2.5,-0.6,-7,9.8,-1.1,-6.1,4.7,1.8,8,-8.3,-9.6,23.7099,21.21083448,7.6,5.3,7.2,4.7,11.4,6.1,-1.5,7,1.9,-0.1,3.4,4.9,7.2,9.2,-129.1,-95.5,-73.3,14.2921,-19.778,-12.2076,-4.725314765,0.278551961,2.8,-15.6,0.03,0.07,0.02,7.66,1.114715827,-4.4,37.688,-2.942107777,-0.29466,-2.883147724,939.67,-8.221660817,6.788,11.735,-1,-1.475307809,7.441741113,3,-9.2,129.1,95.5,73.3,-12.4078,19.8323,9.1872,2.89910818,0.04605759276,6,25.5,-36.7289,-2.461409964,-0.29466,1.897206562,-939.67,13.23045793,-21.77,-12.125,-1.3
2018,Region 4,Sweet 16,2018 Florida St.,2018 Gonzaga,9,4,1,-7.1,-4.9,-3.912177116,-8.9113,-0.072140903,-6,-1.5,3.3,1.4,0.05,-0.03,0.07,5.91,3.2,2.7,-27.4,-22.8,11.4,7.7,-8.8,1,-2.9,-0.2,2,-1.8,1.1,3.3,20.7329,19.28226424,7,11.3,-0.4,-3.3,6.7,-0.2,10.5,5.9,6.2,7.4,10.3,0.5,0,-7.2,-8.3,19.8256,19.95511981,8.8,13.3,1,-0.3,0.2,3.1,-2.9,1.8,2.3,9.8,17,5.4,1.3,7.4,-129.9,-81,-72.9,22.9835,-22.5131,-10.36,3.719198479,0.4910383596,0.6,-3.9,0.03,0.02,0.02,5.91,1.527555482,2.7,35.1742,6.244882978,0.01509,-2.710807185,807.16,-9.238952781,2.782,13.495,-1,0.1605062545,-2.387678318,2.2,-7.4,129.9,81,72.9,-14.4398,15.1826,9.6758,-3.482691789,-0.02594847037,-1.6,10.1,-38.7079,-1.099038292,0.01509,2.268773709,-807.16,6.840281049,-10.288,-13.685,-1.1
2018,Region 4,Sweet 16,2018 Michigan,2018 Texas A&M,3,7,1,4.1,-1.9,4.947320297,6.2823,0.050235455,-3.8,-1.8,-6.3,-2.9,-1.03,-0.32,0.09,-7.02,-5.2,-4.3,-19.3,-36.6,1.3,4.4,-9.9,5.5,-4.7,-8.4,11,-2.7,2.5,0.8,21.6051,20.74463542,8,9.2,4,-2.4,1.3,2,-2.3,-2.4,-2.2,12.8,8.6,1.1,2.6,2.9,-2.7,18.4945,17.82217108,2.7,5.1,-1.6,-4.6,1.8,0.2,-9.9,10.7,5.2,-1.1,1.5,2.9,-0.2,0.3,-131.6,-87,-78.5,16.6517,-23.0848,-10.1712,5.341556663,-0.0004469220103,0.1,-16.1,-0.02,-0.02,-0.03,-7.02,-1.903604737,-4.3,38.316,0.9008607201,-0.29624,-1.555607003,-143.05,-5.842372916,5.115,11.305,0,0.2822349823,-1.719346888,-1.7,-0.3,131.6,87,78.5,-21.0416,23.5698,9.4137,1.018618186,-0.2873336449,8.8,5.7,-31.2784,-4.486037905,-0.29624,3.285868212,143.05,10.81794016,5.892,-11.46,-5.6
2018,Region 2,Sweet 16,2018 Villanova,2018 West Virginia,1,5,1,10.3,4.1,6.055699059,9.6343,0.038229301,4.6,3.9,-2.3,0.9,0.03,-0.95,-0.33,-9.1,-0.3,-1.7,-15.4,-25.6,4.6,-7.8,-1.1,8.9,-0.4,4.4,-1.7,-2.6,14.2,11.4,30.0074,32.35750797,10.1,14.1,2.4,6.7,-15.5,8.7,-1.2,-0.7,0.1,13.4,16.1,11.2,2,-4.7,-7.5,23.1761,23.72253769,1.1,-0.8,2.5,1.3,5.7,2,-9.9,0.9,7.9,10.2,0.8,0.4,3.6,8.8,-127.1,-77.9,-70.6,11.6101,-9.5346,-4.954,3.78146052,-0.3058849596,9.5,-4.4,-0.02,-0.03,-0.03,-9.1,0.8255702648,-1.7,39.2406,-0.8728337304,-0.66909,-2.10458126,1100.19,-5.507409851,14.101,14.91,1,0.6349916692,4.336154683,-2.8,-8.8,127.1,77.9,70.6,-6.564,16.1966,10.7892,-3.48473859,0.1850570138,5.9,19.2,-32.6025,-7.646685558,-0.66909,2.475465778,-1100.19,8.830947145,-12.059,-11.535,-2.8
2018,Region 2,Sweet 16,2018 Texas Tech,2018 Purdue,3,2,1,-2.5,2.2,-2.956125733,-4.7239,-0.034518338,-3.6,-0.1,3.7,2.3,-0.07,-3.37,-0.3,8.1,0.1,-1.3,-31.5,-20.9,4.6,6.5,-5.9,-0.7,-0.3,5.1,-3.5,-1.7,3.6,10.8,17.4482,18.51044367,5.9,6.6,2.9,2.2,16.5,-0.4,5.1,2.8,5.3,-1.3,4.8,1.8,2.5,-11,-8.8,31.1607,32.50551208,11.4,9.8,9.2,4.7,-2,6.4,0.7,13.3,2.9,-4.8,12.4,8.4,9.7,4.3,-126.6,-82.4,-61.7,19.747,-22.7444,-10.8493,-1.449634253,0.3545805772,-8.5,-9.1,0.02,1.42E-14,0.01,8.1,-0.2903856186,-1.3,33.7449,5.347746913,-2.31777,-2.604927167,1179.48,-7.128543949,2.226,11.485,-3,-1.350545925,-5.970684015,7.2,-4.3,126.6,82.4,61.7,-8.0669,14.1696,9.1291,5.973389262,0.1657126792,5.5,22.4,-37.3104,-0.5080026662,-2.31777,2.262734719,-1179.48,7.186974827,-28.07,-13.51,2.2
2018,Region 3,Sweet 16,2018 Kansas,2018 Clemson,1,5,1,7.5,4.9,4.209607082,2.9695,0.058582331,2.1,0.6,-5.5,-1.7,0.34,0.66,-0.3,-8.16,3,2.8,-21.4,-21,11.5,6.4,-10,3.7,-0.7,-2,2.7,-0.7,11.9,6.7,27.4278,28.04394561,10.5,12.2,4.8,-0.2,-0.8,1.1,2.4,8.6,0,-4.1,12,4.3,5,1.4,-1.6,16.0802,15.84850377,4.2,3.1,3.9,3.7,9.3,0.6,4.3,3.6,3.2,9.7,3.2,0.1,3.4,6.9,-129.3,-85.1,-87.9,23.8608,-18.856,-7.713,-4.036301227,0.3421230617,2,-4.5,0,-0.01,1.42E-14,-8.16,0.2539887285,2.8,39.1806,1.768788695,0.47244,-2.224022161,144.29,-6.568869409,17.881,12.165,3,1.137149665,2.650281665,-5.2,-6.9,129.3,85.1,87.9,-14.3778,19.9382,11.4731,-3.590050411,-0.0496657079,2.5,16.5,-33.7392,-0.1147822157,0.47244,2.461941846,-144.29,8.022547842,-0.704,-9.355,-3
2018,Region 3,Sweet 16,2018 Syracuse,2018 Duke,11,2,0,-17.5,-15.1,-7.058861435,-15.5419,-0.134804272,-7.4,-3.9,-0.1,1.5,1,0.18,0.28,-6.51,-6.5,-6.9,-29.8,-20.7,1.1,1.2,2.6,-3.9,-4.4,-6.3,-1.5,7.9,-14.1,-4.5,14.238,12.37762154,1.2,1.9,0,0.1,18.2,-2.2,5.9,-7.5,11.2,2,-0.3,3.5,-0.3,-10.2,-10.6,28.4898,30.1568705,9.2,10.8,5,-3.5,3.6,1.9,-9.8,-16.7,4.4,9.7,12.5,7.6,5.2,-4,-126.7,-67.3,-71.6,10.8902,-22.3825,-14.4889,0.1460071827,0.2061855934,-11.8,-13.7,-0.02,-0.02,-0.02,-6.51,-3.885073952,-6.9,29.0588,7.673449855,-0.06123,-1.903188433,1644.33,-6.871376613,-8.215,8.79,-2,-1.336731331,-0.1628930981,9.6,4,126.7,67.3,71.6,-24.3435,22.4016,16.7758,-1.869641198,-0.5124949023,-2.7,-0.7,-35.6608,-12.0863146,-0.06123,0.6716628898,-1644.33,4.953209864,-2.998,-13.685,-0.4
2018,Region 1,Elite Eight,2018 Kansas St.,2018 Loyola Chicago,9,11,0,-7.7,-5.1,0.545502955,-0.3859,0.063824451,-7.6,-3.3,-3,-1.1,0.61,1.86,-0.34,-2.94,0.7,0,-26.8,-24.6,3.8,2.2,-2.1,0,4.5,-8.9,4.2,4.7,-7.1,-2.5,15.9869,15.53110508,6.2,8.3,1.8,4.3,7.9,2.8,0.2,4.4,0,-9.5,3.5,7.9,2.1,-1.4,-2.6,13.9074,13.22185693,8.3,7.2,6.8,-1.7,-3.4,2.6,10.1,4.5,-0.3,-12.5,7.4,2.7,6.8,8.1,-122.6,-93.7,-70.9,15.3086,-21.6573,-12.4752,-6.324386949,0.1630390479,-7.7,-21.2,-0.04,-0.07,-0.05,-2.94,0.1379172865,0,33.758,0.3952558129,1.2369,-1.90141871,1038.76,-13.25194765,-14.35,9.955,-1,0.2114301482,-5.622174373,4.6,-8.1,122.6,93.7,70.9,-13.3435,19.6934,12.7506,7.203022565,-0.261441015,-4.2,13.4,-36.1266,4.765890885,1.2369,1.879449866,-1038.76,10.02183957,-6.084,-11.32,-1.2
2018,Region 4,Elite Eight,2018 Florida St.,2018 Michigan,9,3,0,-6.3,-3.3,-5.924979111,-7.367,-0.067739432,-7.8,-3.1,2.1,0.9,0.73,-0.34,-0.05,5.7,7.2,7.3,-32.9,-19.3,8.8,8.2,-14.6,6.4,-1.7,0.3,5.2,-5.5,0.5,1.4,23.1125,22.02559128,5.5,7.6,0.8,-2.8,5.9,1.8,8.8,7.1,3.4,2.1,3,0.5,1.9,-3.1,-4.8,15.9016,15.93889731,5.5,8.8,0,-6.8,-0.4,5.2,4.1,5.5,0.6,10.7,15.2,-3.4,-0.4,5.6,-130,-86.3,-72.7,25.6642,-23.401,-7.4257,0.528806669,0.2295497522,-5.2,-1.8,1.42E-14,0.01,0,5.7,3.224624702,7.3,34.4032,5.46963564,-0.12556,-3.304123099,554.55,-10.84252723,0.04,13.375,0,0.7795519932,0.8738445995,0.9,-5.6,130,86.3,72.7,-12.3678,17.702,9.0432,-6.321708766,0.1148055827,-4.8,11.8,-37.0783,2.410034643,-0.12556,2.207548018,-554.55,6.855837123,-5.635,-11.4,-1.7
2018,Region 2,Elite Eight,2018 Villanova,2018 Texas Tech,1,3,1,6.2,1.6,5.962705058,9.4667,0.044144697,5.1,4,-3.5,0.3,-0.29,-0.11,-0.48,-12.05,1.9,1.9,-14.5,-30.4,7.9,-2.9,-6.3,9.3,-5.8,-2.8,0.8,2.1,12.5,11,35.2967,36.61022848,13,14.6,7,7.5,-9.5,7.4,0.4,7.7,0.3,-2.7,13.6,12.5,7.7,-5,-9.4,18.0551,17.56798279,3.5,2.2,3.8,-5.2,14.8,0.4,-6.6,-1.7,4.2,13.4,4.8,-2.9,4,8.3,-126.8,-82.8,-67.5,16.6624,-15.2085,-6.8891,-5.38398963,-0.1051220846,4.3,-12.6,-0.02,0,-0.02,-12.05,1.100841787,1.9,39.2578,0.7094673222,-0.08253,-2.324372972,1308.18,-7.213618756,8.849,13.495,3,1.678611446,5.87376261,-1.5,-8.3,126.8,82.8,67.5,-17.4548,19.5689,12.3186,-5.80712833,-0.3301701671,3.4,6.6,-33.7633,-6.885208155,-0.08253,2.520619326,-1308.18,8.872407226,-15.242,-12.8,-4.4
2018,Region 3,Elite Eight,2018 Kansas,2018 Duke,1,2,1,-3.4,-5.2,1.529781112,-5.896,-0.017038075,0.8,0.7,3,4,-1.39,-1.49,1.12,-1.4,-0.9,-1.6,-21.7,-26.1,8.6,6.1,-10.6,4.4,-9.5,-5.8,3.2,2.6,4.8,7.6,27.466,27.79838974,12.1,11.7,8.2,-3.8,4.2,0.3,-0.1,0.7,4.3,9.5,7.1,6.5,8.1,-11.8,-12.8,24.9082,27.43601037,7.5,7.5,5.1,-1.2,10.1,0.8,-7.4,8.7,3.1,10.8,7,3.8,3.7,8.6,-130.3,-70.9,-92.1,24.1272,-20.5783,-8.3971,0.9621189727,0.2351454918,1.4,-1.3,-0.04,-0.06,-0.05,-1.4,0.7302708694,-1.6,39.3294,2.197166935,-1.08114,-1.810667415,166.14,-6.945289576,29.312,10.475,0,0.3123247909,1.63306335,2.8,-8.6,130.3,70.9,92.1,-26.634,20.3195,12.5747,-3.349958716,-0.4927639327,2,3.9,-36.5605,-3.996509094,-1.08114,2.406676636,-166.14,8.030506782,5.646,-13.185,-1
2019,Region 1,Sweet 16,2019 Duke,2019 Virginia Tech,1,4,1,13.7,12.1,6.207157099,7.5229,0.039487148,-0.8,1.4,-5.3,0.2,1.71,1.62,-1.29,5.41,9.3,9,-12.3,-20.3,7.6,12.9,-0.3,-12.6,2.3,1.2,7.5,-8.7,7.6,12.6,26.1206,25.04725724,4.5,10.3,-3,-3.2,8.2,4,8.7,-4.2,6.7,5.2,9.2,1.8,-1.9,-1.5,-0.7,30.3419,29.69222537,11.8,9.3,10.1,6.7,7.4,2.3,-0.1,10.9,0.7,8.6,5.5,7.4,9.5,3.3,-123.3,-77,-83.6,29.437,-28.7285,-22.0943,3.402580353,0.7858300917,6.5,-9.7,0,0.02,0.01,5.41,-4.59115377,9,32.8595,2.517160648,1.1403,-1.84042151,373.04,-10.19985853,-14.023,11.96,-1,-0.4385447553,-4.179080402,5,-3.3,123.3,77,83.6,-9.7733,19.0562,7.3172,0.185078127,0.341730373,-1.5,11.5,-35.5608,-1.543767086,1.1403,2.136976101,-373.04,5.513069612,-20.841,-9.405,0.8
2019,Region 1,Sweet 16,2019 LSU,2019 Michigan St.,3,2,0,-12.4,-7.5,-3.299515941,-10.3951,-0.048840573,-3.7,-1.6,2.1,2.8,-0.36,0.79,-0.7,-0.23,2.2,2,-28.7,-23.1,9.1,5.3,-2.2,-3,1.5,-5.2,3.1,2.1,-0.1,1.7,28.1171,26.30312317,8,12.1,0.5,7.5,10,-3.3,10.5,-7,3.7,-0.5,12.3,6,0.4,-10.1,-9.2,24.2094,22.93526454,5.6,5.1,4.3,6.2,0.8,2,-3.7,24.6,6.9,-0.1,3.1,2.8,4.1,1.4,-127.5,-71.4,-65.4,21.3279,-25.2788,-14.5008,-1.084522355,0.5153568533,-3.4,-5.6,0.02,0.03,0.03,-0.23,3.506903596,2,33.9019,7.46592045,0.56068,-1.926557913,1093.79,-6.373775936,-11.589,11.795,0,0.4583029003,-3.601464729,1.8,-1.4,127.5,71.4,65.4,-17.4547,21.1789,12.1938,1.543360462,-0.1506741176,7.3,19.7,-35.0568,1.341791567,0.56068,2.29733015,-1093.79,7.578928351,-25.919,-13.67,0.9
2019,Region 4,Sweet 16,2019 Gonzaga,2019 Florida St.,1,4,1,20.4,13.9,-0.519158822,10.2313,0.071916728,5.8,4.9,-11.5,-5.4,-0.45,-1.35,-0.03,-14.54,2.3,2,-25.9,-27.1,5.6,9.3,-5.8,-3.5,-11.7,1.2,1.7,-2.8,17,11.6,34.6957,32.04871999,12.3,16.1,3.9,4.2,-0.1,5.8,3.7,11.7,5,16.2,15.4,10.2,2.8,12,2.4,20.651,19.70547777,6.5,7.9,2.7,4.6,11.2,-0.3,-6,8.7,7.6,9,12.6,-1,2.8,1.8,-127.1,-82.3,-66.5,24.2656,-21.7751,-12.9881,5.246852515,0.524550999,1.8,-4.9,0.05,0.07,0.05,-14.54,-1.975929327,2,40.2599,0.4479096623,-0.93105,-2.216834637,1409.33,-7.195561851,32.128,15.615,2,1.310001483,4.680085448,-5.4,-1.8,127.1,82.3,66.5,-18.763,21.6836,11.774,-4.313583749,-0.1861529228,0.1,2.7,-30.4194,-5.864854686,-0.93105,3.43695352,-1409.33,7.013525777,22.716,-8.845,-9.6
2019,Region 4,Sweet 16,2019 Texas Tech,2019 Michigan,3,2,1,1.5,4.2,-2.173520829,-2.6876,-0.012892477,-8.7,-1.9,-5.4,-2.7,-0.62,-1.5,0.44,6.68,2.4,1.8,-35.4,-20.1,3.8,-1,-4.9,5.9,-4.6,-4.6,4.3,0.3,-5.8,2,26.613,25.82326668,9.6,8.4,7.9,7.2,8.6,0.1,3.1,6,5.5,7.5,9.8,5.3,7.4,8.6,2.3,29.5692,28.94346518,9.3,10.5,4.9,0.6,-10.6,9.5,4.1,5.5,3.7,13.1,11.5,3.1,4.4,-7.3,-127,-92.8,-77,15.1918,-21.3252,-8.2009,0.8481309831,-0.1421814338,-14.1,-16.4,-0.03,0.01,1.42E-14,6.68,-0.7973570738,1.8,33.6969,4.871065336,-0.99024,-3.385326623,-181.96,-8.344293606,-1.984,9.375,-1,-0.2593574037,2.822308536,7.8,7.3,127,92.8,77,-17.3778,27.6577,14.5746,-4.787682711,-0.2370791467,5.3,21.2,-31.9105,0.3452170513,-0.99024,2.155131882,181.96,5.967054309,23.244,-7.705,-6.3
2019,Region 2,Sweet 16,2019 Virginia,2019 Oregon,1,12,1,20.9,17.5,12.06471265,20.5031,0.14931613,1.4,4.6,-10.6,-6,-1.34,-0.45,0.36,-9.53,-4.8,-4.3,-16.1,-19.8,1.9,-2,7.8,-5.9,-2.6,-6.4,3.4,3,9.2,16.3,31.0229,29.6712113,8.9,3.2,11.5,4.3,-5,6.3,1.9,1,4.2,0.9,8.6,2.2,10.5,15.1,1.2,19.7837,17.67624553,8.2,6.4,7.1,6.8,2.4,0,-3.8,8.7,6.1,-8.6,-0.2,9.3,6.2,-2.3,-128.7,-86.3,-76.2,14.075,-19.0241,-16.6315,-2.344764027,0.1382747785,2.4,-14.5,-0.02,0.01,-0.01,-9.53,-2.807272471,-4.3,36.3401,5.16729666,-0.34459,-1.805685796,1.07,-6.203215956,19.364,12.295,3,1.001791382,-1.006598371,7.1,2.3,128.7,86.3,76.2,-15.8378,25.9167,16.353,7.73509429,-0.2919940767,1.2,19.2,-32.4404,-4.782662024,-0.34459,3.150252577,-1.07,7.288770582,25.996,-8.67,-13.9
2019,Region 2,Sweet 16,2019 Purdue,2019 Tennessee,3,2,1,2.4,1.1,-3.720833901,-0.9288,-0.012778649,1.7,1.4,4,4.8,0.46,1.28,-0.58,2.24,-3,-1.8,-15.7,-25.2,-0.3,-2.7,-2.6,5.3,-2.2,-1.7,-9.2,10.8,11.8,11.6,25.5943,25.99966104,5.3,6.6,2,7.5,-5,2.3,4.7,1.6,6.7,2.6,8.7,3.3,2,-10.7,-10.6,27.4368,27.25625932,5.8,7.8,1.8,3.4,0.7,3.6,-5,5.7,3.4,-0.4,5.5,14,2.4,4.9,-130.5,-76.5,-70.1,9.0577,-17.7834,-8.9522,0.3350347906,-0.1916825612,4.2,-16.2,-0.01,-0.04,-0.01,2.24,-4.436431105,-1.8,34.7475,4.449272562,0.84986,-2.330254433,666.87,-6.183928128,11.74,12.025,-1,-0.1830268702,-1.997939713,-0.2,-4.9,130.5,76.5,70.1,-16.8073,18.0562,16.4626,3.698920498,-0.4131961416,11.6,20.7,-36.6598,-1.688408261,0.84986,2.07294319,-666.87,6.656911174,-30.719,-13.985,0.1
2019,Region 3,Sweet 16,2019 North Carolina,2019 Auburn,1,5,0,8.7,6.7,3.858322933,5.8393,0.030568148,3.5,4,-4.9,-1.7,1.94,0.84,-0.41,-5.09,7.2,7,-20,-7.9,-1.2,-1.7,9.3,-7.6,-6,-6.2,12,-5.9,15.7,14.5,23.6323,23.30196376,1.1,1.5,0.9,3,-5.7,8.2,1.7,9.5,-2.3,3.9,7.7,-1.5,1.4,-5.3,-7.7,28.87,28.16618608,5.9,3.8,5.2,3.3,2.1,1,-9.5,-1.7,4.9,-2.5,-3.6,-1.1,4.6,7.2,-121.6,-76.6,-72.6,14.878,-18.4714,-15.3372,2.501106537,0.1244286262,-5.7,-18.9,0.04,0.04,0.04,-5.09,-1.580364971,7,31.6595,-0.7496063347,0.64792,-2.001990325,432.59,-5.383171682,25.65,11.745,-1,-0.5564144439,-0.05063312892,-1.2,-7.2,121.6,76.6,72.6,-22.1114,25.2906,10.1913,2.207831391,-0.1508815874,-5.4,18,-35.1505,-8.759064372,0.64792,1.939472709,-432.59,8.888480052,-16.527,-12.885,-2.4
2019,Region 3,Sweet 16,2019 Houston,2019 Kentucky,3,2,0,-9.1,-2.6,-0.831065361,-4.9884,-0.010828347,-6.3,-1.8,0.6,0,-1.87,-1.85,1.2,5.2,-0.4,0.2,-18.8,-29.1,1.7,-5.9,1.7,4.2,-2.9,-6.1,-5.4,11.5,-4.7,5.7,23.3086,22.42950178,5.1,7.2,0.9,-0.4,4.8,1.6,8.9,7.6,6.1,0.8,10.7,7.9,1.2,-10.4,-8.3,26.5296,25.94863138,10.9,9.6,8.8,4.8,4.9,-0.3,-10.4,2,7.5,5.7,11,8.5,7.5,-5.2,-128.1,-76.7,-60.9,9.5634,-18.516,-10.1662,-1.282245918,-0.1982882543,-8.1,-25.4,0.02,0.04,0.03,5.2,0.987749184,0.2,33.5952,5.540386961,-1.24512,-2.117705407,1319.2,-6.351633903,11.987,11.47,0,-0.2906428581,-0.3174938882,10.4,5.2,128.1,76.7,60.9,-18.2763,26.4363,19.1547,0.6567941161,-0.626368379,17.4,22.8,-32.9563,-9.305376777,-1.24512,2.331588738,-1319.2,6.606535196,4.544,-13.2,2.1
2019,Region 1,Elite Eight,2019 Duke,2019 Michigan St.,1,2,0,3.7,4.5,0.57416896,0.6318,0.014144133,-0.1,1.3,-4,0.3,1.11,1.06,-1.14,-1.5,5.3,4.8,-25.4,-27.5,9.3,6.1,-6.2,0.1,2,2,0.9,-2.9,5.9,8.9,29.7161,27.35918427,9.7,17,-1.6,1.1,6.9,-2.8,9.3,-0.9,8.1,0.2,17.6,7,-0.8,-7.4,-4.5,33.6379,31.66159937,11.2,9.9,9.1,5.9,11,1.1,-4.4,19.5,6.1,8.7,10.4,8.1,7.9,-2.5,-128.9,-73.3,-78.7,24.3007,-25.9184,-13.9564,0.001642558751,0.4099749607,0.6,-4.6,-0.02,-0.03,-0.02,-1.5,-2.893605553,4.8,35.5595,2.975530232,0.78008,-1.857022576,343.17,-6.324825956,-14.861,11.895,-1,-0.3728893518,-3.892208791,3,2.5,128.9,73.3,78.7,-11.265,19.2633,10.2088,-0.5678427606,0.2060979836,5.1,12,-34.3962,-0.3309311066,0.78008,2.096740659,-343.17,5.455653469,-29.092,-10.265,2.9
2019,Region 4,Elite Eight,2019 Gonzaga,2019 Texas Tech,1,3,0,7.8,4,0.140957708,6.0411,0.017820909,-0.7,1.6,-5.7,-0.8,1.12,0.81,-0.01,-1.51,3.9,4.3,-25,-29.9,6.7,13.5,-8.6,-4.9,-4.6,4.8,-3.7,-1.1,4.5,7.9,39.1782,37.79557768,16.8,21,6.4,7.5,-1.6,8.5,2,7.2,6.4,11.2,15.3,14.7,6.5,3.8,-4,20.358,20.48012367,9.5,9.8,5.9,3.3,8.4,0.7,-1.5,10.2,10.4,7.2,16.5,3.8,6.1,0.3,-125.4,-85.1,-67.8,26.698,-27.4021,-15.4065,0.9175694301,0.6923794094,-1,-10.2,0.03,0.02,0.01,-1.51,-1.499188506,4.3,37.802,0.376180696,0.57465,-2.12926245,993.63,-5.94471832,8.356,13.025,2,1.740956019,1.679260559,3.4,-0.3,125.4,85.1,67.8,-11.0928,17.9436,11.1504,-1.802879795,0.04355071013,5.5,13.4,-33.3804,-3.500741107,0.57465,3.395563728,-993.63,6.985500703,7.108,-8.975,-7.8
2019,Region 2,Elite Eight,2019 Virginia,2019 Purdue,1,3,1,3.3,6.4,4.987654699,9.604,0.038492922,2.2,6.3,-0.7,-1.2,-1.07,-0.53,0.03,-4.77,-5.3,-6,-18.3,-14.6,2.9,2.1,1.5,-3.6,-1.8,-2.7,5.7,-3,8.8,14,28.5288,26.95071552,6.2,4.3,6.5,1.3,-2.4,4.8,3.4,1.4,0.9,-1.4,4.7,5.8,5.2,-3.3,-7.7,33.1767,32.28837583,9.2,5.7,9.2,8.1,1.5,1.9,-9.1,10,4.6,-4.4,2.5,5,8.5,1.4,-132.1,-82.5,-79.7,17.3372,-20.1135,-12.7142,-3.074780563,0.2062956091,-3.9,-19.6,0,0.01,-0.01,-4.77,3.55911129,-6,37.6646,4.225646765,-0.4259,-2.128876766,99.26,-6.680582385,14.479,13.66,2,-0.5124061372,0.8292719039,5.2,-1.4,132.1,82.5,79.7,-14.1857,24.6038,13.2005,5.211462428,-0.0432065664,-1.1,23.7,-34.2637,-8.223522161,-0.4259,3.146510034,-99.26,7.299823855,-4.575,-10.47,-4.4
2019,Region 3,Elite Eight,2019 Auburn,2019 Kentucky,5,2,1,-8.3,-5.5,-2.642655219,-4.0816,-0.016967166,-5.9,-2.1,3.3,3.5,-1.5,-0.79,1.6,3.13,1,2.1,-12.1,-26.1,6.8,0.9,-11.9,11.1,-0.5,-0.6,-13.2,13.8,0.3,6.3,28.7616,27.72993168,7.2,7.7,3.1,1,3.9,0.9,6.9,4.8,8.3,-5,7.6,-1.2,3.8,-13.7,-11.8,21.9833,20.95638556,1.5,2.3,0.8,2.8,5.9,6.8,-3.7,0.3,2.1,2.6,6.2,2.2,0.6,6.3,-120.3,-72,-62.8,16.8558,-21.4256,-6.4245,-2.082346574,-0.07303189667,5.5,-13.5,0,-0.02,0.01,3.13,1.299703399,2.1,34.963,6.271053742,-0.52878,-2.090353469,1395.42,-6.317519328,27.857,11.6,1,0.6965456493,-1.142895051,6,-6.3,120.3,72,62.8,-17.407,18.2252,17.8184,-1.030804758,-0.488312253,9.6,14.9,-31.2449,-3.427860075,-0.52878,2.115655768,-1395.42,5.339562175,0.877,-13.695,1.9
2021,Region 1,Sweet 16,2021 Gonzaga,2021 Creighton,1,5,1,18.6,11.2,5.248791959,15.319,0.076014565,5.6,5.6,-2.9,-0.4,1.12,1.55,-0.72,0.83,5.8,5.4,-28.7,-21.2,1.3,16.9,-10.9,-6,-6,-0.7,10.6,-9.9,19.9,16.2,32.5458,31.27347066,14.1,17.9,4.4,2,11,1.7,2.2,2.3,-1.6,0.4,14.1,7.3,5.1,4.8,-4.9,25.3828,24.62478719,8.2,9.5,4.2,-6.1,1,4.5,-1.4,11,2.6,-1.5,9.7,1.7,3.4,11.1,-130,-93.2,-84.8,27.1362,-26.2237,-14.556,-1.579958761,0.7145980317,2.1,-9.6,0.03,0.02,0.01,0.83,-1.371415372,5.4,41.7272,-0.1854153406,1.1201,-2.409569893,6.21,-9.533253523,22.654,14.485,-1,0.618913708,0.8987941018,-3.7,-11.1,130,93.2,84.8,-17.1872,19.4531,6.9405,1.246177402,0.09696717144,5,18.9,-36.2419,-1.046236748,1.1201,2.749534628,-6.21,13.00677803,-3.84,-10.455,-9.7
2021,Region 1,Sweet 16,2021 USC,2021 Oregon,6,7,1,7.5,0.1,0.788468077,4.5446,0.053989765,-1.2,1.3,1,1.7,1.86,3.81,-0.62,0.18,-0.4,0,-29.6,-26.7,4.1,-4.1,11.8,-7.7,-3.7,-8.2,10.8,-2.6,10.5,8.1,16.1102,17.23172906,2,2.2,1.2,-11.6,10.4,2.2,8.5,-3.9,5.9,12,4.4,4.4,1.7,-4.3,-8.1,23.7947,23.80767226,9,10.7,3.7,-2.4,2,0.6,-1,-4.5,3.6,1.7,10.9,5,4.4,2,-127.4,-81.5,-83.8,13.0303,-13.5095,-14.2659,4.166421828,0.2759696296,-11.4,-14,-0.04,-0.07,-0.04,0.18,3.530657573,0,32.5402,7.124607003,2.59461,-2.117076747,539.8,-8.499812391,12.828,12.67,0,-0.7635970981,1.112973985,-2.4,-2,127.4,81.5,83.8,-15.4667,22.4282,9.1988,1.332119532,-0.2488409653,8.6,20.1,-35.7604,-4.016272288,2.59461,1.994796514,-539.8,6.816644059,-19.834,-9.31,-3.8
2021,Region 4,Sweet 16,2021 Michigan,2021 Florida St.,1,4,1,-1.2,0.5,4.675550699,8.7217,0.022052823,0.9,1.9,-2.5,-2.8,-1.73,0.13,0.16,-14.17,-2.9,-3.4,-26.1,-31.8,-0.1,1.2,4.6,-5.6,-9.2,-8.7,11.8,-3.1,2,1.5,25.0614,23.99815752,8.4,9.1,5.4,3.7,-7.4,3.3,-2,6.1,3.1,16.7,15.4,2.8,5.6,-4.3,-1,27.7995,26.41988753,9.5,9.8,5.5,-1.1,8.2,-5.1,-10.9,9.4,7.6,15.1,7,5,5.4,0.7,-128.8,-78.7,-77.6,12.9822,-19.4474,-13.7466,6.384858074,0.2085028906,-7.2,-14.7,-0.02,-0.01,-0.03,-14.17,-2.900635786,-3.4,35.4653,0.4919135747,0.01232,-1.851123946,1116.8,-6.221205253,6.32,10.965,-1,-0.2985594417,0.2224348542,-0.5,-0.7,128.8,78.7,77.6,-22.5848,24.8586,8.438,-4.447330104,-0.4218249481,16.4,16.9,-35.0911,-9.31652253,0.01232,2.881876598,-1116.8,8.614921156,-6.076,-11.655,3.3
2021,Region 4,Sweet 16,2021 UCLA,2021 Alabama,11,2,1,-11.3,-6.2,-4.231115194,-9.0701,-0.049315605,0.5,2.5,-4,-4.2,-0.4,-0.56,-0.5,-5.56,-9.8,-9.3,-34.7,-13.9,-2.6,-4.5,7.1,-2.6,-2.1,-8.4,17.2,-8.8,-2.4,-1.9,26.669,25.61179414,6.7,4.2,7.9,3.5,0.7,4.4,1,7.8,-6.3,3.6,1.9,8.1,8,-5.7,-4.5,14.2361,14.53293171,0.6,0.7,0,-1.6,0.6,-1,-7.3,1.4,3.4,-0.5,-2.5,-10.5,1.5,-0.7,-126,-83.7,-78.9,6.5552,-16.9679,-12.4584,-2.383333952,-0.1298935459,-22.9,-28.3,1.42E-14,0.02,0.01,-5.56,0.4488768186,-9.3,31.7743,4.573075069,-0.39098,-2.395136946,370.52,-8.096212972,-12.212,9.345,0,1.19848105,4.557613333,0.5,0.7,126,83.7,78.9,-16.1529,22.7354,8.6271,-1.86341424,-0.03756728947,-7.4,14.5,-33.0814,-6.452929105,-0.39098,2.385913879,-370.52,11.78649592,-15.266,-11.7,1.2
2021,Region 2,Sweet 16,2021 Baylor,2021 Villanova,1,5,1,10.5,8,3.619829765,6.8785,0.052441263,3.4,6,0.8,0.5,-1.32,-1.01,0.18,2.95,4,3.7,-20.2,-21.1,3.6,3.3,-1.2,-2.1,-1.3,2.7,7.8,-10.5,14.1,15.8,27.281,26.16490895,5.7,3.1,6.4,1.5,1.2,1.4,12.7,6.1,1.4,-10,4.9,-2.3,7,-7.2,-7.7,24.8341,24.96386047,3.7,4.7,1.2,7.9,-1.7,11.1,3,6.1,-5.6,-2.9,4,2.6,2.4,11.2,-125.3,-78.9,-85.5,16.7247,-16.7353,-10.7493,-5.381893605,0.2312619941,-3.2,-16.7,0,0,0.01,2.95,-0.901727117,3.7,38.222,9.395254553,-0.68631,-3.072937727,-327.28,-20.58539777,29.835,15.03,3,0.2010827206,4.203344586,1.7,-11.2,125.3,78.9,85.5,-13.5984,19.1253,7.2009,2.13167186,0.2997759315,7,22.8,-33.1506,1.80742785,-0.68631,2.030590826,327.28,8.688717781,-11.16,-9.89,-0.5
2021,Region 2,Sweet 16,2021 Arkansas,2021 Oral Roberts,3,15,1,15,7.6,9.493251298,20.31298,0.374127122,2.4,2.2,-4.8,1.1,1.04,1.48,0.05,7.62,2.5,1.7,-32.2,-16.5,3.1,-3.2,0.7,2.5,1.5,5.5,3.3,-8.8,14.6,13.1,4.062,3.35127,1.1,2.9,-1.7,3.5,-0.4,0.8,-1.3,6.4,4,9.5,3.6,0.5,-1.2,6.3,-5.4,18.6836,16.22319603,6,2.8,6.2,14,-1.5,4.6,3,-3.9,0.8,-3.2,-0.8,9.7,4.1,3.1,-128.4,-85.9,-77.1,11.4378,-15.3706,-9.3436,4.689102656,-0.1135624488,-2.5,-5.9,0.05,0.03,0.02,7.62,1.952922975,1.7,33.5118,0.2462584196,1.08942,-2.911417216,492.67,-9.289588816,22.601,11.47,-3,-1.604942659,-3.438472358,-1.5,-3.1,128.4,85.9,77.1,-3.391,14.7411,7.5023,4.58276065,0.3538274478,0.5,26,-34.5476,-2.876479872,1.08942,2.553759917,-492.67,6.699503184,10.238,-9.445,-11.7
2021,Region 3,Sweet 16,2021 Loyola Chicago,2021 Oregon St.,8,12,0,8.1,6.6,1.459912026,13.5811,0.151979552,-1.1,-0.9,-4.6,-1.3,-2.1,-1.64,0.19,-0.13,-2.1,-1.3,-25.3,-30.1,-4.1,5.6,-4,-1.6,-2.6,-1.3,3.1,-1.8,4.9,6.2,11.2627,10.56049735,5.9,5.5,4.3,0.1,-7.5,0,-3.4,7.7,-0.9,-3.6,5.5,4.1,4.8,1.2,0.4,22.6635,20.87304167,2,1.4,2.1,5.9,11.6,4.4,-8.8,14.2,1,8.7,2.3,-1.9,2.6,2.1,-124.2,-93.8,-74.7,15.384,-21.3452,-13.7244,-3.481867045,0.08689756234,1.2,-15.1,-0.03,-0.08,-0.04,-0.13,-2.605753533,-1.3,36.7085,-2.0743462,-1.07988,-2.014887336,857.83,-9.628832647,12.578,13.085,1,-1.09855925,1.328824869,1.3,-2.1,124.2,93.8,74.7,-7.9486,19.7234,10.2222,-3.748133191,-0.06192519512,19.7,32.3,-28.8108,-4.634311145,-1.07988,2.233176641,-857.83,13.15591222,5.244,-8.68,-0.8
2021,Region 3,Sweet 16,2021 Syracuse,2021 Houston,11,2,0,-18.3,-10.1,-3.504468076,-12.5934,-0.125957243,-0.8,-0.7,1.6,2,1.01,1.28,-0.31,-10.42,3.7,4.2,-23.2,-13.8,1,-7.7,4.8,2.9,4.1,4.3,-6.3,2,1.5,2.7,23.7183,22.79258754,7.8,7.8,5.3,13.2,-14,5.6,2.3,4.9,7.1,13.4,10.1,9.7,4.9,-15.9,-13,21.3283,21.74879323,2.8,0.7,3.8,-0.6,5.6,4.5,-5.6,-17.2,5.6,4.7,4.6,1.7,3,-6.6,-125.3,-68.5,-73.4,6.6525,-19.4273,-12.2636,2.959156827,-0.2385527113,-13,-29.9,-0.01,-0.01,-0.01,-10.42,1.693573456,4.2,30.2544,3.002655142,0.87208,-2.255768166,623.1,-6.234596253,-1.489,9.12,0,0.2934449968,0.4666334306,1.2,6.6,125.3,68.5,73.4,-8.4815,20.766,15.4588,-1.21044054,0.1565883589,7.7,29.2,-32.2261,-11.06623243,0.87208,1.306773469,-623.1,6.16953272,-32.186,-10.135,2.9
2021,Region 1,Elite Eight,2021 Gonzaga,2021 USC,1,6,1,10.4,6.6,2.956695442,14.3996,0.047396175,4.5,3.8,-1.9,1.1,-1.26,-2,-0.16,-4.41,7.8,7.3,-32.4,-34.3,2.3,18,-16.2,-1.9,-6.9,1.1,-3.8,2.7,15.1,14.2,35.4527,35.09784716,15.6,21.8,2.3,-0.2,11.9,1.3,3.1,0.7,0,-0.5,21.9,6.9,3.5,1.8,-7.6,23.3958,23.68337669,4.6,5.3,2.3,-5.6,11.6,2.2,-12.3,5.5,6.5,-0.3,4.6,7.2,3.3,6,-128.1,-83.2,-75.1,25.3623,-26.2104,-11.1941,-1.37122773,0.6668595346,-3.2,-11.7,0.03,0.05,0.01,-4.41,-0.6768682731,7.3,41.6786,0.09864256232,-1.31455,-1.929552665,844.46,-6.856057219,20.71,14.03,0,1.087554867,-0.2065640978,-0.9,-6,128.1,83.2,75.1,-15.2642,16.5621,11.5201,2.404746029,-0.2832272183,19.4,19.8,-32.0124,-8.918366687,-1.31455,2.819407022,-844.46,12.96658989,-0.204,-12.21,-9.4
2021,Region 4,Elite Eight,2021 Michigan,2021 UCLA,1,11,0,7.9,5.4,4.428247343,14.874,0.072900942,-0.5,1.1,-0.2,-0.7,0.6,2.66,0.74,-2.39,2.2,2.3,-27.1,-35.6,2.8,2.9,1,-3.8,-0.4,0.7,-0.9,0.2,5.9,6.7,21.9481,21.49829621,4.2,3.9,3.6,4.2,0.9,1.3,5.2,6.1,3.5,3.3,7.9,-2.9,4.4,-0.7,-1.2,24.7605,23.43190713,7.1,8.3,3.2,-2.8,8.1,-1.6,-6,9.1,0.8,12.5,4.2,10.5,5,2.5,-134.3,-90.8,-86,17.6013,-18.4337,-12.0792,1.557768605,0.2796301168,-10.8,-19.3,-2.84E-14,-0.04,-0.02,-2.39,-1.296301235,2.3,37.2745,4.097673276,1.79658,-2.376056149,803.03,-11.79475238,19.242,13.34,2,-0.3368972983,-1.883522259,0.8,-2.5,134.3,90.8,86,-7.5328,19.3141,9.8052,-1.912376681,0.003005442891,29.1,35.1,-34.9959,-6.168375475,1.79658,2.901184965,-803.03,8.688796942,9.912,-10.575,-0.5
2021,Region 2,Elite Eight,2021 Baylor,2021 Arkansas,1,3,1,11.8,11.7,2.125119104,7.9677,0.064299434,1.1,4.3,-2.6,-1.4,-1.23,-1.7,0.45,-1.36,-5.1,-4.4,-23.2,-29.9,4.4,0.2,-0.9,0.7,-1.5,-6.2,5.8,0.4,7.9,14.5,33.2926,32.03994313,9.9,7.2,9.2,1.1,-2.3,2.7,11.3,8.3,1.5,-11.7,8.5,4.3,7.7,0.1,-2.8,17.7341,16.50929617,2.4,3.8,-0.1,5.1,1,7.2,-0.8,-1,3.4,2.4,-2.2,3.3,0.3,5.7,-120.1,-73.7,-79.3,14.3285,-16.758,-9.1736,-7.71945485,0.1002065195,-2.9,-14.4,-0.03,-0.03,-0.03,-1.36,-1.248608395,-4.4,36.7428,9.129129716,-1.23336,-2.347755134,-72.71,-6.691019106,22.404,13.27,4,1.469346727,6.232791635,6.6,-5.7,120.1,73.7,79.3,-17.6234,22.7507,11.7605,-0.05854514386,-0.2406505907,9,13.7,-30.0176,-2.138648253,-1.23336,2.108034737,72.71,8.59008761,5.196,-9.56,-2.9
2021,Region 3,Elite Eight,2021 Oregon St.,2021 Houston,12,2,0,-16.5,-9.1,-3.663566934,-18.6474,-0.197345296,-4.2,-1.9,4.6,2.7,1.13,1.92,0.21,0.07,-0.4,0.2,-26.9,-20,-0.7,-1.9,4.2,-2.3,1.4,9.1,-5.6,-3.5,0.8,3.7,19.2243,19.71212094,5.8,3.9,6.1,10.8,-8.4,4.4,1.8,7.8,2.2,12,1.4,8,5.2,-15.9,-12.9,19.7687,20.60792195,0.9,-2.6,4.1,1.1,-7.5,2.2,-10,-0.8,6.7,-4.4,4.1,-0.5,4.2,-6.7,-126.4,-73.4,-54.7,6.0761,-21.9329,-13.9673,2.160515681,-0.00711385796,-12.4,-25.8,-0.02,-0.01,-0.03,0.07,2.888210731,0.2,27.99,2.291917265,1.26792,-2.240317584,1204.29,-6.289626816,4.276,8.76,-1,0.01970631762,0.01777654541,2.9,6.7,126.4,73.4,54.7,-7.7256,17.3578,12.1722,2.675225901,0.3381725642,8.4,27.1,-33.7621,-8.998251396,1.26792,2.12330432,-1204.29,9.547824792,-28.338,-14.315,3
2022,Region 1,Sweet 16,2022 Gonzaga,2022 Arkansas,1,4,0,11.2,5.6,2.248450703,13.9474,0.093058429,0.7,-0.2,-6,-3,1.98,2.43,-0.75,3.04,1.8,2.1,-25.4,-31.8,3.4,9.2,-5.7,-3.5,-4.2,-2,2.9,-0.9,12.2,4.5,29.7539,28.91556113,11.9,14.5,5.1,-0.1,-2.6,4.7,3.2,0.6,4.7,4.7,9.3,11.7,4.5,9.3,-1.4,22.236,20.88339876,6,9.3,0,5.8,15.7,-0.4,-7.9,12.3,5.3,-1.3,13,1.4,-0.1,-0.7,-129.1,-91.3,-77.9,24.7342,-23.1889,-13.129,-1.256664228,0.4524977873,-3.1,-12.6,-0.02,-0.01,-0.03,3.04,-0.3060114166,2.1,39.1404,1.871335266,1.78725,-1.957896431,837.68,-7.528156819,8.804,13.575,2,0.667918291,2.198542244,-7.7,0.7,129.1,91.3,77.9,-11.929,23.934,12.7467,0.238466485,-0.1510159337,11.5,17.2,-30.9832,-4.702449573,1.78725,3.069375652,-837.68,6.83929102,7.251,-8.955,-10.7
2022,Region 1,Sweet 16,2022 Texas Tech,2022 Duke,3,2,0,1.5,-3,-0.616568004,0.9286,-0.000114202,-2.8,-1.8,0.5,2,-0.04,-1.86,1.52,13.17,-0.8,-1.3,-31.8,-17.8,2.2,3.5,-3.9,0.5,-8.5,-12.8,3,9.7,2.4,6.3,14.0502,14.70731148,5.4,8.2,0,2.7,17.2,-4.2,4.8,0.5,3.8,6.2,10.7,1.7,0.1,-7.6,-9.3,34.3035,34.92921839,10.1,11.5,5.5,4.6,-3.5,8.7,-5.8,2.8,5.9,6.7,12.9,3.8,5.1,0.5,-125.1,-80.2,-84.3,18.0888,-21.2918,-11.9019,3.11812966,0.1479504291,-5.9,-6.3,-0.01,0,1.42E-14,13.17,-0.9936054163,-1.3,33.2298,2.42628854,-1.27938,-2.550136222,-204.18,-6.886500323,25.712,9.87,-2,-1.894621517,-2.811234125,3.9,-0.5,125.1,80.2,84.3,-25.0339,26.148,18.0328,-1.604116843,-0.7809437213,4.2,17.1,-34.4536,-4.364984379,-1.27938,1.60114537,204.18,7.655119367,19.912,-11.08,-1.7
2022,Region 4,Sweet 16,2022 North Carolina,2022 UCLA,8,4,1,-2.5,-2.8,-0.79445324,-8.8013,-0.066239575,0.9,-1.1,-0.5,1.8,0.38,1.27,-0.45,-12.13,3,4.4,-24.8,-31.6,2.5,2.8,-2.8,-0.1,1.4,3.1,-8.1,5,5.3,3.8,21.8283,21.19539081,4.4,3.4,4,4.9,0.4,3.2,5.6,2.5,1.8,-3.6,4.4,-1.8,3.7,-2.2,-6.7,19.0652,19.2273199,0.8,1.3,0.3,-0.1,8.3,0.7,-11.1,1.9,1,-5.9,0.1,6.5,1.7,0.2,-136.3,-92.1,-89.9,14.702,-21.7027,-12.2659,-1.856681474,0.1421567079,-5.6,-16.9,0.01,1.42E-14,0.01,-12.13,-1.726675336,4.4,33.2004,5.610963454,0.91524,-3.02500731,452.69,-9.587706681,3.838,10.81,-1,0.3059853152,-3.506787158,-1.5,-0.2,136.3,92.1,89.9,-6.343,16.477,12.9558,4.544955564,-0.02089008003,20.9,29.9,-36.7414,-9.145364593,0.91524,2.529912225,-452.69,9.328869686,-11.657,-13.2,-4.5
2022,Region 4,Sweet 16,2022 Purdue,2022 Saint Peter's,3,15,0,11.4,6,12.57050037,18.01172,0.328828128,4.7,2.3,-8,-4.7,2.26,2.64,-0.11,-4.24,-0.4,0,-24.6,-28.7,4.1,-2.8,-0.1,2.9,1.6,-16.1,5.9,10.3,17.9,4.7,26.7922,28.55365248,12.9,11.9,9.7,-3.2,-4.7,3.6,7.2,7.3,-3.3,7.1,18.5,3.1,9.2,9.6,1.3,-0.2292,0.08752533,-1.8,-3.3,1.3,-3.5,16.1,-6.7,-7.9,-1.5,7.9,-1,-10,-0.6,1.4,-1.5,-126.9,-81.7,-63.8,14.2781,-17.9487,-10.6476,1.22490194,-0.05385578922,-3.9,-13.3,0.07,0.09,0.07,-4.24,-2.540912999,0,35.4559,5.391256198,1.76352,-1.641138169,1356.34,-5.838690114,30.982,13.925,3,2.646216249,1.138891003,-13.2,1.5,126.9,81.7,63.8,-13.2045,26.1346,16.637,0.8243799474,-0.7506310292,8.1,20.5,-30.7512,-8.054331021,1.76352,2.058495399,-1356.34,9.25508975,17.264,-10.65,-8.3
2022,Region 2,Sweet 16,2022 Arizona,2022 Houston,1,5,0,-3.8,-2.3,2.59806251,0.7113,-0.01651197,-3.6,-1.7,0.7,0,2.03,2.6,-0.91,2.67,7.4,8.3,-21.4,-26.4,9.1,12.6,-5.8,-6.8,-5.6,-2.7,6.9,-4.2,1.4,3.8,28.7892,29.15587754,12.4,14,6.4,3.3,0,3.7,7.2,10,7,5.3,13.7,3.9,6.5,-5.2,-6.2,24.917,24.68932743,9.2,13.2,1.4,-0.1,5.9,0.6,-9.5,12.7,10.3,12.4,13.2,8.1,1,-2.6,-125.5,-72.1,-78.3,28.7565,-29.084,-17.7297,0.8497441109,0.7636824081,-0.4,-6.5,-0.03,-0.04,-0.02,2.67,0.04838820703,8.3,33.5775,2.393108131,1.96152,-1.813390567,48.26,-5.26600743,-14.413,11.805,1,0.3710032533,0.1023162295,2.4,2.6,125.5,72.1,78.3,-17.6458,23.8687,10.1702,-4.280211968,-0.1057099928,13.7,22.5,-34.5932,-2.923526063,1.96152,2.195503243,-48.26,6.754953528,-26.26,-10.125,-1
2022,Region 2,Sweet 16,2022 Michigan,2022 Villanova,11,2,0,-16.1,-8.7,-7.121333251,-8.4626,-0.066403524,-3.6,0.4,4.9,2.9,0.88,3.53,-1.02,0.24,3.3,3.6,-24.7,-20.1,1.5,3.5,6.6,-10.1,0.7,-4.9,16.3,-11.5,0.7,5.2,20.3673,20.91016838,4.8,4.8,3,0.1,3.8,1.7,3.2,2.4,-2.8,4.2,7.4,2.9,3.1,-11,-8.5,19.3912,20.45271746,1.7,-0.5,2.9,9.4,3.9,-0.5,-7.1,7.4,-1.3,-2.6,-6,-4.7,3.5,2.1,-133.6,-86.1,-88.9,14.2578,-21.2593,-18.3205,0.8711512388,0.4234128686,-11.8,-23.2,0.01,-1.42E-14,0.03,0.24,-0.9191311078,3.6,33.4867,3.508739768,2.3484,-2.609135013,767,-12.45910153,-8.812,9.685,-1,0.147880594,-0.03194933357,4.5,-2.1,133.6,86.1,88.9,-13.1612,21.8606,6.9031,1.532916437,0.1655075452,5.1,24,-36.485,-7.882000274,2.3484,2.811564126,-767,11.22756117,-34.066,-13.28,2.5
2022,Region 3,Sweet 16,2022 Kansas,2022 Providence,1,4,1,13.4,10.1,4.537258673,11.6123,0.116701117,3.2,4.1,-5.2,-5.4,-0.57,-0.47,-0.65,0.07,3.4,3.6,-30.1,-27.7,2.4,0.9,2.1,-3,-3.2,-4.3,7.6,-3.2,15.2,11.5,21.3399,23.27640172,7.4,7.9,4.3,1.5,6.5,-2,5.4,7.6,0.6,9.4,9.4,3.3,6.1,1,-1.4,18.0325,18.7056417,3.4,1.7,4.2,1.9,10.7,1.1,-1.6,6.5,2.1,2.9,0.7,-0.3,4.6,-2,-130.7,-79.2,-74.6,14.5934,-19.2163,-13.3209,2.346184224,0.2104080973,-3.9,-8.5,-0.01,-0.02,0.01,0.07,0.847538164,3.6,36.0488,4.062804994,-0.30499,-2.443335708,909.69,-8.986209272,27.695,11.865,0,0.2734118739,1.692336332,-3.7,2,130.7,79.2,74.6,-13.9046,23.7537,11.3576,-0.1781104643,-0.1046883534,5,15.9,-31.8277,-3.207558452,-0.30499,2.307949963,-909.69,8.670239485,-5.44,-10.22,-2.4
2022,Region 3,Sweet 16,2022 Iowa St.,2022 Miami FL,11,10,0,-4.6,0.6,0.24513172,1.3252,0.036404616,-5.6,-1.8,0.4,-0.2,-0.2,-0.61,0.18,9.17,-0.3,-1.2,-23.2,-26.6,0.5,-4.1,5,-1,1.3,-8.8,6.4,2.4,-5.3,2.5,2.246,2.5840552,-3.5,-3,-3.1,-0.7,3.5,-0.1,-2.1,3.5,0.9,-2,-1.6,-0.2,-3,-3.4,-1.9,24.3198,25.57044221,5.8,4.2,5.7,2.4,-7.3,10.3,5.1,-1.5,-2.8,-2.2,-0.1,1.8,5,5.9,-120.6,-89.6,-82.2,12.9198,-17.9472,-13.473,-0.09802983046,-0.06471508078,-3.2,-13.8,-0.03,-0.03,-0.03,9.17,0.9556115906,-1.2,30.2606,-2.440191371,-0.41473,-2.260106861,-53.33,-10.64457489,-10.579,8.63,-2,-2.198984147,-0.8503074417,7.8,-5.9,120.6,89.6,82.2,-19.6697,24.8952,14.9496,2.887117873,-0.274532299,10.8,20.5,-33.8616,0.1674414764,-0.41473,1.700738464,53.33,9.242862589,-4.58,-10.11,1.5
2022,Region 1,Elite Eight,2022 Arkansas,2022 Duke,4,2,0,-5.3,-6.5,-2.722349829,-4.691,-0.062818837,-3.2,-2.2,-0.2,0.1,-1.6,-2.27,1.36,-0.52,3.7,3,-31.9,-24.2,0.5,0,-0.6,0.6,-7.8,-6.9,3.8,3.1,-3.2,3.2,15.4212,14.98351338,2.2,4,-0.7,8.1,19,-1.3,2.4,1.1,3.8,1,7.1,-1,-1.6,-11.7,-7.3,27.3119,28.46985573,8.1,9.4,4,-0.3,-3.7,5.7,-6.1,2.2,4.4,-2.2,5.6,8.6,4.1,-0.7,-131,-82.9,-82.3,12.4745,-21.3914,-12.4512,1.66782534,-0.0083532909,-9.2,-11.5,0.01,0.02,0.03,-0.52,-0.6655596039,3,32.1062,2.040615599,-1.56819,-2.568443776,464.37,-6.884393587,10.256,9.105,-2,-1.149476438,-2.947374179,6.4,0.7,131,82.9,82.3,-25.0089,23.1622,13.1238,3.722634434,-0.4954501924,5,10.5,-36.5006,-4.136544762,-1.56819,1.945934456,-464.37,7.529079538,7.536,-12.72,4.4
2022,Region 4,Elite Eight,2022 North Carolina,2022 Saint Peter's,8,15,1,14.6,7.2,9.824436296,11.77042,0.261999649,5.2,0.7,-12,-5.8,2.07,2.1,-0.13,-20.48,3.2,4.4,-26.3,-32.8,2.6,-1.1,-0.6,1.7,1.5,-11.2,5.3,5.9,9.5,1,18.5812,18.74889888,8,6.7,6.8,3.7,-11.4,4.4,2.4,2,-3.5,1.7,10.1,-0.4,6.6,16.7,6.1,1.7404,1.69712727,-2,-2.4,-0.1,-5.2,16,-6.7,-10.7,3.6,6.1,0.1,-9.1,2.7,0.9,-6.2,-127.7,-89.3,-70.4,10.6286,-20.512,-12.0964,-0.3584639982,-0.01314884952,-3.4,-13.1,0,-0.01,-1.42E-14,-20.48,-2.860046615,4.4,31.8204,4.740622011,1.46968,-1.702837101,1225.82,-5.838788531,15.68,10.2,0,1.619384198,0.6034981212,-8.5,6.2,127.7,89.3,70.4,-10.9047,23.6846,13.5168,0.8918309658,-0.5207456466,7.5,15.7,-30.7794,-8.986280186,1.46968,2.498993597,-1225.82,9.263816491,29.6,-11.305,-10.6
2022,Region 2,Elite Eight,2022 Houston,2022 Villanova,5,2,0,4.3,3.4,-1.118292945,2.3869,0.025415828,-0.2,-0.5,-0.4,0.7,0.06,1.3,-0.17,3.68,1.3,1.5,-17.9,-11.1,4.5,2.5,0.8,-3.3,0.8,-5,8.7,-3.6,11.6,6.6,23.5083,24.14762688,6.1,6.9,3.1,-7.6,3.6,1.7,9.8,9.5,6.4,8.7,11.5,0.1,3,-0.4,-3.3,27.0992,28.25447184,8.5,6.8,6.9,11.8,-4.6,6.2,-3.6,-6.4,0.7,-2.2,3.1,3.1,7.1,-3.4,-126.9,-76,-80.6,18.0675,-22.1778,-16.0542,3.888125987,0.252108672,-6,-21.2,0.03,0.05,0.05,3.68,1.257959788,1.5,34.5644,3.755504984,0.8364,-2.465710224,605.68,-12.36270143,24.468,11.495,0,-0.3593949365,-1.974559423,-5,3.4,126.9,76,80.6,-10.4905,26.3168,13.7807,3.400187568,-0.02534228178,-2.5,24,-31.6795,-7.625251404,0.8364,2.004593774,-605.68,5.33040705,-4.011,-9.46,-2.9
2022,Region 3,Elite Eight,2022 Kansas,2022 Miami FL,1,10,1,12.3,10.1,7.827631098,12.8713,0.137796681,3.9,4.3,0.5,-0.2,0.43,-0.14,0.07,6.75,2,1.6,-26.8,-29.9,0.9,1.6,3.9,-5.6,-2,-3.2,4.1,-0.8,15.4,13.4,17.253,19.6432309,0.7,0.6,0.3,3.3,8.2,2.5,3.1,-2.7,1.9,3.2,1,1.7,1.6,-3.7,-3.4,20.8595,21.4319793,7.3,7,5.2,3.6,1.1,4.2,5.5,3.3,0.7,2.9,8.2,5.4,4.1,8.6,-129.3,-84,-85.9,18.2398,-17.7464,-13.3994,0.607975944,0.2718041673,-2.1,-7.7,0.02,0.04,0.02,6.75,0.7576711667,1.6,35.0104,2.798477338,-0.09254,-2.395591687,76.67,-10.63779465,32.781,12.705,-2,-0.4739285976,-0.06932343015,-2,-8.6,129.3,84,85.9,-14.9815,22.0099,12.3612,0.4487776421,-0.1213327022,8.5,18.2,-36.7332,1.14291532,-0.09254,2.311890297,-76.67,8.687119385,-6.629,-9.695,0.3
2023,Region 1,Sweet 16,2023 Alabama,2023 San Diego St.,1,5,0,15,11.6,4.539716656,7.2876,0.03730836,-1.2,0.8,-8.9,-5.5,1.4,1.84,-1.65,-1.1,6.3,6.7,-12.1,-34.5,7.6,4.2,-11.4,7.2,-2.5,0.7,3.3,-3.9,4.2,5.5,24.4226,25.27565565,5.2,4.7,4.6,-1,7.3,0.6,8,7.6,3.4,13.7,3.9,-4.3,5.2,11.2,6.2,23.3741,22.95314681,8.6,8.2,6.3,2.2,1.5,-1.7,-4.2,10.1,-0.1,2.3,11.8,3.3,5.7,-8.2,-127.9,-81.2,-66.8,18.8029,-23.5169,-12.868,5.573668246,0.09707803745,10.8,-8,0.01,0.05,0.04,-1.1,-1.642440999,6.7,32.397,5.202397192,1.36178,-2.348232071,1403.14,-8.0221832,-19.263,11.945,0,0.08477291343,-1.164212959,1.3,8.2,127.9,81.2,66.8,-9.1941,22.587,9.984,0.7121276077,0.08993358226,22.9,23.6,-31.9809,-5.628076253,1.36178,2.417482325,-1403.14,7.717322765,1.377,-9.17,-5
2023,Region 1,Sweet 16,2023 Creighton,2023 Princeton,6,15,1,19.1,14.2,5.350911509,15.0887,0.253287328,4.2,3,-9.9,-4.5,0.49,2.15,-0.22,-4.4,1.1,0.5,-25.4,-29.5,6.8,-1.3,-7.5,8.8,-2.1,-11.3,22.6,-11.3,10.3,10.8,11.094,12.2243123,6.3,7.3,2.9,7.8,-1.2,-2.1,2.7,14.5,-0.3,4,9.7,0,2.7,5.7,3.4,15.1265,14.83865107,5.2,7.9,-0.1,-1.6,12.4,-2.6,-5.1,0.8,-0.1,10.7,0.5,6.3,0.1,2.1,-137.7,-100,-90.6,15.3897,-15.9896,-7.3799,1.348145911,-0.1368541329,-0.1,-10.7,0.01,-0.03,-0.01,-4.4,0.3141195531,0.5,37.7462,1.37942233,1.4726,-2.680393204,78.94,-10.89506114,14.998,12.295,0,-0.4982372057,-1.084410737,0.5,-2.1,137.7,100,90.6,-15.7593,23.4418,5.8384,-3.500243317,0.01893093149,3,12.6,-36.0914,-4.406651762,1.4726,2.626327661,-78.94,9.560707536,7.62,-10.94,-2.3
2023,Region 4,Sweet 16,2023 Florida Atlantic,2023 Tennessee,9,4,1,-4.6,0,1.908262905,-6.4754,-0.07491013,-6.8,-4.4,-5,-1.3,-1.39,-2.43,-0.52,0.53,2.5,2.6,-14.6,-25.4,1.9,6.5,-8.6,2.1,-4.1,0.4,5,-5.4,-5.5,2,26.305,26.04430525,12.6,9.7,11,-0.4,-5.4,5.5,3.5,0.9,-1.9,3.6,4.8,8.5,10.1,3.3,-1.9,16.6295,16.24340563,4.4,6.2,0.9,-3.5,4.2,0.2,-12.3,32.8,4.6,-2.8,11.7,-2.4,0.4,-6.4,-124.7,-81.4,-78,12.0837,-24.4007,-14.6556,-2.952757672,0.1470533277,9.2,-14.2,0.04,0.04,0.03,0.53,-3.325004801,2.6,33.0278,6.048849711,-1.63033,-2.132526405,674.75,-7.682460282,-18.883,9.595,1,0.9352002805,7.147990658,7.5,6.4,124.7,81.4,78,-11.7129,20.7354,10.3044,0.4743164287,0.04937412001,11,23.3,-31.2954,-2.720899445,-1.63033,3.136896357,-674.75,13.92951565,-0.079,-10.48,-5.2
2023,Region 4,Sweet 16,2023 Kansas St.,2023 Michigan St.,3,7,1,-3.3,0.9,1.811759691,1.6044,0.011871969,-4.8,-0.2,-4.7,-0.9,-1.46,-0.13,0.47,-3.67,5.3,5.1,-25.4,-30.1,2.9,10.3,-7.6,-2.7,0.1,5.8,-10,4.1,-5.9,6,15.8262,15.30281565,3.4,3.2,2.5,2.9,8.4,-5.3,5.9,11.5,-1.7,-1.3,1.2,-1,1.5,0.4,-5,19.1979,18.52163155,4.1,-1.1,9.4,7,-10.9,4.3,1.8,1.6,-2.5,0.2,-2.5,6,8.8,-1.3,-128.2,-87.1,-71.9,21.9542,-25.8323,-13.6913,-0.5543697026,0.4421638643,1,-7.4,-0.04,-0.03,-0.03,-3.67,0.1028460831,5.1,33.5707,1.369531809,-0.04346,-2.089113255,799.26,-11.09767568,-7.605,12.185,-1,-0.341651474,-3.272294114,11.9,1.3,128.2,87.1,71.9,-8.0635,15.892,12.546,3.871112829,0.04200787561,16,24.5,-32.2701,-2.700140467,-0.04346,1.524634147,-799.26,11.51947898,7.282,-9.38,-5.4
2023,Region 2,Sweet 16,2023 Houston,2023 Miami FL,1,5,0,14.1,9.8,4.386940537,13.9048,0.121467644,2.8,2.3,-3.5,0.4,-0.05,0.15,-0.15,2.95,-4.2,-5.5,-24.5,-21.7,4.6,-5.2,5.8,-0.6,-2.7,-6,-3.2,9.3,11.3,13.7,15.068,15.7322172,1.4,1.4,0.9,-2.6,4.4,2.8,8.1,0.6,8,2.5,7.6,-1.5,0.5,-0.8,-4.1,28.6652,29.25000461,12.5,11.8,9,8.6,-5.8,5.6,-4.6,-2,2.2,7,8.4,12.5,8.9,1.5,-128.2,-74.5,-81.6,14.758,-15.3765,-12.7165,1.825850483,0.0006574716571,-9,-20.4,0.01,0.02,-1.42E-14,2.95,-0.9667439181,-5.5,35.8222,5.132151419,0.1356,-2.163749797,451.5,-10.23232121,15.088,12.76,1,-1.508823912,-1.851413318,2.4,-1.5,128.2,74.5,81.6,-16.7716,25.2719,18.7779,1.765493988,-0.4937892936,2,14.7,-33.33,-6.271465582,0.1356,2.4024526,-451.5,5.598705889,-4.138,-10.19,-3.3
2023,Region 2,Sweet 16,2023 Xavier,2023 Texas,3,2,0,-1.4,-1.4,-2.175828662,-4.8777,-0.034179008,2.4,3.8,-2.9,-0.8,1.88,2.29,0.22,-8.07,1.6,1.7,-33.3,-30.8,0.8,4.6,-1.1,-3.6,-1.3,4.7,-3.7,-1,6.8,7.7,27.2864,27.04697432,7.8,6.8,6.8,-1,-3.7,5.3,2.4,15.5,-0.5,2.7,1.4,9.6,6.6,-6.5,-8.9,16.977,16.18111911,2.3,5.1,-2,2.8,4.4,0,-2.9,2.8,0.7,1.8,8.2,5.3,-1.1,6.5,-126.7,-85.1,-76.1,14.4901,-18.3047,-11.3568,-2.710332241,0.3056893091,-9.3,-14.6,-0.01,0.03,0.02,-8.07,0.6231434323,1.7,33.9684,0.3953905133,1.61756,-2.36908074,748.08,-8.992217313,19.812,11.56,2,1.087029734,1.858177486,0.9,-6.5,126.7,85.1,76.1,-11.8725,14.1812,9.5355,-0.4718481551,0.1359239948,12.5,17,-35.8205,-0.7732042442,1.61756,1.87165163,-748.08,11.50375509,-12.952,-12.36,-2.4
2023,Region 3,Sweet 16,2023 Arkansas,2023 Connecticut,8,4,0,-12.2,-5.2,-4.655800506,-6.7399,-0.053680768,-5.8,-1.4,-0.6,1.1,0.41,-0.71,-0.3,-3.11,1.5,2.7,-41.5,-27.9,7.1,2.1,0.6,-2.7,-5,3.6,7.6,-11.2,-4.5,3.2,18.5274,18.2549041,6.5,8,1.7,-4.6,0.1,1.1,4.3,8.6,5.1,5.2,12.9,1.8,1.6,-11.8,-8.4,25.4693,26.91435855,7,6.5,5.1,4,-7.5,1.5,-11,18.4,6.1,-10.8,7.7,0.1,5.2,-2.5,-123,-75.9,-52.2,19.0154,-22.3157,-12.7011,2.396304087,0.4683782856,-14,-5.8,-0.03,-0.04,-0.03,-3.11,2.750575483,2.7,31.911,3.473532798,-0.47311,-2.498420212,1678.98,-6.964200845,-10.89,12.06,-1,-0.6559036693,-2.946605402,7.7,2.5,123,75.9,52.2,-16.003,17.4329,5.8774,5.576774247,0.3908561385,-1.4,2.2,-32.4745,-3.839818835,-0.47311,2.272348413,-1678.98,6.814030289,-23.832,-12.92,3.4
2023,Region 3,Sweet 16,2023 Gonzaga,2023 UCLA,3,2,1,0.6,-0.4,-1.758876161,-3.3222,-0.026354313,-0.4,0.3,-1.8,1.6,1.11,0.73,0.29,-3.57,4.2,3.7,-27.9,-31.5,-0.3,5.8,0.3,-6.2,-1.5,-0.9,-9.1,10,3.2,8.2,36.7617,35.22560614,11.7,12.2,7.3,0.5,6.6,9,3.5,-0.6,2.7,12.1,13.9,6.4,6.4,-3.4,-8.7,15.1813,14.63240856,-0.8,-0.8,-0.3,-1.3,0.4,3.5,-7.7,5.6,6.3,5.9,2.1,1,-0.3,7.9,-127.7,-81.6,-84.4,15.2112,-18.9219,-14.5082,3.010508271,0.3642713069,-5.1,-14.7,0.07,0.07,0.07,-3.57,0.5886933226,3.7,37.4038,3.521672268,0.52351,-2.558421963,221.29,-7.777949986,12.219,12.54,2,2.174726347,2.054571672,5,-7.9,127.7,81.6,84.4,-14.6447,18.0585,15.151,-2.591060394,-0.4452450247,11.5,15.6,-34.0319,-6.460177593,0.52351,3.080097099,-221.29,10.36072387,-4.125,-12.125,-5.3
2023,Region 1,Elite Eight,2023 San Diego St.,2023 Creighton,5,6,1,-6.9,-7.7,3.495259563,-0.3996,0.005555537,-10.2,-5.9,1.4,2.9,-1.2,-1.55,1.18,17.75,-2.9,-1.8,-35.3,-17.9,3.5,-1.4,-3,4.4,-5,-2.3,4,-1.7,-5.3,-2.7,17.9625,18.52018717,2.8,3.8,0.3,0.7,14.5,-3.3,8.4,4.8,3,8.6,4.9,0.4,0.4,-1.6,-5.1,22.9466,23.66571745,6.8,4.6,6.8,3.1,-1.3,3,0.3,10.6,1.6,19.7,6.8,1.4,7.1,-0.8,-131.9,-93.7,-88.4,10.9754,-19.369,-8.062,3.955108084,-0.100836465,-22.6,-23.9,-0.03,-0.05,-0.04,17.75,0.8921117844,-1.8,33.7463,6.730479363,-1.06582,-2.541040668,642.49,-9.528924226,-0.468,10.78,0,-0.4772337081,0.3737219038,2.6,0.8,131.9,93.7,88.4,-17.0404,20.7926,13.9182,-6.552873542,-0.1341884512,-3.4,12.5,-34.9962,-0.8941221384,-1.06582,2.325391684,-642.49,8.046123702,14.582,-10.235,-3.5
2023,Region 4,Elite Eight,2023 Florida Atlantic,2023 Kansas St.,9,3,1,6.2,2,0.480319701,-0.0845,-0.002018452,-7,-3.9,-2.9,1.4,-0.25,-1.56,-1.05,14.43,-2,-1.8,-19.4,-29.5,1.5,4.9,-11.9,7,-5.5,-10.9,12.3,-1.4,2.1,6.2,20.0729,19.11225085,7.5,5.5,7.1,2.6,-7.2,4,1.2,-5,-4,-11.7,-2.9,7.9,5.8,3.6,-4.2,16.4705,15.51650073,5.6,7,2,0.1,10.3,-1.7,-6.6,30.6,0.5,-6.4,11.1,-5.7,1.9,-0.1,-124.3,-84.8,-70.1,14.7988,-21.2456,-9.4674,-8.830214186,-0.03008263996,5.9,-12.2,0.05,0.04,0.04,14.43,-0.6741872195,-1.8,34.9475,4.689273911,-1.0896,-1.57566264,1103.63,-11.53776204,-11.529,11.82,2,0.3577911903,6.804435104,4.1,0.1,124.3,84.8,70.1,-19.5117,24.7951,11.0749,1.611085872,-0.4134904839,3.7,10.6,-31.2997,-1.733428527,-1.0896,3.180733549,-1103.63,13.9723472,-4.164,-10.26,-7.8
2023,Region 2,Elite Eight,2023 Miami FL,2023 Texas,5,2,1,-3.5,-4.2,-3.87602565,-9.6559,-0.087206633,2.5,3.5,-1.7,0.3,0.28,0.04,-0.65,-8.73,-1.3,0,-30,-27.3,3.9,3.1,-2.6,-0.6,-2.2,2.5,-6.5,4,6.4,6.1,26.2224,25.71433102,7.2,7.7,4.1,5.2,-4.5,6.4,2.6,3.3,0.5,2.4,4.1,5.8,4.4,-5,-10.3,13.262,13.2180356,1.4,2,0.3,0.7,7.4,1.6,0.7,3.9,1.7,-0.5,6.3,0.7,1.2,6.8,-126.2,-81.3,-79.9,17.401,-19.5974,-10.9392,-1.238853801,0.2248365649,-7.8,-13,0.01,0.04,0.02,-8.73,1.167889387,0,34.0784,3.175383401,0.0278,-2.503114508,953.55,-8.982240258,1.594,11.515,1,1.433563581,0.2752742917,-0.3,-6.8,126.2,81.3,79.9,-13.6786,15.2835,13.631,0.2827292803,-0.1120583622,9.7,20.1,-35.1898,0.5056978405,0.0278,2.113856819,-953.55,10.29776763,-17.41,-11.15,-5.3
2023,Region 3,Elite Eight,2023 Connecticut,2023 Gonzaga,4,3,1,8.3,1.5,-1.610778118,1.0585,0.022480861,2.5,2.4,0.4,3.1,0.24,0.06,-0.42,4.15,-2.9,-3,-18.6,-36.9,5.6,3,-5.7,2.7,-1.1,-1.8,4,-2.2,15.1,12.8,19.7433,20.35007636,1.8,2.2,0.7,1.9,4.7,-0.1,13.2,17.3,7.3,0.7,3.6,-3.2,1.1,-6.8,-11.2,29.9354,30.1640148,13,13.2,8.4,-3.4,-4.5,4.8,-4.9,9.7,0.7,6.1,14.1,11.3,7.8,9.2,-128.3,-77.5,-69,19.613,-19.5718,-10.1349,1.250481142,0.138164822,3.3,-9.4,-1.42E-14,0,-0.01,4.15,-1.243426631,-3,34.3081,4.193786211,0.01272,-2.969653443,1207.63,-10.347049,23.04,14.01,-2,-1.087578439,-1.530299773,-2.3,-9.2,128.3,77.5,69,-13.8242,17.7577,9.1462,1.127953585,0.005385010432,9.4,12.1,-39.386,-4.17411138,0.01272,2.497151414,-1207.63,7.012638153,-20.862,-15.015,-4.4
2024,Region 1,Sweet 16,2024 Connecticut,2024 San Diego St.,1,5,1,25,16.3,9.066056098,12.5137,0.094029321,6.3,5.1,-7.2,-2.9,0.86,0.93,-0.13681,-1.47,-0.8,-1.5,-18.6,-29,9.2,8.1,-8,-0.1,-2,5,0.1,-5.1,21.4,14,32.7601,32.39649863,9.9,10.2,6.2,4.1,0,3.1,8.5,15.1,5.3,1.7,10.3,4.4,4.8,10.6,2.2,19.1521,17.65261344,4.7,7.9,-0.6,0.7,5,0.2,-5.9,4.8,3.6,3.6,11.5,5.9,0.3,-0.8,-134.9,-76,-63.4,25.6469,-22.8778,-13.4154,-0.8159229123,0.4326768571,5.2,-6.9,-0.01,-0.04,0,-1.47,1.084100048,-1.5,39.0881,2.486256254,0.60108,-2.452165104,1333.78,-7.499967831,50.683946,15.185,3,1.292182948,-0.2566837497,-7.4,0.8,134.9,76,63.4,-5.4564,17.2708,10.6652,-0.8253197203,0.2518998081,9.3,18.2,-32.9382,-3.990521134,0.60108,3.004413218,-1333.78,6.326667488,24.551627,-11.59,-8.4
2024,Region 1,Sweet 16,2024 Illinois,2024 Iowa St.,3,2,1,1.1,0.9,-0.717955785,-2.7304,-0.033231948,-0.8,-0.3,-3.1,-1.6,1.24,0.15,1.0065,1.31,2.3,2.3,-16.7,-40.1,2.7,14.5,-7.8,-6.6,-0.9,2.5,0.9,-3.4,6.8,2.2,38.4067,36.85333664,6.7,7.8,3.4,3.3,2.6,10.6,6.8,-14.5,-0.5,-9.6,2.8,0.6,3.4,-0.8,-1.3,12.299,12.7318987,3.9,5.1,0.6,-2,9,-3.4,-5.5,15.4,2.5,6.4,7.3,2.3,1.7,0.8,-131.2,-76.7,-63.8,22.849,-28.89,-17.4906,-5.026129229,0.5560379909,-3.4,-24.4,0.04,0.01,0.05,1.31,-2.047196817,2.3,32.0809,7.512560917,0.11402,-2.111402057,1402.96,-8.363499973,38.778614,12.47,1,2.155372405,-0.09640193104,-4.6,-0.8,131.2,76.7,63.8,-12.3484,17.3478,7.3011,-2.388980332,0.2054700891,22.9,19.8,-37.3557,-2.563390349,0.11402,3.020464171,-1402.96,11.06327317,8.480866,-13.54,-0.5
2024,Region 2,Sweet 16,2024 Houston,2024 Duke,1,4,0,11.2,7.9,6.434847809,6.8423,0.051251954,-0.5,0.8,-2.2,-1.2,-2.38,-3.54,0.5152,3.95,-3.6,-3.6,-27.9,-21.7,0.7,-9.6,7.5,2.1,-2.5,-8.9,6.3,2.6,8.5,9.3,21.9174,21.68355692,0.7,-0.7,2.1,0.4,2.3,3.2,11,-1.6,4.3,9.4,9.5,-2.1,3,-0.1,-1.4,34.6777,35.43752052,11.2,11,7.7,5.2,-5.2,10.4,-1.6,-6.4,2.4,6.5,6.2,9,7.6,-2.1,-130.4,-75.2,-69.7,7.3084,-14.9398,-10.859,4.506914266,-0.3102499035,-18.3,-25.7,-0.02,-0.01,-0.02,3.95,-0.8143593019,-3.6,34.2721,10.03480104,-2.3511,-2.795261603,258.02,-8.825217513,26.220015,12.655,0,-1.288993523,-0.635464874,0.8,2.1,130.4,75.2,69.7,-17.6998,25.3394,13.8924,0.9230635418,-0.3674433157,1.7,15.2,-33.4744,-5.520033271,-2.3511,2.257492488,-258.02,5.640085727,11.467789,-11.17,-1.3
2024,Region 2,Sweet 16,2024 NC St.,2024 Marquette,11,2,1,-12.9,-8.7,-6.97590618,-9.6809,-0.133426036,-4.9,-2.3,3.9,4.7,-0.89,-0.83,1.00916,-4.26,-0.4,-1.2,-23.4,-24.2,-2.6,0.1,9.4,-9.5,-3.2,-6,10.4,-4.3,1.1,4.6,18.8274,19.30726433,1,0.9,1,-1.9,4.3,7.4,-2.2,-13.1,0.9,6.4,3.2,1.6,0.7,-13.1,-13.2,16.965,18.0318296,4.6,6.5,0.9,-1.7,-6.3,3.6,3.3,5.9,2.1,0.2,3.8,5.8,1.7,6,-133,-85.3,-81.8,8.0082,-18.064,-16.9212,2.500623843,0.1981998939,-3.8,-20.5,0.03,0.05,-0.01,-4.26,-3.022592247,-1.2,33.1408,3.977912109,-0.58987,-2.291443832,617.36,-9.245227799,15.972338,10.125,-2,0.26632781,-2.177734168,3.5,-6,133,85.3,81.8,-18.7774,20.0964,10.0048,1.430881878,-0.1055755948,-5,7.6,-38.3602,2.004614713,-0.58987,3.077944251,-617.36,9.816678391,-18.695522,-12.155,-0.1
2024,Region 3,Sweet 16,2024 Purdue,2024 Gonzaga,1,5,1,4.3,4.3,8.236526049,7.5545,0.052771053,1.9,4.8,1.2,-0.9,0.42,2.11,0.38157,5.96,-0.8,-1.5,-28.1,-31.4,6,0,1.9,-1.9,0.2,-8.1,2.7,5.5,12.6,11.7,25.5541,27.81751953,8.7,8.1,6.8,-0.6,17,0,10.2,16.3,3.2,3.3,9.3,7.9,6.3,-9.5,-7.5,25.1284,26.31734356,9,10.2,4.1,0.2,8.5,0,-8.6,-3,4.1,4,6,10.5,4.7,7.7,-139,-77.4,-76.9,17.5446,-17.5656,-10.1006,-1.586560596,0.2312479424,-11.3,-16,-0.01,-0.02,-0.01,5.96,-3.201079324,-1.5,38.0645,4.131627141,1.43156,-2.949744454,1221.92,-9.164282693,35.017101,15.4,1,-0.02867281484,0.2134728891,-0.9,-7.7,139,77.4,76.9,-19.6693,21.9114,13.8774,1.463872558,-0.4147274419,17.1,24.1,-41.44,-5.66452065,1.43156,2.097102586,-1221.92,9.682741978,-14.699394,-14.655,2
2024,Region 3,Sweet 16,2024 Creighton,2024 Tennessee,3,2,0,-2,1,-1.206856268,-2.5715,-0.009507285,0.9,3.1,-4.4,-2.6,1.95,2.3,0.40735,-6.43,-2.6,-2.3,-9.7,-31.5,7.7,-4.7,-2.8,7.4,-6.4,-2.8,16,-13.3,6.1,6.4,29.0351,29.24197236,12.1,16.3,4.7,7.4,-11.3,3.6,-2.7,9.1,0.6,4.1,15.1,14.7,5.6,-3.5,-5.7,20.3353,19.18146438,5.1,5.9,2,-3.8,18.1,-3.4,-7.8,20.3,4.5,0.9,5.8,-0.6,2.1,0.8,-140,-88.5,-89.2,13.6421,-16.5065,-10.4288,-1.993700784,-0.0825492781,4.6,-19.2,-0.02,-0.01,-0.03,-6.43,-0.7738893353,-2.3,38.3831,-2.467424919,1.55871,-2.798764736,816.52,-6.669600094,25.241244,11.115,1,0.8825998664,1.508174583,0.3,-0.8,140,88.5,89.2,-12.9385,19.3443,4.7155,-0.1476989804,0.1978434847,12.4,18,-37.9778,-2.806535535,1.55871,3.107878031,-816.52,10.42071406,-4.674895,-11.845,-2.2
2024,Region 4,Sweet 16,2024 North Carolina,2024 Alabama,1,4,0,1.3,3.3,3.681766013,2.1631,0.01508634,3.4,3.9,-0.6,0.7,-1.01,-1.29,0.73606,-9.75,-2.8,-2.1,-27.4,-17.1,-1.4,-0.4,1.5,-1.1,-5.4,-11.1,21.8,-10.7,10.4,11.6,14.677,16.4576144,1.4,-0.8,3.5,1.1,-2.8,1.2,2.9,6.4,-2.3,-3.5,-3.4,4,4.2,-9.9,-8.2,32.4512,32.30365439,9.9,11.6,5.1,4,6.9,-1.1,-11.4,10.9,0.6,-6.3,9.8,-3.2,5.2,3.9,-139.1,-78.9,-60.1,10.4443,-17.1055,-12.4477,-3.811960964,-0.01234689703,-1.3,-10.2,0.05,0.07,0.07,-9.75,-1.304499869,-2.1,36.0972,4.812437492,-0.96852,-2.825872284,2146.6,-8.464759822,38.413596,15.02,-2,-1.010295294,0.4059822418,1.2,-3.9,139.1,78.9,60.1,-18.6852,22.6885,6.9637,3.12752587,-0.1305194678,-5.4,13.7,-39.3056,-7.103370842,-0.96852,3.514531218,-2146.6,8.74530619,-14.497728,-15.16,1.7
2024,Region 4,Sweet 16,2024 Clemson,2024 Arizona,6,2,1,-4.6,-0.1,-3.812441228,-9.687,-0.082380034,-1.3,1.7,1.2,1.1,0.41,-0.02,0.45002,2.46,-5.8,-5.9,-21.6,-26.8,0.5,3.4,-5.5,2,-6.6,-10.8,3.1,7.7,6.1,9.6,22.9238,23.92807063,5.2,6.6,2,7.9,4.9,3.2,4.6,0.8,2.6,8.3,6.6,4.1,2.2,-8.9,-9.7,20.637,22.41471424,6.3,7.5,3.1,-2.5,5.5,-2.5,-11.1,15,2.2,6.7,11.3,-3.8,3.5,6.3,-137.3,-87.7,-75.8,14.4782,-19.9503,-11.426,2.558858555,0.04894167628,-6.9,-22.3,-0.01,2.84E-14,0.01,2.46,-2.210181477,-5.9,36.5836,3.65606112,-0.09663,-2.325868125,1147.58,-10.0342569,23.445489,12.155,-1,0.3189323239,-0.8101171841,3.5,-6.3,137.3,87.7,75.8,-21.888,21.8926,15.2715,-3.290750579,-0.7408119591,-2.5,4.2,-39.1682,-5.308687198,-0.09663,3.029823168,-1147.58,8.222218459,-15.339711,-16.46,-0.8
2024,Region 1,Elite Eight,2024 Connecticut,2024 Illinois,1,3,1,15.8,9.3,5.680887925,8.2255,0.04982873,6.9,5.1,0.6,1,-0.37,1.04,-0.68142,-0.18,-4.3,-5.2,-31.2,-28.5,7.7,6.6,-18.5,11.9,-2.8,-1.2,6.9,-5.7,21.1,15.1,25.043,26.1088224,9.1,11.9,2.4,2.5,6.2,-2.6,10.4,21.1,5.9,5.9,8.8,4.7,1.7,-4.8,-5.7,31.1581,30.21729194,8.7,11,3,2.3,5.3,1.1,-9.4,-1.6,-0.1,6.7,16.3,0.3,3.7,4,-141.5,-74.4,-69.3,25.1057,-20.5512,-4.2581,1.755237267,-0.07207844396,-5.3,-3.9,1.42E-14,-0.01,0,-0.18,1.645154371,-5.2,42.1961,2.445646256,0.65676,-3.040938649,1347.39,-11.02671213,44.413024,16.38,1,-0.2560743731,0.929319021,-6,-4,141.5,74.4,69.3,-11.9728,19.8954,9.1638,-2.829654236,0.08667323084,2.5,11.2,-36.7824,-7.101615104,0.65676,3.117652251,-1347.39,6.367870687,-28.227594,-14.16,-0.9
2024,Region 2,Elite Eight,2024 Duke,2024 NC St.,4,11,0,12.8,6.2,3.942573361,11.8207,0.126078433,4.8,3.4,-4.8,-2.2,1.05,1.41,-1.29527,0.21,-1.1,-1,-27.3,-31,2.2,4.3,-5,0.7,3.3,-0.2,-1.2,1.4,14.7,10.8,20.498,20.0629597,4.7,4.9,2.8,-1,1.9,3.6,2.5,5.4,2.1,3.5,3.2,2.1,4.2,-0.2,-4.6,17.4344,16.74458482,1.7,1,2,4.4,4.9,3.2,-2.7,-4.6,-2.5,11.8,2.5,0.1,2.6,5.4,-137.2,-84.4,-74.2,16.8594,-18.9602,-10.3345,0.1285578887,0.152228398,-0.4,-10.3,-0.02,-0.04,-1.42E-14,0.21,1.444161152,-1,38.4459,2.458228493,0.95069,-3.118743491,756.38,-9.812554271,15.470297,14.585,2,0.2296245182,0.9976976104,-3.9,-5.4,137.2,84.4,74.2,-7.8398,17.9646,12.2102,-4.624927299,0.04269127654,12,19.9,-35.1351,-5.598445499,0.95069,2.885807863,-756.38,8.898324421,-17.967134,-11.785,-4.4
2024,Region 3,Elite Eight,2024 Purdue,2024 Tennessee,1,2,1,2.5,4.9,5.023657671,3.148,0.027628805,-0.9,2.5,-2.6,-1.3,1.51,3.04,-0.3126,1.53,-1.6,-1.6,-23.6,-21.5,7.3,-1.2,7.5,-6.4,-4.2,-7.4,11.7,-4.4,9.1,10.1,33.9331,34.97352886,10.6,8.9,9.4,1.4,7,2.4,8.8,15,1.6,7.7,13.5,7.3,9.2,-2.9,-5.2,21.1564,21.18249446,3.8,3.5,2.8,2.5,11.3,-0.6,-7.7,6.1,7.6,-7.2,-5.1,4,2.9,0.6,-136,-76.9,-64.1,15.5095,-17.7816,-14.258,0.008462990596,0.3503436081,-5.7,-16.1,-0.04,-0.04,-0.03,1.53,-4.047058897,-1.6,36.4406,4.155559368,2.08336,-2.708675935,1648.69,-6.662081941,17.667249,15.26,2,1.261311569,-0.3317417843,1,-0.6,136,76.9,64.1,-18.2869,24.6722,11.0352,5.328373518,-0.1828813153,8.1,20.4,-36.659,-3.696436864,2.08336,1.966432593,-1648.69,9.642822327,-11.992491,-12.665,-2.3
2024,Region 4,Elite Eight,2024 Alabama,2024 Clemson,4,6,1,-1.1,-0.8,2.266214197,5.5456,0.049085995,3.1,3.8,3.4,3.7,-0.27,0.87,-0.32025,3.64,6.6,6.3,-12.6,-23.1,3.7,8.5,-13.9,5.4,1.5,3.5,-0.8,-2.7,11.1,11.4,25.114,26.35025404,7.6,10.5,2.5,4,4,-2.4,9.7,7.4,3.4,-1.1,10.5,-4.3,4.2,-13.5,-12.3,14.306,15.8735013,4,3.3,3.5,4.7,-9,0.7,2.2,8.3,-1.3,9.6,4.3,4.7,3.4,8.8,-139.9,-82.3,-63.4,16.7401,-20.8579,-10.1514,-0.2104738968,0.1516044891,13.3,-9.4,-0.07,-0.08,-0.08,3.64,1.193862759,6.3,40.3152,5.546374106,0.72702,-3.141243735,1863.52,-8.204115557,23.608734,16.5,2,0.2346909874,3.08584625,0.3,-8.8,139.9,82.3,63.4,-12.0987,16.1704,11.4027,-2.534824431,0.2086189366,0.6,13.4,-38.0533,-0.1965870903,0.72702,2.812987158,-1863.52,8.457420048,-40.057965,-13.985,1.2
2025,Region 1,Sweet 16,2025 Mississippi,2025 Michigan St.,6,2,0,-5.8,-5.8,-3.52723645,-5.4847,-0.03877057,-1.5,-0.8,-5.2,-2.2,-1.66,-2.28,1.87431,-10.01,0.1,0.2,-18.4,-23.3,0,-0.4,1.1,-0.7,-2.4,-4.1,-6.4,10.5,-4,-0.9,27.2729,24.7676825,5,1.9,6.2,1.6,2.5,3.6,0.8,0.1,4.6,3,5.2,-1.5,6.8,-3,-4.9,22.3885,20.6769032,0.7,2,-1.9,7.6,-1.7,3.9,-4.5,3.3,2.1,4.3,5,-2.3,-1.4,-1.1,-133.7,-83.9,-54,9.4856,-20.8835,-15.384,-0.05728588306,0.006596478905,-3.7,-23.2,0.03,0.02,0.03,-10.01,-1.589747966,0.2,35.7196,3.58426268,-1.56544,-2.134112306,1934.89,-6.792171571,20.363113,12.045,1,0.5081221191,3.137386576,3.1,1.1,133.7,83.9,54,-20.5866,22.4135,19.0631,-3.317371851,-0.5181649206,1.2,6.3,-32.5533,-0.1190545028,-1.56544,2.520724712,-1934.89,7.016462783,16.162632,-13.9,-1.9
2025,Region 2,Sweet 16,2025 Duke,2025 Arizona,1,4,1,12.8,9.8,4.02808139,12.4286,0.03542156,4.6,5.6,-5.4,-5.5,1.88,1.71,-0.76464,0.51,-3.6,-4.1,-12.7,-27.5,8.1,9.1,-12.4,3.3,-3.4,-7.3,3.6,3.6,13.5,7.6,31.1392,30.9012099,8.8,10.8,4.1,7,2.9,2.2,6.7,4.9,3.9,5.4,7.7,5.4,4.6,3.3,2.1,32.7415,32.1675288,8.4,11.7,1.5,6.9,11.2,1.5,-9.4,5.3,2.3,13.5,11.7,7.1,2.7,3.4,-135.1,-73.9,-76.7,24.2435,-20.502,-10.0424,0.3563931716,0.318819864,5.4,-8.2,0.03,0.07,0.05,0.51,-2.818323349,-4.1,40.602,3.222572885,1.12075,-2.182765324,1235.1,-7.656966948,15.387759,15.185,3,-0.2648032016,4.102348605,-5.9,-3.4,135.1,73.9,76.7,-18.6231,24.6777,14.6601,-4.377419185,-0.4126308888,5.6,12.3,-34.5067,-4.029023796,1.12075,2.694917678,-1235.1,8.389448349,-7.310535,-11.665,-1.2
2025,Region 2,Sweet 16,2025 BYU,2025 Alabama,6,2,0,-1.3,1.5,-5.29705018,-7.5381,-0.03079675,-0.9,1.3,3.2,0.8,0.26,-1.97,-1.0531,2.9,-8.5,-7.5,-16.6,-9.4,0.9,-2.2,-10.8,13,-6.2,-17.6,17.9,-0.4,9.7,7,26.4222,27.7707143,9.3,9.8,6.3,0.1,-3.7,-4.1,4.1,16.1,-2.4,0,8.8,6.1,6.4,-10.7,-5.5,25.902,28.1831254,5.7,10.4,0.2,1,10.6,0.5,-8.6,1.9,1.6,5,1.5,9.4,-0.4,12,-135,-76.7,-66.3,14.2726,-16.3192,-6.5648,-2.573482776,-0.3659173394,0,-15.5,0,-0.01,-0.01,2.9,-0.6923335223,-7.5,40.0993,1.494347977,-1.51388,-2.641646745,971,-8.585106038,6.226649,14.7,-1,0.1428443462,-0.6491186706,-2.7,-12,135,76.7,66.3,-28.4911,25.2061,13.2568,-0.6811578793,-0.5046806036,-8.5,11.2,-38.4011,-3.129494366,-1.51388,2.090328491,-971,9.220749205,-42.702199,-16.445,5.2
2025,Region 3,Sweet 16,2025 Houston,2025 Purdue,1,4,1,16.1,6.6,6.61169501,11.6072,0.04955892,4.1,3.3,-2.3,2.9,-0.37,-1.06,0.92383,-0.03,-4.2,-3.7,-22.8,-18.8,-1.6,-8.1,15.9,-7.9,1.1,3.8,-8.8,5,9.9,14.2,22.832,24.9535449,0.7,-7.4,9.1,1.5,-2.8,3.2,6.2,-13.6,7,-3.5,-7.3,2,8.2,-0.3,-7.7,36.4505,37.2754365,11.4,11.6,7.6,2.1,0.5,6.1,-1.7,2.7,-1.3,-4.3,13.4,12.8,8,5.9,-130.3,-73.7,-72.1,10.6561,-15.4222,-15.637,-5.113013143,-0.06577141143,-16.9,-29.7,0.01,0.01,0.01,-0.03,-1.734645047,-3.7,36.4618,13.42351489,-0.67565,-2.125092553,807.13,-17.035138,38.307045,13.9,-1,-1.491414789,-3.781788069,4.3,-5.9,130.3,73.7,72.1,-8.1527,17.5632,15.6244,5.716683357,0.01029909366,8,26.7,-35.5605,-2.883523702,-0.67565,2.380042754,-807.13,5.852904892,18.693127,-11.8,-7.4
2025,Region 3,Sweet 16,2025 Kentucky,2025 Tennessee,3,2,0,0.9,-0.8,-3.70567008,-6.8946,-0.02657252,-3.6,-2.5,1.2,2.9,1.43,0.19,0.12288,14.27,7.2,7,-13.2,-13.5,7.1,4.4,-1,-3.4,-7.6,-6.2,5.9,0.4,4.2,4.4,34.661,33.4758464,11.6,9.2,9.6,-0.2,6.5,2.6,-1.4,10.2,2.2,7.9,13.6,0.1,8.8,0.4,-5.1,20.7497,19.9073455,2.4,0.4,3.2,2.3,4.4,-2,-9.5,13.9,8.1,-5.1,-1.2,-3.8,3.3,3.6,-137,-79.9,-68.3,19.8106,-22.1848,-16.3498,1.781176997,0.3488732456,4.6,-13.1,0.06,0.07,0.08,14.27,4.046368251,7,37.5912,0.9996272928,0.22144,-2.684246369,1512.04,-5.522787322,15.108708,11.425,1,1.47228497,-0.3446072204,0.2,-3.6,137,79.9,68.3,-23.8359,23.1114,15.7361,2.532995911,-0.3264993813,-3.7,12.4,-37.408,-4.26442545,0.22144,2.800311137,-1512.04,7.963756726,3.005352,-15.64,-5.5
2025,Region 4,Sweet 16,2025 Florida,2025 Maryland,1,4,1,6.7,3.8,5.98389378,9.8133,0.02114625,-1.9,-0.8,-1.1,-0.3,0.46,1.04,0.28509,4.86,0.1,-0.3,-20.6,-27.2,7.1,1.5,-8.9,7.4,-0.8,-0.8,-1.3,2,9.6,7,36.8135,34.6435967,8,8.8,4.8,-2.1,6.7,5.2,10.9,3,5.9,2.1,9.2,0.9,4.6,-0.3,-3.2,25.6985,24.2444663,8.5,6.8,7.6,4.8,-0.1,2.5,-2.2,4,3.4,0.1,7.2,4.9,7.4,1.1,-133.3,-74.9,-75.6,19.6736,-20.3047,-9.7756,0.1920968602,-0.002946908633,5.1,-6,-0.01,0.01,-0.01,4.86,0.3261861336,-0.3,36.044,6.68281979,0.72893,-2.858096828,927.52,-7.664778222,27.706686,12.955,1,1.038892008,-2.960896509,-2.6,-1.1,133.3,74.9,75.6,-12.3336,19.6348,13.0132,2.593417864,-0.1115090199,3.9,10.6,-36.7,-4.900758044,0.72893,2.941524094,-927.52,7.302086462,4.827057,-12.09,-2.9
2025,Region 4,Sweet 16,2025 Texas Tech,2025 Arkansas,3,10,1,14.2,10.8,4.46495282,10.3371,0.10084647,0.5,2.7,-8.4,-6.5,-2.13,-2.47,1.03899,-6.28,-4,-3.7,-15.9,-29.2,-3.4,-10.1,4.5,5.6,-7.8,-4.2,6.3,-2,6.9,4.4,30.0721,29.8648697,7.2,5.8,6,3.9,0.3,2.7,6,9.9,1,3.4,9.2,8.7,5.3,9.1,6.3,15.6935,14.4709181,4.7,6.2,1.6,3.9,2,0.9,0.9,8.2,7.4,-0.9,5.1,3,0.3,4.5,-133.8,-81.3,-71.9,6.2978,-13.2313,-10.3539,-1.393122633,-0.4654312022,3.1,-13.3,0.01,0.02,-0.02,-6.28,-1.85147247,-3.7,38.2385,3.869210567,-1.71827,-2.406738858,905.03,-5.944033318,29.258397,13.51,4,1.414445538,3.165444405,-2.5,-4.5,133.8,81.3,71.9,-22.6212,21.7785,11.4214,0.862854177,-0.2672170425,8.3,11.2,-34.9565,-0.01406019647,-1.71827,3.071124469,-905.03,11.19085478,25.379942,-11.975,-2.8
2025,Region 1,Elite Eight,2025 Auburn,2025 Michigan St.,1,2,1,11.5,7.1,4.24467261,7.4742,0.03743057,4.7,4,-5.9,-3,0.66,-0.7,1.19667,-8.21,-0.3,0,-18,-32.5,6.9,3,-3,0.1,-4.1,1.9,-4.3,2.4,8.9,7.9,37.8569,37.3034185,9.6,7,8.9,1.8,0.4,3,9.7,2.1,8.7,5,6.3,4.9,7.9,2.1,-0.8,24.763,23.9200817,5.2,6.4,1.6,4.6,-1.4,0.8,-5,21.4,5.8,2.2,10.7,2.9,1.3,-1,-136.2,-75.5,-56.4,18.0046,-20.2231,-14.6568,-0.8312381595,0.2403167088,0.4,-12.9,-0.02,-0.05,-0.03,-8.21,1.319195119,0,39.3966,7.575090249,-0.4802,-2.135155117,1960.16,-6.753433188,46.877356,15.2,3,1.249043406,4.811493566,-1,1,136.2,75.5,56.4,-16.3632,20.4646,14.5487,-0.8547986171,-0.1658479976,3.3,2,-33.3048,0.1749259299,-0.4802,3.725520264,-1960.16,5.461470803,22.886469,-12.93,-2.9
2025,Region 2,Elite Eight,2025 Duke,2025 Alabama,1,2,1,13.7,11.4,-0.64291773,8.2227,0.01836309,6,5.3,-3.7,-4.2,1.71,-0.24,-1.03152,-8.31,-9.7,-8.9,-19.5,-15.9,7.3,4.3,-14.3,10,-8.1,-9.7,17.8,-8.3,16,9.3,31.3742,30.9210243,9.5,9.2,6.9,8,-1.8,-0.9,6,14.3,-1.6,-0.4,5.8,5,8.2,0.4,2,36.7115,36.2849818,11.8,16.3,4.1,0.1,14.7,1,-8.2,2.7,0.4,8.8,9.4,17.6,4.2,6.1,-137.7,-74.4,-68.5,23.1283,-18.3725,-6.866,-3.318329325,-0.01790286301,3.5,-2.6,0.04,0.07,0.04,-8.31,-1.465679846,-8.9,42.1009,3.246582728,-0.36875,-2.65912271,1305.14,-8.574823503,19.012112,16.245,2,-0.6216856083,-0.2359188959,-6.7,-6.1,137.7,74.4,68.5,-22.9511,24.2555,9.9389,0.2860310638,-0.2029328941,-8.6,5.2,-37.0744,-3.979445639,-0.36875,2.749339346,-1305.14,8.403031475,-20.776588,-13.185,1.6
2025,Region 3,Elite Eight,2025 Houston,2025 Tennessee,1,2,1,10.8,6,2.20878586,4.2916,0.02451797,-2.5,0.7,-5.3,-0.8,-0.32,-1.81,-0.27048,4.39,-3.1,-2.5,-20.4,-13.9,1,-8.4,18.2,-9.9,-7.2,-4.4,4.4,0.1,4.4,8.6,34.104,33.8303954,8.3,2.3,12,0.1,-1.2,3.2,6,-2.1,6.7,4.3,10.3,1,10.7,6.3,-2.7,32.4935,31.0991755,7.9,10.2,3.1,3.4,1.3,5.7,-6.1,5.2,9.5,2.4,8.5,6.6,3.6,-5.2,-129.9,-69.1,-72.9,4.6629,-16.2368,-18.128,-0.8008614988,0.02790115623,-14.6,-32,0.03,0.05,0.04,4.39,1.048021319,-2.5,35.109,11.93643438,-1.15451,-2.776498462,966.55,-5.476449003,6.751896,10.58,1,0.1333907794,1.455625608,4.2,5.2,129.9,69.1,72.9,-19.5186,24.723,15.6578,0.860304622,-0.269972751,-5.2,10.2,-32.3953,-2.729343105,-1.15451,2.349629498,-966.55,5.733902527,12.871446,-11.3,-9
2025,Region 4,Elite Eight,2025 Florida,2025 Texas Tech,1,3,1,13.6,5,5.31014317,8.111,0.01655982,3.1,1.4,-3.6,-0.1,1.42,2.06,-0.1885,-0.52,4.4,4,-22.3,-18.1,7.7,5.2,-14.3,9,0.9,6.4,0.6,-7.1,14.1,9.1,31.3645,29.8681881,7,8.2,3.8,2.3,-0.9,2.4,9.6,7.4,4.3,-7.6,6.4,0.7,2.8,1.6,-4.1,32.8495,31.4222693,10.2,8.4,8.3,5.7,-3.3,2.2,-5.5,12.1,-0.5,9.3,9.4,9,6.8,3.8,-135.8,-70.3,-71.2,22.8042,-21.9575,-8.0424,-3.784546885,0.06678400423,-0.3,-10.3,0.02,0.07,0.05,-0.52,0.9219866827,4,37.702,5.553570723,1.43658,-3.084647443,618.41,-11.22205081,32.434056,14.935,-1,-0.2358144049,-1.287467589,-5,-3.8,135.8,70.3,71.2,-7.7269,16.1929,9.8859,-0.8003428741,0.3513119793,2,19.5,-37.987,-4.052159443,1.43658,2.864871256,-618.41,7.342247699,0.587456,-12.875,-5.7
2015,Region 1,Sweet 16,2015 West Virginia,2015 Kentucky,5,1,0,-25,-18.5,-9.010267102,-18.6802,-0.10307926,-10.1,-6.2,-0.6,0.2,-2.79,-5.87,0.63,1.89,5.2,5.6,-35.2,-40.1,-1.7,2.3,-5.1,3,-4.9,5.4,-10.5,5.1,-10.2,-8.9,29.4153,26.97444413,6.9,6.8,4.5,1,8.8,3.1,9.3,17.1,3.2,5.7,4,6.5,4.6,-13.7,-9.5,26.7707,26.1808223,-0.8,-0.1,-1.5,3.5,-12.1,11.8,-9.3,2.9,8.5,2.9,7.9,-1.7,-1.6,-9.3,-114.9,-56,-28.3,5.4456,-26.3258,-11.679,0.08269791911,-0.09688593022,-16.1,-21.2,-0.01,-0.01,-1.42E-14,1.89,1.508976826,5.6,24.7404,3.941883049,-3.67033,-2.855570042,2054.43,-5.019399092,0.303,7.055,0,0.295089736,-1.811873585,1.3,9.3,114.9,56,28.3,-21.0078,15.891,10.9605,-3.030699462,-0.2645019818,17.5,4.3,-29.938,-3.754919019,-3.67033,1.752027522,-2054.43,9.814671875,-5.276,-17.425,4.2
2015,Region 1,Sweet 16,2015 Wichita St.,2015 Notre Dame,7,3,0,4.9,4.4,-4.020501752,-2.4148,-0.000853163,-1.9,0.1,2.3,1.9,-1.1,-1.09,-0.03,10.83,-3.2,-1.9,-32.1,-31.7,2.7,-0.7,-2.5,3.2,-5.1,-11.2,18.4,-7.3,12,12.9,14.41,14.26922145,2.6,1.5,3,-1,12.1,2.2,3.2,5.4,4.4,-7.7,1.5,0.9,2.7,-7.6,-8.5,31.3165,32.65786174,13.4,15.9,4.8,5.9,0.3,7.2,-1.1,9.7,-0.8,7.9,12.6,8.2,3.6,2.6,-131.4,-78.5,-67.4,12.6901,-19.8268,-8.9819,-4.237658138,-0.0515571903,-18.7,-23.4,0.01,-0.01,0,10.83,-0.1838464376,-1.9,33.963,3.047132333,-0.66544,-2.674943455,893.34,-10.12842562,20.577,10.815,-2,-1.693776343,-1.459894304,0.9,-2.6,131.4,78.5,67.4,-21.4322,22.2407,5.0035,-1.345349709,-0.2157978535,11.2,15.7,-38.3248,-0.9019538034,-0.66544,2.97933089,-893.34,8.018852123,-13.977,-13.825,-0.9
2015,Region 4,Sweet 16,2015 North Carolina,2015 Wisconsin,4,1,0,-7.8,-9.3,-4.876392735,-9.7292,-0.024763867,-5.2,-2.6,5.9,5.6,-1.34,-2.99,-0.77,10.84,10.2,10.9,-50.7,-25.9,3.7,4.6,-1.2,-3.4,0,-3.4,3.8,-0.4,5.8,8,24.6306,26.26416737,4.7,7.3,-1.5,2,13.6,-1.5,16.2,20.2,6,1.6,10,1.6,-1.9,-16.9,-17.3,32.6901,34.64779609,9.3,9.4,5.9,7.6,-2,5.4,-1.4,-2,0.7,2.7,9.8,5.5,6.5,-2,-134.9,-74,-71,18.3169,-20.3325,-8.0757,1.331079003,0.5857342991,-34.4,-19.7,0,0.01,-0.01,10.84,3.156140155,10.9,33.1441,5.853999265,-1.54853,-4.04100553,678.72,-10.097096,-6.493,12.125,0,-0.7463704498,-3.212983667,2.2,2,134.9,74,71,-14.4727,22.0005,12.2155,1.044603862,-0.08068863229,13,24.6,-38.093,-3.620906341,-1.54853,2.023595506,-678.72,7.590662251,-47.318,-13.67,-0.4
2015,Region 4,Sweet 16,2015 Arizona,2015 Xavier,2,6,1,15.5,12,7.675433325,13.6626,0.079227835,0.1,0.9,-10.7,-5.2,0.58,0.66,-0.08,-0.89,0.9,0.9,-37,-35.8,4,3.9,7.4,-11.2,-2.4,-14.8,16.4,-1.6,11.9,9.8,21.5957,19.30666254,3.4,4.5,1,2.8,12.7,2.5,7,-1.1,0.2,2.1,5.1,5,1.5,5.9,2.2,29.3707,28.48761146,8.7,11.4,2.1,3.3,1.8,3.1,-9,13.9,2,0.5,4.6,6.4,1.5,1.1,-125,-85.2,-44.1,18.3414,-18.8867,-14.9765,-0.2401065433,0.7269220235,-19.6,-19.7,-0.01,0.01,0.01,-0.89,0.3714702888,0.9,35.0872,5.182310597,0.46593,-1.864485164,1934.34,-10.73321032,17.196,16.17,0,-0.7897678511,-1.045891874,-2.1,-1.1,125,85.2,44.1,-18.8793,27.2027,9.2979,1.346291547,-0.4738949656,18,23.2,-31.7073,-3.065582014,0.46593,2.275253647,-1934.34,9.093152785,7.644,-12.105,-3.7
2015,Region 2,Sweet 16,2015 Louisville,2015 NC St.,4,8,1,6.4,7.3,4.627135616,5.0616,0.073740582,-2.5,1.7,-8.8,-6.1,-0.81,1.73,0.15,-2.1,1.7,1.1,-36.1,-36.2,4.7,-2.4,2.1,0.4,-0.8,0.4,0.2,-0.6,3.9,9.3,9.9633,10.57399972,2.3,5.3,-2.8,-4.3,4.7,-2.4,4.6,-3.7,4.7,3.8,10.9,1,-2.1,4.5,-2,25.825,26.67595499,6.2,4.1,6.8,3.3,1.4,5.6,-3.2,-8.8,6.6,0.3,2,5.7,5.4,-13.7,-128.8,-69.4,-56.3,13.1669,-21.2871,-11.275,2.677240595,0.05674269299,-21.9,-19.9,0,-0.01,0,-2.1,-2.972628307,1.1,30.8986,4.343039947,1.15313,-2.382396987,803.98,-6.450670029,6.309,10.875,1,-1.535080371,-3.968813643,5.4,13.7,128.8,69.4,56.3,-10.876,22.196,10.5298,2.579050654,0.0104557482,23.4,22,-29.226,-9.712365756,1.15313,1.947856627,-803.98,6.132081716,8.52,-8.96,-6.5
2015,Region 2,Sweet 16,2015 Michigan St.,2015 Oklahoma,7,3,1,3.7,1.2,-1.27583778,-3.1788,-0.012498195,-6.8,-2.6,-4.1,-2.7,-0.67,-1.4,0.03,9.44,-5,-4,-31.6,-31.1,4.6,-0.1,-0.4,0.6,-3.8,0.4,-0.4,0,7.1,7,28.2876,27.50396131,10.1,9.2,7.7,-2.1,3,2.3,3.1,15.6,3,-0.2,13.2,4,6.7,-2.3,-5.7,16.733,17.43984221,3.7,4.3,2,1.8,-5,-0.7,-4.9,-1.6,5.6,8.4,6.3,2.6,2.7,-7.4,-127.2,-77,-68.8,14.3746,-21.4076,-9.9164,-1.744452186,0.110827914,-18.8,-24.3,0.01,-0.01,0.01,9.44,1.486876256,-4,32.7972,0.7730277422,-0.9182,-2.102889277,199.57,-6.818307435,13.606,9.215,1,1.097656843,2.461208813,-0.1,7.4,127.2,77,68.8,-12.3836,23.2179,11.6955,-2.821247152,-0.1002920268,17.4,23.4,-31.4252,-6.741412561,-0.9182,2.152434372,-199.57,6.878544327,-3.799,-10.905,-3.4
2015,Region 3,Sweet 16,2015 Utah,2015 Duke,5,1,0,1.1,3.7,-6.902285076,-2.4039,-0.014782173,-2.8,-0.5,0.6,2.1,0.2,0.56,0.49,11.9,-3.9,-5.3,-34.5,-37.2,0.5,-1.9,-7.7,9.6,-4.6,-9.1,13.2,-4.1,10.6,10.1,21.4877,22.0601094,8.2,5.7,8.2,0.6,17.9,0.9,1.2,10.1,5.1,-6.3,6.2,3.3,8.6,-8.4,-6.4,34.7231,35.73274124,14.2,15.4,7,1.8,5.7,1.5,-9.3,10.4,-1.5,10.2,17.8,1.4,7.4,2.6,-128.4,-73.1,-57.6,12.1799,-17.2429,-4.1108,-5.464692807,-0.4187416782,-14.7,-18.8,-0.01,0.01,0.01,11.9,1.05588896,-5.3,35.867,2.414044314,0.18434,-2.412628267,1357.49,-10.14031058,22.604,12.47,-2,-1.287665314,2.646221392,-0.5,-2.6,128.4,73.1,57.6,-20.8567,24.586,7.266,-3.549804662,-0.2601902534,15.2,14.7,-36.8549,-6.443587728,0.18434,2.490467537,-1357.49,6.53938493,-0.182,-14.13,2
2015,Region 3,Sweet 16,2015 Gonzaga,2015 UCLA,2,11,1,15.1,9.4,7.921659592,14.7893,0.139184604,-0.6,1,-3.1,-0.7,-0.03,2.02,0.94,8.43,-2.5,-1.8,-28.8,-40.2,-1.8,1.3,4.8,-6.2,-4,-7.1,5.7,1.5,15.9,14.7,23.7885,23.43561106,9.7,11.4,5.3,-1.1,6.4,2.2,5.8,-0.9,0.3,4.3,12.6,12,4.5,4.5,-5.3,19.2702,17.26354582,5.8,5.8,4,1.5,4.7,0.1,-5.2,9.2,4.7,-3.3,6.9,1,4.1,0.1,-130.1,-75.6,-60.3,12.1235,-16.2577,-11.8417,-1.280631599,0.1719732412,-14,-25.3,0,-0.01,0.01,8.43,-1.190558383,-1.8,39.3903,4.635007106,1.24842,-1.679199963,810.11,-8.429338875,41.293,16.07,2,0.3732683684,5.412867065,-1.2,-0.1,130.1,75.6,60.3,-14.4193,25.3351,9.824,2.577619723,-0.4373351457,26.1,26.5,-30.8286,-5.598329813,1.24842,2.71636519,-810.11,11.19450011,23.027,-9.65,-9.8
2015,Region 1,Elite Eight,2015 Notre Dame,2015 Kentucky,3,1,0,-15,-9.4,-4.516254404,-13.363,-0.057428816,0.6,1.9,-3.2,-2.4,-1.99,-7.55,1.04,-20.34,0.2,0.6,-30.4,-39.3,4,7.2,-14.2,7.2,-9.1,-1.2,-3.4,4.5,2.6,1.4,40.7863,40.87014653,18.9,19.3,11.8,9,5.5,7.4,-3.5,14.3,3.3,3.1,16.5,13.5,11.9,-11.1,-10.7,20.718,19.21471645,3.7,4.1,2.1,2,20.5,1,-8.8,5.5,11.7,-1.4,10.4,-1.4,2.3,-1.8,-130,-68.3,-64.2,18.3491,-23.9517,-7.5997,-4.094749706,0.0522569344,-7,-10.6,-0.01,-1.42E-14,0.01,-20.34,1.71487858,0.6,37.0162,-0.05969931378,-4.79821,-2.99362866,1228.1,-5.021753207,28.002,9.875,2,2.029128255,3.913256065,-1.2,1.8,130,68.3,64.2,-23.2665,21.3964,11.808,-0.1964989951,-0.5788082765,24.6,15.1,-34.2742,-4.394720405,-4.79821,2.671821617,-1228.1,10.05629369,2.401,-13.335,0.4
2015,Region 4,Elite Eight,2015 Arizona,2015 Wisconsin,2,1,0,-8.7,-5.6,-2.31548153,-1.2108,-0.008964146,-6.5,-3.9,1.8,2.5,-1.3,-1.68,-0.6,8.17,7.6,7.6,-47.5,-31.6,4,4.1,-4.3,0.2,-2.8,-6.8,12.6,-5.8,-1.2,5.2,24.9366,23.37111637,6.9,9.4,0,1.8,26,0,10.4,12.5,4.3,-4.3,9.1,5.9,-1.6,-13.2,-10.8,40.9027,39.88882666,10.3,13.1,2.9,7.1,-0.7,8.7,-9.6,1.2,2.9,5.1,9.8,7.1,2.9,-0.8,-133.1,-88,-59.9,17.4472,-18.4611,-6.7128,-2.413424176,0.3019132566,-31.3,-19.9,-0.01,0.01,0.01,8.17,3.281728799,7.6,35.7477,6.667285376,-0.74012,-4.107609746,1529.7,-10.11829233,-12.756,14.08,-2,-1.521284978,-0.4001576974,6.4,0.8,133.1,88,59.9,-16.2323,23.4905,7.3015,-0.6060269481,-0.1102702356,21.8,30.8,-36.0769,-6.98826996,-0.74012,2.451075537,-1529.7,9.08760669,-39.156,-13.89,2.4
2015,Region 2,Elite Eight,2015 Michigan St.,2015 Louisville,7,4,1,11.8,1.2,-2.687386423,0.4968,-0.003504613,-4,-4.2,-7.1,-1.6,-0.67,-3.64,0.39,1.69,-3,-1.9,-33.9,-32.1,2,-0.7,-2.6,3.4,-5.9,1.3,-3.5,2.1,5.3,6.2,27.797,28.15533999,10.4,8.3,9.3,-1.9,-2.8,3.9,3.7,9.1,6.2,3.1,10.2,4.2,8.3,4.9,-5,13.549,15.30880961,2.1,4.8,-1.9,-5.7,1.1,-0.8,-9.1,-2.7,7.5,10.7,8,3.8,-0.6,-9.3,-125.5,-73.4,-56.9,14.5176,-21.5848,-8.5152,-0.892196908,-0.08212769459,-21,-21.1,0.01,1.42E-14,0.01,1.69,4.277693617,-1.9,31.831,2.58085294,-2.38568,-1.721555683,544.54,-6.140965947,16.63,9.685,0,1.338722587,3.672513612,0.9,9.3,125.5,73.4,56.9,-14.4787,23.4885,13.461,-4.581587537,-0.2159425728,20.5,22.2,-30.0606,-6.942258438,-2.38568,2.153963267,-544.54,6.863057214,12.185,-11.995,-9.9
2015,Region 3,Elite Eight,2015 Gonzaga,2015 Duke,2,1,0,-3.5,0.3,-2.684300082,-0.3835,-0.014479248,-1.7,0.2,1.5,3.5,0.7,2.7,1.07,3.97,-1.6,-1.7,-40.2,-35,-1.4,-2.8,-1.8,4.5,-6.5,-11.8,14.9,-3,11.2,13,26.9747,27.3131151,11,10,8.8,-0.7,14.2,2.4,3.8,9.9,-0.1,-6.2,11.1,10.7,8.7,-7.4,-12.7,31.2572,31.73101302,13.3,14.9,6.3,3,8.6,0.8,-8.8,9.3,2.8,-1.7,15.7,1.5,5.9,6.3,-130.6,-70,-64.2,11.5126,-14.4925,-6.1185,-6.840104457,-0.3369868218,-20.6,-21.6,-0.01,0,0.01,3.97,-1.683620613,-1.7,39.0446,3.173675383,1.70636,-2.421054907,870.01,-10.20258758,37.338,13.93,-2,-0.4335061186,4.889254469,1.8,-6.3,130.6,70,64.2,-23.3324,26.0667,7.5668,1.702013262,-0.4557095269,16.9,19.3,-37.4144,-6.018862297,1.70636,2.71350226,-870.01,11.21472962,12.272,-14.13,-5.3
2016,Region 1,Sweet 16,2016 Maryland,2016 Kansas,5,1,0,-6.9,-4.3,-7.43013884,-9.0904,-0.07613017,-2.1,-2.1,0.5,1.6,1.68,3.07,-0.09,-2.07,-2.2,-2.1,-30,-31,6.3,0.8,-6.7,5.8,-2.8,-4.1,1.8,2.3,0.6,4,25.719,23.83510576,10.3,11.9,4.6,4,-1.5,0,1.4,4.2,5.2,3.4,15.7,6.1,3.7,-11.3,-8.4,24.7984,24.10350195,9.2,6.5,9.9,0.6,12.1,-1.3,-2.7,7.5,1.8,-2.4,4.3,7.9,9.1,3.5,-127.5,-79.3,-61.2,17.6354,-19.8823,-8.1042,0.2375603473,0.01393637406,-14.5,-19.1,0,-0.01,0.01,-2.07,0.6825360985,-2.1,34.5327,2.339914501,2.05316,-2.248335223,1505.35,-8.787463211,-0.621,12.025,0,0.1361454025,-2.743014516,3.4,-3.5,127.5,79.3,61.2,-17.0316,20.6374,10.2514,5.084571151,-0.2860707,13.4,17.3,-37.1553,-4.722023184,2.05316,2.075175338,-1505.35,6.43054895,-22.026,-12.89,2.9
2016,Region 1,Sweet 16,2016 Villanova,2016 Miami FL,2,3,1,13.1,7.1,2.086218585,3.8991,0.033497095,-0.7,0.4,-4.4,-0.3,-0.39,-3.02,-0.51,2.68,1.5,0.1,-26.4,-28.4,4.3,-3.2,-9.1,12.4,-5,-5.5,2.1,3.6,15.8,11.1,22.2995,23.50058275,6.3,9.5,0.8,7,5.5,1.1,-0.6,14.5,2.4,1.6,12.4,5.9,1.7,2.6,-4,27.296,28.40920979,7.6,9.5,3.1,8.8,8.6,4.4,-1.8,-8.3,2.2,-0.2,8.3,6.7,3.7,2.5,-129.7,-83,-65.5,15.9242,-16.0045,-4.4916,-0.2788254692,-0.3469115114,-11.7,-20.7,1.42E-14,1.42E-14,1.42E-14,2.68,1.246117143,0.1,36.2948,-2.415700209,-2.02919,-2.599736623,1271.13,-10.19477955,23.142,11.79,0,-0.5192664617,-1.195704373,-4.7,-2.5,129.7,83,65.5,-17.3408,21.9917,12.1125,2.184530887,-0.4062863251,11.9,21.3,-34.3212,-4.791997805,-2.02919,2.009567592,-1271.13,9.510170652,-3.153,-12.05,-6.6
2016,Region 4,Sweet 16,2016 Duke,2016 Oregon,4,1,0,3.7,1.7,-2.503339612,-0.7315,0.014507974,4,3.6,0.4,0.2,0.56,3.38,-0.56,-5.16,-1.1,-0.3,-26.1,-37.1,1,-4.8,-1,5.8,-1.8,-0.3,5.1,-4.8,12.2,12,24.9405,24.62799242,4.7,4.5,2.3,1.9,7.9,6.3,2.7,-4.1,1.2,8.5,5.8,5,2.3,-8.8,-10.3,19.8972,19.27232275,2.9,3.3,1.2,3.1,14.8,1.4,-0.1,-2.6,5.7,-3.6,2.7,2.4,0.4,4.4,-131.1,-65.6,-61.9,11.1363,-15.3024,-6.369,2.250599102,-0.2921979275,-4.6,-12,-0.01,-0.01,0.01,-5.16,0.614242736,-0.3,35.5149,5.431191272,2.32163,-2.267049301,1408.69,-5.887985015,6.436,13.77,1,0.548969431,0.06918448359,-0.2,-4.4,131.1,65.6,61.9,-18.2045,19.1752,7.7024,2.048726576,0.1586146179,8.3,4.7,-34.8189,-2.498094402,2.32163,2.692990492,-1408.69,9.347941318,-20.192,-12.04,-1.5
2016,Region 4,Sweet 16,2016 Oklahoma,2016 Texas A&M,2,3,1,8.3,3.9,2.729798496,3.0433,0.020816096,0.4,0.7,-6.8,-2.8,-1.16,-0.55,0.34,-11.12,3,3,-19.8,-28,2.2,4,-4.7,0.5,-4.4,-4.3,6,-1.8,6.1,5.4,24.9322,25.41433591,7.4,2.5,9.7,7.1,1.2,2.9,0.5,-3.6,3.4,-2.3,0.2,0.5,8.9,-4.3,-1.4,21.7233,20.87540271,5,6.7,1,-0.5,10.2,0.4,-5.2,21.6,1.8,5.7,8.8,-3.6,0.4,-0.6,-126.3,-74.7,-69.2,15.0898,-22.6823,-9.638,-3.071370886,0.1418183815,-7.9,-25,0,-0.01,0.01,-11.12,-0.62114204,3,33.6339,5.846979556,-0.34095,-1.908021816,310.21,-8.104838726,18.072,10.915,-1,0.2987872459,3.896487049,-0.7,0.6,126.3,74.7,69.2,-16.0447,22.9214,10.8494,-4.109981269,-0.1779995387,1,10.5,-33.1256,-0.05216912024,-0.34095,2.43164678,-310.21,7.027765778,-4.698,-11.18,2.9
2016,Region 2,Sweet 16,2016 Indiana,2016 North Carolina,5,1,0,-14.1,-8.7,-5.232421353,-5.2422,-0.030259153,-2.5,0.6,4.2,1.5,-0.43,-2.76,-0.1,3.01,-1.9,-3,-23.5,-41.9,5.6,12.4,-17.7,5.2,-3.5,3.2,-7.7,4.4,1.3,3.9,27.7541,25.81323391,11.2,12.4,5.5,2.4,3.6,-1.2,7.8,9,3.5,6.5,7.3,2.5,5.3,-18.8,-12.5,23.0801,22.08971644,2.6,5.2,-2.9,7.2,2.9,3.5,-11.1,11.5,2.5,3.2,9.4,3.9,-1.7,7.6,-127.3,-63.9,-75.5,22.9703,-22.6976,-5.8031,1.445955003,0.3250622204,-4.9,-17.4,0.01,1.42E-14,-2.84E-14,3.01,1.284993825,-3,37.2136,5.537456669,-2.01528,-2.851277442,306.54,-8.163956185,0.465,13.81,0,0.5232770988,2.227888415,2.6,-7.6,127.3,63.9,75.5,-15.0371,15.6028,11.8529,-1.749458134,-0.2353250162,17.1,13.9,-34.5321,-2.045499816,-2.01528,1.957968103,-306.54,8.998233769,-35.52,-13.51,6.3
2016,Region 2,Sweet 16,2016 Wisconsin,2016 Notre Dame,7,6,0,9.1,2.7,-1.834752067,0.3838,0.010902507,1.2,-0.7,-3.5,-0.2,0.33,-0.66,-0.37,0.91,-1.3,-1.7,-32,-36.2,0.7,-1.7,1.9,-0.2,-1.4,-5.1,10.5,-5.4,7.3,7.4,8.06,6.6813119,-0.2,1.1,-1.8,-1.3,12.8,-2.2,2.3,-2.7,0.3,-1.2,0.4,1.2,-2,-0.4,-4.7,24.2862,22.81180921,5,7.4,-1.1,2.8,-1.1,4,-4.6,2.8,0.7,1.2,6,5.2,0.1,0.2,-134.6,-74.1,-65.9,8.225,-18.9172,-9.7706,-0.3254642428,-0.02289833159,-16.5,-26.4,-1.42E-14,-0.02,0.01,0.91,-1.17041022,-1.7,33.1516,4.866279086,-0.45364,-2.627900928,1275.18,-9.178179424,8.745,11.78,-2,-1.744241829,-0.3178587926,0.1,-0.2,134.6,74.1,65.9,-13.9192,18.9558,5.2921,0.5441962294,0.01695040576,14.1,17.7,-35.9,-4.306169878,-0.45364,2.547074901,-1275.18,10.57325438,-5.535,-13.445,-4.3
2016,Region 3,Sweet 16,2016 Iowa St.,2016 Virginia,4,1,0,-11.9,-7.9,-5.128433128,-8.0198,-0.047184257,1.3,1.9,-0.7,0.9,-0.44,-1.44,0.45,-12.87,10.5,10.7,-27.7,-36.2,4.2,4.7,-3.1,-1.6,-3.9,-4.2,-2.9,7.1,6.8,4.3,29.9042,28.46019973,8.1,10.2,3.1,1,-8.2,3.7,1.4,4.8,4.3,-0.7,7.7,10,4.1,-11.1,-12.5,20.2664,20.63102445,4.9,2.9,6.9,6.9,8.2,1.8,0.1,5.6,2.5,8.6,3.5,2.3,6.7,9.4,-131.9,-85.5,-84.2,21.1106,-19.9225,-10.4181,-3.261357556,0.2993839353,-11.9,-17.3,0.01,0,-0.01,-12.87,-0.965517956,10.7,37.6059,1.353682052,-0.88704,-2.746082872,-159.96,-9.806144833,22.059,12.435,1,1.055377396,2.885219809,-2.5,-9.4,131.9,85.5,84.2,-22.0273,20.7311,12.1907,-1.670015408,-0.5492689954,17.5,16.9,-37.4413,-2.283401797,-0.88704,2.424914911,159.96,9.106161021,-17.028,-11.93,-1.4
2016,Region 3,Sweet 16,2016 Syracuse,2016 Gonzaga,10,11,1,-6.8,-3.6,-2.496222885,-3.4255,-0.042794135,-4,-1.9,-3.2,-0.3,-0.06,-4.66,-0.08,-6.66,-3.1,-2.5,-23.7,-23.8,6.5,-1.8,-7.6,9.3,4.6,1.3,-5.3,4.1,-4.4,3.9,14.1926,14.46783116,5.3,2.7,5.8,-2.4,7.2,-3.4,7.1,14.9,4.3,-0.8,6.3,-4.2,5.7,-9.7,-7.6,20.933,22.37100525,7.8,5.9,7.2,9.3,6.5,4.1,3.4,-16.1,-1.1,-4.8,4.2,11.7,7.1,-1.7,-129.7,-73.9,-70.9,12.2442,-21.902,-7.7056,-0.2614927166,-0.1409063394,-8,-20.3,-0.01,-0.02,-0.01,-6.66,3.006765505,-2.5,32.9967,4.800963849,-3.19437,-2.666568791,701.26,-12.35474613,-8.852,10.89,-1,-0.6660328521,-5.78454641,8.3,1.7,129.7,73.9,70.9,-9.9314,18.35,14.0553,6.496956557,0.04302115619,6.9,21.3,-35.3605,-5.884750947,-3.19437,1.291377659,-701.26,7.60834383,-18.107,-10.96,2.1
2016,Region 1,Elite Eight,2016 Villanova,2016 Kansas,2,1,1,1,2.4,-2.492000417,-3.0569,-0.001638424,-2,-1.4,-0.9,0.9,0.09,-1.39,-0.15,2.68,-1.5,-2.8,-24,-29.1,4.2,-0.9,-9.3,10.2,-4.9,-5.8,1.2,4.7,4.7,8.1,27.724,27.63038226,9,13.1,1.4,5.8,-2.9,2.7,-0.2,12,0.9,8.3,16.5,7.9,3.6,-5,-5.7,28.827,30.15093239,9.6,8.3,8.7,4.3,7.6,2.6,-3.5,-2.4,3.4,-4,7.8,6.6,7.5,1.8,-126.3,-81.7,-58.1,15.2438,-18.9067,-6.5542,1.972035811,-0.1926367288,-11.9,-22.9,1.42E-14,-0.01,1.42E-14,2.68,-0.5350196233,-2.8,34.9471,-1.885121516,-0.98139,-2.119307335,1342.01,-8.836223834,5.232,11.65,-2,-0.09268938806,-3.472895576,3.4,-1.8,126.3,81.7,58.1,-16.9444,20.8358,11.2786,4.833356407,-0.4565029328,12.8,21.1,-34.995,-6.170138962,-0.98139,1.9248926,-1342.01,9.495416105,-11.925,-12.59,-0.7
2016,Region 4,Elite Eight,2016 Oklahoma,2016 Oregon,2,1,1,7.6,3.4,1.160536161,2.0643,0.034582875,1.4,1.1,-1.6,0.7,-1.12,-0.15,0.54,-1.97,1.8,2,-25.5,-31.1,0.3,-5.6,-1.2,6.7,-5.2,-3.1,1.9,1.2,8.9,9.4,20.4395,20.70300962,5.5,1.9,6.2,2.5,1.3,2.6,-0.8,-0.7,4.4,-2.1,5.6,-0.3,6,-10.2,-5.9,27.1943,24.93602321,5.9,8.2,1.1,3.7,12.9,1.3,-4.8,8.1,6.1,7,9.8,2.2,0.7,2.2,-127.5,-73.8,-66.6,9.0649,-14.934,-4.5166,-1.643694095,-0.3524418068,-4.4,-13.5,-0.01,0,0.01,-1.97,-0.899482468,2,34.184,3.429088065,-0.08125,-2.226513149,968.75,-5.853206047,25.488,11.475,-1,-0.6934456822,2.222521541,0.5,-2.2,127.5,73.8,66.6,-16.5048,21.0602,11.7692,-3.104016955,-0.2808569373,5.1,10.9,-34.3415,-4.664800043,-0.08125,2.604698153,-968.75,6.982196783,-11.556,-12.09,4.3
2016,Region 2,Elite Eight,2016 Notre Dame,2016 North Carolina,6,1,0,-27.6,-14.5,-6.210576485,-12.0566,-0.116808641,-3.2,-0.1,4.6,1.4,-0.08,-1.66,-0.13,-12.2,-5.3,-6.4,-29.9,-39.1,1.3,10.8,-9.5,-1.4,-3.4,-2.5,-5.1,7.5,-4.6,1.7,26.5891,24.14880971,6.1,8.8,0.9,3.6,3.5,3.8,2.9,3.9,3.4,6,4.2,5.4,1.2,-23.2,-16.3,17.43,16.6398218,2.9,8.4,-6.2,1.8,5.3,-0.6,-8.5,6.4,3.1,8.1,9.8,6.2,-4.4,2.2,-136.4,-66.2,-78,16.7221,-23.0317,-9.9484,1.275109213,0.3896863411,-13.1,-23.3,0.01,0.01,-0.01,-12.2,1.019712891,-6.4,35.7984,3.813604529,-1.31282,-2.94359229,653.73,-8.165762143,-10.265,12.025,-1,1.097918803,1.936284503,6.3,-2.2,136.4,66.2,78,-17.0429,19.1077,12.9639,-4.071836538,-0.5216174509,19.7,19.5,-36.5582,0.1759690705,-1.31282,2.51760343,-653.73,9.150936406,-43.31,-13.535,6.9
2016,Region 3,Elite Eight,2016 Syracuse,2016 Virginia,10,1,1,-14.9,-9.1,-8.946169346,-13.2451,-0.092954273,-3.8,-1.8,-3,-0.7,0.67,-0.79,-0.27,-15.91,4,4.1,-19.5,-31.6,3.5,1.8,-7.3,5.4,-1.5,-1.8,-9.4,11.3,-0.1,-0.7,20.2282,18.88453193,1.7,1.1,1.2,-1.3,1.8,1.4,7.1,10.5,6.1,-3.9,0,-2.7,1.4,-12.8,-8.5,24.717,24.87288275,6.9,3.2,10.1,8.7,3,5.3,4.7,-10,1,7.1,7.8,4.9,9.5,1,-126.1,-75.2,-69,15.6697,-23.3314,-8.8458,-1.260251663,-0.003070707492,-7.7,-20.9,-0.01,-0.01,-0.01,-15.91,-1.291340596,4.1,31.0707,3.793840945,-0.45999,-2.646114248,501.11,-9.784692593,-3.492,11.94,-1,-0.3858879288,-1.267011591,-0.6,-1,126.1,75.2,69,-19.5366,21.0165,16.0953,-0.05612776165,-0.5401129224,11,12.1,-35.2618,-5.090031868,-0.45999,1.180574345,-501.11,7.587581357,-27.855,-10.115,4.3
2017,Region 1,Sweet 16,2017 Florida,2017 Wisconsin,4,8,1,-1,0,1.201917656,4.0965,0.029180742,-7.3,-3.5,-2.1,0.2,-0.27,0.04,-0.06,6.1,5.9,5.9,-30.4,-31.8,4.4,6.5,-9.6,3,-1.8,0.1,5.5,-5.5,-2.9,0.9,24.5547,24.17612901,4.2,7.3,-1.4,-1.2,14,3.3,6.5,1.2,3.8,2.1,7.5,0.3,-1.7,0.8,-1,24.1272,24.20888606,6.1,5.3,4.8,-6.3,-1.9,4.3,-6.3,11,2.1,-6.6,6.5,1.4,5.5,-3.9,-125.6,-78,-67.3,16.7474,-23.5947,-7.9239,1.879748521,0.2176809119,-16.4,-23.7,0.04,0.07,0.04,6.1,-0.3791614656,5.9,32.4637,7.05512467,0.08067,-2.594218066,1128.79,-9.119271142,-6.849,11.715,-1,0.03121721312,-0.2242373064,3.8,3.9,125.6,78,67.3,-12.3158,20.4806,8.539,4.298083503,0.1499646637,8.3,15.7,-31.536,-6.447915937,0.08067,2.933910991,-1128.79,7.44868022,0.594,-10.59,-1.8
2017,Region 1,Sweet 16,2017 South Carolina,2017 Baylor,7,3,1,0.3,5.1,-6.164715667,-7.9776,-0.048811194,-6.2,-2.9,-6.1,-3.1,-0.67,-1.4,-0.35,1.56,4.8,4.8,-31.9,-32.2,-0.8,1.3,0.1,-1.4,-3,-1.6,-0.5,2.1,-5.8,5.3,13.265,12.67511568,1.5,0.8,2,-3,9.5,-2.1,4.1,-6.9,0.7,1,4.6,-3.2,1.2,-1.3,-0.1,28.7727,27.71723562,7.7,7.2,5.7,0.1,-12.5,3.8,-8.4,15.3,4,12.1,11.5,1.3,4.8,-10.4,-118.9,-64.9,-48.8,8.8733,-23.4827,-12.5416,1.274999579,0.05707274188,-20.9,-29.1,0,-0.01,0.01,1.56,-2.664085394,4.8,28.5658,7.29162223,-0.86736,-1.339764925,1731.82,-6.70850171,-15.138,9.15,0,-1.421013504,0.07214708104,11.1,10.4,118.9,64.9,48.8,-15.3402,21.2734,12.5754,-4.589998951,-0.2122660479,15.1,17.8,-28.3161,-3.410562214,-0.86736,2.18189393,-1731.82,8.418727437,-7.593,-11.595,1.2
2017,Region 4,Sweet 16,2017 West Virginia,2017 Gonzaga,4,1,0,-4.5,-1.9,-1.447318122,-6.2547,-0.021463427,-7.2,-3.4,-4,-2.6,-0.89,-2.33,0.19,5.48,0.6,0.7,-35.2,-31.1,4.1,5.8,-6,0.3,1.3,4.6,-8,3.5,-2.6,-1.6,28.8149,28.10018186,10.2,10.6,6.1,2,12.2,0.8,12.3,14.8,7.2,-3.8,13,2.8,7.3,-0.8,-0.3,31.0379,30.00800074,9.3,11.8,3.3,6.3,-4,12.2,2.5,-1.2,1.5,9.8,14.9,6.7,2.8,0.1,-121.4,-74.6,-55.4,12.5497,-24.898,-11.1292,-3.818923712,0.2948885049,-17.2,-22.3,0.02,-0.01,0,5.48,2.643762356,0.7,32.709,7.417420601,-1.66699,-2.788476806,999.82,-8.565729312,-1.775,10.8,0,-0.1878811462,-2.337092936,1,-0.1,121.4,74.6,55.4,-8.4797,11.5429,11.0159,-2.904809961,0.03963321535,4.8,10.3,-34.3627,0.7731535977,-1.66699,2.080184952,-999.82,6.417221593,1.956,-13.24,0.5
2017,Region 4,Sweet 16,2017 Arizona,2017 Xavier,2,11,0,14.2,6.1,6.354177818,7.4238,0.051498543,3.4,3.6,-7.7,-2.1,0.25,3.21,-0.56,2.28,-1,-1.7,-30,-27,3.7,3.9,5.2,-9.1,-1,-5.9,6.2,-0.2,16.4,11.8,18.1595,18.91136545,1.9,-1.5,6,5.9,7.3,0.8,8.3,-2.9,-1.7,-8.1,-1,-0.3,5.9,6.3,-5.7,19.9022,20.16390199,4.5,4.1,3.4,-0.2,12,-0.9,-9,4.3,0,4.4,0.9,2.9,3.6,4.2,-128.9,-80.3,-54.9,18.576,-18.2239,-14.6253,-5.243618676,0.5270003386,-11.6,-18,-0.03,-1.42E-14,-1.42E-14,2.28,-0.07549681763,-1.7,35.9914,8.873230144,2.14441,-1.753227111,1751.93,-11.21839037,15.616,16.365,0,-0.2271247199,2.148144992,-4.6,-4.2,128.9,80.3,54.9,-15.5533,21.4934,12.311,-0.3744954003,-0.1831503879,1,8.7,-32.6391,-5.374089478,2.14441,2.053274376,-1751.93,10.2587861,1.75,-12.765,-12
2017,Region 2,Sweet 16,2017 Purdue,2017 Kansas,4,1,0,-0.7,-2.8,-5.358626059,-1.7514,-0.009132502,-2.4,-0.7,0.6,1.9,-0.17,0.9,-0.25,4.36,-1.3,-1.1,-28.6,-31.3,1.5,-2.2,-1.7,4,-6.7,-8,10.1,-2,6.3,6.7,22.0535,21.68764095,7.8,7.5,4.9,5.3,3.5,0.2,0.5,15,-3.5,1.9,13.6,1.8,4.7,-5.4,-9.4,28.1441,28.10792242,9.2,7.4,8.2,-4.6,14.1,-1.1,-9.8,6,2.6,2.3,-0.2,5.8,7.1,6.2,-127.9,-79.9,-75.4,11.7799,-16.9243,-6.6543,0.5114042584,-0.1281895982,-16.7,-28.5,-0.01,0.01,0.02,4.36,-2.774301675,-1.1,35.7606,-1.393967644,0.62251,-1.985884594,845.28,-7.79322742,6.603,12.055,-2,-0.5977304662,0.1808077419,0.4,-6.2,127.9,79.9,75.4,-24.7578,23.6106,8.1077,2.511832993,-0.3521089576,13.5,15.5,-36.7211,-8.145954631,0.62251,2.089258152,-845.28,14.80476738,-14.024,-13.15,-4
2017,Region 2,Sweet 16,2017 Michigan,2017 Oregon,7,3,0,-2.4,-1.3,-2.236887694,-1.2096,0.002996842,0.2,1.4,-1.8,-0.3,0.72,0.8,0.21,-5.61,-5.1,-4.5,-17.7,-32.2,0.6,-11.9,4.4,7.5,-6.3,-8.8,19,-10.2,5.3,7.5,27.6918,27.92975234,10.8,10.9,7,6,3.9,5.5,-4.5,3.9,-2.7,7.6,22.2,4,7.3,-8.9,-8.8,18.7538,18.02020934,3.9,5.1,0.1,2.5,6.9,3.1,-2.6,12.9,9.7,3.2,0.4,-2,0.2,10.3,-128.2,-83.5,-81,6.2068,-12.4502,-8.4226,2.505649291,-0.439835192,-5.4,-25.7,-0.03,-0.06,-0.04,-5.61,2.748929133,-4.5,37.7587,-0.850767755,0.4598,-2.366288452,387.74,-5.011847885,14.075,10.19,1,0.9397547154,1.195010732,2.2,-10.3,128.2,83.5,81,-23.1824,19.0804,3.0936,-1.884814206,-0.07025492935,12.4,15.1,-36.4397,-0.3214174928,0.4598,3.001716559,-387.74,12.57955712,-13.679,-13.45,0.1
2017,Region 3,Sweet 16,2017 Butler,2017 North Carolina,4,1,0,-12.3,-7.5,-2.802955721,-7.0994,-0.051735578,-4.8,-2.9,3.4,3.3,-1.5,-1.69,0.14,-2.97,-5.2,-5.7,-23.1,-32.4,-0.8,2.3,-0.7,-1.7,-2.6,-1.8,-5.6,7.4,0,4.2,23.9056,24.43817877,6.1,7.9,2.1,2,4.8,3.6,3,2,-1.7,2.5,6.9,8.2,2.6,-11.1,-11.7,25.0137,24.01492457,1.6,0.1,3.3,0.6,-4.4,3.7,-14.2,16,1.2,-3.1,2.2,-1.2,2.2,6.1,-129.7,-77,-61.8,12.6182,-19.8472,-12.1764,-0.9687854385,0.07716526306,-16.9,-33.7,0.02,0.04,0.01,-2.97,1.774439482,-5.7,36.7249,3.31236922,-1.22122,-2.60355389,1229.42,-9.896673833,2.002,13.53,1,-0.06330613808,2.518124253,4.2,-6.1,129.7,77,61.8,-16.106,19.5442,14.3894,1.511198722,-0.3829418981,14.4,22.2,-33.8135,-6.887685751,-1.22122,3.048886134,-1229.42,10.87477382,-19.423,-15.505,-0.6
2017,Region 3,Sweet 16,2017 Kentucky,2017 UCLA,2,3,1,5,-1,2.312808169,4.3149,0.041434995,0.5,-0.4,1.5,2.4,-1.01,-0.7,-0.47,6.6,0,-0.8,-32.4,-29.7,6.9,3.5,0.8,-4.3,-4.9,4.4,0.2,-4.4,11.1,7.8,19.3333,20.04417087,4.8,8.4,-0.9,3.1,15.9,0.2,5.7,4.5,8.6,7.4,11.9,1.8,-1,-10.5,-8.9,30.8842,30.17834494,12.1,10.8,9.8,7.2,-7.8,4,-2.2,20.7,5.7,0.9,11,12.2,9.8,8.5,-133,-81.1,-70.9,19.067,-19.4593,-11.5505,3.875359407,0.4742737261,-13,-14,-0.03,-0.03,-0.04,6.6,-2.164832693,-0.8,36.3288,3.831152107,-0.54236,-2.802385089,354.9,-7.337120946,6.144,13.855,-3,-1.233462542,-3.818594172,-3.3,-8.5,133,81.1,70.9,-18.358,13.401,7.7088,4.303696488,0.135790411,12,14.9,-40.1326,-0.626221522,-0.54236,2.80214323,-354.9,7.067242263,-21.736,-13.74,1.6
2017,Region 1,Elite Eight,2017 South Carolina,2017 Florida,7,4,1,-0.7,1.4,-4.65889934,-9.3589,-0.069443069,-5.2,-0.8,-7.9,-4.7,-0.15,-0.1,-0.45,-3.52,-1,-0.8,-34.8,-29.9,0.1,-5.7,3.6,2.1,-2.8,-2,3.9,-1.9,-6.1,1.9,16.0842,15.93251846,1.1,-0.5,2.7,-1.4,6,2.1,4.6,10.7,2.8,-9,4.3,-0.7,2.8,0.5,-0.6,27.3347,27.36563902,6.5,4.6,6.7,1.5,-6.3,7.9,-0.3,2.7,3,5.5,8.8,-1.8,5.2,-11.2,-118.8,-73.5,-39.1,6.5162,-20.1696,-10.6675,-4.280284918,-0.2496049058,-17.4,-23,-0.04,-0.06,-0.03,-3.52,-5.107283823,-0.8,26.3486,6.093415071,-0.07704,-2.898636506,2221.01,-7.44001884,-17.481,8.885,1,-1.013227342,-0.7290781914,8,11.2,118.8,73.5,39.1,-13.9043,22.2146,11.0126,-2.229601479,-0.07306803812,10.7,17.6,-29.476,-5.379988599,-0.07704,2.303090004,-2221.01,8.432910089,-5.565,-11.45,-1.1
2017,Region 4,Elite Eight,2017 Xavier,2017 Gonzaga,11,1,0,-20.7,-10.9,-6.244306786,-17.7349,-0.106246407,-9.5,-2.6,0,1.5,-0.02,-2.81,-0.13,-0.29,-2.6,-3.1,-31.8,-28.2,5.3,9.9,-14.2,4.2,-1.2,-3.5,-3.2,6.8,-8.6,-0.9,27.0869,26.49413216,10,12,4,3,15.2,-0.9,9.8,14.6,1.2,-0.1,9.9,7,5.8,-13.3,-9.9,21.2855,22.43097285,6.2,5.9,4.4,3.9,4.5,1.9,-4.9,-2.7,0.1,-6.2,2.8,4.5,5,3,-130,-84.5,-60.9,15.1482,-26.0024,-10.2634,-2.973511918,0.2961017056,-9,-17,0.03,0.01,1.42E-14,-0.29,0.7560462229,-3.1,31.6656,5.233673429,-2.02905,-2.891464249,1127.29,-8.630445424,-16.999,10.245,-1,0.663967046,-2.745226158,7.7,-3,130,84.5,60.9,-17.5777,16.9118,14.0244,4.967262047,-0.3365134166,9.6,20.9,-40.1984,-3.987313366,-2.02905,1.750797007,-1127.29,11.20034083,-25.054,-17.26,3.4
2017,Region 2,Elite Eight,2017 Oregon,2017 Kansas,3,1,1,-1.8,-1.6,-4.935857957,-2.1474,-0.021938311,-3.5,-2.5,0.7,2.9,0.26,0.07,-0.03,4.76,-2.6,-3.1,-27.5,-27.3,6.1,7.8,-12.5,4.7,-6.4,-0.4,-1.2,1.7,6.3,6.4,22.8695,21.57865015,7.7,9.8,2.2,-0.5,3.6,1.6,1.6,8.5,8.1,6,6.8,3.3,2.4,-5.6,-7.9,26.9328,26.66191834,9.8,7.4,9.4,-4.9,10.2,2,-4.5,6.5,1.6,6.7,12.8,0.3,9.1,5.5,-126.2,-73.5,-71.4,20.648,-21.1881,-7.2692,1.644557308,0.2295709593,-5.9,-13.9,-0.02,0,0.01,4.76,-0.9762487184,-3.1,36.4574,0.3569589532,0.01416,-2.03689839,787.74,-7.66373986,10.827,12.6,-2,-0.3964445019,-1.078717904,0.1,-5.5,126.2,73.5,71.4,-17.0639,17.6423,11.3276,-1.360111551,-0.2433095156,2.2,7.6,-34.9482,-5.528296291,0.01416,2.346455706,-787.74,4.962896921,-10.64,-11.66,-2.3
2017,Region 3,Elite Eight,2017 Kentucky,2017 North Carolina,2,1,0,-2.3,-1.1,0.68593515,-0.7427,0.001317581,-0.3,-0.7,-0.9,1.6,-0.51,0.26,-0.95,-6.76,2.7,1.9,-29,-37.3,6.2,9.6,-1.9,-7.8,0.1,1.1,-3.9,2.9,6.4,7.9,25.0736,26.15128747,4.7,6.7,1.1,-1.8,10.3,2.7,8.9,4.3,2.8,3.9,5.7,2.7,1.5,-9.5,-9.2,30.2022,29.44813664,4.9,3.1,6,3.4,-1.6,3,-14.8,16,1.9,-0.8,4.9,2.2,4.7,1.4,-129.5,-71.7,-59.1,23.6106,-24.6992,-14.7555,1.120614587,0.7057036516,-15.7,-19.4,0.01,0.04,0.03,-6.76,0.8892808308,1.9,35.0575,6.18028584,0.2236,-2.580366006,1211.4,-9.848921642,-7.441,14.75,-1,-0.505200763,0.2189738186,1.5,-1.4,129.5,71.7,59.1,-13.7871,19.479,12.2179,1.792615367,-0.08233286789,16.1,16.6,-33.5184,-7.638907669,0.2236,2.836579027,-1211.4,7.10088205,-31.73,-14.06,0.3
2018,Region 1,Sweet 16,2018 Kentucky,2018 Kansas St.,5,9,0,9.6,6.4,1.770593352,5.6526,0.031978133,-1.9,-2.1,-6.7,-3,1.78,1.09,-1.3,-0.39,3.1,3.5,-34.1,-21,4,4.1,10.2,-14.2,0.5,-0.1,-5.7,5.9,4,1,19.0024,19.26813553,2.2,1.6,2.9,-4.5,6.2,2.8,3.4,-5.4,6.8,3.1,6.8,-0.7,2.8,7.8,5.4,16.159,16.65092324,6.6,6.2,4.5,5.3,1.4,-0.1,5.2,2.8,0.3,-4.1,7.6,5.1,4.1,1.6,-125.7,-74.8,-54.8,17.9875,-19.8136,-17.5636,1.18917377,0.8794285201,-10.2,-9.7,0.02,0.04,0.03,-0.39,1.719375661,3.5,31.2768,5.992296128,0.7805,-2.024842842,1742.12,-9.944150708,-12.8,13.07,1,0.2608084348,-1.533328681,-3,-1.6,125.7,74.8,54.8,-12.414,20.6083,17.3412,3.543680849,-0.1498241579,-0.1,14.8,-35.2179,1.375064425,0.7805,1.843424456,-1742.12,6.45445521,-4.056,-10.415,-2.4
2018,Region 1,Sweet 16,2018 Nevada,2018 Loyola Chicago,7,11,0,-1.2,1.7,0.508513279,3.0412,0.052568382,0.7,1.7,-2.1,-0.1,1.83,0.5,0.34,-7.66,4.9,4.4,-23.2,-24.8,1.3,0.4,-3.8,3.6,2.2,-8.8,5.6,3.2,8.3,9.6,23.7099,21.21083448,7.6,5.3,7.2,4.7,11.4,6.1,1.5,7,1.9,-0.1,3.4,4.9,7.2,-5,-8,9.611,7.5746103,8.6,5.8,8.8,1.5,2.5,-0.6,7,9.8,-1.1,-6.1,4.7,1.8,8,9.2,-129.1,-95.5,-73.3,12.4078,-19.8323,-9.1872,-2.89910818,-0.04605759276,-6,-25.5,-0.03,-0.07,-0.02,-7.66,-1.114715827,4.4,36.7289,2.461409964,0.29466,-1.897206562,939.67,-13.23045793,21.77,12.125,1,1.475307809,-7.441741113,1.3,-9.2,129.1,95.5,73.3,-14.2921,19.778,12.2076,4.725314765,-0.278551961,-2.8,15.6,-37.688,2.942107777,0.29466,2.883147724,-939.67,8.221660817,-6.788,-11.735,-3
2018,Region 4,Sweet 16,2018 Gonzaga,2018 Florida St.,4,9,0,7.1,4.9,3.912177116,8.9113,0.072140903,3.3,1.4,-6,-1.5,-0.05,0.03,-0.07,-5.91,-3.2,-2.7,-22.8,-27.4,2.9,0.2,-2,1.8,-11.4,-7.7,8.8,-1,7.2,8.3,19.8256,19.95511981,8.8,13.3,1,-0.3,0.2,3.1,2.9,1.8,2.3,9.8,17,5.4,1.3,-1.1,-3.3,20.7329,19.28226424,7,11.3,-0.4,-3.3,6.7,-0.2,-10.5,5.9,6.2,7.4,10.3,0.5,0,7.4,-129.9,-81,-72.9,14.4398,-15.1826,-9.6758,3.482691789,0.02594847037,1.6,-10.1,-0.03,-0.02,-0.02,-5.91,-1.527555482,-2.7,38.7079,1.099038292,-0.01509,-2.268773709,807.16,-6.840281049,10.288,13.685,1,-0.1605062545,2.387678318,1.1,-7.4,129.9,81,72.9,-22.9835,22.5131,10.36,-3.719198479,-0.4910383596,-0.6,3.9,-35.1742,-6.244882978,-0.01509,2.710807185,-807.16,9.238952781,-2.782,-13.495,-2.2
2018,Region 4,Sweet 16,2018 Texas A&M,2018 Michigan,7,3,0,-4.1,1.9,-4.947320297,-6.2823,-0.050235455,-6.3,-2.9,-3.8,-1.8,1.03,0.32,-0.09,7.02,5.2,4.3,-36.6,-19.3,4.7,8.4,-11,2.7,-1.3,-4.4,9.9,-5.5,-2.9,2.7,18.4945,17.82217108,2.7,5.1,-1.6,-4.6,1.8,0.2,9.9,10.7,5.2,-1.1,1.5,2.9,-0.2,-2.5,-0.8,21.6051,20.74463542,8,9.2,4,-2.4,1.3,2,2.3,-2.4,-2.2,12.8,8.6,1.1,2.6,0.3,-131.6,-87,-78.5,21.0416,-23.5698,-9.4137,-1.018618186,0.2873336449,-8.8,-5.7,0.02,0.02,0.03,7.02,1.903604737,4.3,31.2784,4.486037905,0.29624,-3.285868212,-143.05,-10.81794016,-5.892,11.46,0,-0.2822349823,1.719346888,5.6,-0.3,131.6,87,78.5,-16.6517,23.0848,10.1712,-5.341556663,0.0004469220103,-0.1,16.1,-38.316,-0.9008607201,0.29624,1.555607003,143.05,5.842372916,-5.115,-11.305,1.7
2018,Region 2,Sweet 16,2018 West Virginia,2018 Villanova,5,1,0,-10.3,-4.1,-6.055699059,-9.6343,-0.038229301,-2.3,0.9,4.6,3.9,-0.03,0.95,0.33,9.1,0.3,1.7,-25.6,-15.4,0.4,-4.4,1.7,2.6,-4.6,7.8,1.1,-8.9,4.7,7.5,23.1761,23.72253769,1.1,-0.8,2.5,1.3,5.7,2,9.9,0.9,7.9,10.2,0.8,0.4,3.6,-14.2,-11.4,30.0074,32.35750797,10.1,14.1,2.4,6.7,-15.5,8.7,1.2,-0.7,0.1,13.4,16.1,11.2,2,8.8,-127.1,-77.9,-70.6,6.564,-16.1966,-10.7892,3.48473859,-0.1850570138,-5.9,-19.2,0.02,0.03,0.03,9.1,-0.8255702648,1.7,32.6025,7.646685558,0.66909,-2.475465778,1100.19,-8.830947145,12.059,11.535,-1,-0.6349916692,-4.336154683,2.8,-8.8,127.1,77.9,70.6,-11.6101,9.5346,4.954,-3.78146052,0.3058849596,-9.5,4.4,-39.2406,0.8728337304,0.66909,2.10458126,-1100.19,5.507409851,-14.101,-14.91,2.8
2018,Region 2,Sweet 16,2018 Purdue,2018 Texas Tech,2,3,0,2.5,-2.2,2.956125733,4.7239,0.034518338,3.7,2.3,-3.6,-0.1,0.07,3.37,0.3,-8.1,-0.1,1.3,-20.9,-31.5,0.3,-5.1,3.5,1.7,-4.6,-6.5,5.9,0.7,11,8.8,31.1607,32.50551208,11.4,9.8,9.2,4.7,-2,6.4,-0.7,13.3,2.9,-4.8,12.4,8.4,9.7,-3.6,-10.8,17.4482,18.51044367,5.9,6.6,2.9,2.2,16.5,-0.4,-5.1,2.8,5.3,-1.3,4.8,1.8,2.5,4.3,-126.6,-82.4,-61.7,8.0669,-14.1696,-9.1291,-5.973389262,-0.1657126792,-5.5,-22.4,-0.02,-1.42E-14,-0.01,-8.1,0.2903856186,1.3,37.3104,0.5080026662,2.31777,-2.262734719,1179.48,-7.186974827,28.07,13.51,3,1.350545925,5.970684015,-2.2,-4.3,126.6,82.4,61.7,-19.747,22.7444,10.8493,1.449634253,-0.3545805772,8.5,9.1,-33.7449,-5.347746913,2.31777,2.604927167,-1179.48,7.128543949,-2.226,-11.485,-7.2
2018,Region 3,Sweet 16,2018 Clemson,2018 Kansas,5,1,0,-7.5,-4.9,-4.209607082,-2.9695,-0.058582331,-5.5,-1.7,2.1,0.6,-0.34,-0.66,0.3,8.16,-3,-2.8,-21,-21.4,0.7,2,-2.7,0.7,-11.5,-6.4,10,-3.7,-1.4,1.6,16.0802,15.84850377,4.2,3.1,3.9,3.7,9.3,0.6,-4.3,3.6,3.2,9.7,3.2,0.1,3.4,-11.9,-6.7,27.4278,28.04394561,10.5,12.2,4.8,-0.2,-0.8,1.1,-2.4,8.6,0,-4.1,12,4.3,5,6.9,-129.3,-85.1,-87.9,14.3778,-19.9382,-11.4731,3.590050411,0.0496657079,-2.5,-16.5,0,0.01,-1.42E-14,8.16,-0.2539887285,-2.8,33.7392,0.1147822157,-0.47244,-2.461941846,144.29,-8.022547842,0.704,9.355,-3,-1.137149665,-2.650281665,3,-6.9,129.3,85.1,87.9,-23.8608,18.856,7.713,4.036301227,-0.3421230617,-2,4.5,-39.1806,-1.768788695,-0.47244,2.224022161,-144.29,6.568869409,-17.881,-12.165,5.2
2018,Region 3,Sweet 16,2018 Duke,2018 Syracuse,2,11,1,17.5,15.1,7.058861435,15.5419,0.134804272,-0.1,1.5,-7.4,-3.9,-1,-0.18,-0.28,6.51,6.5,6.9,-20.7,-29.8,4.4,6.3,1.5,-7.9,-1.1,-1.2,-2.6,3.9,10.2,10.6,28.4898,30.1568705,9.2,10.8,5,-3.5,3.6,1.9,9.8,-16.7,4.4,9.7,12.5,7.6,5.2,14.1,4.5,14.238,12.37762154,1.2,1.9,0,0.1,18.2,-2.2,-5.9,-7.5,11.2,2,-0.3,3.5,-0.3,-4,-126.7,-67.3,-71.6,24.3435,-22.4016,-16.7758,1.869641198,0.5124949023,2.7,0.7,0.02,0.02,0.02,6.51,3.885073952,6.9,35.6608,12.0863146,0.06123,-0.6716628898,1644.33,-4.953209864,2.998,13.685,2,1.336731331,0.1628930981,0.4,4,126.7,67.3,71.6,-10.8902,22.3825,14.4889,-0.1460071827,-0.2061855934,11.8,13.7,-29.0588,-7.673449855,0.06123,1.903188433,-1644.33,6.871376613,8.215,-8.79,-9.6
2018,Region 1,Elite Eight,2018 Loyola Chicago,2018 Kansas St.,11,9,1,7.7,5.1,-0.545502955,0.3859,-0.063824451,-3,-1.1,-7.6,-3.3,-0.61,-1.86,0.34,2.94,-0.7,0,-24.6,-26.8,-4.5,8.9,-4.2,-4.7,-3.8,-2.2,2.1,0,1.4,2.6,13.9074,13.22185693,8.3,7.2,6.8,-1.7,-3.4,2.6,-10.1,4.5,-0.3,-12.5,7.4,2.7,6.8,7.1,2.5,15.9869,15.53110508,6.2,8.3,1.8,4.3,7.9,2.8,-0.2,4.4,0,-9.5,3.5,7.9,2.1,8.1,-122.6,-93.7,-70.9,13.3435,-19.6934,-12.7506,-7.203022565,0.261441015,4.2,-13.4,0.04,0.07,0.05,2.94,-0.1379172865,0,36.1266,-4.765890885,-1.2369,-1.879449866,1038.76,-10.02183957,6.084,11.32,1,-0.2114301482,5.622174373,1.2,-8.1,122.6,93.7,70.9,-15.3086,21.6573,12.4752,6.324386949,-0.1630390479,7.7,21.2,-33.758,-0.3952558129,-1.2369,1.90141871,-1038.76,13.25194765,14.35,-9.955,-4.6
2018,Region 4,Elite Eight,2018 Michigan,2018 Florida St.,3,9,1,6.3,3.3,5.924979111,7.367,0.067739432,2.1,0.9,-7.8,-3.1,-0.73,0.34,0.05,-5.7,-7.2,-7.3,-19.3,-32.9,1.7,-0.3,-5.2,5.5,-8.8,-8.2,14.6,-6.4,3.1,4.8,15.9016,15.93889731,5.5,8.8,0,-6.8,-0.4,5.2,-4.1,5.5,0.6,10.7,15.2,-3.4,-0.4,-0.5,-1.4,23.1125,22.02559128,5.5,7.6,0.8,-2.8,5.9,1.8,-8.8,7.1,3.4,2.1,3,0.5,1.9,5.6,-130,-86.3,-72.7,12.3678,-17.702,-9.0432,6.321708766,-0.1148055827,4.8,-11.8,-1.42E-14,-0.01,0,-5.7,-3.224624702,-7.3,37.0783,-2.410034643,0.12556,-2.207548018,554.55,-6.855837123,5.635,11.4,0,-0.7795519932,-0.8738445995,1.7,-5.6,130,86.3,72.7,-25.6642,23.401,7.4257,-0.528806669,-0.2295497522,5.2,1.8,-34.4032,-5.46963564,0.12556,3.304123099,-554.55,10.84252723,-0.04,-13.375,-0.9
2018,Region 2,Elite Eight,2018 Texas Tech,2018 Villanova,3,1,0,-6.2,-1.6,-5.962705058,-9.4667,-0.044144697,-3.5,0.3,5.1,4,0.29,0.11,0.48,12.05,-1.9,-1.9,-30.4,-14.5,5.8,2.8,-0.8,-2.1,-7.9,2.9,6.3,-9.3,5,9.4,18.0551,17.56798279,3.5,2.2,3.8,-5.2,14.8,0.4,6.6,-1.7,4.2,13.4,4.8,-2.9,4,-12.5,-11,35.2967,36.61022848,13,14.6,7,7.5,-9.5,7.4,-0.4,7.7,0.3,-2.7,13.6,12.5,7.7,8.3,-126.8,-82.8,-67.5,17.4548,-19.5689,-12.3186,5.80712833,0.3301701671,-3.4,-6.6,0.02,0,0.02,12.05,-1.100841787,-1.9,33.7633,6.885208155,0.08253,-2.520619326,1308.18,-8.872407226,15.242,12.8,-3,-1.678611446,-5.87376261,4.4,-8.3,126.8,82.8,67.5,-16.6624,15.2085,6.8891,5.38398963,0.1051220846,-4.3,12.6,-39.2578,-0.7094673222,0.08253,2.324372972,-1308.18,7.213618756,-8.849,-13.495,1.5
2018,Region 3,Elite Eight,2018 Duke,2018 Kansas,2,1,0,3.4,5.2,-1.529781112,5.896,0.017038075,3,4,0.8,0.7,1.39,1.49,-1.12,1.4,0.9,1.6,-26.1,-21.7,9.5,5.8,-3.2,-2.6,-8.6,-6.1,10.6,-4.4,11.8,12.8,24.9082,27.43601037,7.5,7.5,5.1,-1.2,10.1,0.8,7.4,8.7,3.1,10.8,7,3.8,3.7,-4.8,-7.6,27.466,27.79838974,12.1,11.7,8.2,-3.8,4.2,0.3,0.1,0.7,4.3,9.5,7.1,6.5,8.1,8.6,-130.3,-70.9,-92.1,26.634,-20.3195,-12.5747,3.349958716,0.4927639327,-2,-3.9,0.04,0.06,0.05,1.4,-0.7302708694,1.6,36.5605,3.996509094,1.08114,-2.406676636,166.14,-8.030506782,-5.646,13.185,0,-0.3123247909,-1.63306335,1,-8.6,130.3,70.9,92.1,-24.1272,20.5783,8.3971,-0.9621189727,-0.2351454918,-1.4,1.3,-39.3294,-2.197166935,1.08114,1.810667415,-166.14,6.945289576,-29.312,-10.475,-2.8
2019,Region 1,Sweet 16,2019 Virginia Tech,2019 Duke,4,1,0,-13.7,-12.1,-6.207157099,-7.5229,-0.039487148,-5.3,0.2,-0.8,1.4,-1.71,-1.62,1.29,-5.41,-9.3,-9,-20.3,-12.3,-2.3,-1.2,-7.5,8.7,-7.6,-12.9,0.3,12.6,1.5,0.7,30.3419,29.69222537,11.8,9.3,10.1,6.7,7.4,2.3,0.1,10.9,0.7,8.6,5.5,7.4,9.5,-7.6,-12.6,26.1206,25.04725724,4.5,10.3,-3,-3.2,8.2,4,-8.7,-4.2,6.7,5.2,9.2,1.8,-1.9,3.3,-123.3,-77,-83.6,9.7733,-19.0562,-7.3172,-0.185078127,-0.341730373,1.5,-11.5,0,-0.02,-0.01,-5.41,4.59115377,-9,35.5608,1.543767086,-1.1403,-2.136976101,373.04,-5.513069612,20.841,9.405,1,0.4385447553,4.179080402,-0.8,-3.3,123.3,77,83.6,-29.437,28.7285,22.0943,-3.402580353,-0.7858300917,-6.5,9.7,-32.8595,-2.517160648,-1.1403,1.84042151,-373.04,10.19985853,14.023,-11.96,-5
2019,Region 1,Sweet 16,2019 Michigan St.,2019 LSU,2,3,1,12.4,7.5,3.299515941,10.3951,0.048840573,2.1,2.8,-3.7,-1.6,0.36,-0.79,0.7,0.23,-2.2,-2,-23.1,-28.7,-1.5,5.2,-3.1,-2.1,-9.1,-5.3,2.2,3,10.1,9.2,24.2094,22.93526454,5.6,5.1,4.3,6.2,0.8,2,3.7,24.6,6.9,-0.1,3.1,2.8,4.1,0.1,-1.7,28.1171,26.30312317,8,12.1,0.5,7.5,10,-3.3,-10.5,-7,3.7,-0.5,12.3,6,0.4,1.4,-127.5,-71.4,-65.4,17.4547,-21.1789,-12.1938,-1.543360462,0.1506741176,-7.3,-19.7,-0.02,-0.03,-0.03,0.23,-3.506903596,-2,35.0568,-1.341791567,-0.56068,-2.29733015,1093.79,-7.578928351,25.919,13.67,0,-0.4583029003,3.601464729,-0.9,-1.4,127.5,71.4,65.4,-21.3279,25.2788,14.5008,1.084522355,-0.5153568533,3.4,5.6,-33.9019,-7.46592045,-0.56068,1.926557913,-1093.79,6.373775936,11.589,-11.795,-1.8
2019,Region 4,Sweet 16,2019 Florida St.,2019 Gonzaga,4,1,0,-20.4,-13.9,0.519158822,-10.2313,-0.071916728,-11.5,-5.4,5.8,4.9,0.45,1.35,0.03,14.54,-2.3,-2,-27.1,-25.9,11.7,-1.2,-1.7,2.8,-5.6,-9.3,5.8,3.5,-12,-2.4,20.651,19.70547777,6.5,7.9,2.7,4.6,11.2,-0.3,6,8.7,7.6,9,12.6,-1,2.8,-17,-11.6,34.6957,32.04871999,12.3,16.1,3.9,4.2,-0.1,5.8,-3.7,11.7,5,16.2,15.4,10.2,2.8,1.8,-127.1,-82.3,-66.5,18.763,-21.6836,-11.774,4.313583749,0.1861529228,-0.1,-2.7,-0.05,-0.07,-0.05,14.54,1.975929327,-2,30.4194,5.864854686,0.93105,-3.43695352,1409.33,-7.013525777,-22.716,8.845,-2,-1.310001483,-4.680085448,9.6,-1.8,127.1,82.3,66.5,-24.2656,21.7751,12.9881,-5.246852515,-0.524550999,-1.8,4.9,-40.2599,-0.4479096623,0.93105,2.216834637,-1409.33,7.195561851,-32.128,-15.615,5.4
2019,Region 4,Sweet 16,2019 Michigan,2019 Texas Tech,2,3,0,-1.5,-4.2,2.173520829,2.6876,0.012892477,-5.4,-2.7,-8.7,-1.9,0.62,1.5,-0.44,-6.68,-2.4,-1.8,-20.1,-35.4,4.6,4.6,-4.3,-0.3,-3.8,1,4.9,-5.9,-8.6,-2.3,29.5692,28.94346518,9.3,10.5,4.9,0.6,-10.6,9.5,-4.1,5.5,3.7,13.1,11.5,3.1,4.4,5.8,-2,26.613,25.82326668,9.6,8.4,7.9,7.2,8.6,0.1,-3.1,6,5.5,7.5,9.8,5.3,7.4,-7.3,-127,-92.8,-77,17.3778,-27.6577,-14.5746,4.787682711,0.2370791467,-5.3,-21.2,0.03,-0.01,-1.42E-14,-6.68,0.7973570738,-1.8,31.9105,-0.3452170513,0.99024,-2.155131882,-181.96,-5.967054309,-23.244,7.705,1,0.2593574037,-2.822308536,6.3,7.3,127,92.8,77,-15.1918,21.3252,8.2009,-0.8481309831,0.1421814338,14.1,16.4,-33.6969,-4.871065336,0.99024,3.385326623,181.96,8.344293606,1.984,-9.375,-7.8
2019,Region 2,Sweet 16,2019 Oregon,2019 Virginia,12,1,0,-20.9,-17.5,-12.06471265,-20.5031,-0.14931613,-10.6,-6,1.4,4.6,1.34,0.45,-0.36,9.53,4.8,4.3,-19.8,-16.1,2.6,6.4,-3.4,-3,-1.9,2,-7.8,5.9,-15.1,-1.2,19.7837,17.67624553,8.2,6.4,7.1,6.8,2.4,0,3.8,8.7,6.1,-8.6,-0.2,9.3,6.2,-9.2,-16.3,31.0229,29.6712113,8.9,3.2,11.5,4.3,-5,6.3,-1.9,1,4.2,0.9,8.6,2.2,10.5,-2.3,-128.7,-86.3,-76.2,15.8378,-25.9167,-16.353,-7.73509429,0.2919940767,-1.2,-19.2,0.02,-0.01,0.01,9.53,2.807272471,4.3,32.4404,4.782662024,0.34459,-3.150252577,1.07,-7.288770582,-25.996,8.67,-3,-1.001791382,1.006598371,13.9,2.3,128.7,86.3,76.2,-14.075,19.0241,16.6315,2.344764027,-0.1382747785,-2.4,14.5,-36.3401,-5.16729666,0.34459,1.805685796,-1.07,6.203215956,-19.364,-12.295,-7.1
2019,Region 2,Sweet 16,2019 Tennessee,2019 Purdue,2,3,0,-2.4,-1.1,3.720833901,0.9288,0.012778649,4,4.8,1.7,1.4,-0.46,-1.28,0.58,-2.24,3,1.8,-25.2,-15.7,2.2,1.7,9.2,-10.8,0.3,2.7,2.6,-5.3,10.7,10.6,27.4368,27.25625932,5.8,7.8,1.8,3.4,0.7,3.6,5,5.7,3.4,-0.4,5.5,14,2.4,-11.8,-11.6,25.5943,25.99966104,5.3,6.6,2,7.5,-5,2.3,-4.7,1.6,6.7,2.6,8.7,3.3,2,4.9,-130.5,-76.5,-70.1,16.8073,-18.0562,-16.4626,-3.698920498,0.4131961416,-11.6,-20.7,0.01,0.04,0.01,-2.24,4.436431105,1.8,36.6598,1.688408261,-0.84986,-2.07294319,666.87,-6.656911174,30.719,13.985,1,0.1830268702,1.997939713,-0.1,-4.9,130.5,76.5,70.1,-9.0577,17.7834,8.9522,-0.3350347906,0.1916825612,-4.2,16.2,-34.7475,-4.449272562,-0.84986,2.330254433,-666.87,6.183928128,-11.74,-12.025,0.2
2019,Region 3,Sweet 16,2019 Auburn,2019 North Carolina,5,1,1,-8.7,-6.7,-3.858322933,-5.8393,-0.030568148,-4.9,-1.7,3.5,4,-1.94,-0.84,0.41,5.09,-7.2,-7,-7.9,-20,6,6.2,-12,5.9,1.2,1.7,-9.3,7.6,5.3,7.7,28.87,28.16618608,5.9,3.8,5.2,3.3,2.1,1,9.5,-1.7,4.9,-2.5,-3.6,-1.1,4.6,-15.7,-14.5,23.6323,23.30196376,1.1,1.5,0.9,3,-5.7,8.2,-1.7,9.5,-2.3,3.9,7.7,-1.5,1.4,7.2,-121.6,-76.6,-72.6,22.1114,-25.2906,-10.1913,-2.207831391,0.1508815874,5.4,-18,-0.04,-0.04,-0.04,5.09,1.580364971,-7,35.1505,8.759064372,-0.64792,-1.939472709,432.59,-8.888480052,16.527,12.885,1,0.5564144439,0.05063312892,2.4,-7.2,121.6,76.6,72.6,-14.878,18.4714,15.3372,-2.501106537,-0.1244286262,5.7,18.9,-31.6595,0.7496063347,-0.64792,2.001990325,-432.59,5.383171682,-25.65,-11.745,1.2
2019,Region 3,Sweet 16,2019 Kentucky,2019 Houston,2,3,1,9.1,2.6,0.831065361,4.9884,0.010828347,0.6,0,-6.3,-1.8,1.87,1.85,-1.2,-5.2,0.4,-0.2,-29.1,-18.8,2.9,6.1,5.4,-11.5,-1.7,5.9,-1.7,-4.2,10.4,8.3,26.5296,25.94863138,10.9,9.6,8.8,4.8,4.9,-0.3,10.4,2,7.5,5.7,11,8.5,7.5,4.7,-5.7,23.3086,22.42950178,5.1,7.2,0.9,-0.4,4.8,1.6,-8.9,7.6,6.1,0.8,10.7,7.9,1.2,-5.2,-128.1,-76.7,-60.9,18.2763,-26.4363,-19.1547,-0.6567941161,0.626368379,-17.4,-22.8,-0.02,-0.04,-0.03,-5.2,-0.987749184,-0.2,32.9563,9.305376777,1.24512,-2.331588738,1319.2,-6.606535196,-4.544,13.2,0,0.2906428581,0.3174938882,-2.1,5.2,128.1,76.7,60.9,-9.5634,18.516,10.1662,1.282245918,0.1982882543,8.1,25.4,-33.5952,-5.540386961,1.24512,2.117705407,-1319.2,6.351633903,-11.987,-11.47,-10.4
2019,Region 1,Elite Eight,2019 Michigan St.,2019 Duke,2,1,1,-3.7,-4.5,-0.57416896,-0.6318,-0.014144133,-4,0.3,-0.1,1.3,-1.11,-1.06,1.14,1.5,-5.3,-4.8,-27.5,-25.4,-2,-2,-0.9,2.9,-9.3,-6.1,6.2,-0.1,7.4,4.5,33.6379,31.66159937,11.2,9.9,9.1,5.9,11,1.1,4.4,19.5,6.1,8.7,10.4,8.1,7.9,-5.9,-8.9,29.7161,27.35918427,9.7,17,-1.6,1.1,6.9,-2.8,-9.3,-0.9,8.1,0.2,17.6,7,-0.8,-2.5,-128.9,-73.3,-78.7,11.265,-19.2633,-10.2088,0.5678427606,-0.2060979836,-5.1,-12,0.02,0.03,0.02,1.5,2.893605553,-4.8,34.3962,0.3309311066,-0.78008,-2.096740659,343.17,-5.455653469,29.092,10.265,1,0.3728893518,3.892208791,-2.9,2.5,128.9,73.3,78.7,-24.3007,25.9184,13.9564,-0.001642558751,-0.4099749607,-0.6,4.6,-35.5595,-2.975530232,-0.78008,1.857022576,-343.17,6.324825956,14.861,-11.895,-3
2019,Region 4,Elite Eight,2019 Texas Tech,2019 Gonzaga,3,1,1,-7.8,-4,-0.140957708,-6.0411,-0.017820909,-5.7,-0.8,-0.7,1.6,-1.12,-0.81,0.01,1.51,-3.9,-4.3,-29.9,-25,4.6,-4.8,3.7,1.1,-6.7,-13.5,8.6,4.9,-3.8,4,20.358,20.48012367,9.5,9.8,5.9,3.3,8.4,0.7,1.5,10.2,10.4,7.2,16.5,3.8,6.1,-4.5,-7.9,39.1782,37.79557768,16.8,21,6.4,7.5,-1.6,8.5,-2,7.2,6.4,11.2,15.3,14.7,6.5,0.3,-125.4,-85.1,-67.8,11.0928,-17.9436,-11.1504,1.802879795,-0.04355071013,-5.5,-13.4,-0.03,-0.02,-0.01,1.51,1.499188506,-4.3,33.3804,3.500741107,-0.57465,-3.395563728,993.63,-6.985500703,-7.108,8.975,-2,-1.740956019,-1.679260559,7.8,-0.3,125.4,85.1,67.8,-26.698,27.4021,15.4065,-0.9175694301,-0.6923794094,1,10.2,-37.802,-0.376180696,-0.57465,2.12926245,-993.63,5.94471832,-8.356,-13.025,-3.4
2019,Region 2,Elite Eight,2019 Purdue,2019 Virginia,3,1,0,-3.3,-6.4,-4.987654699,-9.604,-0.038492922,-0.7,-1.2,2.2,6.3,1.07,0.53,-0.03,4.77,5.3,6,-14.6,-18.3,1.8,2.7,-5.7,3,-2.9,-2.1,-1.5,3.6,3.3,7.7,33.1767,32.28837583,9.2,5.7,9.2,8.1,1.5,1.9,9.1,10,4.6,-4.4,2.5,5,8.5,-8.8,-14,28.5288,26.95071552,6.2,4.3,6.5,1.3,-2.4,4.8,-3.4,1.4,0.9,-1.4,4.7,5.8,5.2,1.4,-132.1,-82.5,-79.7,14.1857,-24.6038,-13.2005,-5.211462428,0.0432065664,1.1,-23.7,0,-0.01,0.01,4.77,-3.55911129,6,34.2637,8.223522161,0.4259,-3.146510034,99.26,-7.299823855,4.575,10.47,-2,0.5124061372,-0.8292719039,4.4,-1.4,132.1,82.5,79.7,-17.3372,20.1135,12.7142,3.074780563,-0.2062956091,3.9,19.6,-37.6646,-4.225646765,0.4259,2.128876766,-99.26,6.680582385,-14.479,-13.66,-5.2
2019,Region 3,Elite Eight,2019 Kentucky,2019 Auburn,2,5,0,8.3,5.5,2.642655219,4.0816,0.016967166,3.3,3.5,-5.9,-2.1,1.5,0.79,-1.6,-3.13,-1,-2.1,-26.1,-12.1,0.5,0.6,13.2,-13.8,-6.8,-0.9,11.9,-11.1,13.7,11.8,21.9833,20.95638556,1.5,2.3,0.8,2.8,5.9,6.8,3.7,0.3,2.1,2.6,6.2,2.2,0.6,-0.3,-6.3,28.7616,27.72993168,7.2,7.7,3.1,1,3.9,0.9,-6.9,4.8,8.3,-5,7.6,-1.2,3.8,6.3,-120.3,-72,-62.8,17.407,-18.2252,-17.8184,1.030804758,0.488312253,-9.6,-14.9,0,0.02,-0.01,-3.13,-1.299703399,-2.1,31.2449,3.427860075,0.52878,-2.115655768,1395.42,-5.339562175,-0.877,13.695,-1,-0.6965456493,1.142895051,-1.9,-6.3,120.3,72,62.8,-16.8558,21.4256,6.4245,2.082346574,0.07303189667,-5.5,13.5,-34.963,-6.271053742,0.52878,2.090353469,-1395.42,6.317519328,-27.857,-11.6,-6
2021,Region 1,Sweet 16,2021 Creighton,2021 Gonzaga,5,1,0,-18.6,-11.2,-5.248791959,-15.319,-0.076014565,-2.9,-0.4,5.6,5.6,-1.12,-1.55,0.72,-0.83,-5.8,-5.4,-21.2,-28.7,6,0.7,-10.6,9.9,-1.3,-16.9,10.9,6,-4.8,4.9,25.3828,24.62478719,8.2,9.5,4.2,-6.1,1,4.5,1.4,11,2.6,-1.5,9.7,1.7,3.4,-19.9,-16.2,32.5458,31.27347066,14.1,17.9,4.4,2,11,1.7,-2.2,2.3,-1.6,0.4,14.1,7.3,5.1,11.1,-130,-93.2,-84.8,17.1872,-19.4531,-6.9405,-1.246177402,-0.09696717144,-5,-18.9,-0.03,-0.02,-0.01,-0.83,1.371415372,-5.4,36.2419,1.046236748,-1.1201,-2.749534628,6.21,-13.00677803,3.84,10.455,1,-0.618913708,-0.8987941018,9.7,-11.1,130,93.2,84.8,-27.1362,26.2237,14.556,1.579958761,-0.7145980317,-2.1,9.6,-41.7272,0.1854153406,-1.1201,2.409569893,-6.21,9.533253523,-22.654,-14.485,3.7
2021,Region 1,Sweet 16,2021 Oregon,2021 USC,7,6,0,-7.5,-0.1,-0.788468077,-4.5446,-0.053989765,1,1.7,-1.2,1.3,-1.86,-3.81,0.62,-0.18,0.4,0,-26.7,-29.6,3.7,8.2,-10.8,2.6,-4.1,4.1,-11.8,7.7,4.3,8.1,23.7947,23.80767226,9,10.7,3.7,-2.4,2,0.6,1,-4.5,3.6,1.7,10.9,5,4.4,-10.5,-8.1,16.1102,17.23172906,2,2.2,1.2,-11.6,10.4,2.2,-8.5,-3.9,5.9,12,4.4,4.4,1.7,2,-127.4,-81.5,-83.8,15.4667,-22.4282,-9.1988,-1.332119532,0.2488409653,-8.6,-20.1,0.04,0.07,0.04,-0.18,-3.530657573,0,35.7604,4.016272288,-2.59461,-1.994796514,539.8,-6.816644059,19.834,9.31,0,0.7635970981,-1.112973985,3.8,-2,127.4,81.5,83.8,-13.0303,13.5095,14.2659,-4.166421828,-0.2759696296,11.4,14,-32.5402,-7.124607003,-2.59461,2.117076747,-539.8,8.499812391,-12.828,-12.67,2.4
2021,Region 4,Sweet 16,2021 Florida St.,2021 Michigan,4,1,0,1.2,-0.5,-4.675550699,-8.7217,-0.022052823,-2.5,-2.8,0.9,1.9,1.73,-0.13,-0.16,14.17,2.9,3.4,-31.8,-26.1,9.2,8.7,-11.8,3.1,0.1,-1.2,-4.6,5.6,4.3,1,27.7995,26.41988753,9.5,9.8,5.5,-1.1,8.2,-5.1,10.9,9.4,7.6,15.1,7,5,5.4,-2,-1.5,25.0614,23.99815752,8.4,9.1,5.4,3.7,-7.4,3.3,2,6.1,3.1,16.7,15.4,2.8,5.6,0.7,-128.8,-78.7,-77.6,22.5848,-24.8586,-8.438,4.447330104,0.4218249481,-16.4,-16.9,0.02,0.01,0.03,14.17,2.900635786,3.4,35.0911,9.31652253,-0.01232,-2.881876598,1116.8,-8.614921156,6.076,11.655,1,0.2985594417,-0.2224348542,-3.3,-0.7,128.8,78.7,77.6,-12.9822,19.4474,13.7466,-6.384858074,-0.2085028906,7.2,14.7,-35.4653,-0.4919135747,-0.01232,1.851123946,-1116.8,6.221205253,-6.32,-10.965,0.5
2021,Region 4,Sweet 16,2021 Alabama,2021 UCLA,2,11,0,11.3,6.2,4.231115194,9.0701,0.049315605,-4,-4.2,0.5,2.5,0.4,0.56,0.5,5.56,9.8,9.3,-13.9,-34.7,2.1,8.4,-17.2,8.8,2.6,4.5,-7.1,2.6,5.7,4.5,14.2361,14.53293171,0.6,0.7,0,-1.6,0.6,-1,7.3,1.4,3.4,-0.5,-2.5,-10.5,1.5,2.4,1.9,26.669,25.61179414,6.7,4.2,7.9,3.5,0.7,4.4,-1,7.8,-6.3,3.6,1.9,8.1,8,-0.7,-126,-83.7,-78.9,16.1529,-22.7354,-8.6271,1.86341424,0.03756728947,7.4,-14.5,-1.42E-14,-0.02,-0.01,5.56,-0.4488768186,9.3,33.0814,6.452929105,0.39098,-2.385913879,370.52,-11.78649592,15.266,11.7,0,-1.19848105,-4.557613333,-1.2,0.7,126,83.7,78.9,-6.5552,16.9679,12.4584,2.383333952,0.1298935459,22.9,28.3,-31.7743,-4.573075069,0.39098,2.395136946,-370.52,8.096212972,12.212,-9.345,-0.5
2021,Region 2,Sweet 16,2021 Villanova,2021 Baylor,5,1,0,-10.5,-8,-3.619829765,-6.8785,-0.052441263,0.8,0.5,3.4,6,1.32,1.01,-0.18,-2.95,-4,-3.7,-21.1,-20.2,1.3,-2.7,-7.8,10.5,-3.6,-3.3,1.2,2.1,7.2,7.7,24.8341,24.96386047,3.7,4.7,1.2,7.9,-1.7,11.1,-3,6.1,-5.6,-2.9,4,2.6,2.4,-14.1,-15.8,27.281,26.16490895,5.7,3.1,6.4,1.5,1.2,1.4,-12.7,6.1,1.4,-10,4.9,-2.3,7,11.2,-125.3,-78.9,-85.5,13.5984,-19.1253,-7.2009,-2.13167186,-0.2997759315,-7,-22.8,0,0,-0.01,-2.95,0.901727117,-3.7,33.1506,-1.80742785,0.68631,-2.030590826,-327.28,-8.688717781,11.16,9.89,-3,-0.2010827206,-4.203344586,0.5,-11.2,125.3,78.9,85.5,-16.7247,16.7353,10.7493,5.381893605,-0.2312619941,3.2,16.7,-38.222,-9.395254553,0.68631,3.072937727,327.28,20.58539777,-29.835,-15.03,-1.7
2021,Region 2,Sweet 16,2021 Oral Roberts,2021 Arkansas,15,3,0,-15,-7.6,-9.493251298,-20.31298,-0.374127122,-4.8,1.1,2.4,2.2,-1.04,-1.48,-0.05,-7.62,-2.5,-1.7,-16.5,-32.2,-1.5,-5.5,-3.3,8.8,-3.1,3.2,-0.7,-2.5,-6.3,5.4,18.6836,16.22319603,6,2.8,6.2,14,-1.5,4.6,-3,-3.9,0.8,-3.2,-0.8,9.7,4.1,-14.6,-13.1,4.062,3.35127,1.1,2.9,-1.7,3.5,-0.4,0.8,1.3,6.4,4,9.5,3.6,0.5,-1.2,3.1,-128.4,-85.9,-77.1,3.391,-14.7411,-7.5023,-4.58276065,-0.3538274478,-0.5,-26,-0.05,-0.03,-0.02,-7.62,-1.952922975,-1.7,34.5476,2.876479872,-1.08942,-2.553759917,492.67,-6.699503184,-10.238,9.445,3,1.604942659,3.438472358,11.7,-3.1,128.4,85.9,77.1,-11.4378,15.3706,9.3436,-4.689102656,0.1135624488,2.5,5.9,-33.5118,-0.2462584196,-1.08942,2.911417216,-492.67,9.289588816,-22.601,-11.47,1.5
2021,Region 3,Sweet 16,2021 Oregon St.,2021 Loyola Chicago,12,8,1,-8.1,-6.6,-1.459912026,-13.5811,-0.151979552,-4.6,-1.3,-1.1,-0.9,2.1,1.64,-0.19,0.13,2.1,1.3,-30.1,-25.3,2.6,1.3,-3.1,1.8,4.1,-5.6,4,1.6,-1.2,-0.4,22.6635,20.87304167,2,1.4,2.1,5.9,11.6,4.4,8.8,14.2,1,8.7,2.3,-1.9,2.6,-4.9,-6.2,11.2627,10.56049735,5.9,5.5,4.3,0.1,-7.5,0,3.4,7.7,-0.9,-3.6,5.5,4.1,4.8,2.1,-124.2,-93.8,-74.7,7.9486,-19.7234,-10.2222,3.748133191,0.06192519512,-19.7,-32.3,0.03,0.08,0.04,0.13,2.605753533,1.3,28.8108,4.634311145,1.07988,-2.233176641,857.83,-13.15591222,-5.244,8.68,-1,1.09855925,-1.328824869,0.8,-2.1,124.2,93.8,74.7,-15.384,21.3452,13.7244,3.481867045,-0.08689756234,-1.2,15.1,-36.7085,2.0743462,1.07988,2.014887336,-857.83,9.628832647,-12.578,-13.085,-1.3
2021,Region 3,Sweet 16,2021 Houston,2021 Syracuse,2,11,1,18.3,10.1,3.504468076,12.5934,0.125957243,1.6,2,-0.8,-0.7,-1.01,-1.28,0.31,10.42,-3.7,-4.2,-13.8,-23.2,-4.1,-4.3,6.3,-2,-1,7.7,-4.8,-2.9,15.9,13,21.3283,21.74879323,2.8,0.7,3.8,-0.6,5.6,4.5,5.6,-17.2,5.6,4.7,4.6,1.7,3,-1.5,-2.7,23.7183,22.79258754,7.8,7.8,5.3,13.2,-14,5.6,-2.3,4.9,7.1,13.4,10.1,9.7,4.9,-6.6,-125.3,-68.5,-73.4,8.4815,-20.766,-15.4588,1.21044054,-0.1565883589,-7.7,-29.2,0.01,0.01,0.01,10.42,-1.693573456,-4.2,32.2261,11.06623243,-0.87208,-1.306773469,623.1,-6.16953272,32.186,10.135,0,-0.2934449968,-0.4666334306,-2.9,6.6,125.3,68.5,73.4,-6.6525,19.4273,12.2636,-2.959156827,0.2385527113,13,29.9,-30.2544,-3.002655142,-0.87208,2.255768166,-623.1,6.234596253,1.489,-9.12,-1.2
2021,Region 1,Elite Eight,2021 USC,2021 Gonzaga,6,1,0,-10.4,-6.6,-2.956695442,-14.3996,-0.047396175,-1.9,1.1,4.5,3.8,1.26,2,0.16,4.41,-7.8,-7.3,-34.3,-32.4,6.9,-1.1,3.8,-2.7,-2.3,-18,16.2,1.9,-1.8,7.6,23.3958,23.68337669,4.6,5.3,2.3,-5.6,11.6,2.2,12.3,5.5,6.5,-0.3,4.6,7.2,3.3,-15.1,-14.2,35.4527,35.09784716,15.6,21.8,2.3,-0.2,11.9,1.3,-3.1,0.7,0,-0.5,21.9,6.9,3.5,6,-128.1,-83.2,-75.1,15.2642,-16.5621,-11.5201,-2.404746029,0.2832272183,-19.4,-19.8,-0.03,-0.05,-0.01,4.41,0.6768682731,-7.3,32.0124,8.918366687,1.31455,-2.819407022,844.46,-12.96658989,0.204,12.21,0,-1.087554867,0.2065640978,9.4,-6,128.1,83.2,75.1,-25.3623,26.2104,11.1941,1.37122773,-0.6668595346,3.2,11.7,-41.6786,-0.09864256232,1.31455,1.929552665,-844.46,6.856057219,-20.71,-14.03,0.9
2021,Region 4,Elite Eight,2021 UCLA,2021 Michigan,11,1,1,-7.9,-5.4,-4.428247343,-14.874,-0.072900942,-0.2,-0.7,-0.5,1.1,-0.6,-2.66,-0.74,2.39,-2.2,-2.3,-35.6,-27.1,0.4,-0.7,0.9,-0.2,-2.8,-2.9,-1,3.8,0.7,1.2,24.7605,23.43190713,7.1,8.3,3.2,-2.8,8.1,-1.6,6,9.1,0.8,12.5,4.2,10.5,5,-5.9,-6.7,21.9481,21.49829621,4.2,3.9,3.6,4.2,0.9,1.3,-5.2,6.1,3.5,3.3,7.9,-2.9,4.4,2.5,-134.3,-90.8,-86,7.5328,-19.3141,-9.8052,1.912376681,-0.003005442891,-29.1,-35.1,2.84E-14,0.04,0.02,2.39,1.296301235,-2.3,34.9959,6.168375475,-1.79658,-2.901184965,803.03,-8.688796942,-9.912,10.575,-2,0.3368972983,1.883522259,0.5,-2.5,134.3,90.8,86,-17.6013,18.4337,12.0792,-1.557768605,-0.2796301168,10.8,19.3,-37.2745,-4.097673276,-1.79658,2.376056149,-803.03,11.79475238,-19.242,-13.34,-0.8
2021,Region 2,Elite Eight,2021 Arkansas,2021 Baylor,3,1,0,-11.8,-11.7,-2.125119104,-7.9677,-0.064299434,-2.6,-1.4,1.1,4.3,1.23,1.7,-0.45,1.36,5.1,4.4,-29.9,-23.2,1.5,6.2,-5.8,-0.4,-4.4,-0.2,0.9,-0.7,-0.1,2.8,17.7341,16.50929617,2.4,3.8,-0.1,5.1,1,7.2,0.8,-1,3.4,2.4,-2.2,3.3,0.3,-7.9,-14.5,33.2926,32.03994313,9.9,7.2,9.2,1.1,-2.3,2.7,-11.3,8.3,1.5,-11.7,8.5,4.3,7.7,5.7,-120.1,-73.7,-79.3,17.6234,-22.7507,-11.7605,0.05854514386,0.2406505907,-9,-13.7,0.03,0.03,0.03,1.36,1.248608395,4.4,30.0176,2.138648253,1.23336,-2.108034737,-72.71,-8.59008761,-5.196,9.56,-4,-1.469346727,-6.232791635,2.9,-5.7,120.1,73.7,79.3,-14.3285,16.758,9.1736,7.71945485,-0.1002065195,2.9,14.4,-36.7428,-9.129129716,1.23336,2.347755134,72.71,6.691019106,-22.404,-13.27,-6.6
2021,Region 3,Elite Eight,2021 Houston,2021 Oregon St.,2,12,1,16.5,9.1,3.663566934,18.6474,0.197345296,4.6,2.7,-4.2,-1.9,-1.13,-1.92,-0.21,-0.07,0.4,-0.2,-20,-26.9,-1.4,-9.1,5.6,3.5,0.7,1.9,-4.2,2.3,15.9,12.9,19.7687,20.60792195,0.9,-2.6,4.1,1.1,-7.5,2.2,10,-0.8,6.7,-4.4,4.1,-0.5,4.2,-0.8,-3.7,19.2243,19.71212094,5.8,3.9,6.1,10.8,-8.4,4.4,-1.8,7.8,2.2,12,1.4,8,5.2,-6.7,-126.4,-73.4,-54.7,7.7256,-17.3578,-12.1722,-2.675225901,-0.3381725642,-8.4,-27.1,0.02,0.01,0.03,-0.07,-2.888210731,-0.2,33.7621,8.998251396,-1.26792,-2.12330432,1204.29,-9.547824792,28.338,14.315,1,-0.01970631762,-0.01777654541,-3,6.7,126.4,73.4,54.7,-6.0761,21.9329,13.9673,-2.160515681,0.00711385796,12.4,25.8,-27.99,-2.291917265,-1.26792,2.240317584,-1204.29,6.289626816,-4.276,-8.76,-2.9
2022,Region 1,Sweet 16,2022 Arkansas,2022 Gonzaga,4,1,1,-11.2,-5.6,-2.248450703,-13.9474,-0.093058429,-6,-3,0.7,-0.2,-1.98,-2.43,0.75,-3.04,-1.8,-2.1,-31.8,-25.4,4.2,2,-2.9,0.9,-3.4,-9.2,5.7,3.5,-9.3,1.4,22.236,20.88339876,6,9.3,0,5.8,15.7,-0.4,7.9,12.3,5.3,-1.3,13,1.4,-0.1,-12.2,-4.5,29.7539,28.91556113,11.9,14.5,5.1,-0.1,-2.6,4.7,-3.2,0.6,4.7,4.7,9.3,11.7,4.5,-0.7,-129.1,-91.3,-77.9,11.929,-23.934,-12.7467,-0.238466485,0.1510159337,-11.5,-17.2,0.02,0.01,0.03,-3.04,0.3060114166,-2.1,30.9832,4.702449573,-1.78725,-3.069375652,837.68,-6.83929102,-7.251,8.955,-2,-0.667918291,-2.198542244,10.7,0.7,129.1,91.3,77.9,-24.7342,23.1889,13.129,1.256664228,-0.4524977873,3.1,12.6,-39.1404,-1.871335266,-1.78725,1.957896431,-837.68,7.528156819,-8.804,-13.575,7.7
2022,Region 1,Sweet 16,2022 Duke,2022 Texas Tech,2,3,1,-1.5,3,0.616568004,-0.9286,0.000114202,0.5,2,-2.8,-1.8,0.04,1.86,-1.52,-13.17,0.8,1.3,-17.8,-31.8,8.5,12.8,-3,-9.7,-2.2,-3.5,3.9,-0.5,7.6,9.3,34.3035,34.92921839,10.1,11.5,5.5,4.6,-3.5,8.7,5.8,2.8,5.9,6.7,12.9,3.8,5.1,-2.4,-6.3,14.0502,14.70731148,5.4,8.2,0,2.7,17.2,-4.2,-4.8,0.5,3.8,6.2,10.7,1.7,0.1,0.5,-125.1,-80.2,-84.3,25.0339,-26.148,-18.0328,1.604116843,0.7809437213,-4.2,-17.1,0.01,0,-1.42E-14,-13.17,0.9936054163,1.3,34.4536,4.364984379,1.27938,-1.60114537,-204.18,-7.655119367,-19.912,11.08,2,1.894621517,2.811234125,1.7,-0.5,125.1,80.2,84.3,-18.0888,21.2918,11.9019,-3.11812966,-0.1479504291,5.9,6.3,-33.2298,-2.42628854,1.27938,2.550136222,204.18,6.886500323,-25.712,-9.87,-3.9
2022,Region 4,Sweet 16,2022 UCLA,2022 North Carolina,4,8,0,2.5,2.8,0.79445324,8.8013,0.066239575,-0.5,1.8,0.9,-1.1,-0.38,-1.27,0.45,12.13,-3,-4.4,-31.6,-24.8,-1.4,-3.1,8.1,-5,-2.5,-2.8,2.8,0.1,2.2,6.7,19.0652,19.2273199,0.8,1.3,0.3,-0.1,8.3,0.7,11.1,1.9,1,-5.9,0.1,6.5,1.7,-5.3,-3.8,21.8283,21.19539081,4.4,3.4,4,4.9,0.4,3.2,-5.6,2.5,1.8,-3.6,4.4,-1.8,3.7,0.2,-136.3,-92.1,-89.9,6.343,-16.477,-12.9558,-4.544955564,0.02089008003,-20.9,-29.9,-0.01,-1.42E-14,-0.01,12.13,1.726675336,-4.4,36.7414,9.145364593,-0.91524,-2.529912225,452.69,-9.328869686,11.657,13.2,1,-0.3059853152,3.506787158,4.5,-0.2,136.3,92.1,89.9,-14.702,21.7027,12.2659,1.856681474,-0.1421567079,5.6,16.9,-33.2004,-5.610963454,-0.91524,3.02500731,-452.69,9.587706681,-3.838,-10.81,1.5
2022,Region 4,Sweet 16,2022 Saint Peter's,2022 Purdue,15,3,1,-11.4,-6,-12.57050037,-18.01172,-0.328828128,-8,-4.7,4.7,2.3,-2.26,-2.64,0.11,4.24,0.4,0,-28.7,-24.6,-1.6,16.1,-5.9,-10.3,-4.1,2.8,0.1,-2.9,-9.6,-1.3,-0.2292,0.08752533,-1.8,-3.3,1.3,-3.5,16.1,-6.7,7.9,-1.5,7.9,-1,-10,-0.6,1.4,-17.9,-4.7,26.7922,28.55365248,12.9,11.9,9.7,-3.2,-4.7,3.6,-7.2,7.3,-3.3,7.1,18.5,3.1,9.2,-1.5,-126.9,-81.7,-63.8,13.2045,-26.1346,-16.637,-0.8243799474,0.7506310292,-8.1,-20.5,-0.07,-0.09,-0.07,4.24,2.540912999,0,30.7512,8.054331021,-1.76352,-2.058495399,1356.34,-9.25508975,-17.264,10.65,-3,-2.646216249,-1.138891003,8.3,1.5,126.9,81.7,63.8,-14.2781,17.9487,10.6476,-1.22490194,0.05385578922,3.9,13.3,-35.4559,-5.391256198,-1.76352,1.641138169,-1356.34,5.838690114,-30.982,-13.925,13.2
2022,Region 2,Sweet 16,2022 Houston,2022 Arizona,5,1,1,3.8,2.3,-2.59806251,-0.7113,0.01651197,0.7,0,-3.6,-1.7,-2.03,-2.6,0.91,-2.67,-7.4,-8.3,-26.4,-21.4,5.6,2.7,-6.9,4.2,-9.1,-12.6,5.8,6.8,5.2,6.2,24.917,24.68932743,9.2,13.2,1.4,-0.1,5.9,0.6,9.5,12.7,10.3,12.4,13.2,8.1,1,-1.4,-3.8,28.7892,29.15587754,12.4,14,6.4,3.3,0,3.7,-7.2,10,7,5.3,13.7,3.9,6.5,-2.6,-125.5,-72.1,-78.3,17.6458,-23.8687,-10.1702,4.280211968,0.1057099928,-13.7,-22.5,0.03,0.04,0.02,-2.67,-0.04838820703,-8.3,34.5932,2.923526063,-1.96152,-2.195503243,48.26,-6.754953528,26.26,10.125,-1,-0.3710032533,-0.1023162295,1,2.6,125.5,72.1,78.3,-28.7565,29.084,17.7297,-0.8497441109,-0.7636824081,0.4,6.5,-33.5775,-2.393108131,-1.96152,1.813390567,-48.26,5.26600743,14.413,-11.805,-2.4
2022,Region 2,Sweet 16,2022 Villanova,2022 Michigan,2,11,1,16.1,8.7,7.121333251,8.4626,0.066403524,4.9,2.9,-3.6,0.4,-0.88,-3.53,1.02,-0.24,-3.3,-3.6,-20.1,-24.7,-0.7,4.9,-16.3,11.5,-1.5,-3.5,-6.6,10.1,11,8.5,19.3912,20.45271746,1.7,-0.5,2.9,9.4,3.9,-0.5,7.1,7.4,-1.3,-2.6,-6,-4.7,3.5,-0.7,-5.2,20.3673,20.91016838,4.8,4.8,3,0.1,3.8,1.7,-3.2,2.4,-2.8,4.2,7.4,2.9,3.1,2.1,-133.6,-86.1,-88.9,13.1612,-21.8606,-6.9031,-1.532916437,-0.1655075452,-5.1,-24,-0.01,1.42E-14,-0.03,-0.24,0.9191311078,-3.6,36.485,7.882000274,-2.3484,-2.811564126,767,-11.22756117,34.066,13.28,1,-0.147880594,0.03194933357,-2.5,-2.1,133.6,86.1,88.9,-14.2578,21.2593,18.3205,-0.8711512388,-0.4234128686,11.8,23.2,-33.4867,-3.508739768,-2.3484,2.609135013,-767,12.45910153,8.812,-9.685,-4.5
2022,Region 3,Sweet 16,2022 Providence,2022 Kansas,4,1,0,-13.4,-10.1,-4.537258673,-11.6123,-0.116701117,-5.2,-5.4,3.2,4.1,0.57,0.47,0.65,-0.07,-3.4,-3.6,-27.7,-30.1,3.2,4.3,-7.6,3.2,-2.4,-0.9,-2.1,3,-1,1.4,18.0325,18.7056417,3.4,1.7,4.2,1.9,10.7,1.1,1.6,6.5,2.1,2.9,0.7,-0.3,4.6,-15.2,-11.5,21.3399,23.27640172,7.4,7.9,4.3,1.5,6.5,-2,-5.4,7.6,0.6,9.4,9.4,3.3,6.1,-2,-130.7,-79.2,-74.6,13.9046,-23.7537,-11.3576,0.1781104643,0.1046883534,-5,-15.9,0.01,0.02,-0.01,-0.07,-0.847538164,-3.6,31.8277,3.207558452,0.30499,-2.307949963,909.69,-8.670239485,5.44,10.22,0,-0.2734118739,-1.692336332,2.4,2,130.7,79.2,74.6,-14.5934,19.2163,13.3209,-2.346184224,-0.2104080973,3.9,8.5,-36.0488,-4.062804994,0.30499,2.443335708,-909.69,8.986209272,-27.695,-11.865,3.7
2022,Region 3,Sweet 16,2022 Miami FL,2022 Iowa St.,10,11,1,4.6,-0.6,-0.24513172,-1.3252,-0.036404616,0.4,-0.2,-5.6,-1.8,0.2,0.61,-0.18,-9.17,0.3,1.2,-26.6,-23.2,-1.3,8.8,-6.4,-2.4,-0.5,4.1,-5,1,3.4,1.9,24.3198,25.57044221,5.8,4.2,5.7,2.4,-7.3,10.3,-5.1,-1.5,-2.8,-2.2,-0.1,1.8,5,5.3,-2.5,2.246,2.5840552,-3.5,-3,-3.1,-0.7,3.5,-0.1,2.1,3.5,0.9,-2,-1.6,-0.2,-3,5.9,-120.6,-89.6,-82.2,19.6697,-24.8952,-14.9496,-2.887117873,0.274532299,-10.8,-20.5,0.03,0.03,0.03,-9.17,-0.9556115906,1.2,33.8616,-0.1674414764,0.41473,-1.700738464,-53.33,-9.242862589,4.58,10.11,2,2.198984147,0.8503074417,-1.5,-5.9,120.6,89.6,82.2,-12.9198,17.9472,13.473,0.09802983046,0.06471508078,3.2,13.8,-30.2606,2.440191371,0.41473,2.260106861,53.33,10.64457489,10.579,-8.63,-7.8
2022,Region 1,Elite Eight,2022 Duke,2022 Arkansas,2,4,1,5.3,6.5,2.722349829,4.691,0.062818837,-0.2,0.1,-3.2,-2.2,1.6,2.27,-1.36,0.52,-3.7,-3,-24.2,-31.9,7.8,6.9,-3.8,-3.1,-0.5,0,0.6,-0.6,11.7,7.3,27.3119,28.46985573,8.1,9.4,4,-0.3,-3.7,5.7,6.1,2.2,4.4,-2.2,5.6,8.6,4.1,3.2,-3.2,15.4212,14.98351338,2.2,4,-0.7,8.1,19,-1.3,-2.4,1.1,3.8,1,7.1,-1,-1.6,-0.7,-131,-82.9,-82.3,25.0089,-23.1622,-13.1238,-3.722634434,0.4954501924,-5,-10.5,-0.01,-0.02,-0.03,0.52,0.6655596039,-3,36.5006,4.136544762,1.56819,-1.945934456,464.37,-7.529079538,-7.536,12.72,2,1.149476438,2.947374179,-4.4,0.7,131,82.9,82.3,-12.4745,21.3914,12.4512,-1.66782534,0.0083532909,9.2,11.5,-32.1062,-2.040615599,1.56819,2.568443776,-464.37,6.884393587,-10.256,-9.105,-6.4
2022,Region 4,Elite Eight,2022 Saint Peter's,2022 North Carolina,15,8,0,-14.6,-7.2,-9.824436296,-11.77042,-0.261999649,-12,-5.8,5.2,0.7,-2.07,-2.1,0.13,20.48,-3.2,-4.4,-32.8,-26.3,-1.5,11.2,-5.3,-5.9,-2.6,1.1,0.6,-1.7,-16.7,-6.1,1.7404,1.69712727,-2,-2.4,-0.1,-5.2,16,-6.7,10.7,3.6,6.1,0.1,-9.1,2.7,0.9,-9.5,-1,18.5812,18.74889888,8,6.7,6.8,3.7,-11.4,4.4,-2.4,2,-3.5,1.7,10.1,-0.4,6.6,-6.2,-127.7,-89.3,-70.4,10.9047,-23.6846,-13.5168,-0.8918309658,0.5207456466,-7.5,-15.7,0,0.01,1.42E-14,20.48,2.860046615,-4.4,30.7794,8.986280186,-1.46968,-2.498993597,1225.82,-9.263816491,-29.6,11.305,0,-1.619384198,-0.6034981212,10.6,6.2,127.7,89.3,70.4,-10.6286,20.512,12.0964,0.3584639982,0.01314884952,3.4,13.1,-31.8204,-4.740622011,-1.46968,1.702837101,-1225.82,5.838788531,-15.68,-10.2,8.5
2022,Region 2,Elite Eight,2022 Villanova,2022 Houston,2,5,1,-4.3,-3.4,1.118292945,-2.3869,-0.025415828,-0.4,0.7,-0.2,-0.5,-0.06,-1.3,0.17,-3.68,-1.3,-1.5,-11.1,-17.9,-0.8,5,-8.7,3.6,-4.5,-2.5,-0.8,3.3,0.4,3.3,27.0992,28.25447184,8.5,6.8,6.9,11.8,-4.6,6.2,3.6,-6.4,0.7,-2.2,3.1,3.1,7.1,-11.6,-6.6,23.5083,24.14762688,6.1,6.9,3.1,-7.6,3.6,1.7,-9.8,9.5,6.4,8.7,11.5,0.1,3,-3.4,-126.9,-76,-80.6,10.4905,-26.3168,-13.7807,-3.400187568,0.02534228178,2.5,-24,-0.03,-0.05,-0.05,-3.68,-1.257959788,-1.5,31.6795,7.625251404,-0.8364,-2.004593774,605.68,-5.33040705,4.011,9.46,0,0.3593949365,1.974559423,2.9,3.4,126.9,76,80.6,-18.0675,22.1778,16.0542,-3.888125987,-0.252108672,6,21.2,-34.5644,-3.755504984,-0.8364,2.465710224,-605.68,12.36270143,-24.468,-11.495,5
2022,Region 3,Elite Eight,2022 Miami FL,2022 Kansas,10,1,0,-12.3,-10.1,-7.827631098,-12.8713,-0.137796681,0.5,-0.2,3.9,4.3,-0.43,0.14,-0.07,-6.75,-2,-1.6,-29.9,-26.8,2,3.2,-4.1,0.8,-0.9,-1.6,-3.9,5.6,3.7,3.4,20.8595,21.4319793,7.3,7,5.2,3.6,1.1,4.2,-5.5,3.3,0.7,2.9,8.2,5.4,4.1,-15.4,-13.4,17.253,19.6432309,0.7,0.6,0.3,3.3,8.2,2.5,-3.1,-2.7,1.9,3.2,1,1.7,1.6,8.6,-129.3,-84,-85.9,14.9815,-22.0099,-12.3612,-0.4487776421,0.1213327022,-8.5,-18.2,-0.02,-0.04,-0.02,-6.75,-0.7576711667,-1.6,36.7332,-1.14291532,0.09254,-2.311890297,76.67,-8.687119385,6.629,9.695,2,0.4739285976,0.06932343015,-0.3,-8.6,129.3,84,85.9,-18.2398,17.7464,13.3994,-0.607975944,-0.2718041673,2.1,7.7,-35.0104,-2.798477338,0.09254,2.395591687,-76.67,10.63779465,-32.781,-12.705,2
2023,Region 1,Sweet 16,2023 San Diego St.,2023 Alabama,5,1,1,-15,-11.6,-4.539716656,-7.2876,-0.03730836,-8.9,-5.5,-1.2,0.8,-1.4,-1.84,1.65,1.1,-6.3,-6.7,-34.5,-12.1,2.5,-0.7,-3.3,3.9,-7.6,-4.2,11.4,-7.2,-11.2,-6.2,23.3741,22.95314681,8.6,8.2,6.3,2.2,1.5,-1.7,4.2,10.1,-0.1,2.3,11.8,3.3,5.7,-4.2,-5.5,24.4226,25.27565565,5.2,4.7,4.6,-1,7.3,0.6,-8,7.6,3.4,13.7,3.9,-4.3,5.2,-8.2,-127.9,-81.2,-66.8,9.1941,-22.587,-9.984,-0.7121276077,-0.08993358226,-22.9,-23.6,-0.01,-0.05,-0.04,1.1,1.642440999,-6.7,31.9809,5.628076253,-1.36178,-2.417482325,1403.14,-7.717322765,-1.377,9.17,0,-0.08477291343,1.164212959,5,8.2,127.9,81.2,66.8,-18.8029,23.5169,12.868,-5.573668246,-0.09707803745,-10.8,8,-32.397,-5.202397192,-1.36178,2.348232071,-1403.14,8.0221832,19.263,-11.945,-1.3
2023,Region 1,Sweet 16,2023 Princeton,2023 Creighton,15,6,0,-19.1,-14.2,-5.350911509,-15.0887,-0.253287328,-9.9,-4.5,4.2,3,-0.49,-2.15,0.22,4.4,-1.1,-0.5,-29.5,-25.4,2.1,11.3,-22.6,11.3,-6.8,1.3,7.5,-8.8,-5.7,-3.4,15.1265,14.83865107,5.2,7.9,-0.1,-1.6,12.4,-2.6,5.1,0.8,-0.1,10.7,0.5,6.3,0.1,-10.3,-10.8,11.094,12.2243123,6.3,7.3,2.9,7.8,-1.2,-2.1,-2.7,14.5,-0.3,4,9.7,0,2.7,2.1,-137.7,-100,-90.6,15.7593,-23.4418,-5.8384,3.500243317,-0.01893093149,-3,-12.6,-0.01,0.03,0.01,4.4,-0.3141195531,-0.5,36.0914,4.406651762,-1.4726,-2.626327661,78.94,-9.560707536,-7.62,10.94,0,0.4982372057,1.084410737,2.3,-2.1,137.7,100,90.6,-15.3897,15.9896,7.3799,-1.348145911,0.1368541329,0.1,10.7,-37.7462,-1.37942233,-1.4726,2.680393204,-78.94,10.89506114,-14.998,-12.295,-0.5
2023,Region 4,Sweet 16,2023 Tennessee,2023 Florida Atlantic,4,9,0,4.6,0,-1.908262905,6.4754,0.07491013,-5,-1.3,-6.8,-4.4,1.39,2.43,0.52,-0.53,-2.5,-2.6,-25.4,-14.6,4.1,-0.4,-5,5.4,-1.9,-6.5,8.6,-2.1,-3.3,1.9,16.6295,16.24340563,4.4,6.2,0.9,-3.5,4.2,0.2,12.3,32.8,4.6,-2.8,11.7,-2.4,0.4,5.5,-2,26.305,26.04430525,12.6,9.7,11,-0.4,-5.4,5.5,-3.5,0.9,-1.9,3.6,4.8,8.5,10.1,-6.4,-124.7,-81.4,-78,11.7129,-20.7354,-10.3044,-0.4743164287,-0.04937412001,-11,-23.3,-0.04,-0.04,-0.03,-0.53,3.325004801,-2.6,31.2954,2.720899445,1.63033,-3.136896357,674.75,-13.92951565,0.079,10.48,-1,-0.9352002805,-7.147990658,5.2,6.4,124.7,81.4,78,-12.0837,24.4007,14.6556,2.952757672,-0.1470533277,-9.2,14.2,-33.0278,-6.048849711,1.63033,2.132526405,-674.75,7.682460282,18.883,-9.595,-7.5
2023,Region 4,Sweet 16,2023 Michigan St.,2023 Kansas St.,7,3,0,3.3,-0.9,-1.811759691,-1.6044,-0.011871969,-4.7,-0.9,-4.8,-0.2,1.46,0.13,-0.47,3.67,-5.3,-5.1,-30.1,-25.4,-0.1,-5.8,10,-4.1,-2.9,-10.3,7.6,2.7,-0.4,5,19.1979,18.52163155,4.1,-1.1,9.4,7,-10.9,4.3,-1.8,1.6,-2.5,0.2,-2.5,6,8.8,5.9,-6,15.8262,15.30281565,3.4,3.2,2.5,2.9,8.4,-5.3,-5.9,11.5,-1.7,-1.3,1.2,-1,1.5,-1.3,-128.2,-87.1,-71.9,8.0635,-15.892,-12.546,-3.871112829,-0.04200787561,-16,-24.5,0.04,0.03,0.03,3.67,-0.1028460831,-5.1,32.2701,2.700140467,0.04346,-1.524634147,799.26,-11.51947898,-7.282,9.38,1,0.341651474,3.272294114,5.4,1.3,128.2,87.1,71.9,-21.9542,25.8323,13.6913,0.5543697026,-0.4421638643,-1,7.4,-33.5707,-1.369531809,0.04346,2.089113255,-799.26,11.09767568,7.605,-12.185,-11.9
2023,Region 2,Sweet 16,2023 Miami FL,2023 Houston,5,1,1,-14.1,-9.8,-4.386940537,-13.9048,-0.121467644,-3.5,0.4,2.8,2.3,0.05,-0.15,0.15,-2.95,4.2,5.5,-21.7,-24.5,2.7,6,3.2,-9.3,-4.6,5.2,-5.8,0.6,0.8,4.1,28.6652,29.25000461,12.5,11.8,9,8.6,-5.8,5.6,4.6,-2,2.2,7,8.4,12.5,8.9,-11.3,-13.7,15.068,15.7322172,1.4,1.4,0.9,-2.6,4.4,2.8,-8.1,0.6,8,2.5,7.6,-1.5,0.5,1.5,-128.2,-74.5,-81.6,16.7716,-25.2719,-18.7779,-1.765493988,0.4937892936,-2,-14.7,-0.01,-0.02,1.42E-14,-2.95,0.9667439181,5.5,33.33,6.271465582,-0.1356,-2.4024526,451.5,-5.598705889,4.138,10.19,-1,1.508823912,1.851413318,3.3,-1.5,128.2,74.5,81.6,-14.758,15.3765,12.7165,-1.825850483,-0.0006574716571,9,20.4,-35.8222,-5.132151419,-0.1356,2.163749797,-451.5,10.23232121,-15.088,-12.76,-2.4
2023,Region 2,Sweet 16,2023 Texas,2023 Xavier,2,3,1,1.4,1.4,2.175828662,4.8777,0.034179008,-2.9,-0.8,2.4,3.8,-1.88,-2.29,-0.22,8.07,-1.6,-1.7,-30.8,-33.3,1.3,-4.7,3.7,1,-0.8,-4.6,1.1,3.6,6.5,8.9,16.977,16.18111911,2.3,5.1,-2,2.8,4.4,0,2.9,2.8,0.7,1.8,8.2,5.3,-1.1,-6.8,-7.7,27.2864,27.04697432,7.8,6.8,6.8,-1,-3.7,5.3,-2.4,15.5,-0.5,2.7,1.4,9.6,6.6,6.5,-126.7,-85.1,-76.1,11.8725,-14.1812,-9.5355,0.4718481551,-0.1359239948,-12.5,-17,0.01,-0.03,-0.02,8.07,-0.6231434323,-1.7,35.8205,0.7732042442,-1.61756,-1.87165163,748.08,-11.50375509,12.952,12.36,-2,-1.087029734,-1.858177486,2.4,-6.5,126.7,85.1,76.1,-14.4901,18.3047,11.3568,2.710332241,-0.3056893091,9.3,14.6,-33.9684,-0.3953905133,-1.61756,2.36908074,-748.08,8.992217313,-19.812,-11.56,-0.9
2023,Region 3,Sweet 16,2023 Connecticut,2023 Arkansas,4,8,1,12.2,5.2,4.655800506,6.7399,0.053680768,-0.6,1.1,-5.8,-1.4,-0.41,0.71,0.3,3.11,-1.5,-2.7,-27.9,-41.5,5,-3.6,-7.6,11.2,-7.1,-2.1,-0.6,2.7,11.8,8.4,25.4693,26.91435855,7,6.5,5.1,4,-7.5,1.5,11,18.4,6.1,-10.8,7.7,0.1,5.2,4.5,-3.2,18.5274,18.2549041,6.5,8,1.7,-4.6,0.1,1.1,-4.3,8.6,5.1,5.2,12.9,1.8,1.6,-2.5,-123,-75.9,-52.2,16.003,-17.4329,-5.8774,-5.576774247,-0.3908561385,1.4,-2.2,0.03,0.04,0.03,3.11,-2.750575483,-2.7,32.4745,3.839818835,0.47311,-2.272348413,1678.98,-6.814030289,23.832,12.92,1,0.6559036693,2.946605402,-3.4,2.5,123,75.9,52.2,-19.0154,22.3157,12.7011,-2.396304087,-0.4683782856,14,5.8,-31.911,-3.473532798,0.47311,2.498420212,-1678.98,6.964200845,10.89,-12.06,-7.7
2023,Region 3,Sweet 16,2023 UCLA,2023 Gonzaga,2,3,0,-0.6,0.4,1.758876161,3.3222,0.026354313,-1.8,1.6,-0.4,0.3,-1.11,-0.73,-0.29,3.57,-4.2,-3.7,-31.5,-27.9,1.5,0.9,9.1,-10,0.3,-5.8,-0.3,6.2,3.4,8.7,15.1813,14.63240856,-0.8,-0.8,-0.3,-1.3,0.4,3.5,7.7,5.6,6.3,5.9,2.1,1,-0.3,-3.2,-8.2,36.7617,35.22560614,11.7,12.2,7.3,0.5,6.6,9,-3.5,-0.6,2.7,12.1,13.9,6.4,6.4,7.9,-127.7,-81.6,-84.4,14.6447,-18.0585,-15.151,2.591060394,0.4452450247,-11.5,-15.6,-0.07,-0.07,-0.07,3.57,-0.5886933226,-3.7,34.0319,6.460177593,-0.52351,-3.080097099,221.29,-10.36072387,4.125,12.125,-2,-2.174726347,-2.054571672,5.3,-7.9,127.7,81.6,84.4,-15.2112,18.9219,14.5082,-3.010508271,-0.3642713069,5.1,14.7,-37.4038,-3.521672268,-0.52351,2.558421963,-221.29,7.777949986,-12.219,-12.54,-5
2023,Region 1,Elite Eight,2023 Creighton,2023 San Diego St.,6,5,0,6.9,7.7,-3.495259563,0.3996,-0.005555537,1.4,2.9,-10.2,-5.9,1.2,1.55,-1.18,-17.75,2.9,1.8,-17.9,-35.3,5,2.3,-4,1.7,-3.5,1.4,3,-4.4,1.6,5.1,22.9466,23.66571745,6.8,4.6,6.8,3.1,-1.3,3,-0.3,10.6,1.6,19.7,6.8,1.4,7.1,5.3,2.7,17.9625,18.52018717,2.8,3.8,0.3,0.7,14.5,-3.3,-8.4,4.8,3,8.6,4.9,0.4,0.4,-0.8,-131.9,-93.7,-88.4,17.0404,-20.7926,-13.9182,6.552873542,0.1341884512,3.4,-12.5,0.03,0.05,0.04,-17.75,-0.8921117844,1.8,34.9962,0.8941221384,1.06582,-2.325391684,642.49,-8.046123702,-14.582,10.235,0,0.4772337081,-0.3737219038,3.5,0.8,131.9,93.7,88.4,-10.9754,19.369,8.062,-3.955108084,0.100836465,22.6,23.9,-33.7463,-6.730479363,1.06582,2.541040668,-642.49,9.528924226,0.468,-10.78,-2.6
2023,Region 4,Elite Eight,2023 Kansas St.,2023 Florida Atlantic,3,9,0,-6.2,-2,-0.480319701,0.0845,0.002018452,-2.9,1.4,-7,-3.9,0.25,1.56,1.05,-14.43,2,1.8,-29.5,-19.4,5.5,10.9,-12.3,1.4,-1.5,-4.9,11.9,-7,-3.6,4.2,16.4705,15.51650073,5.6,7,2,0.1,10.3,-1.7,6.6,30.6,0.5,-6.4,11.1,-5.7,1.9,-2.1,-6.2,20.0729,19.11225085,7.5,5.5,7.1,2.6,-7.2,4,-1.2,-5,-4,-11.7,-2.9,7.9,5.8,-0.1,-124.3,-84.8,-70.1,19.5117,-24.7951,-11.0749,-1.611085872,0.4134904839,-3.7,-10.6,-0.05,-0.04,-0.04,-14.43,0.6741872195,1.8,31.2997,1.733428527,1.0896,-3.180733549,1103.63,-13.9723472,4.164,10.26,-2,-0.3577911903,-6.804435104,7.8,0.1,124.3,84.8,70.1,-14.7988,21.2456,9.4674,8.830214186,0.03008263996,-5.9,12.2,-34.9475,-4.689273911,1.0896,1.57566264,-1103.63,11.53776204,11.529,-11.82,-4.1
2023,Region 2,Elite Eight,2023 Texas,2023 Miami FL,2,5,0,3.5,4.2,3.87602565,9.6559,0.087206633,-1.7,0.3,2.5,3.5,-0.28,-0.04,0.65,8.73,1.3,0,-27.3,-30,2.2,-2.5,6.5,-4,-3.9,-3.1,2.6,0.6,5,10.3,13.262,13.2180356,1.4,2,0.3,0.7,7.4,1.6,-0.7,3.9,1.7,-0.5,6.3,0.7,1.2,-6.4,-6.1,26.2224,25.71433102,7.2,7.7,4.1,5.2,-4.5,6.4,-2.6,3.3,0.5,2.4,4.1,5.8,4.4,6.8,-126.2,-81.3,-79.9,13.6786,-15.2835,-13.631,-0.2827292803,0.1120583622,-9.7,-20.1,-0.01,-0.04,-0.02,8.73,-1.167889387,0,35.1898,-0.5056978405,-0.0278,-2.113856819,953.55,-10.29776763,17.41,11.15,-1,-1.433563581,-0.2752742917,5.3,-6.8,126.2,81.3,79.9,-17.401,19.5974,10.9392,1.238853801,-0.2248365649,7.8,13,-34.0784,-3.175383401,-0.0278,2.503114508,-953.55,8.982240258,-1.594,-11.515,0.3
2023,Region 3,Elite Eight,2023 Gonzaga,2023 Connecticut,3,4,0,-8.3,-1.5,1.610778118,-1.0585,-0.022480861,0.4,3.1,2.5,2.4,-0.24,-0.06,0.42,-4.15,2.9,3,-36.9,-18.6,1.1,1.8,-4,2.2,-5.6,-3,5.7,-2.7,6.8,11.2,29.9354,30.1640148,13,13.2,8.4,-3.4,-4.5,4.8,4.9,9.7,0.7,6.1,14.1,11.3,7.8,-15.1,-12.8,19.7433,20.35007636,1.8,2.2,0.7,1.9,4.7,-0.1,-13.2,17.3,7.3,0.7,3.6,-3.2,1.1,9.2,-128.3,-77.5,-69,13.8242,-17.7577,-9.1462,-1.127953585,-0.005385010432,-9.4,-12.1,1.42E-14,0,0.01,-4.15,1.243426631,3,39.386,4.17411138,-0.01272,-2.497151414,1207.63,-7.012638153,20.862,15.015,2,1.087578439,1.530299773,4.4,-9.2,128.3,77.5,69,-19.613,19.5718,10.1349,-1.250481142,-0.138164822,-3.3,9.4,-34.3081,-4.193786211,-0.01272,2.969653443,-1207.63,10.347049,-23.04,-14.01,2.3
2024,Region 1,Sweet 16,2024 San Diego St.,2024 Connecticut,5,1,0,-25,-16.3,-9.066056098,-12.5137,-0.094029321,-7.2,-2.9,6.3,5.1,-0.86,-0.93,0.13681,1.47,0.8,1.5,-29,-18.6,2,-5,-0.1,5.1,-9.2,-8.1,8,0.1,-10.6,-2.2,19.1521,17.65261344,4.7,7.9,-0.6,0.7,5,0.2,5.9,4.8,3.6,3.6,11.5,5.9,0.3,-21.4,-14,32.7601,32.39649863,9.9,10.2,6.2,4.1,0,3.1,-8.5,15.1,5.3,1.7,10.3,4.4,4.8,-0.8,-134.9,-76,-63.4,5.4564,-17.2708,-10.6652,0.8253197203,-0.2518998081,-9.3,-18.2,0.01,0.04,0,1.47,-1.084100048,1.5,32.9382,3.990521134,-0.60108,-3.004413218,1333.78,-6.326667488,-24.551627,11.59,-3,-1.292182948,0.2566837497,8.4,0.8,134.9,76,63.4,-25.6469,22.8778,13.4154,0.8159229123,-0.4326768571,-5.2,6.9,-39.0881,-2.486256254,-0.60108,2.452165104,-1333.78,7.499967831,-50.683946,-15.185,7.4
2024,Region 1,Sweet 16,2024 Iowa St.,2024 Illinois,2,3,0,-1.1,-0.9,0.717955785,2.7304,0.033231948,-3.1,-1.6,-0.8,-0.3,-1.24,-0.15,-1.0065,-1.31,-2.3,-2.3,-40.1,-16.7,0.9,-2.5,-0.9,3.4,-2.7,-14.5,7.8,6.6,0.8,1.3,12.299,12.7318987,3.9,5.1,0.6,-2,9,-3.4,5.5,15.4,2.5,6.4,7.3,2.3,1.7,-6.8,-2.2,38.4067,36.85333664,6.7,7.8,3.4,3.3,2.6,10.6,-6.8,-14.5,-0.5,-9.6,2.8,0.6,3.4,0.8,-131.2,-76.7,-63.8,12.3484,-17.3478,-7.3011,2.388980332,-0.2054700891,-22.9,-19.8,-0.04,-0.01,-0.05,-1.31,2.047196817,-2.3,37.3557,2.563390349,-0.11402,-3.020464171,1402.96,-11.06327317,-8.480866,13.54,-1,-2.155372405,0.09640193104,0.5,-0.8,131.2,76.7,63.8,-22.849,28.89,17.4906,5.026129229,-0.5560379909,3.4,24.4,-32.0809,-7.512560917,-0.11402,2.111402057,-1402.96,8.363499973,-38.778614,-12.47,4.6
2024,Region 2,Sweet 16,2024 Duke,2024 Houston,4,1,1,-11.2,-7.9,-6.434847809,-6.8423,-0.051251954,-2.2,-1.2,-0.5,0.8,2.38,3.54,-0.5152,-3.95,3.6,3.6,-21.7,-27.9,2.5,8.9,-6.3,-2.6,-0.7,9.6,-7.5,-2.1,0.1,1.4,34.6777,35.43752052,11.2,11,7.7,5.2,-5.2,10.4,1.6,-6.4,2.4,6.5,6.2,9,7.6,-8.5,-9.3,21.9174,21.68355692,0.7,-0.7,2.1,0.4,2.3,3.2,-11,-1.6,4.3,9.4,9.5,-2.1,3,-2.1,-130.4,-75.2,-69.7,17.6998,-25.3394,-13.8924,-0.9230635418,0.3674433157,-1.7,-15.2,0.02,0.01,0.02,-3.95,0.8143593019,3.6,33.4744,5.520033271,2.3511,-2.257492488,258.02,-5.640085727,-11.467789,11.17,0,1.288993523,0.635464874,1.3,2.1,130.4,75.2,69.7,-7.3084,14.9398,10.859,-4.506914266,0.3102499035,18.3,25.7,-34.2721,-10.03480104,2.3511,2.795261603,-258.02,8.825217513,-26.220015,-12.655,-0.8
2024,Region 2,Sweet 16,2024 Marquette,2024 NC St.,2,11,0,12.9,8.7,6.97590618,9.6809,0.133426036,3.9,4.7,-4.9,-2.3,0.89,0.83,-1.00916,4.26,0.4,1.2,-24.2,-23.4,3.2,6,-10.4,4.3,2.6,-0.1,-9.4,9.5,13.1,13.2,16.965,18.0318296,4.6,6.5,0.9,-1.7,-6.3,3.6,-3.3,5.9,2.1,0.2,3.8,5.8,1.7,-1.1,-4.6,18.8274,19.30726433,1,0.9,1,-1.9,4.3,7.4,2.2,-13.1,0.9,6.4,3.2,1.6,0.7,6,-133,-85.3,-81.8,18.7774,-20.0964,-10.0048,-1.430881878,0.1055755948,5,-7.6,-0.03,-0.05,0.01,4.26,3.022592247,1.2,38.3602,-2.004614713,0.58987,-3.077944251,617.36,-9.816678391,18.695522,12.155,2,-0.26632781,2.177734168,0.1,-6,133,85.3,81.8,-8.0082,18.064,16.9212,-2.500623843,-0.1981998939,3.8,20.5,-33.1408,-3.977912109,0.58987,2.291443832,-617.36,9.245227799,-15.972338,-10.125,-3.5
2024,Region 3,Sweet 16,2024 Gonzaga,2024 Purdue,5,1,0,-4.3,-4.3,-8.236526049,-7.5545,-0.052771053,1.2,-0.9,1.9,4.8,-0.42,-2.11,-0.38157,-5.96,0.8,1.5,-31.4,-28.1,-0.2,8.1,-2.7,-5.5,-6,0,-1.9,1.9,9.5,7.5,25.1284,26.31734356,9,10.2,4.1,0.2,8.5,0,8.6,-3,4.1,4,6,10.5,4.7,-12.6,-11.7,25.5541,27.81751953,8.7,8.1,6.8,-0.6,17,0,-10.2,16.3,3.2,3.3,9.3,7.9,6.3,7.7,-139,-77.4,-76.9,19.6693,-21.9114,-13.8774,-1.463872558,0.4147274419,-17.1,-24.1,0.01,0.02,0.01,-5.96,3.201079324,1.5,41.44,5.66452065,-1.43156,-2.097102586,1221.92,-9.682741978,14.699394,14.655,-1,0.02867281484,-0.2134728891,-2,-7.7,139,77.4,76.9,-17.5446,17.5656,10.1006,1.586560596,-0.2312479424,11.3,16,-38.0645,-4.131627141,-1.43156,2.949744454,-1221.92,9.164282693,-35.017101,-15.4,0.9
2024,Region 3,Sweet 16,2024 Tennessee,2024 Creighton,2,3,1,2,-1,1.206856268,2.5715,0.009507285,-4.4,-2.6,0.9,3.1,-1.95,-2.3,-0.40735,6.43,2.6,2.3,-31.5,-9.7,6.4,2.8,-16,13.3,-7.7,4.7,2.8,-7.4,3.5,5.7,20.3353,19.18146438,5.1,5.9,2,-3.8,18.1,-3.4,7.8,20.3,4.5,0.9,5.8,-0.6,2.1,-6.1,-6.4,29.0351,29.24197236,12.1,16.3,4.7,7.4,-11.3,3.6,2.7,9.1,0.6,4.1,15.1,14.7,5.6,0.8,-140,-88.5,-89.2,12.9385,-19.3443,-4.7155,0.1476989804,-0.1978434847,-12.4,-18,0.02,0.01,0.03,6.43,0.7738893353,2.3,37.9778,2.806535535,-1.55871,-3.107878031,816.52,-10.42071406,4.674895,11.845,-1,-0.8825998664,-1.508174583,2.2,-0.8,140,88.5,89.2,-13.6421,16.5065,10.4288,1.993700784,0.0825492781,-4.6,19.2,-38.3831,2.467424919,-1.55871,2.798764736,-816.52,6.669600094,-25.241244,-11.115,-0.3
2024,Region 4,Sweet 16,2024 Alabama,2024 North Carolina,4,1,1,-1.3,-3.3,-3.681766013,-2.1631,-0.01508634,-0.6,0.7,3.4,3.9,1.01,1.29,-0.73606,9.75,2.8,2.1,-17.1,-27.4,5.4,11.1,-21.8,10.7,1.4,0.4,-1.5,1.1,9.9,8.2,32.4512,32.30365439,9.9,11.6,5.1,4,6.9,-1.1,11.4,10.9,0.6,-6.3,9.8,-3.2,5.2,-10.4,-11.6,14.677,16.4576144,1.4,-0.8,3.5,1.1,-2.8,1.2,-2.9,6.4,-2.3,-3.5,-3.4,4,4.2,3.9,-139.1,-78.9,-60.1,18.6852,-22.6885,-6.9637,-3.12752587,0.1305194678,5.4,-13.7,-0.05,-0.07,-0.07,9.75,1.304499869,2.1,39.3056,7.103370842,0.96852,-3.514531218,2146.6,-8.74530619,14.497728,15.16,2,1.010295294,-0.4059822418,-1.7,-3.9,139.1,78.9,60.1,-10.4443,17.1055,12.4477,3.811960964,0.01234689703,1.3,10.2,-36.0972,-4.812437492,0.96852,2.825872284,-2146.6,8.464759822,-38.413596,-15.02,-1.2
2024,Region 4,Sweet 16,2024 Arizona,2024 Clemson,2,6,0,4.6,0.1,3.812441228,9.687,0.082380034,1.2,1.1,-1.3,1.7,-0.41,0.02,-0.45002,-2.46,5.8,5.9,-26.8,-21.6,6.6,10.8,-3.1,-7.7,-0.5,-3.4,5.5,-2,8.9,9.7,20.637,22.41471424,6.3,7.5,3.1,-2.5,5.5,-2.5,11.1,15,2.2,6.7,11.3,-3.8,3.5,-6.1,-9.6,22.9238,23.92807063,5.2,6.6,2,7.9,4.9,3.2,-4.6,0.8,2.6,8.3,6.6,4.1,2.2,6.3,-137.3,-87.7,-75.8,21.888,-21.8926,-15.2715,3.290750579,0.7408119591,2.5,-4.2,0.01,-2.84E-14,-0.01,-2.46,2.210181477,5.9,39.1682,5.308687198,0.09663,-3.029823168,1147.58,-8.222218459,15.339711,16.46,1,-0.3189323239,0.8101171841,0.8,-6.3,137.3,87.7,75.8,-14.4782,19.9503,11.426,-2.558858555,-0.04894167628,6.9,22.3,-36.5836,-3.65606112,0.09663,2.325868125,-1147.58,10.0342569,-23.445489,-12.155,-3.5
2024,Region 1,Elite Eight,2024 Illinois,2024 Connecticut,3,1,0,-15.8,-9.3,-5.680887925,-8.2255,-0.04982873,0.6,1,6.9,5.1,0.37,-1.04,0.68142,0.18,4.3,5.2,-28.5,-31.2,2.8,1.2,-6.9,5.7,-7.7,-6.6,18.5,-11.9,4.8,5.7,31.1581,30.21729194,8.7,11,3,2.3,5.3,1.1,9.4,-1.6,-0.1,6.7,16.3,0.3,3.7,-21.1,-15.1,25.043,26.1088224,9.1,11.9,2.4,2.5,6.2,-2.6,-10.4,21.1,5.9,5.9,8.8,4.7,1.7,4,-141.5,-74.4,-69.3,11.9728,-19.8954,-9.1638,2.829654236,-0.08667323084,-2.5,-11.2,-1.42E-14,0.01,0,0.18,-1.645154371,5.2,36.7824,7.101615104,-0.65676,-3.117652251,1347.39,-6.367870687,28.227594,14.16,-1,0.2560743731,-0.929319021,0.9,-4,141.5,74.4,69.3,-25.1057,20.5512,4.2581,-1.755237267,0.07207844396,5.3,3.9,-42.1961,-2.445646256,-0.65676,3.040938649,-1347.39,11.02671213,-44.413024,-16.38,6
2024,Region 2,Elite Eight,2024 NC St.,2024 Duke,11,4,1,-12.8,-6.2,-3.942573361,-11.8207,-0.126078433,-4.8,-2.2,4.8,3.4,-1.05,-1.41,1.29527,-0.21,1.1,1,-31,-27.3,-3.3,0.2,1.2,-1.4,-2.2,-4.3,5,-0.7,0.2,4.6,17.4344,16.74458482,1.7,1,2,4.4,4.9,3.2,2.7,-4.6,-2.5,11.8,2.5,0.1,2.6,-14.7,-10.8,20.498,20.0629597,4.7,4.9,2.8,-1,1.9,3.6,-2.5,5.4,2.1,3.5,3.2,2.1,4.2,5.4,-137.2,-84.4,-74.2,7.8398,-17.9646,-12.2102,4.624927299,-0.04269127654,-12,-19.9,0.02,0.04,1.42E-14,-0.21,-1.444161152,1,35.1351,5.598445499,-0.95069,-2.885807863,756.38,-8.898324421,17.967134,11.785,-2,-0.2296245182,-0.9976976104,4.4,-5.4,137.2,84.4,74.2,-16.8594,18.9602,10.3345,-0.1285578887,-0.152228398,0.4,10.3,-38.4459,-2.458228493,-0.95069,3.118743491,-756.38,9.812554271,-15.470297,-14.585,3.9
2024,Region 3,Elite Eight,2024 Tennessee,2024 Purdue,2,1,0,-2.5,-4.9,-5.023657671,-3.148,-0.027628805,-2.6,-1.3,-0.9,2.5,-1.51,-3.04,0.3126,-1.53,1.6,1.6,-21.5,-23.6,4.2,7.4,-11.7,4.4,-7.3,1.2,-7.5,6.4,2.9,5.2,21.1564,21.18249446,3.8,3.5,2.8,2.5,11.3,-0.6,7.7,6.1,7.6,-7.2,-5.1,4,2.9,-9.1,-10.1,33.9331,34.97352886,10.6,8.9,9.4,1.4,7,2.4,-8.8,15,1.6,7.7,13.5,7.3,9.2,0.6,-136,-76.9,-64.1,18.2869,-24.6722,-11.0352,-5.328373518,0.1828813153,-8.1,-20.4,0.04,0.04,0.03,-1.53,4.047058897,1.6,36.659,3.696436864,-2.08336,-1.966432593,1648.69,-9.642822327,11.992491,12.665,-2,-1.261311569,0.3317417843,2.3,-0.6,136,76.9,64.1,-15.5095,17.7816,14.258,-0.008462990596,-0.3503436081,5.7,16.1,-36.4406,-4.155559368,-2.08336,2.708675935,-1648.69,6.662081941,-17.667249,-15.26,-1
2024,Region 4,Elite Eight,2024 Clemson,2024 Alabama,6,4,0,1.1,0.8,-2.266214197,-5.5456,-0.049085995,3.4,3.7,3.1,3.8,0.27,-0.87,0.32025,-3.64,-6.6,-6.3,-23.1,-12.6,-1.5,-3.5,0.8,2.7,-3.7,-8.5,13.9,-5.4,13.5,12.3,14.306,15.8735013,4,3.3,3.5,4.7,-9,0.7,-2.2,8.3,-1.3,9.6,4.3,4.7,3.4,-11.1,-11.4,25.114,26.35025404,7.6,10.5,2.5,4,4,-2.4,-9.7,7.4,3.4,-1.1,10.5,-4.3,4.2,8.8,-139.9,-82.3,-63.4,12.0987,-16.1704,-11.4027,2.534824431,-0.2086189366,-0.6,-13.4,0.07,0.08,0.08,-3.64,-1.193862759,-6.3,38.0533,0.1965870903,-0.72702,-2.812987158,1863.52,-8.457420048,40.057965,13.985,-2,-0.2346909874,-3.08584625,-1.2,-8.8,139.9,82.3,63.4,-16.7401,20.8579,10.1514,0.2104738968,-0.1516044891,-13.3,9.4,-40.3152,-5.546374106,-0.72702,3.141243735,-1863.52,8.204115557,-23.608734,-16.5,-0.3
2025,Region 1,Sweet 16,2025 Michigan St.,2025 Mississippi,2,6,1,5.8,5.8,3.52723645,5.4847,0.03877057,-5.2,-2.2,-1.5,-0.8,1.66,2.28,-1.87431,10.01,-0.1,-0.2,-23.3,-18.4,2.4,4.1,6.4,-10.5,0,0.4,-1.1,0.7,3,4.9,22.3885,20.6769032,0.7,2,-1.9,7.6,-1.7,3.9,4.5,3.3,2.1,4.3,5,-2.3,-1.4,4,0.9,27.2729,24.7676825,5,1.9,6.2,1.6,2.5,3.6,-0.8,0.1,4.6,3,5.2,-1.5,6.8,-1.1,-133.7,-83.9,-54,20.5866,-22.4135,-19.0631,3.317371851,0.5181649206,-1.2,-6.3,-0.03,-0.02,-0.03,10.01,1.589747966,-0.2,32.5533,0.1190545028,1.56544,-2.520724712,1934.89,-7.016462783,-16.162632,13.9,-1,-0.5081221191,-3.137386576,1.9,1.1,133.7,83.9,54,-9.4856,20.8835,15.384,0.05728588306,-0.006596478905,3.7,23.2,-35.7196,-3.58426268,1.56544,2.134112306,-1934.89,6.792171571,-20.363113,-12.045,-3.1
2025,Region 2,Sweet 16,2025 Arizona,2025 Duke,4,1,0,-12.8,-9.8,-4.02808139,-12.4286,-0.03542156,-5.4,-5.5,4.6,5.6,-1.88,-1.71,0.76464,-0.51,3.6,4.1,-27.5,-12.7,3.4,7.3,-3.6,-3.6,-8.1,-9.1,12.4,-3.3,-3.3,-2.1,32.7415,32.1675288,8.4,11.7,1.5,6.9,11.2,1.5,9.4,5.3,2.3,13.5,11.7,7.1,2.7,-13.5,-7.6,31.1392,30.9012099,8.8,10.8,4.1,7,2.9,2.2,-6.7,4.9,3.9,5.4,7.7,5.4,4.6,3.4,-135.1,-73.9,-76.7,18.6231,-24.6777,-14.6601,4.377419185,0.4126308888,-5.6,-12.3,-0.03,-0.07,-0.05,-0.51,2.818323349,4.1,34.5067,4.029023796,-1.12075,-2.694917678,1235.1,-8.389448349,7.310535,11.665,-3,0.2648032016,-4.102348605,1.2,-3.4,135.1,73.9,76.7,-24.2435,20.502,10.0424,-0.3563931716,-0.318819864,-5.4,8.2,-40.602,-3.222572885,-1.12075,2.182765324,-1235.1,7.656966948,-15.387759,-15.185,5.9
2025,Region 2,Sweet 16,2025 Alabama,2025 BYU,2,6,1,1.3,-1.5,5.29705018,7.5381,0.03079675,3.2,0.8,-0.9,1.3,-0.26,1.97,1.0531,-2.9,8.5,7.5,-9.4,-16.6,6.2,17.6,-17.9,0.4,-0.9,2.2,10.8,-13,10.7,5.5,25.902,28.1831254,5.7,10.4,0.2,1,10.6,0.5,8.6,1.9,1.6,5,1.5,9.4,-0.4,-9.7,-7,26.4222,27.7707143,9.3,9.8,6.3,0.1,-3.7,-4.1,-4.1,16.1,-2.4,0,8.8,6.1,6.4,12,-135,-76.7,-66.3,28.4911,-25.2061,-13.2568,0.6811578793,0.5046806036,8.5,-11.2,0,0.01,0.01,-2.9,0.6923335223,7.5,38.4011,3.129494366,1.51388,-2.090328491,971,-9.220749205,42.702199,16.445,1,-0.1428443462,0.6491186706,-5.2,-12,135,76.7,66.3,-14.2726,16.3192,6.5648,2.573482776,0.3659173394,0,15.5,-40.0993,-1.494347977,1.51388,2.641646745,-971,8.585106038,-6.226649,-14.7,2.7
2025,Region 3,Sweet 16,2025 Purdue,2025 Houston,4,1,0,-16.1,-6.6,-6.61169501,-11.6072,-0.04955892,-2.3,2.9,4.1,3.3,0.37,1.06,-0.92383,0.03,4.2,3.7,-18.8,-22.8,-1.1,-3.8,8.8,-5,1.6,8.1,-15.9,7.9,0.3,7.7,36.4505,37.2754365,11.4,11.6,7.6,2.1,0.5,6.1,1.7,2.7,-1.3,-4.3,13.4,12.8,8,-9.9,-14.2,22.832,24.9535449,0.7,-7.4,9.1,1.5,-2.8,3.2,-6.2,-13.6,7,-3.5,-7.3,2,8.2,5.9,-130.3,-73.7,-72.1,8.1527,-17.5632,-15.6244,-5.716683357,-0.01029909366,-8,-26.7,-0.01,-0.01,-0.01,0.03,1.734645047,3.7,35.5605,2.883523702,0.67565,-2.380042754,807.13,-5.852904892,-18.693127,11.8,1,1.491414789,3.781788069,7.4,-5.9,130.3,73.7,72.1,-10.6561,15.4222,15.637,5.113013143,0.06577141143,16.9,29.7,-36.4618,-13.42351489,0.67565,2.125092553,-807.13,17.035138,-38.307045,-13.9,-4.3
2025,Region 3,Sweet 16,2025 Tennessee,2025 Kentucky,2,3,1,-0.9,0.8,3.70567008,6.8946,0.02657252,1.2,2.9,-3.6,-2.5,-1.43,-0.19,-0.12288,-14.27,-7.2,-7,-13.5,-13.2,7.6,6.2,-5.9,-0.4,-7.1,-4.4,1,3.4,-0.4,5.1,20.7497,19.9073455,2.4,0.4,3.2,2.3,4.4,-2,9.5,13.9,8.1,-5.1,-1.2,-3.8,3.3,-4.2,-4.4,34.661,33.4758464,11.6,9.2,9.6,-0.2,6.5,2.6,1.4,10.2,2.2,7.9,13.6,0.1,8.8,3.6,-137,-79.9,-68.3,23.8359,-23.1114,-15.7361,-2.532995911,0.3264993813,3.7,-12.4,-0.06,-0.07,-0.08,-14.27,-4.046368251,-7,37.408,4.26442545,-0.22144,-2.800311137,1512.04,-7.963756726,-3.005352,15.64,-1,-1.47228497,0.3446072204,5.5,-3.6,137,79.9,68.3,-19.8106,22.1848,16.3498,-1.781176997,-0.3488732456,-4.6,13.1,-37.5912,-0.9996272928,-0.22144,2.684246369,-1512.04,5.522787322,-15.108708,-11.425,-0.2
2025,Region 4,Sweet 16,2025 Maryland,2025 Florida,4,1,0,-6.7,-3.8,-5.98389378,-9.8133,-0.02114625,-1.1,-0.3,-1.9,-0.8,-0.46,-1.04,-0.28509,-4.86,-0.1,0.3,-27.2,-20.6,0.8,0.8,1.3,-2,-7.1,-1.5,8.9,-7.4,0.3,3.2,25.6985,24.2444663,8.5,6.8,7.6,4.8,-0.1,2.5,2.2,4,3.4,0.1,7.2,4.9,7.4,-9.6,-7,36.8135,34.6435967,8,8.8,4.8,-2.1,6.7,5.2,-10.9,3,5.9,2.1,9.2,0.9,4.6,1.1,-133.3,-74.9,-75.6,12.3336,-19.6348,-13.0132,-2.593417864,0.1115090199,-3.9,-10.6,0.01,-0.01,0.01,-4.86,-0.3261861336,0.3,36.7,4.900758044,-0.72893,-2.941524094,927.52,-7.302086462,-4.827057,12.09,-1,-1.038892008,2.960896509,2.9,-1.1,133.3,74.9,75.6,-19.6736,20.3047,9.7756,-0.1920968602,0.002946908633,-5.1,6,-36.044,-6.68281979,-0.72893,2.858096828,-927.52,7.664778222,-27.706686,-12.955,2.6
2025,Region 4,Sweet 16,2025 Arkansas,2025 Texas Tech,10,3,0,-14.2,-10.8,-4.46495282,-10.3371,-0.10084647,-8.4,-6.5,0.5,2.7,2.13,2.47,-1.03899,6.28,4,3.7,-29.2,-15.9,7.8,4.2,-6.3,2,3.4,10.1,-4.5,-5.6,-9.1,-6.3,15.6935,14.4709181,4.7,6.2,1.6,3.9,2,0.9,-0.9,8.2,7.4,-0.9,5.1,3,0.3,-6.9,-4.4,30.0721,29.8648697,7.2,5.8,6,3.9,0.3,2.7,-6,9.9,1,3.4,9.2,8.7,5.3,4.5,-133.8,-81.3,-71.9,22.6212,-21.7785,-11.4214,-0.862854177,0.2672170425,-8.3,-11.2,-0.01,-0.02,0.02,6.28,1.85147247,3.7,34.9565,0.01406019647,1.71827,-3.071124469,905.03,-11.19085478,-25.379942,11.975,-4,-1.414445538,-3.165444405,2.8,-4.5,133.8,81.3,71.9,-6.2978,13.2313,10.3539,1.393122633,0.4654312022,-3.1,13.3,-38.2385,-3.869210567,1.71827,2.406738858,-905.03,5.944033318,-29.258397,-13.51,2.5
2025,Region 1,Elite Eight,2025 Michigan St.,2025 Auburn,2,1,0,-11.5,-7.1,-4.24467261,-7.4742,-0.03743057,-5.9,-3,4.7,4,-0.66,0.7,-1.19667,8.21,0.3,0,-32.5,-18,4.1,-1.9,4.3,-2.4,-6.9,-3,3,-0.1,-2.1,0.8,24.763,23.9200817,5.2,6.4,1.6,4.6,-1.4,0.8,5,21.4,5.8,2.2,10.7,2.9,1.3,-8.9,-7.9,37.8569,37.3034185,9.6,7,8.9,1.8,0.4,3,-9.7,2.1,8.7,5,6.3,4.9,7.9,-1,-136.2,-75.5,-56.4,16.3632,-20.4646,-14.5487,0.8547986171,0.1658479976,-3.3,-2,0.02,0.05,0.03,8.21,-1.319195119,0,33.3048,-0.1749259299,0.4802,-3.725520264,1960.16,-5.461470803,-22.886469,12.93,-3,-1.249043406,-4.811493566,2.9,1,136.2,75.5,56.4,-18.0046,20.2231,14.6568,0.8312381595,-0.2403167088,-0.4,12.9,-39.3966,-7.575090249,0.4802,2.135155117,-1960.16,6.753433188,-46.877356,-15.2,1
2025,Region 2,Elite Eight,2025 Alabama,2025 Duke,2,1,0,-13.7,-11.4,0.64291773,-8.2227,-0.01836309,-3.7,-4.2,6,5.3,-1.71,0.24,1.03152,8.31,9.7,8.9,-15.9,-19.5,8.1,9.7,-17.8,8.3,-7.3,-4.3,14.3,-10,-0.4,-2,36.7115,36.2849818,11.8,16.3,4.1,0.1,14.7,1,8.2,2.7,0.4,8.8,9.4,17.6,4.2,-16,-9.3,31.3742,30.9210243,9.5,9.2,6.9,8,-1.8,-0.9,-6,14.3,-1.6,-0.4,5.8,5,8.2,6.1,-137.7,-74.4,-68.5,22.9511,-24.2555,-9.9389,-0.2860310638,0.2029328941,8.6,-5.2,-0.04,-0.07,-0.04,8.31,1.465679846,8.9,37.0744,3.979445639,0.36875,-2.749339346,1305.14,-8.403031475,20.776588,13.185,-2,0.6216856083,0.2359188959,-1.6,-6.1,137.7,74.4,68.5,-23.1283,18.3725,6.866,3.318329325,0.01790286301,-3.5,2.6,-42.1009,-3.246582728,0.36875,2.65912271,-1305.14,8.574823503,-19.012112,-16.245,6.7
2025,Region 3,Elite Eight,2025 Tennessee,2025 Houston,2,1,0,-10.8,-6,-2.20878586,-4.2916,-0.02451797,-5.3,-0.8,-2.5,0.7,0.32,1.81,0.27048,-4.39,3.1,2.5,-13.9,-20.4,7.2,4.4,-4.4,-0.1,-1,8.4,-18.2,9.9,-6.3,2.7,32.4935,31.0991755,7.9,10.2,3.1,3.4,1.3,5.7,6.1,5.2,9.5,2.4,8.5,6.6,3.6,-4.4,-8.6,34.104,33.8303954,8.3,2.3,12,0.1,-1.2,3.2,-6,-2.1,6.7,4.3,10.3,1,10.7,-5.2,-129.9,-69.1,-72.9,19.5186,-24.723,-15.6578,-0.860304622,0.269972751,5.2,-10.2,-0.03,-0.05,-0.04,-4.39,-1.048021319,2.5,32.3953,2.729343105,1.15451,-2.349629498,966.55,-5.733902527,-12.871446,11.3,-1,-0.1333907794,-1.455625608,9,5.2,129.9,69.1,72.9,-4.6629,16.2368,18.128,0.8008614988,-0.02790115623,14.6,32,-35.109,-11.93643438,1.15451,2.776498462,-966.55,5.476449003,-6.751896,-10.58,-4.2
2025,Region 4,Elite Eight,2025 Texas Tech,2025 Florida,3,1,0,-13.6,-5,-5.31014317,-8.111,-0.01655982,-3.6,-0.1,3.1,1.4,-1.42,-2.06,0.1885,0.52,-4.4,-4,-18.1,-22.3,-0.9,-6.4,-0.6,7.1,-7.7,-5.2,14.3,-9,-1.6,4.1,32.8495,31.4222693,10.2,8.4,8.3,5.7,-3.3,2.2,5.5,12.1,-0.5,9.3,9.4,9,6.8,-14.1,-9.1,31.3645,29.8681881,7,8.2,3.8,2.3,-0.9,2.4,-9.6,7.4,4.3,-7.6,6.4,0.7,2.8,3.8,-135.8,-70.3,-71.2,7.7269,-16.1929,-9.8859,0.8003428741,-0.3513119793,-2,-19.5,-0.02,-0.07,-0.05,0.52,-0.9219866827,-4,37.987,4.052159443,-1.43658,-2.864871256,618.41,-7.342247699,-0.587456,12.875,1,0.2358144049,1.287467589,5.7,-3.8,135.8,70.3,71.2,-22.8042,21.9575,8.0424,3.784546885,-0.06678400423,0.3,10.3,-37.702,-5.553570723,-1.43658,3.084647443,-618.41,11.22205081,-32.434056,-14.935,5
2026,Region 1,Sweet 16,Duke,St. John's,1,5,1,9.2,8.8,6.40882549,12.9919,0.04024302,-12.7,-22.2,14.5,25.5,1.1,0.76,-1.379696,3.42,-3.9,-3.8,10.7,11.9,7.7,1.8,-12.5,10.7,-1.4,-13.1,1.2,11.9,4.8,10.9,22.1157,21.5037699,5.1,7.6,-33.6,44.1,-27.1,63.7,10.5,6.4,-80.1,78,18.1,-22.6,-33.6,4.4,-2.1,-9.1242,-10.6916022,3.3,1.8,36.4,-44.4,31.7,-66.5,-11.6,-9.6,78.3,-74.5,-13.5,27,36.4,1.8,-130.2,-72.5,-58.8,21.6109,-17.8958,-7.5675,0.992083724,-0.1450057308,15.9,9.9,-0.07,-0.08,-0.06,3.42,-3.008141386,-3.8,38.0985,2.933282054,0.49932,-2.910273023,2044.68,-7.183136102,-22.4432816,16,0,0.1891491119,2.284843488,6.1,-1.8,130.2,72.5,58.8,-19.2388,27.3206,20.5856,-4.484760804,-0.7301907534,-4.6,7.3,-33.953,-5.985252753,0.49932,2.27141343,-2044.68,8.583300294,-19.06684,-12.87,-6.5
2026,Region 1,Sweet 16,Connecticut,Michigan St.,2,3,1,-2.9,-1.9,1.39672484,-0.4406,0.00946496,-13.6,-26.2,12.4,23.7,-0.1,-0.39,1.01754,-1.15,-0.8,-1.4,-5.7,-0.2,4.4,11.6,-5.9,-5.7,-6.4,6.6,-6.5,-0.2,1.4,2.4,16.7246,17.2143499,3.2,5.1,-31.9,46.7,-35.6,66.7,14,21.4,-76.7,85.3,23.3,-20.6,-31.9,-4.2,-4.2,-17.1653,-15.3504468,0.6,0.8,33.8,-48.2,19.3,-63.6,-11.3,-15.5,77,-82.4,-16.2,21.7,33.8,2.6,-130.3,-75.9,-54.9,22.5142,-24.647,-16.6804,-1.571493496,0.4984750141,3.3,-18,0.01,0.02,-0.01,-1.15,-1.825737472,-1.4,38.1372,4.837462882,-0.27911,-1.663639515,2030.99,-6.740929011,21.388742,15.415,1,-0.1690945404,-0.03422842677,1,-2.6,130.3,75.9,54.9,-13.204,14.7913,12.1638,2.06643078,0.0125062929,4.5,7.8,-34.041,-2.659687493,-0.27911,2.212006662,-2030.99,5.795677708,10.724718,-15.025,-1.78E-15
2026,Region 2,Sweet 16,Arizona,Arkansas,1,4,1,11.7,3.6,6.12475967,11.6029,0.04470687,-16.1,-28.4,9.8,22.7,0.5,0.42,-0.00953,1.88,-1,-0.9,-11.4,3.8,-0.8,2,9.4,-11.4,-9.3,-14.1,10.3,3.8,10.9,7.5,29.281,27.560201,5.4,9.1,-32.3,45.4,-26.5,68.4,9.5,5.2,-82.5,80.5,26,-17.4,-32.3,1,-3.7,-17.6781,-18.3290248,-1.3,0.6,29.7,-46.2,36,-69.8,-6.8,-1.9,78.8,-83.4,-19.6,28.8,29.7,6.7,-138.2,-75.9,-62.5,18.7978,-16.136,-16.4426,0.5637329601,0.5981698038,-3.2,0.6,-0.02,-0.01,-0.02,1.88,2.006144451,-0.9,39.0114,5.988077446,0.2883,-3.250874568,1865.16,-7.114223449,17.132119,17.185,0,-0.4171737995,1.304204759,-3.4,-6.7,138.2,75.9,62.5,-28.7297,25.9318,12.5266,0.4650801577,-0.8070040763,7.9,7,-40.2216,-6.041743184,0.2883,2.838175891,-1865.16,8.35169245,1.378024,-13.93,-4.7
2026,Region 2,Sweet 16,Purdue,Texas,2,11,1,17.1,9.8,9.39929893,12.1659,0.11194014,-13.5,-25.7,14.7,27.2,-0.36,0.83,-0.25655,-1.02,-3.3,-2.7,7.6,8.8,-0.5,-10.9,3.2,7.6,-3.2,-11.7,2.8,8.8,27.7,17.2,37.572,38.228865,8.6,7.9,-26.1,48.3,-29.1,72.2,11.4,12.6,-80.6,82.8,31,-17.7,-26.1,-10.6,-7.5,-25.406,-22.8463067,-5.1,-8.4,30.9,-47.3,27.3,-67.5,-8.9,-0.6,86,-78.2,-26.7,15.7,30.9,13.7,-139.7,-78.1,-56.4,10.6496,-9.2642,-5.8109,1.650342962,-0.5432066004,-8.6,-16.6,0,-0.01,-0.01,-1.02,0.706401214,-2.7,43.3138,2.1928406,0.51528,-2.649134461,2156.83,-11.99767235,68.118759,19.405,1,0.06462391254,-0.04896198016,-10.5,-13.7,139.7,78.1,56.4,-23.6532,22.371,16.9762,1.505027787,-0.604975921,0.8,13.5,-37.8468,-7.27841541,0.51528,2.62244509,-2156.83,10.41052237,-31.688052,-16.6,3.1
2026,Region 3,Sweet 16,Michigan,Alabama,1,4,1,11.3,12.3,7.44548562,11.8724,0.04230018,-16.2,-27.9,9,22.3,0.49,1.04,0.06942,1.33,-3.3,-1.8,6.7,-11.9,7.5,5.2,-12,6.7,-5.5,-6.4,18.3,-11.9,17.1,15.3,29.91,29.55419,6.3,9.6,-30.5,44.4,-28,69.6,7.5,7.4,-72,83.8,24.3,-21.6,-30.5,-5.6,-2.8,-18.0383,-19.9156243,0.5,-1.6,34,-51.6,36.5,-69.7,-5.6,-0.2,79.3,-73.8,-15.8,20.4,34,5.8,-139.3,-76.7,-64.5,25.9765,-18.9735,-8.2935,-1.176042829,0.09559518848,8,3.9,0.04,0.08,0.06,1.33,2.65674234,-1.8,41.4462,1.026274056,0.72712,-3.218297175,1995.27,-7.602577985,36.528285,17.22,0,-0.2505326345,-2.576628317,-1.8,-5.8,139.3,76.7,64.5,-16.5361,24.2477,9.9518,4.273097582,-0.04665626165,-8.7,22.1,-39.2268,-3.787017335,0.72712,2.590007509,-1995.27,5.569201144,-9.735234,-12.87,2.8
2026,Region 3,Sweet 16,Iowa St.,Tennessee,2,6,0,13.2,10,3.27243314,6.3981,0.0225881,-12.3,-23,14.6,25.5,-0.38,-0.85,0.94915,-6.64,0.9,1.7,-5.6,11.1,3.2,6.2,-0.6,-5.6,-1.6,-14,3,11.1,7.2,8,18.8557,18.7772455,3.6,4.7,-30.7,37.5,-28.6,67.2,9.3,3.8,-82,80.6,22.8,-22.4,-30.7,5.8,1.8,-12.4581,-13.9035675,-1.1,-2.7,34.5,-40.9,32.9,-59.4,-16,-14.3,79.1,-78.1,-24.6,26.5,34.5,4.7,-126.6,-68.5,-61.5,19.6316,-21.4056,-15.798,-0.174452191,0.3667565742,2.6,-14,-0.04,-0.04,-0.06,-6.64,1.343748584,1.7,39.0084,6.018280905,-0.54553,-2.294620646,1136.22,-7.921857956,31.911514,15.81,3,-0.1299534855,1.574377171,0.8,-4.7,126.6,68.5,61.5,-24.383,26.9269,18.4734,0.5935309597,-0.8086952382,2.4,7,-31.1971,-6.038247021,-0.54553,2.286444359,-1136.22,10.38568308,28.422121,-13.555,-4
2026,Region 4,Sweet 16,Iowa,Nebraska,9,4,1,-3.3,-3.1,-5.50720387,-3.7136,-0.01793864,-13.5,-24.9,18.1,29.3,0.73,-0.24,-0.90832,6.77,-3.9,-3.8,-7.7,-11.6,3.6,14.7,-7,-7.7,4,5.1,6.6,-11.6,-3.5,-2.1,14.1285,15.2131907,3.2,9.3,-34.4,49.6,-37.4,63.9,4.1,18.5,-84,78.9,31.9,-20.6,-34.4,0.1,-1.1,-17.8414,-16.5530986,-7.2,-12.1,31,-48.1,30.4,-63.2,0.7,-16.6,83,-78.4,-35.6,30.3,31,10.4,-127.1,-88.2,-67.8,25.9269,-28.0667,-19.7081,-2.169259806,0.5562771756,4.8,-19.7,-0.01,-0.05,-0.02,6.77,-0.1785383274,-3.8,36.7563,3.796044514,-0.17754,-1.942357318,1368.04,-10.35102564,-21.778288,12.465,0,1.07352488,2.639233026,1.4,-10.4,127.1,88.2,67.8,-12.3613,17.3355,8.0262,-1.796017986,0.4463036777,-10.4,17.9,-36.5408,2.934230021,-0.17754,2.29671008,-1368.04,13.58860514,-10.30096,-13.98,-1.2
2026,Region 4,Sweet 16,Houston,Illinois,2,3,0,3,4.2,2.43470282,1.3257,0.00393564,-15.4,-26.2,6.8,21.5,-2.14,-2.49,0.18585,-3.18,-1.3,-2.4,-1.4,-9.8,2.6,-3.4,4.8,-1.4,-0.8,0.1,9.7,-9.8,9.2,8.1,23.9396,22.4826359,-0.9,-0.1,-33.7,50.6,-49.3,74.3,9.5,4.3,-79,83.2,27.7,-23.1,-33.7,-6.2,-3.9,-22.6132,-23.0915934,-1.5,-3.7,33.2,-48.7,25.9,-64.8,-10.4,-4.7,81,-78,-24.9,29.8,33.2,0.6,-139.1,-70.3,-75.2,13.1787,-19.5853,-14.71,2.140971428,0.008443975433,-13.8,-31.8,-0.01,0.02,0.01,-3.18,-0.8022420553,-2.4,39.194,7.28639844,-1.67067,-2.92413534,1064.3,-7.127782884,18.923506,12.72,-1,-0.5012375185,-1.875024292,-1.1,-0.6,139.1,70.3,75.2,-14.4024,21.7889,10.1782,4.22157586,0.1752256908,-7.1,19.3,-36.3543,-5.331437448,-1.67067,2.886088526,-1064.3,7.349697595,-6.387031,-14.995,2.3
2026,Region 1,Sweet 16,St. John's,Duke,5,1,0,-9.2,-8.8,-6.40882549,-12.9919,-0.04024302,-14.5,-25.5,12.7,22.2,-1.1,-0.76,1.379696,-3.42,3.9,3.8,-11.9,-10.7,1.4,13.1,-1.2,-11.9,-7.7,-1.8,12.5,-10.7,-4.4,2.1,9.1242,10.6916022,-3.3,-1.8,-36.4,44.4,-31.7,66.5,11.6,9.6,-78.3,74.5,13.5,-27,-36.4,-4.8,-10.9,-22.1157,-21.5037699,-5.1,-7.6,33.6,-44.1,27.1,-63.7,-10.5,-6.4,80.1,-78,-18.1,22.6,33.6,1.8,-130.2,-72.5,-58.8,19.2388,-27.3206,-20.5856,4.484760804,0.7301907534,4.6,-7.3,0.07,0.08,0.06,-3.42,3.008141386,3.8,33.953,5.985252753,-0.49932,-2.27141343,2044.68,-8.583300294,19.06684,12.87,0,-0.1891491119,-2.284843488,6.5,-1.8,130.2,72.5,58.8,-21.6109,17.8958,7.5675,-0.992083724,0.1450057308,-15.9,-9.9,-38.0985,-2.933282054,-0.49932,2.910273023,-2044.68,7.183136102,22.4432816,-16,-6.1
2026,Region 1,Sweet 16,Michigan St.,Connecticut,3,2,0,2.9,1.9,-1.39672484,0.4406,-0.00946496,-12.4,-23.7,13.6,26.2,0.1,0.39,-1.01754,1.15,0.8,1.4,0.2,5.7,6.4,-6.6,6.5,0.2,-4.4,-11.6,5.9,5.7,4.2,4.2,17.1653,15.3504468,-0.6,-0.8,-33.8,48.2,-19.3,63.6,11.3,15.5,-77,82.4,16.2,-21.7,-33.8,-1.4,-2.4,-16.7246,-17.2143499,-3.2,-5.1,31.9,-46.7,35.6,-66.7,-14,-21.4,76.7,-85.3,-23.3,20.6,31.9,2.6,-130.3,-75.9,-54.9,13.204,-14.7913,-12.1638,-2.06643078,-0.0125062929,-4.5,-7.8,-0.01,-0.02,0.01,1.15,1.825737472,1.4,34.041,2.659687493,0.27911,-2.212006662,2030.99,-5.795677708,-10.724718,15.025,-1,0.1690945404,0.03422842677,1.78E-15,-2.6,130.3,75.9,54.9,-22.5142,24.647,16.6804,1.571493496,-0.4984750141,-3.3,18,-38.1372,-4.837462882,0.27911,1.663639515,-2030.99,6.740929011,-21.388742,-15.415,-1
2026,Region 2,Sweet 16,Arkansas,Arizona,4,1,0,-11.7,-3.6,-6.12475967,-11.6029,-0.04470687,-9.8,-22.7,16.1,28.4,-0.5,-0.42,0.00953,-1.88,1,0.9,-3.8,11.4,9.3,14.1,-10.3,-3.8,0.8,-2,-9.4,11.4,-1,3.7,17.6781,18.3290248,1.3,-0.6,-29.7,46.2,-36,69.8,6.8,1.9,-78.8,83.4,19.6,-28.8,-29.7,-10.9,-7.5,-29.281,-27.560201,-5.4,-9.1,32.3,-45.4,26.5,-68.4,-9.5,-5.2,82.5,-80.5,-26,17.4,32.3,6.7,-138.2,-75.9,-62.5,28.7297,-25.9318,-12.5266,-0.4650801577,0.8070040763,-7.9,-7,0.02,0.01,0.02,-1.88,-2.006144451,0.9,40.2216,6.041743184,-0.2883,-2.838175891,1865.16,-8.35169245,-1.378024,13.93,0,0.4171737995,-1.304204759,4.7,-6.7,138.2,75.9,62.5,-18.7978,16.136,16.4426,-0.5637329601,-0.5981698038,3.2,-0.6,-39.0114,-5.988077446,-0.2883,3.250874568,-1865.16,7.114223449,-17.132119,-17.185,3.4
2026,Region 2,Sweet 16,Texas,Purdue,11,2,0,-17.1,-9.8,-9.39929893,-12.1659,-0.11194014,-14.7,-27.2,13.5,25.7,0.36,-0.83,0.25655,1.02,3.3,2.7,-8.8,-7.6,3.2,11.7,-2.8,-8.8,0.5,10.9,-3.2,-7.6,10.6,7.5,25.406,22.8463067,5.1,8.4,-30.9,47.3,-27.3,67.5,8.9,0.6,-86,78.2,26.7,-15.7,-30.9,-27.7,-17.2,-37.572,-38.228865,-8.6,-7.9,26.1,-48.3,29.1,-72.2,-11.4,-12.6,80.6,-82.8,-31,17.7,26.1,13.7,-139.7,-78.1,-56.4,23.6532,-22.371,-16.9762,-1.505027787,0.604975921,-0.8,-13.5,0,0.01,0.01,1.02,-0.706401214,2.7,37.8468,7.27841541,-0.51528,-2.62244509,2156.83,-10.41052237,31.688052,16.6,-1,-0.06462391254,0.04896198016,-3.1,-13.7,139.7,78.1,56.4,-10.6496,9.2642,5.8109,-1.650342962,0.5432066004,8.6,16.6,-43.3138,-2.1928406,-0.51528,2.649134461,-2156.83,11.99767235,-68.118759,-19.405,10.5
2026,Region 3,Sweet 16,Alabama,Michigan,4,1,0,-11.3,-12.3,-7.44548562,-11.8724,-0.04230018,-9,-22.3,16.2,27.9,-0.49,-1.04,-0.06942,-1.33,3.3,1.8,11.9,-6.7,5.5,6.4,-18.3,11.9,-7.5,-5.2,12,-6.7,5.6,2.8,18.0383,19.9156243,-0.5,1.6,-34,51.6,-36.5,69.7,5.6,0.2,-79.3,73.8,15.8,-20.4,-34,-17.1,-15.3,-29.91,-29.55419,-6.3,-9.6,30.5,-44.4,28,-69.6,-7.5,-7.4,72,-83.8,-24.3,21.6,30.5,5.8,-139.3,-76.7,-64.5,16.5361,-24.2477,-9.9518,-4.273097582,0.04665626165,8.7,-22.1,-0.04,-0.08,-0.06,-1.33,-2.65674234,1.8,39.2268,3.787017335,-0.72712,-2.590007509,1995.27,-5.569201144,9.735234,12.87,0,0.2505326345,2.576628317,-2.8,-5.8,139.3,76.7,64.5,-25.9765,18.9735,8.2935,1.176042829,-0.09559518848,-8,-3.9,-41.4462,-1.026274056,-0.72712,3.218297175,-1995.27,7.602577985,-36.528285,-17.22,1.8
2026,Region 3,Sweet 16,Tennessee,Iowa St.,6,2,1,-13.2,-10,-3.27243314,-6.3981,-0.0225881,-14.6,-25.5,12.3,23,0.38,0.85,-0.94915,6.64,-0.9,-1.7,-11.1,5.6,1.6,14,-3,-11.1,-3.2,-6.2,0.6,5.6,-5.8,-1.8,12.4581,13.9035675,1.1,2.7,-34.5,40.9,-32.9,59.4,16,14.3,-79.1,78.1,24.6,-26.5,-34.5,-7.2,-8,-18.8557,-18.7772455,-3.6,-4.7,30.7,-37.5,28.6,-67.2,-9.3,-3.8,82,-80.6,-22.8,22.4,30.7,4.7,-126.6,-68.5,-61.5,24.383,-26.9269,-18.4734,-0.5935309597,0.8086952382,-2.4,-7,0.04,0.04,0.06,6.64,-1.343748584,-1.7,31.1971,6.038247021,0.54553,-2.286444359,1136.22,-10.38568308,-28.422121,13.555,-3,0.1299534855,-1.574377171,4,-4.7,126.6,68.5,61.5,-19.6316,21.4056,15.798,0.174452191,-0.3667565742,-2.6,14,-39.0084,-6.018280905,0.54553,2.294620646,-1136.22,7.921857956,-31.911514,-15.81,-0.8
2026,Region 4,Sweet 16,Nebraska,Iowa,4,9,0,3.3,3.1,5.50720387,3.7136,0.01793864,-18.1,-29.3,13.5,24.9,-0.73,0.24,0.90832,-6.77,3.9,3.8,11.6,7.7,-4,-5.1,-6.6,11.6,-3.6,-14.7,7,7.7,-0.1,1.1,17.8414,16.5530986,7.2,12.1,-31,48.1,-30.4,63.2,-0.7,16.6,-83,78.4,35.6,-30.3,-31,3.5,2.1,-14.1285,-15.2131907,-3.2,-9.3,34.4,-49.6,37.4,-63.9,-4.1,-18.5,84,-78.9,-31.9,20.6,34.4,10.4,-127.1,-88.2,-67.8,12.3613,-17.3355,-8.0262,1.796017986,-0.4463036777,10.4,-17.9,0.01,0.05,0.02,-6.77,0.1785383274,3.8,36.5408,-2.934230021,0.17754,-2.29671008,1368.04,-13.58860514,10.30096,13.98,0,-1.07352488,-2.639233026,1.2,-10.4,127.1,88.2,67.8,-25.9269,28.0667,19.7081,2.169259806,-0.5562771756,-4.8,19.7,-36.7563,-3.796044514,0.17754,1.942357318,-1368.04,10.35102564,21.778288,-12.465,-1.4
2026,Region 4,Sweet 16,Illinois,Houston,3,2,1,-3,-4.2,-2.43470282,-1.3257,-0.00393564,-6.8,-21.5,15.4,26.2,2.14,2.49,-0.18585,3.18,1.3,2.4,9.8,1.4,0.8,-0.1,-9.7,9.8,-2.6,3.4,-4.8,1.4,6.2,3.9,22.6132,23.0915934,1.5,3.7,-33.2,48.7,-25.9,64.8,10.4,4.7,-81,78,24.9,-29.8,-33.2,-9.2,-8.1,-23.9396,-22.4826359,0.9,0.1,33.7,-50.6,49.3,-74.3,-9.5,-4.3,79,-83.2,-27.7,23.1,33.7,0.6,-139.1,-70.3,-75.2,14.4024,-21.7889,-10.1782,-4.22157586,-0.1752256908,7.1,-19.3,0.01,-0.02,-0.01,3.18,0.8022420553,2.4,36.3543,5.331437448,1.67067,-2.886088526,1064.3,-7.349697595,6.387031,14.995,1,0.5012375185,1.875024292,-2.3,-0.6,139.1,70.3,75.2,-13.1787,19.5853,14.71,-2.140971428,-0.008443975433,13.8,31.8,-39.194,-7.28639844,1.67067,2.92413534,-1064.3,7.127782884,-18.923506,-12.72,1.1
2026,Region 1,Elite Eight,Duke,Connecticut,1,2,0,9.8,10.7,4.82901642,11.0304,0.02384517,-11.1,-21.5,12.2,24.8,0.7,-0.32,-1.541216,3.8,1.1,1.3,8.2,5.4,8.4,5.1,-13.2,8.2,-1.6,-8.3,2.9,5.4,7.8,10.5,22.0723,20.8094158,3.9,5.9,-34.6,44.3,-19.3,65.1,12.2,7.7,-79.9,83.6,14.9,-20.9,-34.6,1.9,0.2,-11.0422,-13.2805422,-1.1,-3.7,34.4,-43.3,42.7,-63.9,-12.4,-16.4,75.5,-74.4,-18.8,20.8,34.4,5,-129,-73.4,-62,22.3401,-20.009,-9.647,-1.63051382,0.06835647205,15.2,5.9,-0.02,-0.03,-0.02,3.8,-2.34348514,1.3,38.6175,4.160978507,-0.19686,-2.28066462,1441.5,-5.825736196,-18.3214376,17.38,0,0.01265842229,-0.3367507531,2.7,-5,129,73.4,62,-18.671,23.7208,17.6216,-2.822357051,-0.3602895758,-6.3,11.9,-36.2486,-4.014141286,-0.19686,2.200316665,-1441.5,8.551989422,-27.780722,-12.49,-1.7
2026,Region 2,Elite Eight,Arizona,Purdue,1,2,1,1.7,0,4.47501937,6.4564,0.01338736,-15.6,-28.9,5.8,21.9,1.26,-0.33,-0.90596,-0.97,6.1,5.6,-18.2,-3.7,1.4,13.7,4.5,-18.2,-1.7,0.5,3.2,-3.7,10.2,6.1,28.112,25.6684717,6,8.5,-29.8,45.4,-29.5,68.5,12.2,12.9,-82.6,83.8,27.8,-14.3,-29.8,-8.4,-6,-21.6551,-23.2802748,-2.3,-1.9,30.7,-45.8,40.5,-69,-11,-15.7,82.8,-86.2,-24.7,18.3,30.7,8.3,-137.5,-74.4,-70,24.2977,-21.8234,-19.962,0.4058963094,1.103644989,-8.1,-13.3,-0.05,-0.01,-0.02,-0.97,0.2771931878,5.6,39.1625,7.286897387,-0.1307,-2.454076178,1432.61,-10.37542894,6.87582,17.54,-1,-0.170063778,-0.7449198142,-4.1,-8.3,137.5,74.4,70,-13.5977,17.708,10.0181,1.117597723,0.05528464535,15,29.2,-40.6272,-3.081370961,-0.1307,2.673079051,-1432.61,8.394666575,-40.99488,-14.295,2.4
2026,Region 3,Elite Eight,Michigan,Tennessee,1,6,1,20.8,16.1,9.87531841,11.5671,0.03870319,-12.7,-24.2,16,26.3,0.22,0.5,0.49058,0.17,4,6,-2.6,10.1,8.4,11.6,-9,-2.6,-6.2,-15.1,5.1,10.1,11.4,8.6,21.6557,22.3513245,4.8,10.2,-33.4,45,-23.6,65.7,10.3,6.1,-74.7,79.8,25,-20.6,-33.4,9.4,7.5,-10.0893,-11.4588223,4.8,3.5,36.4,-44.5,35.5,-65.3,-16.8,-6.5,79.3,-77.2,-15.2,28.2,36.4,0,-131,-68.3,-59.1,28.7986,-24.3456,-15.7656,0.02098495066,0.5321102912,11,-3.4,-0.03,-0.01,-0.01,0.17,2.165874238,6,39.1527,3.416378949,0.4726,-2.320550394,1973.58,-7.841494895,30.925046,16.865,1,-0.1210286546,1.45818079,-2.8,0,131,68.3,59.1,-22.5854,28.8843,18.5886,0.460543238,-0.9234249222,4.5,12.7,-33.2149,-6.14222949,0.4726,2.484048826,-1973.58,5.573032173,26.770804,-12.44,-1.9
2026,Region 4,Elite Eight,Iowa,Illinois,9,3,0,-11.6,-5.4,-4.61209186,-9.6567,-0.0512899,-18.1,-27.2,11.9,24.1,-1.5,-2.51,-0.18548,0.97,-2.8,-2.7,-0.6,-11.6,3.8,11,-10.4,-0.6,-0.2,5.1,6.5,-11.6,3.1,5.1,20.8176,19.5913599,2.7,6.7,-32.9,50.4,-41.8,72,4.7,9.4,-84.8,78.1,26.5,-20.9,-32.9,-14.7,-10.5,-30.4734,-30.1371586,-7.5,-12.2,31.6,-52,24.8,-64.4,-11.7,-2.2,79.1,-72.9,-33.9,26.4,31.6,10.2,-136.4,-76.4,-66.6,23.0919,-24.6939,-14.098,-0.8876501855,0.367551494,1.4,-16.2,-0.01,-0.02,-0.01,0.97,-2.272802883,-2.7,41.0121,2.000098799,-1.6847,-2.855198623,1864.52,-7.188264923,2.297656,13.75,-1,0.08646358033,0.2772665299,2,-10.2,136.4,76.4,66.6,-15.2042,16.9573,8.3304,1.506955493,0.3634650749,-10.3,13.7,-37.4639,-5.64898739,-1.6847,2.537018549,-1864.52,13.54682128,-26.151964,-17.72,4.2
2026,Region 1,Elite Eight,Connecticut,Duke,2,1,1,-9.8,-10.7,-4.82901642,-11.0304,-0.02384517,-12.2,-24.8,11.1,21.5,-0.7,0.32,1.541216,-3.8,-1.1,-1.3,-5.4,-8.2,1.6,8.3,-2.9,-5.4,-8.4,-5.1,13.2,-8.2,-1.9,-0.2,11.0422,13.2805422,1.1,3.7,-34.4,43.3,-42.7,63.9,12.4,16.4,-75.5,74.4,18.8,-20.8,-34.4,-7.8,-10.5,-22.0723,-20.8094158,-3.9,-5.9,34.6,-44.3,19.3,-65.1,-12.2,-7.7,79.9,-83.6,-14.9,20.9,34.6,5,-129,-73.4,-62,18.671,-23.7208,-17.6216,2.822357051,0.3602895758,6.3,-11.9,0.02,0.03,0.02,-3.8,2.34348514,-1.3,36.2486,4.014141286,0.19686,-2.200316665,1441.5,-8.551989422,27.780722,12.49,0,-0.01265842229,0.3367507531,1.7,-5,129,73.4,62,-22.3401,20.009,9.647,1.63051382,-0.06835647205,-15.2,-5.9,-38.6175,-4.160978507,0.19686,2.28066462,-1441.5,5.825736196,18.3214376,-17.38,-2.7
2026,Region 2,Elite Eight,Purdue,Arizona,2,1,0,-1.7,0,-4.47501937,-6.4564,-0.01338736,-5.8,-21.9,15.6,28.9,-1.26,0.33,0.90596,0.97,-6.1,-5.6,3.7,18.2,1.7,-0.5,-3.2,3.7,-1.4,-13.7,-4.5,18.2,8.4,6,21.6551,23.2802748,2.3,1.9,-30.7,45.8,-40.5,69,11,15.7,-82.8,86.2,24.7,-18.3,-30.7,-10.2,-6.1,-28.112,-25.6684717,-6,-8.5,29.8,-45.4,29.5,-68.5,-12.2,-12.9,82.6,-83.8,-27.8,14.3,29.8,8.3,-137.5,-74.4,-70,13.5977,-17.708,-10.0181,-1.117597723,-0.05528464535,-15,-29.2,0.05,0.01,0.02,0.97,-0.2771931878,-5.6,40.6272,3.081370961,0.1307,-2.673079051,1432.61,-8.394666575,40.99488,14.295,1,0.170063778,0.7449198142,-2.4,-8.3,137.5,74.4,70,-24.2977,21.8234,19.962,-0.4058963094,-1.103644989,8.1,13.3,-39.1625,-7.286897387,0.1307,2.454076178,-1432.61,10.37542894,-6.87582,-17.54,4.1
2026,Region 3,Elite Eight,Tennessee,Michigan,6,1,0,-20.8,-16.1,-9.87531841,-11.5671,-0.03870319,-16,-26.3,12.7,24.2,-0.22,-0.5,-0.49058,-0.17,-4,-6,-10.1,2.6,6.2,15.1,-5.1,-10.1,-8.4,-11.6,9,2.6,-9.4,-7.5,10.0893,11.4588223,-4.8,-3.5,-36.4,44.5,-35.5,65.3,16.8,6.5,-79.3,77.2,15.2,-28.2,-36.4,-11.4,-8.6,-21.6557,-22.3513245,-4.8,-10.2,33.4,-45,23.6,-65.7,-10.3,-6.1,74.7,-79.8,-25,20.6,33.4,0,-131,-68.3,-59.1,22.5854,-28.8843,-18.5886,-0.460543238,0.9234249222,-4.5,-12.7,0.03,0.01,0.01,-0.17,-2.165874238,-6,33.2149,6.14222949,-0.4726,-2.484048826,1973.58,-5.573032173,-26.770804,12.44,-1,0.1210286546,-1.45818079,1.9,0,131,68.3,59.1,-28.7986,24.3456,15.7656,-0.02098495066,-0.5321102912,-11,3.4,-39.1527,-3.416378949,-0.4726,2.320550394,-1973.58,7.841494895,-30.925046,-16.865,2.8
2026,Region 4,Elite Eight,Illinois,Iowa,3,9,1,11.6,5.4,4.61209186,9.6567,0.0512899,-11.9,-24.1,18.1,27.2,1.5,2.51,0.18548,-0.97,2.8,2.7,11.6,0.6,0.2,-5.1,-6.5,11.6,-3.8,-11,10.4,0.6,14.7,10.5,30.4734,30.1371586,7.5,12.2,-31.6,52,-24.8,64.4,11.7,2.2,-79.1,72.9,33.9,-26.4,-31.6,-3.1,-5.1,-20.8176,-19.5913599,-2.7,-6.7,32.9,-50.4,41.8,-72,-4.7,-9.4,84.8,-78.1,-26.5,20.9,32.9,10.2,-136.4,-76.4,-66.6,15.2042,-16.9573,-8.3304,-1.506955493,-0.3634650749,10.3,-13.7,0.01,0.02,0.01,-0.97,2.272802883,2.7,37.4639,5.64898739,1.6847,-2.537018549,1864.52,-13.54682128,26.151964,17.72,1,-0.08646358033,-0.2772665299,-4.2,-10.2,136.4,76.4,66.6,-23.0919,24.6939,14.098,0.8876501855,-0.367551494,-1.4,16.2,-41.0121,-2.000098799,1.6847,2.855198623,-1864.52,7.188264923,-2.297656,-13.75,-2