year,region,round,high_bracket_team,low_bracket_team,high_bracket_seed,low_bracket_seed,win,5man_bpm,3man_bpm,wab,kenpom_rtg,torvik_rtg,5man_prpg,3man_prpg,5man_dprpg,3man_dprpg,size,height,experience,bench,raw_tempo,adj_tempo,3pr,3prd,off_dunk_share,off_close2_share,off_far2_share,off_3pt_share,def_dunk_share,def_close2_share,def_far2_share,def_3pt_share,5man_obpm,3man_obpm,kenpom_off,torvik_off,efg_pct,2p_pct,3p_pct,ft_pct,ftr,tor,orb_pct,ast_pct,blk_pct,off_dunk_fg_pct,off_close2_fg_pct,off_far2_fg_pct,off_3pt_fg_pct,5man_dbpm,3man_dbpm,kenpom_def,torvik_def,efgd_pct,2pd_pct,3pd_pct,ftd_pct,ftrd,tord,drb_pct,astd_pct,blked_pct,def_dunk_fg_pct,def_close2_fg_pct,def_far2_fg_pct,def_3pt_fg_pct,net_efg_margin,net_turnover_margin,net_rebounding_margin,net_ftr_margin,rim_efficiency,perimeter_efficiency,three_point_volume_efficiency,shot_quality_variance,rim_to_three_ratio,mid_range_reliance,paint_touch_rate,top5_scoring_concentration,top5_rebounding_concentration,top5_def_rebounding_concentration,bench_scoring_ratio,rotation_balance,tempo_advantage,effective_possession_rate,offensive_versatility_score,size_speed_index,assist_to_usage_ratio,free_throw_advantage,block_efficiency,experience_weighted_production,four_factors_composite,elite_outcome_probability,offense_defense_balance,shooting_variance_resilience,lineup_depth_quality,def_net_efg_margin,def_net_turnover_margin,def_net_rebounding_margin,def_net_ftr_margin,def_rim_efficiency,def_perimeter_efficiency,def_three_point_volume_efficiency,def_shot_quality_variance,def_rim_to_three_ratio,def_mid_range_reliance,def_paint_touch_rate,def_effective_possession_rate,defensive_versatility_score,def_size_speed_index,def_assist_suppression,def_free_throw_advantage,def_block_efficiency,def_experience_impact,def_four_factors_composite,def_lineup_depth_quality
2015,Region 1,Second Round,2015 Kentucky,2015 Cincinnati,1,8,1,20.7,12.2,14.12142705,23.1845,0.149872236,-3.5,-2,-9.5,-5.3,2.04,5.55,-0.71,6.33,4.5,3.3,-38.5,-38.4,7.5,-4,10.5,-6.3,-1.5,-0.9,0.1,0.7,7.5,5.1,27.1655,26.56525849,7.3,9.5,2.1,7.3,18.4,3.9,8.7,2.3,10.4,9.2,20.3,2.9,3,11.3,7.2,24.5163,22.89924693,10.7,11.4,5.9,2.4,6.2,0.5,-5.7,13,9.8,5.4,13.2,7.4,5.9,-13.6,-120.2,-59,-61.4,16.6966,-19.4958,-13.2543,4.201091324,0.438613114,-17.5,-8.3,0.01,0.01,0.01,6.33,-0.688342154,3.3,32.0383,5.047281217,3.56847,-1.42166327,697.62,-5.701730867,-4.252,11.465,0,0.207552235,0.437789862,-2.4,13.6,120.2,59,61.4,-10.8746,25.0281,12.4608,0.226386529,-0.110645536,21.1,19.4,-26.5194,-4.940895321,3.56847,2.985976256,-697.62,4.949723621,0.297,-6.815,-4.1
2015,Region 1,Second Round,2015 West Virginia,2015 Maryland,5,4,1,-3.9,-5.4,-2.879316398,2.5607,0.020829875,-7.1,-5.5,-1.3,2.5,-2.08,-2.91,-0.18,7.94,4.3,4.5,-28.8,-30,-1.1,6.7,-2.8,-3.9,1.8,8.1,-1.4,-6.7,-1.7,2.2,18.3192,16.59689284,1.2,1.3,0.7,0,12.5,-1.4,10.5,9.3,-0.8,14.5,-3.5,3.1,-0.4,-4.2,-7.4,16.6257,17.0053156,-1.7,-3.8,0.7,7,-11.4,9.8,1.9,-5.1,1.7,0.9,1,-4.4,0.9,-4.5,-117.4,-68.4,-31.3,9.5016,-26.7207,-14.846,5.723287056,0.273298925,-13.8,-26.2,-0.02,0,0.01,7.94,2.345334215,4.5,28.44,3.855200666,-1.83396,-2.034721574,2203.32,-7.67530389,-4.832,10.145,0,0.158150087,-2.138749937,3.9,4.5,117.4,68.4,31.3,-10.5988,14.7223,5.8723,-1.506698953,0.51388498,8.4,13.7,-28.1676,-3.058612813,-1.83396,1.888144275,-2203.32,9.881397211,-7.818,-14.43,-3.2
2015,Region 1,Second Round,2015 Butler,2015 Notre Dame,6,3,0,-1.5,-2.5,-5.082441679,-4.4436,-0.026201106,-3.8,-2.7,-1.2,0.9,-0.2,0.5,0.22,1.61,0.5,0,-38.4,-27.5,-0.4,2.3,0.5,-2.8,-6,-7.8,11.2,-3.6,2.7,4.9,10.002,8.67246165,1,-0.2,2.9,-2.2,17.2,0,3.9,-3.7,1.8,4.2,0.1,-2.9,2.9,-9,-7.5,33.6961,34.70081683,11.7,11.1,8.6,6.1,3.8,4.9,-3.2,3.8,-1.9,-0.7,7,7.8,8.1,2.7,-131.5,-79.9,-65.8,11.8551,-22.1642,-11.0425,1.90347318,0.181716675,-21.7,-23.5,0.01,-0.01,1.42E-14,1.61,-3.198368331,0,31.526,7.843179083,0.3205,-2.808244211,1072.67,-10.15611616,7.595,10.53,-3,-2.332973868,-5.759553558,2.2,-2.7,131.5,79.9,65.8,-22.1579,21.2867,8.9319,3.88149527,-0.263832274,4,13.2,-39.9133,-3.253958346,0.3205,2.180329635,-1072.67,10.37182276,-12.388,-14.975,1.5
2015,Region 1,Second Round,2015 Wichita St.,2015 Kansas,7,2,1,9.1,6.8,-4.318519711,-2.0866,-0.000141936,-1.6,0.1,-6.6,-3.3,-1.4,-2.88,0.77,-3.98,-5.9,-5.1,-32.8,-42,1.2,-1.3,-1.4,2.7,-4.9,-7.2,5.2,1.9,7.8,8.8,24.4327,23.08982802,6.3,5.4,5,2.3,1.8,2.3,3,7.8,-1.9,5.2,7.2,4,3.8,4,-1.8,20.9645,21.56856904,4.1,4,3.1,3.9,6.2,2.5,-7.9,10.2,2.8,-3.9,3.8,0.3,2.6,-10.4,-126.6,-71.5,-51.2,9.6898,-20.8769,-9.6709,0.838419258,-0.098679321,-17.6,-21.3,0,0.01,0.01,-3.98,0.334359437,-5.1,33.2636,3.352881502,-1.84899,-1.965069187,1331.76,-6.726659261,24.583,10.815,-1,0.336470389,-1.982591396,1,10.4,126.6,71.5,51.2,-14.2552,23.2675,8.8673,2.218621043,-0.499102842,24.4,19.9,-28.0469,-6.73968971,-1.84899,2.972472079,-1331.76,7.970410578,17.355,-11.175,-5.8
2015,Region 4,Second Round,2015 Wisconsin,2015 Oregon,1,8,1,28.5,19.9,8.303667258,20.3407,0.168118944,9.8,7,-8.9,-4.7,2.8,7.42,0.69,-9.07,-8.5,-7.6,-30.5,-39.4,2.7,-1.1,-2.9,4,-3.8,-1.2,9.5,-8.3,24.6,19.9,25.542,26.84088479,6.8,8.3,2.4,6.7,0.3,4.4,0.2,2.4,2.3,-1.9,8.8,5.4,3.3,8.1,0,21.1666,20.54020457,5.4,6.6,0.7,8.6,8.4,-0.3,-6.9,10.7,4.7,-2.3,7.8,1.7,-0.8,1.2,-137.1,-82.1,-78.5,13.4755,-17.7965,-8.6299,-2.245166089,-0.078829098,-12.1,-22.8,0.01,0.01,0,-9.07,-3.249041447,-7.6,39.06,1.41203108,4.58018,-2.467773801,495.14,-8.684423067,56.757,14.335,1,0.290846463,1.919767228,-4.7,-1.2,137.1,82.1,78.5,-15.0883,18.8193,3.5248,0.878843739,0.19487682,26.1,23,-34.3419,-6.381685724,4.58018,4.164091393,-495.14,10.11329438,23.886,-10.065,-8.1
2015,Region 4,Second Round,2015 Arkansas,2015 North Carolina,5,4,0,-11.2,-5.2,-2.578309232,-6.8192,-0.092675987,-4,-1,1.8,1.8,-0.14,-0.1,0.38,5.13,0.8,-0.1,-31.8,-46.1,1.3,0.8,5,-5.8,-2.7,1.4,-10.3,8.9,3.4,7.6,20.8161,21.62264369,4.9,3.4,5.2,3.7,-0.3,1.2,5.1,6.7,3.8,-0.2,8.1,0.6,4.9,-17.5,-12.9,19.957,21.37211557,2.8,4.7,-0.8,-1.2,-3.8,4.4,-5.7,9.2,4.9,7.6,9,5,0.5,-4.5,-124.8,-59.8,-51.9,13.1215,-23.0875,-14.9761,-0.741455559,0.249457678,-21.8,-25.9,0,0,0,5.13,-2.164015529,-0.1,32.1302,3.653854239,-0.07216,-1.865257248,1414.82,-7.556172901,11.75,11.855,0,0.126998225,1.923178002,4.2,4.5,124.8,59.8,51.9,-15.7309,18.1485,12.2565,-2.592877184,-0.60829705,22.9,12.7,-30.4288,0.043337194,-0.07216,2.168596386,-1414.82,7.430307723,-20.417,-11.92,4.6
2015,Region 4,Second Round,2015 Xavier,2015 Georgia St.,6,14,1,9.3,5.1,3.877640047,8.87633,0.121922249,-2.9,-1.6,-5.5,-1.1,0.57,3.77,-0.66,2.16,1.7,2.5,-25.2,-35.4,-0.2,7.3,1.6,-8.8,-2.3,-9.7,0,9.5,6.7,7.7,14.596,16.43185328,8,11.2,2.3,1.7,-1.3,4.8,-3.2,-0.6,1.9,2.5,11.1,7.8,1.9,0.5,-2.7,13.8317,12.95794114,1.7,4.5,-3.1,6.3,4,2.7,-3.4,-2.3,3.7,4.2,3.3,2.7,-2.2,0.1,-123.5,-76.6,-49.7,12.9533,-22.6087,-16.3711,-0.544457115,0.467652103,0,-13.1,0.01,0,0.01,2.16,1.449416388,2.5,30.92,-0.02646063,2.4617,-1.43353144,1653.05,-6.739396933,5.898,9.985,-1,0.029893353,3.511183639,1,-0.1,123.5,76.6,49.7,-20.0486,23.0674,15.3857,-2.111335743,-0.770598599,12.2,15.6,-33.7749,-1.908399128,2.4617,1.865181443,-1653.05,10.69570126,-2.322,-13.515,-3.2
2015,Region 4,Second Round,2015 Ohio St.,2015 Arizona,10,2,0,-7.5,-7.1,-6.547429164,-11.3077,-0.05014743,-8.6,-5,-4.2,-1.9,-0.31,-2.65,0.12,0.6,-0.7,-0.3,-36.5,-36.3,6.2,10.4,-10.9,0.5,-1.7,0,-11.8,11.8,-4.4,-2.6,29.3997,27.68993276,10.2,11.9,4.4,-1.4,-1.5,4.1,11.8,6.6,8.4,8.6,10.3,3.4,3.4,-4.7,-4.6,23.9212,22.65256126,7,7.6,4.2,0.2,19.7,5.4,-2.7,-4.1,2.9,4.5,10.2,10.1,3.8,-1,-123.1,-78.1,-54.4,22.1843,-25.7363,-9.076,2.931090744,0.503952975,-23.5,-23.8,0.01,-0.01,-0.01,0.6,-1.568237014,-0.3,33.4823,7.714392708,-1.77501,-2.339982962,1489.99,-9.026799642,-4.7,13.02,2,0.547135019,-1.460667953,1.8,1,123.1,78.1,54.4,-14.5672,18.7057,16.2366,0.707119349,-0.57799836,15.2,13.5,-32.8474,-4.582882079,-1.77501,1.83735428,-1489.99,6.196836594,-5.468,-12.095,0.1
2015,Region 2,Second Round,2015 Villanova,2015 NC St.,1,8,0,15.5,9.2,10.19368981,15.5933,0.108807382,2,0.6,-7.9,-2.4,-0.3,-0.9,0.58,-0.64,0.6,-0.1,-25.7,-35.1,3.3,-2.9,-8.5,11.4,-3.9,2.2,-2.2,0,14.8,11.5,23.8353,23.37061232,9.8,9.5,5.7,2.4,8.3,-1.2,2.2,11.3,0.8,1.5,11.5,5,6,0.2,-2.1,22.4847,21.93672361,4.1,2.2,5.3,1,5.8,5.5,-3,-7,4.9,-3.2,6,-0.7,5.2,-4.1,-130.1,-71.6,-57.1,11.5345,-17.0969,-4.4202,-1.494814997,-0.320611205,-11.3,-21.8,0,-0.01,0,-0.64,2.128757506,-0.1,37.7272,0.684521949,-0.58423,-2.191609188,1332.85,-6.490422773,30.35,14.235,2,0.042653319,0.40761336,-3.3,4.1,130.1,71.6,57.1,-9.3693,18.7018,10.8836,2.507715053,-0.052793392,21,23.3,-29.7383,-8.72969791,-0.58423,2.236985684,-1332.85,8.224100889,7.918,-9.125,-2.3
2015,Region 2,Second Round,2015 Northern Iowa,2015 Louisville,5,4,0,3.3,-0.2,-0.09844535,0.5258,-0.005130814,-8.8,-7.2,-4.7,0.9,0.04,-3.41,0.7,7.47,-8.8,-7.5,-28.6,-29.3,-3.2,4.3,-12.6,8.3,-7,-5.7,-0.5,6.1,-2.9,2.2,26.994,27.43382119,12.8,10.6,10.4,7.4,5.5,3.8,-4,-1.9,1.1,9.5,6.1,6.9,9.5,4.4,-2.4,14.3818,15.71081063,2.7,5.1,-1.2,-5.5,12.1,1.5,-8.2,0.1,6.5,8.9,6.5,0.9,-1.3,-7.5,-123.1,-80.2,-59.6,12.0797,-22.1212,-6.145,0.439047819,-0.227834309,-11,-21.3,0,-0.01,-0.01,7.47,1.097831363,-7.5,33.7452,2.05833739,-2.20185,-1.835679437,1117.83,-6.19502868,5.986,10.325,0,1.175813792,3.141176942,5.1,7.5,123.1,80.2,59.6,-18.1568,26.9697,15.9397,-4.591458926,-0.543597692,23.5,30.3,-28.6959,-6.412665913,-2.20185,2.294148764,-1117.83,11.1604521,15.104,-9.35,-6.8
2015,Region 2,Second Round,2015 Dayton,2015 Oklahoma,11,3,0,-14.1,-8.5,-3.346498357,-10.2145,-0.142485183,-11.4,-5.9,-5.7,-2.3,-0.86,-3.45,-0.28,-0.92,-3.8,-4.1,-28.9,-33.6,1.9,0.8,-4.7,3.8,-2.6,-1.3,1.8,-0.5,-8.6,-2,21.2976,19.26410331,9.1,10.5,4.2,2.9,19.7,2.4,-7.3,11.8,-3,-0.1,12.4,6.1,3.8,-7.3,-6.4,16.6878,15.17469638,2.1,1.3,2.5,5.5,1.6,3.4,-2.9,-5.8,1.2,10.2,1.5,0.2,1.6,-6.8,-123.2,-85.4,-58.7,12.3456,-22.1831,-9.789,-1.606986515,-0.032262083,-14.5,-26.1,1.42E-14,-0.02,-0.01,-0.92,0.843093603,-4.1,32.029,-4.299043075,-2.22932,-2.110607229,1057.97,-6.87916144,-17.64,9.265,-1,0.436093379,2.20702569,6.6,6.8,123.2,85.4,58.7,-14.2979,23.1621,10.9851,-3.984545353,-0.099100234,19.6,23.9,-29.5365,-6.294651082,-2.22932,1.932026578,-1057.97,12.11853485,-15.498,-9.13,0.9
2015,Region 2,Second Round,2015 Michigan St.,2015 Virginia,7,2,1,3.4,-0.1,-6.948056319,-9.9672,-0.049111887,-4.7,-1.9,-6.2,-2.7,-2.08,-2.87,0.2,-1.81,4.7,5.8,-28.8,-37.4,4.5,-0.5,2.2,-1.6,-3.7,-3.7,-2.6,6.4,-0.1,4.3,31.5438,31.44036398,12.1,12.1,8.3,-1.4,4,0.2,10.3,14.7,6.1,2.2,15.2,7.6,7.8,1.3,-4.5,20.266,20.65613911,5.5,6,3.8,0.6,-3.5,0.9,-8,3.8,6.2,10.8,9.4,2.5,3.8,-7.6,-130.9,-81.1,-68.3,13.4401,-22.682,-11.8172,-1.758059286,0.159369703,-16.2,-23.8,0.01,-0.01,1.42E-14,-1.81,1.093836771,5.8,33.6175,5.0075355,-1.72425,-2.333304099,183.71,-6.738578494,4.395,10.23,2,1.072375338,2.683937829,4.4,7.6,130.9,81.1,68.3,-16.178,24.3881,13.5754,-3.899572675,-0.52032765,19.6,19.4,-33.7258,-6.712084206,-1.72425,2.10221308,-183.71,6.876879307,4.725,-12.87,-5.8
2015,Region 3,Second Round,2015 Duke,2015 San Diego St.,1,8,1,15.9,8.9,9.045474124,13.0888,0.096596742,1,2.8,-11.5,-6.9,-1.09,0.73,-0.76,-11.23,6.3,5.6,-33.2,-41.8,4.2,9.7,-11.1,1.4,-0.1,5.7,-2.9,-2.8,8.9,7.1,36.0701,37.71817741,14.2,15.1,8,-0.5,13.5,4.7,7.2,7.6,-1.7,7.7,12,4.6,8,7,1.5,9.4557,9.4120131,-0.7,-1,0.1,-6.6,11.3,0.1,-5.8,-0.5,5.9,-12.3,3.6,-0.7,0.6,-6.3,-124.4,-66.4,-72,22.997,-26.4158,-9.3156,1.19911343,0.369526322,-13.1,-14.9,0.01,0.01,-0.02,-11.23,1.259599098,5.6,35.0213,5.635795847,0.61588,-2.20415493,547.06,-6.154150586,-3.714,11.74,2,2.490663294,-0.367901406,-1.8,6.3,124.4,66.4,72,-8.2483,19.9999,9.2788,5.120593118,0.318929532,25.3,23,-28.1776,-7.20570618,0.61588,2.518869616,-547.06,10.13102507,3.164,-8.64,-5.5
2015,Region 3,Second Round,2015 Utah,2015 Georgetown,5,4,1,16.1,8.6,0.05293895,7.3341,0.064368277,0.3,1.4,-6.5,-2.4,-0.5,1.05,-0.09,1.27,-2,-3.2,-27.1,-40.1,-0.5,-0.2,-1.7,1.9,-2.9,-7.8,11.2,-3.4,13.4,9.4,22.836,21.93795991,9,10.1,4.3,-0.5,-1.1,2.8,0,4.2,3.2,6.2,10.9,5.9,3.8,2.7,-1,23.6361,22.61776974,8.2,9.5,3.1,2.9,9.6,-0.9,-6.2,10.6,4.1,2.9,9.4,3.7,4.1,-4.2,-124.1,-75,-34.7,10.4518,-17.6583,-7.689,0.922501425,-0.076813362,-8.7,-19.5,0.01,0.01,-0.01,1.27,0.863867479,-3.2,34.7028,1.329649778,0.56479,-1.715515161,2314.8,-6.03511233,19.888,14.285,0,-0.095822816,1.18701378,-4,4.2,124.1,75,34.7,-14.5046,24.6033,8.6153,0.191118961,-0.200173559,17.2,17.7,-30.6413,-4.861794718,0.56479,2.471996094,-2314.8,6.474897299,2.826,-11.095,-3.7
2015,Region 3,Second Round,2015 UCLA,2015 UAB,11,14,1,13.6,8,7.18775725,11.30681,0.271794025,2.2,2.7,-11.6,-6.3,1.56,2.49,0.35,-16.37,2,1.5,-38.5,-31,0.6,-5.2,8.1,-2.9,-0.1,-6.5,-1.9,8.4,14.5,9.4,10.508,9.7249457,2.2,0.2,4.5,-0.8,2.2,2.3,0.7,4.9,0.8,3.9,4.1,0,4.7,6.4,-1.5,6.4535,4.90680466,-0.9,1.2,-2.3,3.9,4.5,-1.9,-5.9,1.3,5.5,-1.1,-2.7,4.5,-2.1,-6.9,-123.8,-71,-59.7,9.3713,-16.9373,-10.957,0.801773111,-0.011179214,-12.3,-10.8,0.01,0.02,-0.01,-16.37,0.259959296,1.5,30.3006,3.440831865,1.68396,-1.82627848,1101.52,-6.548782848,17.185,10.015,-1,0.37502826,-2.156391862,-5.1,6.9,123.8,71,59.7,-11.2719,22.7911,14.7105,1.178023828,-0.491791744,11.1,18.2,-28.5583,-2.494330633,1.68396,1.632627282,-1101.52,8.367731506,8.141,-10.54,-7.9
2015,Region 3,Second Round,2015 Iowa,2015 Gonzaga,7,2,0,-8.8,-1.9,-5.89920745,-10.6729,-0.043280334,-6,-1.5,0.3,0.9,0.7,-0.95,-0.02,7.21,-0.6,-0.5,-38.8,-31.4,6.5,0.2,-0.1,-0.2,1.1,-6.5,2.4,4.2,-3.8,8.9,20.3632,20.22947822,4.2,5.5,0.9,8.4,8,0.2,7.2,15.8,7.1,-12.4,10,2.8,0.6,-7.7,-10.7,26.8115,27.74645777,13.3,14,8.4,-1.4,9.9,3,-3.4,3.9,-1,5.4,8.8,13.7,7.6,-5.1,-129.4,-71.2,-60.5,12.6651,-23.2809,-10.4026,-5.808130727,0.228643303,-31.7,-30.9,0.01,0.01,0,7.21,-0.357487554,-0.5,29.5564,1.963703067,-0.6423,-2.628001521,1222.67,-11.16635701,-8.394,9.93,0,-0.586679093,-3.474457868,12.7,5.1,129.4,71.2,60.5,-15.4164,21.558,11.6852,2.34373061,-0.280101895,21.2,31.2,-38.2851,-3.550672147,-0.6423,1.968706353,-1222.67,6.782300649,-16.723,-13.425,-3
2016,Region 1,Second Round,2016 Kansas,2016 Connecticut,1,9,1,9.1,3.4,10.21335535,11.052,0.087585573,-0.1,1.5,-4.7,-3.5,-0.71,-0.48,-0.11,-0.78,2.8,3.2,-29.9,-34.1,3,4.5,-1.1,-3.4,-4.7,-1.9,3,-1.1,8,3.8,27.48,27.19848363,11.7,10.9,9.5,4.8,4.5,0.3,3,2.3,1,0.1,10.4,8.9,8.7,5.2,-0.4,21.076,19.10211306,6.7,7.6,3.2,6.8,-7.5,2.6,-0.3,3.6,5.2,5,8.1,3.5,4,-2.6,-128.5,-80.7,-59.6,15.1343,-21.0758,-10.8524,-3.740121082,0.335453741,-12.7,-17.9,0,-1.42E-14,0.01,-0.78,1.493969146,3.2,35.85,5.474578091,-0.26864,-2.193945992,1086.01,-6.373410175,13.285,12.69,2,0.576215115,3.923005104,-4.2,2.6,128.5,80.7,59.6,-14.5319,20.8391,9.7045,-0.747490115,-0.158895765,18.2,19.6,-32.9723,-2.631290155,-0.26864,2.243284728,-1086.01,8.786116647,8.187,-10.115,-5.6
2016,Region 1,Second Round,2016 Maryland,2016 Hawaii,5,13,1,9.1,0.4,3.063197009,8.9776,0.099621383,0,-0.8,-6.4,-1.6,1.71,2.99,-0.38,-6.35,-4.3,-3.4,-28.6,-24.8,7.4,5.4,-10.1,4.7,-0.7,1,2.6,-3.6,10.5,5.4,19.7869,19.24517995,10.7,11.4,6.3,5.2,-3.6,0.8,3.5,3.9,6.4,3.9,8.6,6.8,6.2,1.5,-5.1,12.6624,10.86465295,5.8,8.9,0.5,-1.4,19.4,-1.9,-1.4,12.9,2,4.7,6.4,9.8,0.1,-0.3,-126.1,-82.7,-51.8,21.8169,-23.9775,-9.6892,-0.828893494,0.220014942,-17.9,-24.8,0.01,-1.42E-14,0.01,-6.35,2.433700413,-3.4,34.0155,3.954703086,1.97472,-2.138063154,1914.3,-8.730924417,15.241,12.4,2,0.67821853,1.613264972,-5.1,0.3,126.1,82.7,51.8,-13.0551,21.4265,11.2977,-0.258058218,0.108190195,12.6,24.5,-34.0455,1.307371594,1.97472,2.000982934,-1914.3,6.429836935,-1.031,-12.215,-6.6
2016,Region 1,Second Round,2016 Wichita St.,2016 Miami FL,11,3,0,6.6,5.8,-6.585456922,-1.6972,-0.006922312,-6.8,-1.9,-1.4,0.5,-0.79,-2.88,-0.35,13.26,0,-0.4,-31.7,-28.8,0.7,-1.4,-6.3,7.7,-4.9,-6,3,3.1,4.9,7.1,15.7435,16.11332755,1.6,2.9,-0.7,0.9,9,2.7,2.7,11.1,4.4,-4.5,2.3,0.6,-2.1,2,-1.4,28.2562,28.46773602,9.4,11.6,3.9,3.2,-5.4,7.2,-6.9,0,0.6,0.1,10.2,8.6,4.8,-4,-128.5,-84.8,-48,10.0864,-19.5125,-7.6361,-1.500204192,-0.27829434,-14.5,-22.5,0,0.02,1.42E-14,13.26,2.603652345,-0.4,33.1592,0.752519652,-1.93692,-2.616205822,2090.06,-10.17112782,6.503,11.495,1,-1.214218186,-2.581806552,2.2,4,128.5,84.8,48,-16.9654,23.3003,12.1885,2.726735558,-0.404809215,12.8,21.7,-32.4,-6.725915299,-1.93692,2.851780933,-2090.06,7.731304405,-1.475,-13.75,-3.4
2016,Region 1,Second Round,2016 Iowa,2016 Villanova,7,2,0,-12,-5,-6.940931281,-5.3908,-0.047969802,-4.6,-1.4,-0.6,0.1,1.13,4.12,0.42,-2.57,1.6,2.7,-27.4,-17.5,1,-1.6,3.6,-2,-2.6,0.8,3.6,-4.5,-2,4.4,24.746,25.66195709,5.5,4.8,4.7,5.6,2,5.4,3.6,0.7,6,-6.7,8.7,2.8,3.7,-9.3,-9.3,23.3569,24.12568108,6.9,8.4,3.4,9.6,9.1,2.5,2.8,7.5,2.2,5.6,7,8.9,4.8,-0.2,-129.3,-79,-75.7,8.9795,-20.5457,-11.5125,-3.798563197,0.034326305,-17.6,-32.4,-2.84E-14,-1.42E-14,0.01,-2.57,-1.015446165,2.7,33.0752,4.463584324,2.89075,-1.888342144,368.63,-9.468880101,3.09,10.83,3,0.161529349,1.687254463,6.4,0.2,129.3,79,75.7,-18.2892,19.7622,10.8613,0.415302182,0.063354397,6.2,21.4,-35.4534,2.177153207,2.89075,2.35723878,-368.63,7.121921832,-9.981,-10.22,-1.78E-15
2016,Region 4,Second Round,2016 Oregon,2016 Saint Joseph's,1,8,1,5.5,0.5,3.150639003,8.1489,0.049239559,2.4,1.3,-3.8,-0.3,1.15,2.45,-0.17,-2.56,-1,-2.1,-24.8,-30.5,6.8,5.2,1.8,-7.1,1.9,2.4,-0.7,-1.7,5.3,7.6,20.8312,20.86155144,4.4,3.3,4.1,2.4,15.7,-0.1,8.8,0.2,8.4,-0.1,7.1,-2.3,3.3,-1.1,-7.2,16.5895,16.10749192,2.3,6.3,-3.7,1,5.4,6.3,3,2.2,1,3.9,8.3,5,-3.5,0.5,-132.6,-80,-65.3,18.8673,-22.4855,-16.7599,0.063260451,0.531340481,-1.4,-14.6,0.01,-0.01,-0.01,-2.56,-0.595490022,-2.1,35.3349,7.916050561,1.71773,-2.888780996,1218.67,-9.84282978,6.189,13.42,1,0.388306505,0.459418973,2.3,-0.5,132.6,80,65.3,-10.5091,18.3208,10.0181,-1.974934695,0.184726828,6.3,12.5,-33.4581,2.551840895,1.71773,2.202571651,-1218.67,5.893180833,-3.941,-11.295,-6.1
2016,Region 4,Second Round,2016 Yale,2016 Duke,12,4,0,-10,-4.5,-4.114276203,-8.2267,-0.10642649,-7.4,-4.3,4.2,3.2,-1.83,-5.64,1.21,9.43,-1.4,-2,-40.2,-25.5,-0.9,-2,0.5,1.5,-6,1.2,4.3,-5.5,-1.8,3.8,9.7772,9.73480055,3.1,2.2,3.2,-1.7,16.7,-2.4,4.7,5.1,3,-6.8,-2.4,9,2,-10.3,-8.1,26.1023,26.24478064,7.4,5.2,6.9,2.8,6.4,3.9,-10,-0.4,0.2,1.7,10.6,-1.8,5.8,1.9,-129.7,-68.3,-58.5,12.2265,-15.6716,-8.34,-5.822961654,-0.169171625,-13.9,-9.7,-0.01,0.01,-1.42E-14,9.43,0.498958788,-2,32.9913,2.983512397,-3.86052,-2.617298182,1327.43,-9.375869934,8.74,12.375,-2,-1.648244991,3.217701514,5.6,-1.9,129.7,68.3,58.5,-11.9309,16.8202,7.7609,0.179362584,0.029669486,7.9,20.6,-36.2475,-10.53287606,-3.86052,1.909532327,-1327.43,7.092754108,5.417,-14.975,2.2
2016,Region 4,Second Round,2016 Northern Iowa,2016 Texas A&M,11,3,0,-9.9,-2.7,-7.125167454,-11.7112,-0.141311761,-4.6,-0.9,-3.7,-3.1,-1.38,-2.61,0.39,-10.91,-4.6,-4.7,-18.2,-24.1,-2.6,-1.4,-1.2,2.5,-6.4,-10.5,8.7,1.7,-5.6,0.9,15.9452,16.61077981,6.2,5.9,4.3,9.7,0.4,5.7,-12.2,-5.5,-1.5,4.6,4.9,6.3,3.9,-3.7,-3.5,15.9551,16.03581826,2.8,2.2,2.4,-5,13.9,1.5,-7.8,11.1,1.9,-5.5,3.1,-8,1.7,0.4,-128,-90,-73.7,9.2198,-21.1145,-10.929,-0.245954897,-0.143772986,-11.4,-35.2,-0.01,-0.02,-0.01,-10.91,3.347243779,-4.7,34.1423,-3.939245898,-1.73323,-1.922755018,561.91,-8.15889739,-6.76,8.475,0,0.033791474,2.613684846,6.5,-0.4,128,90,73.7,-21.2028,26.1648,13.6782,0.564724796,-0.489290773,3.7,18.7,-32.9474,-2.266769874,-1.73323,2.336444516,-561.91,11.53107466,-2.912,-11.75,0.2
2016,Region 4,Second Round,2016 VCU,2016 Oklahoma,10,2,0,-12.3,-5.6,-7.846055317,-8.6338,-0.060936212,-8.9,-2.4,2.3,1.5,-0.41,-2.4,-0.07,10.46,-1.4,-0.8,-32.2,-29.4,1.2,2,0.3,-2.2,-2,7,3.5,-10.4,3.2,1.8,18.5483,18.57416491,4.5,5.6,1.6,1.2,5,1.4,3.5,9.4,0.8,12,6.2,2.7,1.4,-13.5,-7.4,22.516,23.74698296,5.5,-0.3,9,5.2,-3.4,3.9,-2.7,-0.6,2.9,-3.8,3.7,-4.4,8.5,0.8,-126.3,-78.6,-69.8,11.1552,-20.2344,-11.8794,4.714607103,0.170550555,-7.3,-16,-1.42E-14,-1.42E-14,-0.01,10.46,3.645630932,-0.8,33.2206,4.676162073,-1.69616,-2.577592325,292.64,-7.038179866,6.044,10.11,-1,-0.357007455,-3.283151776,-1.4,-0.8,126.3,78.6,69.8,-9.5424,13.6585,2.9135,2.070913319,0.50738234,6.7,13.8,-33.521,-6.271499525,-1.69616,2.250368806,-292.64,8.879231789,-29.65,-12.555,6.1
2016,Region 2,Second Round,2016 North Carolina,2016 Providence,1,9,1,19.6,8.7,5.184556122,14.4447,0.115211475,-0.6,-1.9,-5.7,-0.8,-0.04,2.4,0.72,6.66,0.9,2.8,-39.7,-27.5,1.6,1.8,4.4,-6.2,-2.6,-4.7,6.2,-1.5,16.9,8.9,25.4115,25.01328267,3.3,4.7,-0.7,2.1,4.4,5.3,9.6,7.3,2.5,1.7,6.8,2.6,0.2,8.8,0,16.2201,14.67121601,0.7,4.4,-3.9,2.8,8,2.3,-1,17.3,2.7,-0.5,4.2,-1.8,-4.2,-3.6,-129,-69.2,-72.6,17.8979,-19.0826,-13.6662,0.702447087,0.403507664,-20.4,-17,-0.02,-1.42E-14,-0.01,6.66,3.294036461,2.8,33.4782,2.162217439,1.76376,-2.275016979,957.86,-9.791111768,37.961,12.255,2,0.847918371,0.294821578,-8,3.6,129,69.2,72.6,-13.6928,24.8064,10.8726,-1.711941695,-0.159750952,16.4,28.1,-30.4761,3.186074976,1.76376,2.731303649,-957.86,8.172728019,22.976,-9.785,-8.8
2016,Region 2,Second Round,2016 Indiana,2016 Kentucky,5,4,1,-9.7,-10.5,-1.722234438,-2.4039,-0.031342397,-1.1,1.5,4.9,5.5,0.64,-2.19,0.79,7.89,0.7,1.3,-29.3,-37.2,4.1,4.4,-15.7,11.3,-7.5,5.3,-5.7,0.3,5.2,8.9,23.5468,24.28532063,13.7,13.1,8.5,2.4,-8.1,-1.9,6,14.9,2.5,10.5,12,5.3,8.9,-18.5,-19.4,24.4491,24.24869394,4.2,4.1,2.7,1.7,9,2.8,-9.1,3.5,5.1,0.7,9.1,2.1,2.4,6.7,-127.3,-64.1,-57.7,17.4581,-19.5218,-2.9769,1.892775402,-0.182315673,-2.9,-7.9,0.01,0,-1.42E-14,7.89,0.050692243,1.3,37.1343,5.379839654,-1.48062,-3.064430566,898.24,-6.544549619,20.318,14.38,1,-0.074301772,0.783997316,3.7,-6.7,127.3,64.1,57.7,-16.9886,14.4445,9.2494,0.125139134,-0.08422854,15.1,12,-35.5098,-7.27217794,-1.48062,2.061536453,-898.24,8.968819445,-11.914,-14.49,-0.9
2016,Region 2,Second Round,2016 Notre Dame,2016 Stephen F. Austin,6,14,1,-9.9,-8.4,3.386334847,1.5763,0.053512159,-0.4,1.5,-3.1,-1.2,2.61,4.83,-0.45,-12.4,-3.7,-2.5,-34.9,-29.4,0.4,-4.7,1,3.6,-0.9,0.8,1.6,-2.5,2.4,3.7,22.7564,20.85441954,3.9,3,3.7,6.4,-6.9,11.1,3.1,-2.7,3,4.9,4.9,2.8,4.6,-6.4,-11.9,7.63,4.9851622,6.3,9.6,-0.1,2.4,7,-3.4,-2.2,12.3,1.1,2.9,8.5,7.4,-0.1,7.8,-126.3,-72.7,-65.9,9.8051,-13.3372,-7.8022,0.562459589,-0.291844645,-2.6,-6.9,0.01,0,-0.01,-12.4,3.377158796,-2.5,32.5284,5.101133005,3.25972,-2.038582333,944.85,-9.901834416,-0.867,12.68,0,1.627357917,-1.162275704,1.3,-7.8,126.3,72.7,65.9,-11.7536,16.6094,8.1272,-0.156918184,0.070748137,13,25.3,-37.8806,2.045023449,3.25972,2.367183732,-944.85,9.171899213,-15.238,-13.19,-5.5
2016,Region 2,Second Round,2016 Wisconsin,2016 Xavier,7,2,1,-2.4,-4.1,-7.240932119,-5.3449,-0.085612104,-1,-1.4,-5.8,-1.4,0.09,-0.48,-0.18,-12.33,-8.7,-8.4,-25.8,-36,0.5,1.3,4.9,-6.3,-4.1,-2.8,8,-5.2,-3.4,1.1,16.3832,15.63231162,1.1,-1.8,4.3,0.3,5.3,2.4,7.3,-5.9,-0.3,-5.2,-1.5,-1,3.9,-0.9,-5.2,21.6922,21.50944681,3,4.9,-1.8,2.4,8.6,1.3,-7.5,13,-0.5,-1.5,3.3,3.2,-0.9,-3.1,-127.3,-76.2,-48.7,10.1912,-22.5372,-16.0092,-3.244027881,0.209541655,-13.5,-29.2,0.01,0,-0.01,-12.33,-0.119551922,-8.4,30.5626,9.977626652,-0.44088,-1.945772871,2076.01,-10.38794254,-7.056,12.235,-1,-0.507360863,-0.057153806,4.5,3.1,127.3,76.2,48.7,-13.7649,18.9601,5.7079,1.161471689,-0.002371156,16.6,17.3,-32.8055,-2.313192409,-0.44088,2.387301414,-2076.01,10.58570265,-3.735,-14.005,-4.3
2016,Region 3,Second Round,2016 Virginia,2016 Butler,1,9,1,11.9,10.6,6.575530231,13.2455,0.075522364,0.9,1.9,-1.2,-0.6,0.55,2.7,-0.15,6.03,-8.9,-7.6,-35,-32.2,4.8,3.5,4.4,-7.9,1.9,-4.3,-1.8,6.2,11.5,13.1,18.756,20.12291111,5,3.4,6.6,4.4,-3.8,3.3,2.8,4.8,-1.2,-1.2,7.3,0.3,6.3,-6.5,-2.5,26.1892,26.00999073,3.8,3.5,3.8,3.5,6.1,5.2,-6.9,3.1,3.5,3,3.8,2.2,4.6,5,-131.9,-82.9,-57.9,21.0693,-19.5119,-12.5775,-1.683961568,0.578057365,-16,-17.1,-0.01,-0.01,-0.01,6.03,0.903643824,-7.6,36.6652,3.856859455,1.75896,-2.692333202,1486.62,-9.500269973,21.18,13.895,0,-0.863795834,0.363412112,1.6,-5,131.9,82.9,57.9,-14.0721,22.148,12.0458,0.097769035,-0.283060149,16.8,23.8,-34.7814,-7.384012274,1.75896,2.755186259,-1486.62,9.810603645,-15.69,-14.335,4
2016,Region 3,Second Round,2016 Little Rock,2016 Iowa St.,12,4,0,-9.7,-2.7,-1.318929146,-7.7489,-0.122282995,-9.8,-4.6,6.5,5,-1.31,0.3,-0.08,17.91,-7.6,-8.4,-29.6,-25,-2.3,0.3,0.2,-0.4,-7.4,-1.3,-3.8,5.1,-4.2,4.3,8.9934,8.04933675,2.9,0.4,5.1,4.7,7.2,1.2,-3.8,1.4,2.9,-2.2,-4.7,3.6,4.7,-10.3,-6.7,25.4086,24.81143926,11.7,11.6,7.9,1.6,-12.8,5.4,2.8,1.2,2.4,7.7,14.3,7.8,7.8,3.8,-129.6,-85,-80.6,10.3551,-19.2973,-10.1993,-3.595664433,-0.044941075,-14.8,-27,0,-0.01,0.01,17.91,-0.077382123,-8.4,35.4329,1.330805614,0.1917,-2.463347141,-201.62,-9.099751431,-10.75,10.09,-1,-1.659790297,-0.306895026,8.5,-3.8,129.6,85,80.6,-17.5426,18.4713,14.1945,-0.483976385,-0.381943516,5,17.1,-35.9634,-0.721560026,0.1917,2.39193912,201.62,9.213689695,-25.733,-10.42,3.6
2016,Region 3,Second Round,2016 Gonzaga,2016 Utah,11,3,1,4.6,0.9,-3.473848472,1.1627,0.028540278,1.1,2.3,-2.2,-0.5,1.06,1.89,-0.22,-5.52,1,1.2,-32.2,-29.3,-0.6,-0.6,-3.2,3.7,-3,-8.6,13.2,-4.6,12,9.6,18.8799,19.64427761,7.9,10.8,0.8,4,12.5,-1.3,3.9,7.6,-3.1,-0.5,11.6,7.6,0.7,-1.6,-8.6,18.5086,18.89791596,10.1,10.9,5.7,1,10.1,-2.9,-3.1,13.1,2.4,-2.1,10.6,0.9,6,3,-135.6,-85.2,-74,7.9461,-15.3277,-6.6083,-1.542778624,-0.156203248,-15.4,-26,0,0.01,0,-5.52,-1.611268282,1.2,38.1803,3.796613017,1.33002,-2.675407054,1236.07,-8.869019376,19.94,12.83,1,0.031135624,3.559384132,-2.4,-3,135.6,85.2,74,-17.2641,24.1454,9.2854,1.900520935,-0.169541296,2.4,13.4,-37.1943,-2.077575639,1.33002,2.734871537,-1236.07,12.37306876,-6.868,-12.57,-7
2016,Region 3,Second Round,2016 Syracuse,2016 Middle Tennessee,10,15,1,6,1.7,2.692154466,11.91602,0.25656488,-1.1,-0.5,-10.7,-4.8,1.88,1.86,-0.04,-16.64,-4,-2.9,-23,-24,5.8,-1.5,-7.1,8.5,2.2,2.7,-7.3,4.7,3.3,3.9,12.147,12.26085929,1.9,0.4,2,1.5,-7.3,1.1,7.5,9.4,4.4,-1.1,0,-3.9,0.6,0.7,-2.2,7.637,7.61547055,4.3,-0.5,8.5,-6,6.3,3.4,7.1,-15.4,1.2,2.8,1.2,1.8,9.2,-1.8,-124.5,-78,-56.6,14.4606,-20.5124,-6.5496,0.495067259,-0.125591133,-7.5,-19.9,-0.01,1.42E-14,-0.01,-16.64,-1.879249196,-2.9,31.1858,4.277526785,1.25711,-2.208217653,341.62,-9.405046251,5.287,13.38,0,0.423330738,-1.079611364,0.6,1.8,124.5,78,56.6,-10.5224,20.2567,13.5471,1.38109364,-0.003076553,8.9,20.3,-32.0754,-5.737603325,1.25711,1.250152788,-341.62,7.583565813,0.853,-8.615,-2.9
2017,Region 1,Second Round,2017 Villanova,2017 Wisconsin,1,8,0,-1.8,-0.7,5.918919304,8.4846,0.039771735,-0.5,2.7,-4,-2.4,0.11,-1.31,-0.32,-5.67,1.2,1.3,-22.5,-23.1,6.9,4.6,-14.3,9.6,-2,-5.7,2.6,3.2,2.4,5.4,31.4567,30.69260541,10.6,17.1,-0.7,5.6,8.9,2.8,4.2,6.9,0.8,7.7,15.6,7.8,-0.7,-5,-6.2,21.6134,21.27397852,3.6,1.9,4.2,-6.8,10.2,3.4,-7.9,-6.2,3.8,2.3,5.3,-5.6,4.9,5,-126,-81.9,-84.5,20.991,-20.61,-5.1281,2.997953594,0.050464028,-11.7,-23.1,0.03,0.05,0.04,-5.67,-1.87294331,1.3,37.5118,1.193304673,-0.85041,-2.529580007,683.14,-9.153615221,-1.24,12.925,0,0.914027829,0.892711309,3,-5,126,81.9,84.5,-14.8362,22.3309,14.3449,-1.29909468,-0.285002774,5.4,21.7,-32.5306,-8.559796473,-0.85041,1.823505234,-683.14,10.09733503,-14.158,-10.32,-1.2
2017,Region 1,Second Round,2017 Virginia,2017 Florida,5,4,0,-5.6,-5.3,-1.360018303,0.278,0.007458627,-6.9,-2.6,-5.3,-2.7,0.15,-0.88,-0.45,1.43,-10.4,-10.1,-35.3,-24.1,1.6,-4.4,2.9,1.5,-3.5,-1.2,-1.8,3,-9.4,-3,24.2242,24.84618416,7.3,4.5,8.6,0.1,-8.2,5.5,-0.5,16.6,6.2,-0.4,3.5,6.6,8.2,1.8,-2.3,28.8316,28.93471673,5.8,4.9,5.1,2.2,6.4,4.4,-7.7,-3,4.5,-9.9,10.1,0.2,4,-4.3,-125.7,-86,-66,8.8521,-16.2827,-9.0907,-3.728007016,-0.145067539,-16.7,-20.2,0,0.01,1.42E-14,1.43,-0.069241788,-10.1,33.1692,2.013315428,-0.62457,-2.854056237,862.27,-7.40507998,-22.629,9.065,2,-0.418188977,0.785509133,6.4,4.3,125.7,86,66,-14.0422,22,13.9368,4.930094167,-0.208154343,5,17.5,-31.548,-9.284189887,-0.62457,2.570853281,-862.27,6.460066652,-3.537,-12.18,-4.1
2017,Region 1,Second Round,2017 USC,2017 Baylor,11,3,0,-8.6,-5.7,-6.47135177,-12.6671,-0.150912068,-3,-2.7,-1.8,1.2,0.29,-0.08,-0.84,-2.62,6.1,5.7,-29.5,-29.6,6.9,8.8,-10.5,1.6,-2.9,0.4,-4.2,3.8,-1.2,2.9,20.227,18.67687388,6.7,6.3,4.9,1.6,6.8,1.2,1.1,-1.9,3.7,1.9,4.1,0.7,4.1,-4,-8.5,17.121,16.41335706,3,5.7,-1.2,-0.1,10.3,-2.7,-8.8,6.6,4.5,4.7,10.3,0.6,-1.4,-0.5,-128.7,-68.3,-74.3,19.8745,-23.9415,-10.4841,-0.16241502,0.385915253,-10.3,-13.9,0.02,0.04,0.04,-2.62,3.686070139,5.7,34.4905,3.803461205,0.07071,-1.332649131,1072.13,-6.676282669,-15.9,11.05,1,0.381298691,2.058541696,4.1,0.5,128.7,68.3,74.3,-15.2858,17.6072,11.4922,-2.991703526,-0.206659293,11.4,15.7,-32.7371,-2.115001116,0.07071,2.238378476,-1072.13,6.566239452,-17.636,-11.76,-4.5
2017,Region 1,Second Round,2017 South Carolina,2017 Duke,7,2,1,-2.4,1.6,-6.862752112,-8.0585,-0.060509468,-8.1,-3.7,-0.8,1.1,-1.32,-0.08,0.11,7.82,-0.2,0,-38,-28.4,-2.5,-7.3,2.6,4.7,-0.8,-0.3,3.6,-3.3,-1.3,6.8,9.6469,10.27866064,-0.8,-3.8,3.9,-0.7,9,-1.8,4.4,4.8,3.8,-2,-2.3,0.6,4.2,-6.8,-5.1,32.4717,32.79245152,9.8,8.5,8,4.7,-7.8,8.3,0.1,2.5,1.2,9.1,10.3,3.9,7.6,-6,-123.1,-73.7,-43.6,7.6812,-19.8575,-9.2637,-2.420029768,-0.514166425,-18.4,-18.8,-0.03,-0.06,-0.03,7.82,-4.05000696,0,28.797,6.514077651,-0.05568,-2.622804093,2100.32,-8.843938056,-0.609,10.13,-1,-2.154766071,-2.369910528,8.1,6,123.1,73.7,43.6,-11.8312,19.0617,9.597,-1.754944787,0.067693883,11,21.3,-32.4474,-3.927487315,-0.05568,2.333861118,-2100.32,8.45364291,-8.254,-12.565,1.7
2017,Region 4,Second Round,2017 Gonzaga,2017 Northwestern,1,8,1,17.5,11.6,5.841236654,17.5428,0.109416243,-4.5,-1.5,-6.1,-3.8,0.67,3.26,0.13,4.58,4.6,5.1,-33,-32.4,1.9,4.4,-2.9,-1.6,-3,2.6,0.9,-3.5,11.6,6.8,25.0332,25.07534151,12,14.5,4.7,7.1,2.7,2.1,-0.8,-0.3,0.7,6.2,9.7,11.8,4.7,7.7,4.8,23.5319,23.12318706,8.1,8.9,4.1,9.3,4.8,1.8,-5.5,17.4,6.9,2.8,13.5,5.6,5.3,-4.7,-132.5,-83.1,-69.5,15.2277,-19.4873,-10.4421,-0.637549117,0.241663373,-15.7,-22.5,1.42E-14,-0.01,-0.01,4.58,-0.579414906,5.1,39.058,0.612542016,2.3366,-2.307952541,453.59,-6.502477916,22.164,14.02,1,0.086647822,3.903487799,-4.8,4.7,132.5,83.1,69.5,-6.9218,21.6435,10.6848,1.033597076,0.092004935,22.3,31.8,-31.4609,-2.582505971,2.3366,2.855612236,-453.59,8.567701894,15.469,-7.74,-2.9
2017,Region 4,Second Round,2017 Notre Dame,2017 West Virginia,5,4,0,-5.1,-6,-0.423266041,-5.7052,-0.028397156,-0.4,-0.2,-4.9,-2.7,-0.22,-1.09,0.07,-15.18,-3.6,-4,-22.9,-32.5,-1.8,-8.5,4.2,4.3,-1,-4.1,1.5,2.5,1.2,1.6,29.2179,29.74578154,5.3,4.7,3.7,12.4,-14,14.2,-5,4.1,0.5,6.8,10.1,0.5,3.2,-4,-7.5,18.6747,19.68402177,2.8,2.5,2.4,-5.2,11.6,1.9,-6.7,7.1,2.6,5.9,0.9,-0.2,2.5,3.5,-122.3,-71.5,-64.8,3.7371,-11.8143,-7.8813,2.556263542,-0.391797454,-1,-14.7,-0.06,-0.06,-0.06,-15.18,-1.644321181,-4,32.0787,-1.780852462,-0.78065,-2.006224012,982.84,-6.422548028,3.768,10.14,1,1.075854614,1.441481723,0.4,-3.5,122.3,71.5,64.8,-14.8093,21.2173,11.44,-1.982937296,-0.241968147,12.7,17.5,-33.4578,-3.67167217,-0.78065,2.751208857,-982.84,8.990305265,-7.261,-12.455,-3.5
2017,Region 4,Second Round,2017 Xavier,2017 Florida St.,11,3,1,-11.2,-3.6,-4.33628692,-7.4237,-0.049594968,-4.3,-0.4,-1.6,-0.1,-0.68,-2.21,0.45,-7.92,-4.1,-3.9,-27.5,-29.5,1.7,5.4,-5.9,0.4,-9.2,-10.1,1.8,8.3,-4.7,4.7,20.7489,20.15632858,4.2,6.9,-0.4,-2.6,3.9,1.2,4.8,9.1,0.7,11.1,4.2,5.7,-0.3,-9.9,-8.2,17.3125,18.66997615,2.1,1.6,1.8,-0.7,4,1.5,-9,-6.1,3,-9.8,0.5,-0.7,1.6,4.7,-127.5,-75.4,-50.1,13.8387,-20.5544,-10.7692,3.959382588,0.182229782,-0.7,-8.9,-1.42E-14,0.02,-0.01,-7.92,-1.713722803,-3.9,31.5876,1.455490584,-1.61889,-2.4659451,1654.55,-6.734661817,-1.51,12.735,0,0.396336773,-1.086754358,9.4,-4.7,127.5,75.4,50.1,-27.7373,22.1537,15.6635,4.539294892,-0.862301649,4.6,6.3,-36.5347,-7.51359008,-1.61889,1.776392078,-1654.55,11.16847327,-9.9,-16.265,1.7
2017,Region 4,Second Round,2017 Saint Mary's,2017 Arizona,7,2,0,0,0,-3.936536527,1.895,0.0143858,-1.2,-1.1,-1.3,1.6,-1.16,-2,0.84,-8.52,-6.5,-6.2,-21.8,-41,-2.7,4.4,-9.6,5.2,-6.6,-2.3,5.2,-2.9,1.9,6.9,24.0522,23.94945039,10.8,8.6,9.3,5.8,-2.6,0.4,7.2,10.5,0.6,2.7,7,3.6,8.3,-12,-7,23.3282,22.02784911,8.5,5.9,9.5,7.2,15.5,-1.6,-11.9,10.7,1.5,-4.1,12.9,-1.8,9,3.9,-132.6,-85.7,-77.7,13.6631,-19.0294,-8.6302,-1.452645399,-0.105352793,2.4,-13.9,0.02,-0.03,0,-8.52,-2.481429955,-6.2,38.52,3.903321151,-1.43796,-1.999833066,563.38,-10.25536034,17.202,13.06,1,0.061930144,0.320667383,5,-3.9,132.6,85.7,77.7,-13.3128,16.7052,7.456,3.90727825,-0.16802235,22,19.3,-36.1318,-10.73687042,-1.43796,2.719070002,-563.38,10.79620309,-5.364,-13.815,5
2017,Region 2,Second Round,2017 Kansas,2017 Michigan St.,1,9,1,9.1,4.8,10.5550872,10.9997,0.096452,5,4.9,-9.4,-5,1.22,2.36,0.69,-20.93,3.2,3.4,-31.8,-28.7,6.7,2.6,-6,3.3,-3.3,-2.8,6.5,-3.7,8.3,9.9,25.2394,25.7980688,9.6,9.7,5.8,-5.6,1.7,-2,7,0.3,2.5,2.8,9.9,5,5.7,0,-5.1,15.7105,15.29537865,6,7.4,1.9,-4.7,3,-2.1,1.1,16,2.7,4.1,9.1,1.6,1.6,4,-126.5,-78.7,-63.5,19.3783,-19.2006,-6.7842,-0.777907403,0.145418715,-9.4,-10.1,0.02,0.01,0.03,-20.93,4.205985402,3.4,37.1364,6.67565716,1.64658,-1.506573536,891.1,-7.270561557,24.752,14.515,3,0.902158318,1.302767008,1.6,-4,126.5,78.7,63.5,-15.5196,20.045,7.9532,-1.681057362,-0.058049642,11.9,21.7,-33.0521,3.370866068,1.64658,1.982353366,-891.1,7.725022721,8.901,-10.365,-5.1
2017,Region 2,Second Round,2017 Iowa St.,2017 Purdue,5,4,0,-4.7,-0.3,0.819548937,-1.1106,-0.014672162,-1.2,1.2,-1.4,0.2,-0.19,-3.42,0.97,-0.06,0.5,-0.9,-27.3,-26.4,-0.5,-0.6,-4.9,5.5,-0.6,2,0.4,-2.4,1.5,8.9,26.8521,25.84032502,8.1,5.4,7.9,-1.6,4.9,2.9,1.6,4.7,0,2.4,2,6.4,6.6,-10.8,-9.5,20.4837,20.42046221,6.7,5.4,5.8,6.2,8.6,1.6,1.1,14.2,-3.2,-1.3,3.8,7.4,5.7,6.2,-130.5,-86.5,-89.7,13.3015,-20.2834,-6.8907,-2.272473088,-0.17162191,-18.7,-31.3,0,-0.01,-0.02,-0.06,3.583315303,-0.9,38.0122,3.768715135,-2.39823,-2.09366242,101.1,-14.83385376,20.285,10.69,2,0.647170378,-0.16879788,7.4,-6.2,130.5,86.5,89.7,-14.9873,19.3111,8.0437,3.59857491,0.100783233,15.4,27.8,-35.2512,2.028041955,-2.39823,2.714287653,-101.1,10.12290766,-8.7,-11.06,1.3
2017,Region 2,Second Round,2017 Rhode Island,2017 Oregon,11,3,0,-11.5,-6.9,-5.513960217,-8.212,-0.072879822,-7.3,-3.6,-0.6,-0.6,-0.37,-1.18,0.02,7.1,-1.5,-0.7,-30.8,-31.1,-1.4,0.7,4.6,-5.4,-6.5,3,6,-9,-4.9,0.5,16.7678,16.46335904,4.6,4.7,2.9,-5.8,13,3.5,3.3,2.9,6.5,5.8,9.3,0.9,2.1,-9.8,-7.4,22.6753,21.0662169,10.9,9.5,8.9,-0.4,-11,2.5,-2.7,11.8,9.9,1.5,10.2,5,8.4,-2.9,-126.8,-75.8,-54,8.9154,-19.9559,-15.0764,2.337504283,0.169145214,-5.6,-15.1,0.03,0.03,0.03,7.1,2.14647792,-0.7,31.4499,4.34405322,-0.80816,-2.383607962,1355.06,-4.912235646,-8.484,10.135,-2,-0.550861874,-0.760400008,5.4,2.9,126.8,75.8,54,-14.7876,16.4648,6.3,2.248063598,0.267929925,-0.6,3.5,-35.3645,-2.701282751,-0.80816,2.4857692,-1355.06,5.425162228,-17.256,-13.505,2.4
2017,Region 2,Second Round,2017 Michigan,2017 Louisville,7,2,1,-1.1,1.5,-3.087701501,-4.1006,-0.027965039,0.2,0.4,-2.2,0.4,-0.15,-0.24,0.4,-13.32,-5.2,-5.7,-19.3,-38.9,-0.3,-8.8,-0.7,9.5,-3.9,-6.5,9.9,-3.4,8.8,9.7,31.1318,31.94913027,11.8,12.3,7.2,8.4,-9.3,5.2,-3.4,4.3,-0.7,3.8,17.6,9.5,7,-7.9,-8,18.2048,18.25195334,-0.3,0.5,-1.9,0.4,7.3,4,-6.9,3.2,7.3,-5.3,-0.2,-4.8,-2.3,5.1,-129.4,-80.3,-67.4,9.3293,-15.8858,-6.9418,-0.651579163,-0.441984997,-10.5,-27.9,-0.01,-0.01,0.01,-13.32,-0.325288531,-5.7,37.7224,-0.232822261,-0.279,-2.560128363,574.62,-5.940954412,22.832,12.065,2,1.338325573,0.553340986,0.9,-5.1,129.4,80.3,67.4,-18.5745,19.8465,6.4826,0.43989167,-0.195025129,21.5,19.8,-33.4163,-6.296253731,-0.279,3.125396705,-574.62,12.60988136,-8.441,-12.915,-0.1
2017,Region 3,Second Round,2017 North Carolina,2017 Arkansas,1,8,1,21.9,11.2,4.423192135,12.4104,0.133668105,6.2,5.2,-5.6,-2.7,1,0.79,-0.42,-0.74,0.6,1.8,-32.6,-30.8,-1.3,2.2,4.2,-6.4,2.3,-6.1,-3.6,9.8,22.4,15.6,21.035,19.8296045,4.1,3.9,3.5,0.2,-6.2,1.9,8.5,8.7,1.3,2.7,3.8,5.8,2.3,2.1,-4.4,22.5736,22.26973517,3,3.5,2.2,4.2,7.4,2.3,-7.3,3.3,2.6,5.4,8.6,-1.7,2.6,0.5,-130.2,-67,-57.4,15.1045,-21.9337,-13.7591,-0.60981769,0.261052876,-15.8,-18.7,-0.01,-1.42E-14,-0.01,-0.74,-0.068993058,1.8,34.2434,3.606554189,0.58819,-2.304604699,1585.28,-7.167034198,42.196,14.085,0,-0.262849773,1.151941911,-6.8,-0.5,130.2,67,57.4,-14.4715,24.6568,15.141,-2.987483546,-0.402670545,21.2,31.4,-33.4235,-7.159835787,0.58819,2.601208406,-1585.28,9.850185827,-1.113,-13.215,-6.5
2017,Region 3,Second Round,2017 Middle Tennessee,2017 Butler,12,4,0,-1.6,2.8,-3.326078896,-6.2515,-0.073539467,-2,1.8,-4.1,-3.1,0.4,0.51,0.06,-4.44,-0.8,-1.3,-32.1,-27.1,0.8,-5.7,13.4,-7.7,-1.2,-3.7,6.4,-2.6,0.6,8.2,14.5787,13.46136017,3.6,2.8,3.6,0,-7.8,4.5,2.4,10.7,0.7,-9.4,5.2,6.4,3.6,-1.2,-5.3,20.9887,21.2075699,7.2,7.8,3.8,3.2,-1.7,5.1,-3.8,-0.9,2.6,-4.3,6.9,4.2,3.5,7,-129,-89.6,-58.7,10.0901,-13.0841,-14.0759,-6.001168173,0.086515688,-22.2,-31.5,-0.02,-0.04,0.01,-4.44,-2.052990786,-1.3,35.9199,3.039528355,0.33676,-3.101660566,1078.7,-10.88465135,2.028,13.635,-1,-0.623336891,1.806682139,7.6,-7,129,89.6,58.7,-13.6384,19.4492,9.6534,3.325731314,-0.073024011,22.6,37.1,-35.7302,-4.328689386,0.33676,2.58275091,-1078.7,10.98994399,-1.674,-13.85,-4.1
2017,Region 3,Second Round,2017 Cincinnati,2017 UCLA,6,3,0,0.9,-0.1,-0.983744002,-0.635,0.012900941,-1.8,0,1,1,-0.77,-1.88,0.29,4.55,-9.4,-9.7,-27.6,-25.6,1.5,-6.5,6.1,0.4,-7,0.2,0.4,-0.5,7.4,7.8,14.4093,14.36036127,3.3,6.8,-1.9,1.2,6.7,1,7.5,11.7,10.4,5.7,14,5.1,-1.9,-8.7,-7.8,30.8588,30.53434073,14.8,17.8,6.4,0.9,-2.7,5.4,0.2,11.3,4.6,8.7,22,13,6.2,4.3,-132.4,-76.9,-85.2,7.9268,-14.8909,-10.2078,2.877438089,-0.14978411,-18.3,-29.4,-0.02,-0.05,-0.03,4.55,-2.041309987,-9.7,35.4824,2.130787987,-1.4796,-2.70018272,-75.94,-7.315849465,15.512,12.435,-1,-1.686366027,-2.747046806,0.4,-4.3,132.4,76.9,85.2,-16.3574,15.1448,9.072,-0.294320837,-0.167943349,12.2,21.2,-38.8346,0.959778744,-1.4796,2.371238809,75.94,6.110723257,-7.772,-11.065,0.9
2017,Region 3,Second Round,2017 Wichita St.,2017 Kentucky,10,2,0,-0.5,2,-4.812311143,-0.8543,-0.02047133,-5.2,-0.9,1.9,0.6,0.29,-1.14,0.5,12.77,-5.2,-4.1,-30.9,-29.6,0.2,-1.3,-2.1,3.3,-7.3,-6.3,-1.1,7.4,6.5,8.3,27.7632,25.38262134,7.3,3,10,5.6,6.2,3.5,6.7,16,4.1,-1.2,-2.2,5.7,10.2,-5.2,-6.1,25.9154,26.39468955,9.3,11.1,4.3,0.5,6.5,3.8,-9.8,2.3,4.2,14.1,15.7,3.2,4.1,-0.8,-128.9,-80.7,-47.5,11.4572,-16.4815,-8.0094,-4.595504271,-0.145321811,-10.1,-16.5,0.04,0.04,0.06,12.77,0.844668771,-4.1,35.7983,5.745094651,-0.87832,-2.826625682,1810.2,-7.078321007,16.64,14.695,2,0.185933847,2.259766249,1.8,0.8,128.9,80.7,47.5,-18.9683,23.6506,15.5029,-5.448091243,-0.640672866,12.7,17.2,-33.5802,-7.600206432,-0.87832,2.555817736,-1810.2,8.012200448,2.758,-13.385,-0.9
2018,Region 1,Second Round,2018 UMBC,2018 Kansas St.,16,9,0,-9.6,-1.8,-7.3508381,-16.6629,-0.442735985,-6.7,-2.1,-3.3,-1.6,-1.23,-0.43,0.48,-1.73,2.5,2.8,-16.2,-22.3,-3.4,-2.3,-1.9,4.2,-3.5,2.9,-6.6,3.7,-8.3,-1.2,5.9654,6.66261193,2.7,-1,5,-9.1,-6.6,4.5,-5.8,3.2,0.5,2.2,-0.7,-1.4,5.3,-2,-0.6,6.881,6.8664346,1.4,3.8,-1.5,6,2.5,3.5,2.9,1.8,0.6,-6.7,3.2,6.4,-0.9,7.3,-123.8,-86.3,-68.7,4.7487,-16.8206,-9.8714,-0.031285852,-0.226587455,1.9,-23.5,0.06,0.08,0.05,-1.73,-0.84837406,2.8,32.5712,-1.275223892,-0.28399,-1.889289042,629.63,-10.01357854,-11.276,9.935,0,-0.018869239,-1.127470806,7.1,-7.3,123.8,86.3,68.7,-13.2912,16.733,13.7762,3.951735521,-0.120069323,-1,15.8,-34.3827,2.084701087,-0.28399,2.040574042,-629.63,11.92570344,-1.904,-11.89,1.4
2018,Region 1,Second Round,2018 Kentucky,2018 Buffalo,5,13,1,4.3,-0.2,5.592587027,9.9138,0.130566033,1.1,-0.5,-0.2,1.7,2.27,1.34,-1.6,0.03,-4.1,-4,-39.7,-17.8,6,-1,8.9,-7.8,2.2,-7.8,5.6,2.3,8.1,7,12.635,12.4704767,3.2,3.2,2.8,-4.3,2.4,-0.4,7,5.3,4.1,-7.6,7.7,0,2.7,-6.2,-7.1,18.265,17.92212914,7.9,5.8,7.3,0.6,-1.9,0.5,-0.7,2,2,-1,3.8,4,7.1,1.9,-129.5,-72.5,-54.3,16.1019,-16.4795,-13.242,-3.89047525,0.591465793,-11.5,-6.6,-1.42E-14,0.01,0.01,0.03,-0.093143061,-4,32.7108,7.142041092,0.928,-2.764145556,1440.64,-8.121892324,-8.622,14.76,0,-0.681853308,-1.268230963,-1.1,-1.9,129.5,72.5,54.3,-14.4056,22.8702,14.9016,3.114249526,-0.195671702,-11.4,8.8,-36.6231,-3.15605432,0.928,1.880776591,-1440.64,6.432644128,-30.236,-11.77,-0.9
2018,Region 1,Second Round,2018 Loyola Chicago,2018 Tennessee,11,3,1,-4.8,-2.2,-4.407192717,-7.0084,-0.123988941,-4.1,-1.1,-3.6,-2.3,-0.34,-1.42,0.43,-1.2,-1.4,-0.8,-28,-28,-3.9,6.1,-5.1,-1,-2.9,4,-5.2,1.1,-2.2,2.5,18.6409,16.78156733,11,10.4,8.1,1.3,-5.1,1.8,-9.4,11.4,-2.1,-17.5,8.9,8.1,7.9,-3.4,-4.6,18.6479,17.51522098,3.4,0.7,5.8,5.6,10.8,2,-7.7,11.7,3.6,-4,-0.4,4.6,6,2.6,-122.6,-86.9,-66.3,11.9113,-19.5685,-10.6709,-10.96509443,0.096110722,3.3,-11.2,-0.03,0,-0.02,-1.2,-0.23132486,-0.8,35.9744,-4.824217225,-0.94478,-2.146237685,1160.44,-7.04174247,2.016,10.835,0,0.022984609,6.993978204,4.7,-2.6,122.6,86.9,66.3,-9.7731,18.8784,11.458,4.493583945,0.000335735,15,28.3,-31.034,-3.786950092,-0.94478,1.81658175,-1160.44,13.2104744,0.133,-10.57,-1.2
2018,Region 1,Second Round,2018 Nevada,2018 Cincinnati,7,2,1,-14.7,-10,-3.481930185,-8.8152,-0.096791311,-1.7,-1.5,-0.8,0.9,0.85,-1.62,0.41,-9.48,4.4,4.4,-21.9,-25.3,1.2,-0.9,-1.6,2.6,-2.7,3.3,-6.6,3.2,-1.3,1.6,33.743,31.52705313,12.1,10.9,8.9,6.1,9.7,8.4,-1.3,7.9,3.2,15,15.6,4.3,8.2,-9.7,-11.6,11.435,9.6241957,2.4,-0.2,4.5,-2.3,6.1,0.9,-9,11.2,8.3,13.2,1.9,0.5,3.6,-1.5,-128.3,-76.7,-68,7.1808,-19.2303,-10.2452,4.33905928,-0.056927581,-3.8,-24.1,0,-0.03,0.01,-9.48,-3.653909073,4.4,34.5133,1.48282888,-1.11514,-2.175188558,1010.19,-5.564314405,5.761,9.445,2,2.260248923,0.328692199,2.9,1.5,128.3,76.7,68,-10.5872,16.7704,13.7608,-4.786568353,-0.074591733,9.4,22.8,-33.4276,-4.235969064,-1.11514,2.843151731,-1010.19,8.120656005,-14.187,-13.37,-1.9
2018,Region 4,Second Round,2018 Xavier,2018 Florida St.,1,9,0,6.9,5.6,7.851767987,5.867,0.075178994,3.1,2.3,-2.9,-0.2,-0.02,-0.47,0.27,-2.44,-0.4,-1.4,-26.4,-21.9,0.6,5.5,-3.7,-1.8,-10.6,-10.5,6.1,4.4,11.7,12.2,20.7416,22.99660861,6.8,10.4,0.5,6.5,9.5,2.1,-0.1,8.4,0.4,1.3,11.8,5.4,1.7,-7.6,-6.4,16.7728,17.2074004,3.9,4.6,1.7,-6.5,11.3,-1.9,-10.3,-0.7,3.6,7.2,5,-5.5,1.6,8.5,-130.6,-83.8,-68.2,13.0187,-17.1073,-10.861,-0.755569462,0.228418321,3.3,-7.1,0.03,0.05,0.03,-2.44,-3.704683339,-1.4,36.4709,-1.125895809,-0.35528,-2.202933732,1862.9,-6.858253506,24.687,13.43,0,0.378264296,4.830696203,0.5,-8.5,130.6,83.8,68.2,-25.9248,23.3174,14.5276,-4.374769847,-0.681383273,-3.3,5.9,-36.5636,-6.943310656,-0.35528,2.125192206,-1862.9,11.1421514,-9.973,-14.43,1.2
2018,Region 4,Second Round,2018 Ohio St.,2018 Gonzaga,5,4,0,2.8,1.4,-0.349791713,-3.6258,-0.001053822,-0.5,1.2,-1.6,-0.4,-1.72,-1.66,0.29,4.98,-1.9,-2.5,-31.1,-20.8,2.4,0.6,0.7,-1.5,-3,-5.2,4.7,0.5,6.6,7.8,21.0609,20.86188704,7.5,11.8,-0.2,0.8,2.1,0.1,7.6,6.5,4.5,1.9,15.4,5.1,0.3,-1.9,-6.4,24.7832,24.75674766,9.4,12.8,2.8,1.9,1.9,2,-8.1,0.5,3.1,0.8,12.9,7,1.9,7.3,-131.3,-89.1,-79.2,11.7998,-18.6277,-11.1324,0.716439836,0.135013647,-8.9,-20,0.04,0.05,0.04,4.98,-1.496044883,-2.5,35.7494,4.497084169,-1.15973,-2.712145661,418.26,-9.258428433,16.246,12.5,-2,-0.355293276,0.548281354,1.2,-7.3,131.3,89.1,79.2,-18.8086,19.0209,11.3964,1.225461826,-0.2202974,1.1,15.2,-39.162,-4.69812481,-1.15973,2.243680355,-418.26,7.927225137,1.646,-14.505,-4.5
2018,Region 4,Second Round,2018 Houston,2018 Michigan,6,3,0,-9.1,0.8,-4.409543018,-2.6513,-0.024155837,-7.1,-0.6,-0.8,-0.4,-2.21,-3,0.49,5.57,3,3.7,-32.1,-19.2,-2.4,-4.6,-2.2,6.9,-2.7,-5.8,11.1,-5.2,-6.8,5.7,23.0775,22.10721738,5.5,4.4,4.4,0.4,2,1.6,10.3,9,-0.6,3.5,2.8,5.3,5.6,-3.3,-4.8,20.6527,19.21716168,8.6,10.5,3.7,-5.1,-10.8,5.5,-0.2,3.2,1.5,9.2,10.9,1.8,2.9,2.5,-129.5,-89.1,-66.2,7.357,-15.9896,-5.8743,-1.034279808,-0.436688246,-17.6,-25.8,-0.02,-1.42E-14,-1.42E-14,5.57,-0.846410473,3.7,34.2954,8.086320106,-2.01984,-3.278148608,576.31,-10.88678768,-7.104,13.04,1,0.250914248,3.067959716,12.5,-2.5,129.5,89.1,66.2,-16.9608,24.4152,10.4871,-3.599270037,-0.081660669,1.1,18.9,-36.3236,-1.327555941,-2.01984,2.045914406,-576.31,9.940170464,-0.447,-12.505,-1.5
2018,Region 4,Second Round,2018 Texas A&M,2018 North Carolina,7,2,1,-8.1,0.2,-5.187171415,-8.1262,-0.060641989,-5,-2.3,1.8,-0.2,1.34,1.35,-0.44,8.28,-0.8,-2.5,-25.9,-27.5,3.9,12.2,-4.2,-7.9,0.3,-5.5,3,2.5,-1.6,3.8,14.2799,13.48148218,1,7.1,-5.6,-1.6,6.2,-3,8.3,0.2,3.9,-4.7,6.3,2.2,-5.1,-12.2,-3.7,27.6641,27.67652352,5.9,6,4,6,-0.4,-0.9,-10.1,3.8,1.1,4.5,3.1,4.8,3.3,-0.1,-131.9,-73,-84.6,21.244,-23.9792,-14.501,-1.175214934,0.707930491,-2,-8.7,0.06,0.05,0.06,8.28,1.095138775,-2.5,33.205,3.280232238,0.92875,-1.97921189,-363.38,-7.552542828,-8.612,11.96,0,-1.311734037,-1.616970846,5.4,0.1,131.9,73,84.6,-13.2217,22.2655,12.7415,-0.153617594,-0.222206345,6.8,16.6,-34.9912,-5.523456553,0.92875,1.507536994,363.38,5.803878849,-29.24,-11.965,8.5
2018,Region 2,Second Round,2018 Villanova,2018 Alabama,1,9,1,20,10.5,11.76178592,17.5839,0.165625506,6.2,5.8,-7.9,-2.5,-0.77,-1.47,0.59,-10.69,-0.1,-0.5,-16.3,-28.9,5.1,-2.2,-7.6,9.7,-8.4,-5.1,4.9,0.2,18,14.4,32.7506,32.85413454,12.5,12.9,7.9,9,-8.2,4.1,-1.8,5.6,-0.4,-2.8,12.2,9.1,7.2,5.1,-4.2,12.4841,11.66777509,2.4,3.9,-0.3,-8.1,16,-1.6,-2.4,-4,6.8,12.5,5.4,-1.4,0.8,7.7,-128.1,-84.8,-67.6,17.2014,-14.6871,-6.4288,-4.559023446,-0.171882222,3,-10.5,-0.05,-0.04,-0.06,-10.69,1.607233849,-0.5,41.1102,-0.15315941,-1.02685,-1.923073475,1137.63,-5.888608343,30.253,13.885,2,1.95199652,6.187764425,-3.6,-7.7,128.1,84.8,67.6,-21.3956,21.1554,12.7744,-5.952471057,-0.38696173,-0.7,1.7,-31.8304,-2.937803127,-1.02685,2.575864776,-1137.63,8.842255892,11.385,-11.2,-9.3
2018,Region 2,Second Round,2018 West Virginia,2018 Marshall,5,13,1,17.3,11.7,7.08415435,16.39078,0.310728986,1.4,3.6,-4.7,-2.6,0.67,0.3,0.23,10.37,-5.5,-4.9,-30.9,-16.3,-1.7,-9.6,1.2,8.3,-0.5,3.1,4.1,-7.2,14.1,10.1,15.207,15.6601781,0.6,0,0.5,8.8,2.2,1.7,5,4.3,8.1,1.3,0.6,2.8,0.1,5.3,1.7,11.9514,12.48400417,5.3,10.6,-1.9,6.2,-11.2,6.1,7.7,4.1,2.4,13.2,11.2,5,-2.6,4.5,-124.8,-79.5,-62.8,4.5965,-12.2286,-5.8518,-0.0563819,-0.654026657,-6.4,-11.9,0.03,0.06,0.04,10.37,1.090466958,-4.9,32.8459,3.891136603,0.20282,-2.19174653,969.22,-7.189437058,24.211,11.355,0,0.228821225,-0.982537384,-4,-4.5,124.8,79.5,62.8,-9.3419,14.7354,7.7454,-5.993296026,0.256867175,-12.5,3.8,-33.714,5.73987287,0.20282,2.048318699,-969.22,5.482678282,10.914,-11.685,-3.6
2018,Region 2,Second Round,2018 Florida,2018 Texas Tech,6,3,0,-7.5,-7.8,-3.264316909,-3.2287,-0.01511461,-3.1,-3.2,-2.2,1.7,-0.72,0.5,0.09,-9.42,-0.1,0.7,-20.9,-32.3,1.1,-1.7,-0.3,2.1,-4.8,-0.7,0.9,-0.1,-1.1,-1.1,23.0527,24.91618698,4.4,2.4,4.7,2.4,-5,7.7,0.4,3.2,2.4,-8,3,2.2,4.6,-2.6,-6.6,17.6038,17.78225083,3.8,4.9,0.9,-3.6,8.6,2,-2.5,5.3,4,0.9,5.3,2.9,0.7,-0.6,-125.5,-78.7,-56.8,7.5907,-19.24,-11.0215,-5.22973301,-0.070764309,-1.7,-18.2,-0.01,0.01,-0.01,-9.42,-0.308259998,0.7,32.0667,4.852675714,0.33926,-2.367498588,1530.18,-7.190476176,-0.632,10.805,3,0.549826682,3.122184055,0,0.6,125.5,78.7,56.8,-16.9099,18.602,9.7127,0.264574337,-0.159643557,3.5,3.5,-32.8902,-3.166329539,0.33926,3.076903083,-1530.18,7.318165013,-3.329,-12.39,-4
2018,Region 2,Second Round,2018 Butler,2018 Purdue,10,2,0,-14.3,-6.9,-5.909402976,-8.7996,-0.059512383,-4.3,-1.1,4.8,3,-1.03,-3.12,-0.43,0.46,1.6,0.5,-28.4,-22.3,-1.7,3.9,-7.1,3.1,-0.4,0.8,1.6,-2.4,-1.3,6.9,19.1762,20.92950407,7,9.2,1.9,9.2,2.5,2,-0.9,-1.1,1.4,-4.4,7.7,5.6,2.3,-12.4,-13.9,25.3564,28.0452585,6.1,5.3,4.6,0.1,1,4.2,-3,8.8,4.1,-8.9,7,1.9,4.7,10.7,-131.2,-92.1,-78.7,13.2809,-20.9334,-9.5637,-3.460570574,-0.037593041,-7.3,-18,0.05,0.04,0.05,0.46,-1.567095935,0.5,35.937,1.441737873,-2.15003,-2.671771806,589.52,-7.173054044,-8.333,9.225,-2,-0.580658494,-3.974028535,8.2,-10.7,131.2,92.1,78.7,-11.9879,13.1959,6.7752,5.216380568,0.068720125,10.6,26.8,-39.5324,-1.600321,-2.15003,2.432139561,-589.52,10.73012091,-32.528,-16.47,-1.5
2018,Region 3,Second Round,2018 Kansas,2018 Seton Hall,1,8,1,14.2,7.3,5.668389584,5.9036,0.054118771,6.7,2.9,-5.9,0.3,-0.33,-0.02,-0.32,-7.22,-0.9,-0.9,-21,-28.8,12.6,5.1,-8.6,3.4,1.7,-5.1,-1,6.1,17.8,13.3,21.9336,24.30420222,8.2,6.7,6.9,-3.1,-2.7,1.3,0.6,8,2.8,8.2,4.5,0.6,6.4,-0.4,-6,18.6412,20.74384727,4.3,3.9,3.7,-2.7,9.8,0.6,-2.5,6.9,-0.9,-1.1,2.7,2.6,3.2,9.3,-129.1,-76.5,-85.5,25.3656,-17.654,-8.4352,2.051114619,0.345073159,3.4,-4.3,-0.01,-0.03,-0.03,-7.22,1.637662299,-0.9,39.4875,1.374735296,-0.02386,-2.190504481,223.32,-9.854819579,30.102,12.96,2,0.302441312,-1.148576066,-4.5,-9.3,129.1,76.5,85.5,-13.2837,20.4343,14.0347,1.758689416,-0.294010851,6.2,15.8,-33.8213,-2.647360402,-0.02386,2.420202386,-223.32,8.071767592,-4.716,-10.83,-5.6
2018,Region 3,Second Round,2018 Clemson,2018 Auburn,5,4,1,1.9,2.5,-0.316200157,-0.3655,-0.013475131,-1.5,0.8,-4.5,-4.4,1.52,1.31,0.85,-4.33,-6.4,-6.7,-20,-19.9,-0.2,0,-0.1,0.1,-5.7,-2.3,7.9,-5.7,-0.2,1.2,16.2126,14.51796507,3.2,4.1,1.2,3,-4.3,2.9,-0.9,0,4,7.2,5.7,1.1,1.6,-2.6,1.1,24.6908,23.32028431,4.2,5.1,1.1,8.3,12.9,1,-6.3,5.5,4.4,-12.3,9.3,-6.9,0.6,1.6,-126.9,-84.6,-60.6,12.7275,-18.2202,-11.1587,2.867137544,-0.007765264,0.1,-13.6,-0.02,-0.02,-0.03,-4.33,-0.054639326,-6.7,32.7627,1.436028217,0.93733,-2.227846888,1867.73,-5.739791449,8.847,11.9,0,-0.854690106,0.28750726,1.4,-1.6,126.9,84.6,60.6,-14.1022,21.4758,8.8054,3.598462472,-0.048416258,0.1,14.4,-33.8746,-5.563724285,0.93733,2.243066909,-1867.73,6.521437577,6.466,-12.455,3.7
2018,Region 3,Second Round,2018 Syracuse,2018 Michigan St.,11,3,1,-17.1,-15.6,-8.391833418,-12.7532,-0.119148358,-4.5,-2.4,-4.2,-1.4,2.76,1.88,-0.37,-20.44,-3.8,-3.7,-30.7,-20.4,4.3,0.9,1.8,-2.7,1.6,-2,-6.1,8.2,-11.1,-6.3,14.0686,12.58582803,4.6,8.3,-1.2,1.6,11,-4.6,8.3,-6.6,11.2,0.2,12.6,3.6,-1.8,-9.1,-9.1,25.8708,26.3991071,11,10.7,8.5,0.7,5,0.4,-6.8,-6.7,9.9,8.4,13.2,8.5,8.3,-5.6,-127.6,-72.7,-63,7.025,-21.5992,-13.1416,-0.394194055,0.249191154,-12.6,-16.6,1.42E-14,0.01,0,-20.44,-2.608355182,-3.7,29.8618,8.989707923,1.18041,-1.754549029,1977.63,-4.792768242,-16.28,9.59,-2,-1.108831237,-1.745613161,4.8,5.6,127.6,72.7,63,-15.9396,19.2802,15.7646,-0.29014352,-0.240618315,1.9,9.6,-36.2752,-8.437961679,1.18041,0.574059981,-1977.63,4.894260871,-17.081,-13.64,1.78E-15
2018,Region 3,Second Round,2018 Rhode Island,2018 Duke,7,2,0,-18.6,-12.8,-5.011403356,-14.753,-0.135928228,-8.5,-4.8,5.6,4.1,-3.43,-4.1,1.52,9.71,-1.9,-1.5,-31.4,-34.1,-4.7,7.4,-2.8,-4.7,-10.3,5.7,0.1,-5.8,-8.7,-1.2,18.243,16.29696814,5.5,6.3,2.9,-3.2,8.5,1.4,1.8,-1.3,2.8,2,3.6,2.9,3.1,-15.3,-11.6,25.274,26.66287597,5.9,5.3,4.7,-2.6,-5.8,5.2,-11.6,8.8,5.8,6.1,8.1,2.4,3.8,3.6,-127,-73.2,-71.9,11.0722,-23.6969,-13.6553,-0.394682343,0.252448362,-6.4,-13.3,-0.02,-0.01,-0.02,9.71,0.066152581,-1.5,34.3915,3.469290259,-2.90445,-1.797115443,1014.09,-6.965055706,9.067,9.135,-2,-0.628077911,1.002042106,7.5,-3.6,127,73.2,71.9,-21.8404,12.4328,7.0026,-1.619341403,0.138455308,-1.1,-6.8,-34.6609,-6.325921969,-2.90445,2.632843911,-1014.09,9.604864907,2.821,-15.95,3.7
2019,Region 1,Second Round,2019 Duke,2019 UCF,1,9,1,20,15.9,9.044667744,17.4164,0.095244349,0.9,2.5,-8.5,-2.5,-0.11,-2.93,-1.65,1.49,6.6,7.6,-24.1,-29.2,10.4,7.1,-6,-1.1,-5,-1,1.6,-0.6,14.9,14.6,24.3505,25.41632313,7.9,13.7,-1.1,4.4,5,0.6,6.6,-2.1,8.3,10.3,16,2.7,-0.5,3.1,1.2,22.2189,22.79545837,8.1,7.6,6.1,-4.6,22.4,2.3,0.1,5,4.4,13.6,8.2,3.8,6.6,-3.8,-126.7,-75.1,-65.4,25.0353,-25.5256,-14.8924,5.570222964,0.498261409,0.8,-6.7,-0.05,-0.05,-0.05,1.49,-4.45288773,7.6,33.9747,1.719821122,-1.8718,-1.960414653,539.64,-7.232433754,-2.525,11.51,1,0.150898927,-0.833450454,-0.3,3.8,126.7,75.1,65.4,-19.242,22.0002,11.541,-3.919766045,-0.146384964,4.4,2,-32.5083,-2.346224793,-1.8718,2.240866651,-539.64,5.474486257,-15.805,-10.135,-1.9
2019,Region 1,Second Round,2019 Liberty,2019 Virginia Tech,12,4,0,-10.9,-8.9,-5.436881572,-13.6481,-0.199934004,-7.7,-3.8,1.9,3.4,-1.21,-0.85,-0.09,7.93,0.6,-1.8,-7.9,-17.9,-0.1,13.2,-6,-7.2,-2.9,2.8,3.9,-6.7,-3,2.2,16.6016,14.43666534,7.2,8.9,3.4,5.7,-0.4,4.5,-1.7,-2.9,-2.2,4.2,-0.2,11.8,4.1,-9,-11.2,18.6895,18.33612149,7.7,5.8,6.5,9.1,-1,3.3,-3.3,13.6,-0.1,4.6,3.9,4,6.1,10.1,-122.8,-90.6,-83.8,18.7043,-24.9653,-17.8691,-1.893204566,0.424710673,12.2,-17.1,0.06,0.09,0.06,7.93,1.071898268,-1.8,35.3621,0.384492186,-0.5255,-1.815789691,108.36,-10.29588152,-6.873,9.795,-1,-0.140860072,0.737104824,5.2,-10.1,122.8,90.6,83.8,-10.9377,15.865,7.4612,0.278132642,0.173397184,-5.1,15.1,-35.8596,-2.259073988,-0.5255,2.378187116,-108.36,12.06203443,-18.036,-12.695,-2.2
2019,Region 1,Second Round,2019 Maryland,2019 LSU,6,3,0,-0.7,-2.6,-3.164663165,-0.988,-0.017210939,-0.1,1.5,-3.1,-1.2,0.61,0.59,-0.44,-4.66,-4.3,-3.6,-23.9,-26.3,2.2,9,-6,-3,-8.2,-7.8,2.5,5.2,2.5,3.1,16.3004,15.39500404,1.7,1.6,1.2,6,-1.3,0.9,3.5,8.8,6.2,3,-3.4,0.4,1.2,-3.4,-5.7,24.6421,24.42606956,5.7,8.7,0.3,3.5,11.1,-3.9,-12.6,-6.1,2.2,-0.3,5.9,6.2,0.1,-0.2,-127,-73.7,-68.6,21.0326,-24.2894,-13.607,0.604978272,0.380325618,-4.4,-12.2,-0.01,-0.04,-0.03,-4.66,-1.307506167,-3.6,31.3152,3.718005856,0.37364,-2.487302734,1188,-7.584131831,-3.303,11.48,-2,-0.839865938,0.960050325,0.6,0.2,127,73.7,68.6,-24.5106,26.9346,15.8874,1.249491968,-0.616002213,3.7,7.2,-34.5686,-8.261668038,0.37364,1.832690129,-1188,6.601532031,-9.382,-13.12,-2.3
2019,Region 1,Second Round,2019 Minnesota,2019 Michigan St.,10,2,0,-18,-13.9,-7.955932751,-16.9032,-0.145643692,-4.6,-2.1,0.3,2,0.94,1.18,-0.09,-5.06,-0.4,-0.3,-34.2,-28.5,3.7,5.9,1.8,-7.6,-2,3.9,0.1,-4,-4.3,-0.8,20.3031,17.56942977,4.6,7.1,0.3,0,14.3,-2.7,5.1,7.1,2,-3.3,7.9,3.7,0.1,-11,-13,25.5154,23.43253162,6.7,6.5,4.5,6.4,6.7,-2.1,-6,18,2.9,-2.4,8.7,2.7,3.8,-3.1,-132.2,-79.1,-67,14.8105,-26.1204,-16.0616,-2.060136102,0.600379154,-7.4,-10.4,-0.02,-0.04,-0.01,-5.06,1.730758369,-0.3,31.4105,1.926693066,0.81329,-1.786073392,904.59,-6.387095203,-8.786,10.15,-2,-0.440066872,-3.799550206,3.5,3.1,132.2,79.1,67,-12.4912,15.0767,8.0478,2.027548698,0.186796871,4.3,14.1,-36.916,0.01115645,0.81329,2.027984005,-904.59,8.466761688,-20.617,-13.83,-2
2019,Region 4,Second Round,2019 Gonzaga,2019 Baylor,1,9,1,30.3,22.2,6.203135575,17.4952,0.148781023,5.2,5.7,-8.7,-7.3,1.3,0.59,0.46,-11.46,4.9,5.3,-26.9,-25,4.1,17.3,-14.4,-2.9,-4.8,11.2,-5.2,-6,25.2,17,26.9012,26.02696898,11,15.2,2.4,8.7,-0.5,4,1.8,0.6,1.1,8.7,8.4,6.4,1.8,9,5.1,21.181,20.43354997,6.7,7.8,3.1,-2.1,7.5,-1,-11,13.2,9,5.8,16.9,4,3.7,3.3,-128.2,-75.4,-69.8,29.9106,-25.3775,-12.2071,2.578450658,0.678471391,-6.8,-11.4,0.05,0.08,0.06,-11.46,-3.991615865,5.3,41.449,-0.232848462,0.42633,-1.556854281,641.99,-6.176241051,49.604,16.265,1,0.468216583,2.049490655,-8.2,-3.3,128.2,75.4,69.8,-6.9596,16.5315,10.3435,-1.886452753,0.338894019,7,19.6,-30.2247,-6.73038255,0.42633,3.395539348,-641.99,6.99152581,21.698,-9.195,-3.9
2019,Region 4,Second Round,2019 Murray St.,2019 Florida St.,12,4,0,-1.9,-2.4,-6.32097993,-9.2257,-0.10895695,0.1,0.7,-7,-3.7,-1.44,-2.1,-0.45,-11.47,1.8,0.1,-24.3,-26.3,7.9,11.2,-9,-2.2,-10.3,1,1,-1.9,3.8,1.6,21.6087,18.43417239,7.9,11,1.8,1.6,-2.9,3.1,5.5,14.2,3,13,10.3,0.5,1.4,0,-4,14.281,12.80576649,4.3,2.6,5.1,2.2,7.9,0.3,-3.1,4.4,3.3,2.9,6,-3.1,4.3,-0.4,-123.8,-77.6,-66,24.963,-24.9536,-13.0286,6.115165885,0.583963628,5,-0.7,0.05,0.08,0.07,-11.47,-1.129721477,0.1,35.0075,1.400303755,-1.46802,-2.180641814,1380.74,-7.210965198,0.532,13.12,2,0.748870228,2.18298627,-2.2,0.4,123.8,77.6,66,-21.5476,21.8446,12.9374,-1.337550055,-0.183895043,-0.6,1.5,-30.5136,-5.19603145,-1.46802,2.549398734,-1380.74,7.898374615,-3.06,-9.49,-4
2019,Region 4,Second Round,2019 Buffalo,2019 Texas Tech,6,3,0,-8.4,-6.4,-1.260449136,-6.4106,-0.072454591,-8.9,-3.1,-1.1,1.6,-0.6,0.11,0.42,3.52,7,7.7,-16.4,-28.4,3.9,12.6,-16.6,3.9,-5,4.7,-4.7,-0.1,-7.4,2.2,28.9432,26.90673068,10.6,14.5,3.5,-0.4,-5.4,7.4,3,6.3,3.6,10,7.9,4,3.9,-3.2,-8.7,18.1409,16.87884352,6.5,4.1,7.1,3.2,2,2.2,-1.9,11.2,6.8,8.1,9.7,-0.1,7.2,-2.9,-122.8,-84.5,-65.2,20.2278,-30.2467,-13.3587,2.977481308,0.297588821,7,-13.9,-0.01,-0.04,-0.03,3.52,2.335720509,7.7,31.9136,1.859795545,0.06897,-2.127580361,649.84,-5.969816792,-7.278,9.9,1,1.014687068,-2.036487909,9.6,2.9,122.8,84.5,65.2,-13.8323,17.3874,12.2413,-2.405212585,-0.005013881,4.5,13.9,-33.1554,-4.344145763,0.06897,3.173272354,-649.84,8.549118207,-1.188,-10.84,-5.5
2019,Region 4,Second Round,2019 Florida,2019 Michigan,10,2,0,-9.7,-5.3,-8.540452364,-11.1113,-0.073364962,-12,-6.7,-1.4,-0.1,-0.45,-1.64,-0.09,13.4,-0.5,-1.6,-27.5,-21.8,1.9,-4.9,-8.2,13.1,-0.2,2.1,-0.4,-1.8,-10.7,-5,24.138,23.56969368,5.8,5.3,4.6,6.2,5.5,0.3,5.6,5.8,1.5,1.5,4.3,4.4,4.3,-1.5,-0.2,23.621,23.88032163,3.7,3.2,3,0.8,-6.6,9.1,7.2,5.4,1.7,6,8.6,-3,2.6,-5.5,-127.6,-87.2,-84.1,8.7543,-21.4677,-6.9121,-1.223044049,-0.4764274,-10.8,-22.2,-0.01,0,-0.01,13.4,1.516049795,-1.6,30.6883,6.099092865,-1.074,-3.391353548,-574.52,-8.384593106,-16.745,7.94,0,0.055357997,3.080747882,5.7,5.5,127.6,87.2,84.1,-15.2376,20.6202,12.4146,-3.438573514,0.101963535,0.6,10.1,-33.4049,2.553001347,-1.074,2.180891856,574.52,7.943718192,-3.462,-8.825,1.3
2019,Region 2,Second Round,2019 Virginia,2019 Oklahoma,1,9,1,13,13.5,8.559560056,20.1207,0.113123087,1.5,3.9,-9.1,-5.2,-0.21,0.48,-0.54,-8.22,-8.7,-9.4,-20.3,-25.9,3.7,-2.3,3.9,-1.8,0.1,-6.2,-3.2,9.4,10.4,15,29.7047,29.80024241,8.6,7.2,7.6,7.2,6.2,2.8,2.1,6.6,2.9,-3.6,10.7,4.6,6.2,7.5,-1.6,21.4847,20.12262973,6.7,4.1,7,4,3.5,0.4,-0.3,5,0.1,-0.3,-0.5,8.4,5.7,-3.5,-132.6,-90,-86.3,13.7126,-17.4239,-11.9446,-3.738705404,0.081009504,-1.5,-16,-0.07,-0.03,-0.07,-8.22,-1.44552263,-9.4,38.2546,3.279830855,0.227,-2.18484198,-560.51,-10.52329169,10.322,11.65,3,0.71703707,1.956385943,4.6,3.5,132.6,90,86.3,-13.8552,25.9895,18.7649,3.712561614,-0.424157834,7.8,22.1,-31.4082,-4.352289882,0.227,3.223346846,560.51,7.352731112,5.142,-7.635,-9.1
2019,Region 2,Second Round,2019 Oregon,2019 UC Irvine,12,13,1,0.7,-3.1,-1.905656677,5.68993,0.103446953,-2.5,-0.1,-7.8,-3.7,1.81,0.52,-0.91,-9.13,-0.2,-1.2,-28,-22.8,5.4,3.2,-9.3,6.1,5.1,-2.8,-10.2,13,-1,2.6,10.556,9.37836825,8,11.2,1,1,-3.5,-1.1,3.3,9.7,7.7,-5.3,11.5,6.1,1.2,4.1,-5.9,14.0579,12.612542,4.6,1.3,6.6,-0.3,-6.7,3.9,-5.5,-6.8,2.8,2.9,1,5.4,6.9,-6.4,-127.4,-82.2,-72,10.7991,-20.8265,-8.2129,-3.91366198,0.049886275,-7.1,-18.8,0.02,1.42E-14,0.02,-9.13,2.962767891,-1.2,33.0953,3.154256525,0.32624,-2.673171667,332.56,-8.391895863,-6.791,9.81,0,-0.341490495,2.093314896,3.6,6.4,127.4,82.2,72,-8.2008,21.127,20.6024,1.723433737,-0.307250908,0,16.7,-31.4386,-8.886575065,0.32624,1.908414596,-332.56,6.220542431,-2.924,-10.44,-10
2019,Region 2,Second Round,2019 Villanova,2019 Purdue,6,3,0,-13.2,-9.7,-2.37540857,-7.2767,-0.083007055,0.3,2.2,3.6,2.2,-0.39,-1.29,0.1,-3.13,-0.7,-1.9,-3.5,-16.2,5.7,-3.7,-6.7,10.5,-1.2,2.8,3.1,-5.8,2.7,4.4,21.9308,19.52166382,3.9,6,0.9,-0.6,2.6,2.5,4.2,2.5,-2.5,-0.9,4.4,6.7,0.8,-16,-14.1,22.8943,22.33837687,2.8,1.5,2.9,3.3,0.8,2.2,-7.7,-2.3,4.2,-3.1,2.8,-0.4,3.1,5.5,-129.5,-80.3,-74,16.0283,-19.8183,-9.5031,-1.935577654,-0.134031859,4.3,-22.6,0.06,0.05,0.05,-3.13,3.274522524,-1.9,34.4745,2.29075805,-0.87228,-2.112923763,772.34,-6.717273746,5.839,13.075,-1,-0.046981731,-0.444020403,1.7,-5.5,129.5,80.3,74,-11.7195,17.3232,9.0659,1.839576988,0.170015287,-3.7,17.6,-35.2526,-6.880270336,-0.87228,1.90676214,-772.34,10.09931456,-24.37,-12.78,1.9
2019,Region 2,Second Round,2019 Iowa,2019 Tennessee,10,2,0,-15,-10.2,-6.638193422,-11.0245,-0.106469977,-3.2,-1.6,7.3,6.1,0.55,0.85,-0.63,6.76,0.9,2.1,-21.2,-26.8,-0.4,0.9,0.3,-1.2,-1.3,5.7,-14.5,8.9,4.8,7,21.6643,21.35952564,5.2,6.9,1.7,8.3,7.9,1,-0.4,7.8,3,3,8.9,3.2,1,-21.5,-17.3,21.272,22.3681342,3.7,2.3,3.6,8.3,4.6,2.6,-2.6,1.9,7,-3.2,3.3,9,4.3,6.9,-130.2,-79.2,-61.1,11.3095,-19.6052,-11.7732,0.805647705,0.046037029,1.3,-12.7,0.01,-0.01,-0.01,6.76,0.071024647,2.1,33.9796,-0.686423305,0.61168,-2.262397068,1191.98,-6.229786749,-0.075,12.575,-2,0.139102929,-2.457099114,2.2,-6.9,130.2,79.2,61.1,-14.8478,12.9364,15.9971,4.342101627,-0.171408069,6.3,12.4,-37.5533,-1.942872567,0.61168,1.639092674,-1191.98,9.754963369,-47.8,-14.01,4.2
2019,Region 3,Second Round,2019 North Carolina,2019 Washington,1,9,1,17.4,7.8,6.688820747,15.8041,0.145876502,-1,-0.1,-8.9,-3.8,1.24,0.95,-0.38,0.18,8.9,9.1,-28.8,-17.7,-0.1,0.6,-1.1,0.5,-3.3,-4.8,0.8,3.9,16,7.2,26.2586,25.81859634,5.6,5.9,3.4,3.6,-3.6,6.9,0.2,2.8,2.2,5.8,6.6,4.7,2.8,9.6,0.8,16.279,14.72875748,3.8,4.8,1.7,1.1,6.2,-1.3,-6.4,-7.2,5.1,-1.6,0.9,3.7,1.5,0.6,-120.6,-78.2,-70.6,16.0929,-22.33,-10.5502,1.186625998,-0.001305179,-16.1,-22.3,1.42E-14,-0.03,-0.01,0.18,-0.695303266,9.1,31.2061,0.770553583,0.72394,-1.343715734,549.15,-5.593116664,26.466,9.655,0,0.91156293,-0.551168046,-8.8,-0.6,120.6,78.2,70.6,-20.5015,25.7045,15.162,1.967267841,-0.280881765,5.8,22.1,-32.2197,-6.819069635,0.72394,2.02397612,-549.15,8.895180232,16.176,-11.465,-8.8
2019,Region 3,Second Round,2019 Auburn,2019 Kansas,5,4,1,3.3,-0.4,-2.210654685,2.6266,0.01746856,-2.8,0.1,-1.6,1.2,-0.96,-0.45,1.16,-0.61,-1.7,-2.1,-9,-20.9,5.6,4.4,-12.2,7.9,2.2,-6.6,-1.8,8.5,2.9,7.4,27.5304,27.16395634,6.4,5.4,4.5,3.5,3.3,1,4.4,0.2,7,0.9,5,-5.1,4.5,-6.1,-7.9,16.5063,16.62070366,0.5,1.8,-0.6,-1.5,-3.7,6.6,3.2,-3,-1.1,6.1,1.3,-0.5,0.2,6.1,-120,-76.4,-71.8,18.6476,-22.9188,-8.8195,1.305954629,0.060128473,5.2,-15.8,0.01,0.01,0.01,-0.61,2.239642669,-2.1,35.058,5.522926526,-0.3234,-1.814434014,380.44,-8.089952317,23.055,11.485,2,1.080386911,0.750306974,4.5,-6.1,120,76.4,71.8,-17.2814,21.621,16.0818,-2.857054265,-0.361755162,-1.8,11.6,-30.3253,-0.19971365,-0.3234,2.155362676,-380.44,5.37252887,0.213,-10.425,-1.8
2019,Region 3,Second Round,2019 Ohio St.,2019 Houston,11,3,0,-6.7,-5.9,-7.080062501,-7.3468,-0.096532373,-7.2,-5.5,-2.3,1.4,0.5,0.55,-0.34,-2.27,-0.6,-0.2,-19.2,-19.7,-1.3,3.3,-2.3,-1,-3.3,5.8,-0.5,-5.4,-2.3,0.6,17.5746,17.40819328,8.1,6.8,6.7,4.2,-3.6,-0.5,1.5,8.9,0.6,13.1,8.1,2.6,6.2,-2.1,-6.4,19.9284,20.00756303,3.9,3.4,2.9,-4.2,0.1,1.6,-8.6,5,4.4,0,4.4,5.3,2.8,-6.8,-127.9,-85.3,-64.7,12.0249,-27.9446,-15.959,4.091632374,0.070563415,-9.7,-29.8,0,-0.04,0,-2.27,-1.295100708,-0.2,30.5733,2.01571437,0.37152,-2.247030951,1067.14,-6.679806621,-6.361,8.975,-1,-0.209796473,-3.630289697,2.9,6.8,127.9,85.3,64.7,-11.8889,18.4004,9.9762,1.696884747,0.185583747,9.3,27.1,-33.816,-5.975345436,0.37152,1.948732104,-1067.14,12.26135062,-7.227,-12.595,-4.3
2019,Region 3,Second Round,2019 Wofford,2019 Kentucky,7,2,0,-3.5,-0.3,-4.584245244,-6.6987,-0.068633986,-2.1,0.2,2.6,2.9,-1.25,-0.01,1.22,0.68,0.2,-0.1,-18.2,-30,0.1,-0.8,-4.5,5.3,-5.1,2.1,-12.4,10.3,5.9,10,27.5476,24.12709438,10.8,10.7,6.6,-0.1,0.6,2.2,6.5,2,1.2,2.5,8.1,11.3,7.1,-12.3,-10.3,20.5808,19.00824244,3.1,1.8,3.7,3.3,10.7,0.8,-12,3.6,6.6,5.1,7.3,3.3,2.8,8.3,-127.6,-80.7,-70.9,10.7244,-17.0856,-7.1856,-3.157221636,-0.139170051,-1.9,-21.9,-0.01,-0.04,1.42E-14,0.68,-1.609556742,-0.1,38.6844,6.776994917,-0.0076,-2.177799364,956.33,-6.403222982,31.419,12.79,1,0.735838157,2.001787395,4.1,-8.3,127.6,80.7,70.9,-16.4132,17.5898,16.4142,-1.333343772,-0.451044547,10.4,16.8,-33.8281,-8.91754493,-0.0076,2.540343555,-956.33,10.2270116,1.283,-15.495,2
2021,Region 1,Second Round,2021 Gonzaga,2021 Oklahoma,1,8,1,23.2,14.5,8.215308712,19.9802,0.116746171,8.7,7,-6.3,-1.3,1.25,0.74,-0.59,-7.5,6.1,6.9,-29.6,-26.5,0.8,16,-10.9,-5.3,-4.1,1.6,2.9,-4.5,23.7,20.2,31.3274,30.66608333,12.1,17.7,1.1,-0.9,13.9,2.6,2.9,6.7,-1.2,8.3,15.3,7.2,1.2,8,-5.7,21.9398,21.45417359,3.3,4,1.3,4.1,3.2,4.5,-3.9,5.2,2.3,-4.4,7.1,-0.5,1.4,8.2,-129.1,-91.4,-85.5,25.9121,-24.2147,-12.5764,3.056656097,0.661492232,2.1,-8.2,0,-0.01,-0.03,-7.5,0.061781368,6.9,41.6233,-0.970111965,0.55175,-2.688033282,582.89,-9.890046745,32.191,14.765,0,0.821166509,1.486260368,-3.5,-8.2,129.1,91.4,85.5,-12.8722,19.906,9.6539,1.642361388,0.064585002,12.7,23.1,-32.1161,-4.431945869,0.55175,2.813359902,-582.89,13.0105034,5.004,-9.325,-13.7
2021,Region 1,Second Round,2021 Creighton,2021 Ohio,5,13,1,8.6,4,5.237855814,10.1909,0.139642094,2.1,1.5,-3.3,-0.4,0.05,-0.85,0.81,-1.17,-2.2,-0.3,-15.7,-22.3,4,-3.3,-0.1,3.3,2,-9.6,9.6,-0.1,13.1,8.3,12.982,13.2896749,4.6,4.7,3,-12.4,-3.3,4.2,-2.6,3.1,3,2.7,5.7,4.4,2.5,-3.8,-4.4,19.4368,17.72527196,8.9,10.3,4.5,0,3.9,0.8,-0.5,8.4,-3,-6.9,4.1,6.6,3.9,9.5,-129.4,-90.9,-87.6,16.5818,-17.4353,-11.0196,-0.063729666,-0.065076058,5.5,-12.9,0.02,0.05,0.02,-1.17,-0.08133562,-0.3,37.1194,-0.973895119,-0.59485,-2.103365424,-1,-16.29658003,31.631,11.815,1,-0.725114556,-2.433785971,-4.8,-9.5,129.4,90.9,87.6,-14.5291,24.0496,12.7828,5.344167415,-0.191036119,-0.8,20.2,-36.8622,0.063054053,-0.59485,2.33584274,1,9.548552873,3.481,-10.775,-0.6
2021,Region 1,Second Round,2021 USC,2021 Kansas,6,3,1,15.8,6.1,1.223800303,1.1932,0.037166535,0,1.5,-6.4,-2.8,1.22,2.25,0.23,3.16,-1.9,-1.1,-31.3,-28.7,4.2,-1,7.6,-6.6,-1.9,-4.4,5.7,-1.3,8.1,7.3,24.2991,23.0890597,5.1,6.2,2.3,-8.4,11,1.9,8.8,3.3,5.8,3.3,3.4,10.5,2.5,9,-1.2,18.9567,18.42328186,4.3,7.1,-0.5,-1.4,5.7,-0.3,-3.9,-0.7,4,-14,7.5,3.3,0.3,-5.8,-126.8,-78.9,-80.7,15.253,-17.4186,-13.844,-1.436802485,0.328569543,-15.6,-17.2,-0.01,-0.01,0,3.16,0.629333869,-1.1,32.0699,6.96846497,1.52785,-2.385229654,581.36,-8.179334886,16.185,11.475,1,0.485523763,-1.612740853,-0.8,5.8,126.8,78.9,80.7,-9.3716,22.8841,11.1813,6.96333863,-0.13847907,13.7,25.7,-31.4027,-4.38440386,1.52785,1.94957434,-581.36,6.812189914,16.887,-8.34,-10.2
2021,Region 1,Second Round,2021 Oregon,2021 Iowa,7,2,1,-3.8,-2.3,-0.737282201,-11.2232,-0.067922963,6,4.5,0.7,3.7,-0.4,-2.98,0.62,-2.27,-3.1,-2.8,-22.4,-21,0.8,5.6,-3.9,-1.8,1.2,2.1,-1.1,-1.1,9.4,14.3,19.8605,17.57486766,6.1,7.1,3.1,2.9,4.2,-0.5,-0.3,-11.4,2.8,8.3,5.3,4.3,2.9,-16.5,-16.3,26.7232,27.65310506,4.5,2.5,5,-5,4.9,7,-3.5,9.6,4.1,9.5,4.8,0.6,4.3,7.4,-133.3,-85.2,-91.5,15.3417,-20.0633,-11.5411,2.222963238,0.217499653,-1.7,-14.6,0.03,0.03,0.04,-2.27,0.777964178,-2.8,36.8337,4.190586954,-2.08034,-2.415059478,-74.91,-7.823296353,28.504,10.155,-2,-0.628565925,-1.649080542,4.9,-7.4,133.3,85.2,91.5,-9.4332,14.9347,10.0631,-3.197171997,0.113620026,0.7,17.3,-37.2085,-1.242817311,-2.08034,1.963791202,74.91,8.518103271,-23.028,-13.045,0.2
2021,Region 4,Second Round,2021 Michigan,2021 LSU,1,8,1,7.3,6.7,4.820172738,11.2016,0.069382143,2.3,2.7,2.9,2.5,0.28,2.27,1.09,-1.32,-5.3,-3.6,-21.8,-30.2,1.5,2.2,8,-10.1,-1.5,-1.5,6.6,-5.1,9.6,11.8,19.253,17.84657213,6.4,2,8.7,7.2,-0.2,2.1,-3.4,4.8,1.5,0.4,3.9,3.9,8.1,-9,-5.2,31.1285,28.11527453,7.9,10.7,1.5,-0.2,9.4,-1,-6.7,-0.2,0.8,19.1,9.9,6.6,2.6,1.1,-134.1,-81.5,-83.6,18.6923,-21.6098,-17.8841,-2.636950052,0.376591823,-3.8,-17.3,-1.42E-14,-0.05,-0.04,-1.32,0.931920736,-3.6,36.4753,1.318490053,1.53582,-2.408219072,801.24,-11.53837499,26.238,10.705,1,-1.27351727,1.546109731,2.2,-1.1,134.1,81.5,83.6,-11.9412,22.6906,8.7192,-6.792008792,0.060381493,21.6,31.8,-35.9791,-6.654876227,1.53582,3.009014957,-801.24,8.68694965,6.753,-11.38,3.8
2021,Region 4,Second Round,2021 Colorado,2021 Florida St.,5,4,0,-7.3,-3.4,2.472483419,-0.3882,0.003609009,-0.8,-0.5,-0.8,0.1,-2.17,-1.85,0.32,-8.79,-4.2,-4,-24.2,-29.7,-4.4,-2.3,5.5,-3.1,-7.9,-3.2,3,0.2,-0.7,-0.4,20.0444,21.72285612,5.5,6.1,3.4,8.1,-6.4,2.8,-0.5,1.9,0.3,9.6,7.3,6.7,4.8,-6.3,-2.9,23.7062,25.48258415,6.7,5.6,5.7,1.2,4.7,-0.4,-10.1,4.3,6.7,0,7.7,1,4.3,0.6,-123.6,-76.4,-73.1,3.7944,-17.2102,-13.0853,1.859559544,-0.093295047,-8.1,-22.5,-0.03,0.01,-0.01,-8.79,-3.62566966,-4,32.778,2.862577407,-1.3324,-1.865183597,1248.41,-6.250492888,2.564,10.13,-3,-0.356999822,3.013350047,0.3,-0.6,123.6,76.4,73.1,-20.4044,19.5227,10.2893,0.978923499,-0.324474801,7.6,10.1,-33.0558,-8.913309401,-1.3324,2.473347613,-1248.41,11.64834256,-8.284,-11.965,3.4
2021,Region 4,Second Round,2021 UCLA,2021 Abilene Christian,11,14,1,10,6,3.694560655,5.7902,0.149502499,1.5,1.9,-10.1,-5.2,2.19,-0.22,-0.92,-9.07,-6.3,-5.3,-34.3,-24.5,0.8,-6.7,9.5,-2.8,0.4,-10.4,8.7,1.7,4.7,6.2,20.4834,21.62947648,6.6,4.3,7.6,3,-9.9,10,2.9,3.3,-2.3,-2.3,5.1,6.4,7.4,7.1,-0.3,5.5611,4.77680791,2.2,1.4,2.6,-4.8,6,-1.8,-6.4,17.5,1.8,3.8,-3,-5.8,2.7,1,-119.6,-86.5,-62.9,5.1797,-14.8126,-12.3936,-4.296124887,-0.088313283,-20.5,-29.5,0.07,0.09,0.08,-9.07,2.828690926,-5.3,28.7378,5.681686724,-0.13986,-2.0386051,1012.11,-10.01602842,-3.358,9.955,-1,1.438837794,3.894487995,1.5,-1,119.6,86.5,62.9,-15.06,22.4785,11.8911,-2.273771563,-0.324739218,1.1,15,-33.9606,-0.688172438,-0.13986,2.117083563,-1012.11,11.80973186,7.958,-12.77,-7.4
2021,Region 4,Second Round,2021 Maryland,2021 Alabama,10,2,0,-8.8,-4.8,-6.806103327,-6.2701,-0.070807391,-0.5,3,-4.8,-4.9,0.4,-0.78,0.03,-10.53,-9.5,-8.5,-23.4,-11.1,0.4,-1.6,-7.3,8.9,-1.3,-9.4,14,-4.6,-2.2,-1.6,24.182,21.43186574,7.3,6.4,6.1,1.7,0.7,4.3,-8.9,9.9,-3.8,5.5,6.7,3.3,6.1,-2.7,-3.4,19.5236,16.52509368,2.8,3.7,0.8,0.3,3,-1.7,-6.7,-1.5,1.7,-7.6,-0.3,-3.1,0.4,-2.3,-126.6,-93,-81.3,12.6606,-20.872,-8.9993,0.465036645,-0.265722758,-8.5,-22.4,0,0.01,1.42E-14,-10.53,1.653927838,-8.5,32.2215,-3.15811894,-0.53924,-2.375141328,107.12,-8.067235959,-3.668,7.58,0,0.425209016,2.168792014,0.6,2.3,126.6,93,81.3,-16.2,25.1213,10.9508,2.733272705,-0.142042314,-10.6,14.7,-33.0547,-6.498368964,-0.53924,2.195271901,-107.12,8.731275634,-4.713,-10.515,-0.7
2021,Region 2,Second Round,2021 Baylor,2021 Wisconsin,1,9,1,6.4,8,4.619238648,6.8424,0.041847327,1.8,4.8,-2.9,-1,-1.31,-2.28,-0.37,-0.2,4.4,3.7,-26.6,-24.9,4.3,3,-7.9,4.9,2,5.9,0.6,-6.5,10.4,14.1,33.3978,32.99259748,9.6,7,8.8,-1.5,-1.5,0.2,12.4,1.8,-0.7,-8.2,5.7,3.1,7.8,-4.6,-6,18.7541,17.92077147,0.3,-1.8,2,8.1,-4.8,11.1,7.2,2.6,0.4,-0.1,-2.8,0.7,3.6,3.9,-126.5,-82.8,-85.9,16.3044,-18.1879,-6.4183,-5.935244626,0.046124054,-9.9,-17.1,-1.42E-14,-0.01,-0.01,-0.2,0.54158789,3.7,38.1062,10.07254966,-1.52324,-2.754442801,-258.69,-8.442426359,16.464,14.115,3,1.386412037,5.312331477,3.7,-3.9,126.5,82.8,85.9,-6.8249,17.9591,8.1233,1.348441274,0.376150211,14.2,29.3,-30.2096,2.008382195,-1.52324,2.083586358,258.69,8.620163204,-15.092,-7.225,-1.4
2021,Region 2,Second Round,2021 Villanova,2021 North Texas,5,13,1,9.6,10.6,5.500969319,10.9209,0.152444177,1.3,1.6,-2.4,-2.4,0.96,0.65,-0.64,-0.29,1.1,1.7,-21.2,-22.2,2.5,1,-10.3,9.4,0.8,0.6,-3.5,2.9,12.6,9.4,24.9374,24.45484205,7.1,8,3.6,3.9,-1.7,7.9,1,14.8,-4.5,5.7,6.4,4.8,2.7,0.1,1.2,9.378,6.57031305,2.2,1.9,1.9,5.3,1.4,-1.4,-3.1,3.1,-0.3,-0.5,6.3,-1.3,2.9,4.3,-125.7,-92.5,-85.3,13.9805,-22.3674,-8.0452,1.146540581,-0.125760703,-9.5,-27.7,-0.06,-0.1,-0.08,-0.29,1.751602625,1.7,34.0518,0.710691772,0.42495,-2.08040925,63.22,-10.54349361,19.346,10.13,0,1.493808365,-0.422813126,-3.2,-4.3,125.7,92.5,85.3,-11.5656,16.4814,12.6213,0.373134433,-0.035510787,7.9,25,-33.826,-3.527521117,0.42495,3.140693845,-63.22,20.60544023,-5.065,-11.04,1.1
2021,Region 2,Second Round,2021 Texas Tech,2021 Arkansas,6,3,0,7.1,3.5,-3.645182252,-0.5827,0.011915022,-2.3,-1.9,-4.8,-2,-0.88,-2.37,-0.14,2.45,-8.3,-7.4,-31,-25.6,-0.2,-1.1,7.5,-6.4,-2.3,-13.2,9,4.3,1.9,4.1,22.3896,20.18924403,2.1,1.8,2,2.5,10,4,7.6,4.4,3.8,1.1,4.2,1.8,1.8,0,-0.7,20.0865,18.66754635,3.7,7.1,-1.1,5.4,-3.8,6.4,-1.7,5.9,6.2,-0.7,-1.7,4.7,-1,-3.4,-122.2,-78.3,-62.2,8.8886,-19.1462,-13.9526,-0.26384687,0.178114092,-11.3,-20.3,0.02,0.08,0.04,2.45,-0.757743941,-7.4,30.9617,7.233868198,-1.66278,-2.40656571,971.29,-6.66968788,0.668,11.58,1,0.213879813,-0.265315818,2.2,3.4,122.2,78.3,62.2,-20.3657,27.4558,13.8808,1.28178724,-0.561804038,12.2,21.5,-30.1154,-2.052972172,-1.66278,2.750167793,-971.29,7.217566668,-1.554,-10.14,-0.7
2021,Region 2,Second Round,2021 Florida,2021 Oral Roberts,7,15,0,11.6,7.6,6.110396645,16.33598,0.350827261,2.3,2.8,-2.8,2.3,0.59,1.22,0.04,7.46,-2.1,-2.8,-34.2,-18.8,5.8,-8.1,6,2.1,4,9.6,0.6,-10.2,15.9,14.8,3.535,3.721407,2.1,2.9,0.1,5.5,0.7,-2.5,-2.2,0.7,4.9,3.3,8.7,3.3,1.3,-3.1,-7.1,15.2333,14.08214918,6.1,1.3,8.2,12.3,-7,4.9,8.4,-9,0.2,15,-4.1,9.2,7,4,-124.8,-81.4,-70.5,12.1415,-11.7534,-8.6389,1.023138839,-0.162678717,-7.8,-8.1,0.06,0.08,0.03,7.46,1.422348261,-2.8,32.6053,1.682145289,0.85742,-2.98080125,924.88,-9.278682127,24.505,11.03,-2,-1.326320914,0.035887007,-1.1,-4,124.8,81.4,70.5,-1.3161,12.972,7.6254,-2.544962544,0.577070303,-2.2,19.4,-34.3698,-0.976407976,0.85742,1.817275272,-924.88,6.229262218,-4.477,-9.075,-4
2021,Region 3,Second Round,2021 Illinois,2021 Loyola Chicago,1,8,0,3.4,3.3,6.972303601,6.8583,0.031763893,-2,0.7,-4.7,-1.5,0.86,0.98,-0.64,-1.33,8.1,6.8,-34.9,-30,7.8,10.7,-7.1,-3.6,0.8,-12.4,16.9,-4.5,4.7,5.5,32.2945,29.16057297,8.9,9.8,5.1,-1,16.8,3.4,12,10.3,-1.5,11.8,12.7,-0.7,4.8,1,-2.4,22.0715,18.14088588,9.7,12.6,3,4.8,0.2,-2.4,-3.8,15.6,-2.6,17.3,9.1,4.3,2.5,5.2,-125.6,-97.8,-77.2,22.622,-22.1134,-11.4598,4.85847431,0.733351974,-15.7,-17.7,0.05,0.06,0.04,-1.33,0.877725959,6.8,33.968,7.52071446,0.67992,-2.30050815,449.54,-13.18160077,-1.508,12.61,1,0.91169154,-0.632438161,0.8,-5.2,125.6,97.8,77.2,-16.4418,24.6192,8.7412,-6.553710497,-0.19509368,11.7,25.2,-37.2871,-0.759057443,0.67992,2.296250547,-449.54,12.85131574,-6.232,-12.45,-3.4
2021,Region 3,Second Round,2021 Oregon St.,2021 Oklahoma St.,12,4,1,2.2,0.7,-4.445274529,-8.5943,-0.105261119,-3.9,-1.1,-2.3,-2.1,0.63,1,1.03,-4.56,-7.2,-6.6,-27.1,-30.4,-2,-5.1,7.4,-2.2,-0.5,-10.3,3.8,6.5,2.6,3.8,18.0337,16.81633096,1.5,0,2.9,5.2,3.5,2.1,-0.4,11.1,-0.8,4,1.9,2.8,3.2,0.1,-3,10.9057,10.66297685,1.8,0.4,2.4,-1.9,-1.8,-2.9,-2.5,-4.6,3.3,-8.4,0.3,-3.1,2.5,-1.5,-123.6,-78.7,-60.9,4.7216,-17.5132,-13.1472,0.426027733,-0.129833917,-9.2,-21.3,0.03,0.05,0.03,-4.56,2.01102269,-6.6,30.1332,-0.145776546,0.63988,-1.686949551,1493.68,-7.977317363,16.352,8.83,-1,0.716490668,0.421736375,1.2,1.5,123.6,78.7,60.9,-20.0451,25.3662,16.1996,3.635504673,-0.552892612,-1,5.8,-31.8532,-4.62673687,0.63988,2.189076602,-1493.68,9.580497219,7.728,-12.755,-3.1
2021,Region 3,Second Round,2021 Syracuse,2021 West Virginia,11,3,1,-4.5,-3.6,-2.460008625,-4.0938,-0.062661774,3.2,3.3,-1.1,0.7,0.97,0.48,-0.25,-10.7,-1,-0.4,-23.5,-23,-0.2,-13.7,11.2,2.5,4.7,-1.5,-9.6,11.1,5.6,7,18.0127,17.25143892,0.5,-0.5,1.5,9,-0.1,4.7,-1,4.5,8,0.9,3.9,5.5,1.3,-11,-10.7,18.5343,17.76571723,0.2,-2.8,4,-3.2,14.3,3.8,-1.8,-16.3,-1.3,8,-1.6,0.4,4.6,-1.9,-125.5,-69,-78.6,6.9666,-12.8807,-11.176,-0.989862497,-0.417271698,-6.6,-22.7,0,-1.42E-14,-0.02,-10.7,0.173096528,-0.4,32.2794,0.336020095,0.33568,-2.1099885,983.65,-12.15610287,6.717,9.52,-1,-0.03095351,1.517376481,1.4,1.9,125.5,69,78.6,-9.8959,22.6708,18.096,-2.205663269,-0.20375733,11,24,-29.709,-9.957219354,0.33568,1.302864861,-983.65,6.244753873,-21.87,-9.465,0.3
2021,Region 3,Second Round,2021 Rutgers,2021 Houston,10,2,0,-14.1,-7.2,-2.291944907,-10.6774,-0.118020003,-4.8,-2.9,0.8,1.3,0.81,1.29,0.15,-3.37,2.5,2.8,-29.7,-22.1,4.8,3.7,0.6,-4.3,2.4,7.9,-1.3,-6.7,-2.2,1.1,18.5493,17.19654454,7.3,8.9,2.6,-2,-14.7,5.2,-0.6,0,6.8,3.5,4.4,11.8,1.4,-8.3,-8.5,28.4136,27.07774886,3.6,2.5,3.4,3.9,-2.5,2.6,-10.1,-4.7,6.3,3.8,7,1.8,2.5,-7.9,-126.8,-75.9,-66,14.591,-24.1253,-15.9347,-1.169293506,0.38711668,-8.8,-14.7,0.01,-0.02,0.01,-3.37,0.499690327,2.8,29.6336,1.657953531,0.86943,-2.332899301,49.89,-6.239069477,-2.606,8.135,-1,-0.897860682,2.377666791,3.3,7.9,126.8,75.9,66,-6.5381,17.9658,9.3479,-1.10994687,0.429662182,12.7,27.3,-33.0534,-9.104999353,0.86943,2.021062174,-49.89,6.353759716,-13.354,-12.405,-0.2
2022,Region 1,Second Round,2022 Gonzaga,2022 Memphis,1,9,1,11.6,6.2,5.354140249,16.749,0.097704683,3.6,2.4,-7.9,-2.6,0.95,0.74,-0.16,-16.31,2.4,2.3,-21.8,-35.3,1.2,6.3,1.2,-7.5,-8.8,-5.6,2.8,2.9,13.3,7,27.6571,27.69744752,12.9,15.6,5.8,3.1,-3.2,5,-2,-2,4.3,17.5,18.1,7.8,5,7,-4.2,21.532,21.91560466,9.4,10.4,5.2,-0.3,16.2,-5.9,-14.5,19,10.2,0.7,13.3,3.6,5,1.7,-123.3,-79.5,-76.8,19.3759,-20.4782,-16.043,5.846538521,0.423423016,3.8,-7.5,-0.04,-0.04,-0.06,-16.31,-1.185778599,2.3,38.7739,-0.120197291,0.57832,-1.215004646,442.45,-5.266924824,18.849,12.15,0,0.530610728,0.326337554,-6.3,-1.7,123.3,79.5,76.8,-18.5625,22.8571,12.3515,1.33410078,-0.583379997,11.6,9,-30.8986,-7.381130199,0.57832,2.982147026,-442.45,6.784812683,9.054,-10.335,-11.2
2022,Region 1,Second Round,2022 New Mexico St.,2022 Arkansas,12,4,0,-5.8,-4.4,-3.761166888,-8.9188,-0.154645628,-7.4,-4.8,-1.1,-0.9,1.3,0.72,-0.29,8.33,-4.1,-4.4,-19.7,-23.1,1.6,1.9,-4.2,2.3,-3.5,-6,-2.1,8.2,-7.2,-5.5,15.7539,14.08409113,4.7,7.7,0.2,-3.9,3.1,-0.1,7.5,-0.4,4.2,2.6,2.9,7.7,0.9,-4.7,-1.7,13.3699,11.90549388,3.7,5.1,0.7,1.1,10.1,-0.5,-4.7,4.7,5.6,2.1,9.7,-2.5,0.6,-5.6,-124.4,-83.8,-66.6,15.5482,-22.887,-12.4626,-0.77103555,0.031216925,-4.6,-21.7,0.02,0.02,0,8.33,-0.97090855,-4.4,30.5796,4.44156968,0.49732,-1.970727375,1629.97,-7.533952277,-18.618,11.21,0,0.249018983,0.359456879,1.7,5.6,124.4,83.8,66.6,-14.722,26.1695,19.368,-1.936465505,-0.475679316,6.5,20.5,-31.4287,-3.335287667,0.49732,1.836056115,-1629.97,7.132664756,-12.383,-10.1,3
2022,Region 1,Second Round,2022 Notre Dame,2022 Texas Tech,11,3,0,-12,-6.9,-4.715592217,-11.0074,-0.107406737,-2.8,0.1,-2.1,-0.9,-0.23,0.34,-0.63,-13.47,-1.6,-0.8,-11.3,-30.3,0.8,10.2,-7,-3,-4.3,-8.5,7.3,1.1,-5.7,2.1,26.9375,26.37082499,8.5,7.7,6.5,7.6,-4.4,8.1,-4,1.6,-2.4,5.9,5.5,3.4,6.4,-6.2,-7,11.3378,11.94552942,3.3,5.2,-0.3,0.6,13.2,-5.3,-9.3,8.2,2.8,0.9,5.9,-2,0.1,1,-125.6,-94.5,-81.2,13.6758,-24.823,-15.0294,0.416100207,0.307426652,-0.2,-27.4,0.04,0.06,0.06,-13.47,1.062316843,-0.8,32.768,0.066595557,0.22548,-1.623992925,106.42,-7.744859362,-21.822,8.195,2,1.475154679,3.16504098,7.8,-1,125.6,94.5,81.2,-22.4068,23.3271,12.9899,-1.282373226,-0.409169592,9.3,13.4,-34.1278,-4.608605388,0.22548,2.92167294,-106.42,18.80532413,-21.172,-12.485,-0.8
2022,Region 1,Second Round,2022 Michigan St.,2022 Duke,7,2,0,-11.9,-12,-4.306608411,-8.8407,-0.094474433,-5.7,-3.3,5.1,4.8,0.23,-0.55,0.83,11.89,-0.2,0,-32.8,-25.6,-0.7,-6.2,6.1,0.1,-7.5,-5.2,3.3,1.9,0.1,3.2,15.6242,16.49354468,5,2.8,6.4,7.5,11.5,-3.1,2.2,8.9,5.3,-1.3,6.6,3.3,5.8,-16.8,-15.2,22.9598,24.97842848,8.1,7.9,5.6,2,0.3,0.4,-4.9,4.9,4.4,-1.4,8.1,3.1,5,2.1,-134.5,-81.9,-93.8,7.2452,-15.1633,-10.1094,-2.518286817,-0.208627295,-15.9,-18.9,0.04,0.07,0.06,11.89,-0.096704142,0,33.483,2.019033689,-0.37785,-2.518043708,-390.73,-6.867964414,10.969,8.61,-1,-0.697635729,1.577723603,3.1,-2.1,134.5,81.9,93.8,-23.4386,20.7571,12.6522,2.101368596,-0.411498403,4.5,8.5,-39.2831,-3.640345283,-0.37785,1.840889391,390.73,6.670379714,-8.907,-13.205,1.6
2022,Region 4,Second Round,2022 Baylor,2022 North Carolina,1,8,0,5.2,4,4.647580162,10.2745,0.085167007,-1.6,0.1,0.3,-0.8,-0.65,-0.42,0.04,13.81,-1.7,-2.6,-25.4,-26.7,5.6,0.1,-2.2,2.2,-1.1,-3.9,5.7,-1.8,1.7,5.4,20.8632,21.5921764,3.1,5.2,-0.3,-3.9,7,-4.1,15.5,8.1,1.1,3.6,9.2,1.6,0.6,-4.9,-1.2,21.5032,22.11024644,4.3,1.2,6.3,7.1,2.7,6.4,-2,-1.9,2.4,-2.2,-2.7,0.2,5.6,2.6,-128.3,-84.1,-93.5,17.9572,-20.128,-10.8294,1.861685218,0.089404229,-10.6,-19.7,0,-0.01,-0.01,13.81,4.089144644,-2.6,36.194,7.819980697,-0.32764,-2.42370714,24.18,-9.328458564,3.664,13.605,1,-0.108199721,-0.90699447,3.7,-2.6,128.3,84.1,93.5,-17.1852,23.5868,11.6636,2.809811112,-0.080284271,8.5,16.6,-31.5497,-5.070598722,-0.32764,1.820946499,-24.18,9.549234475,-8.12,-8.985,3.7
2022,Region 4,Second Round,2022 Saint Mary's,2022 UCLA,5,4,0,-3.9,-4.2,-1.11627336,-5.039,-0.045263276,-2.6,-2.4,-2.7,-0.6,-0.06,0.5,0.1,-9.2,-1.6,-2,-26.1,-39.7,-2.7,9.8,-8,-1.9,-0.3,6.6,-3.6,-2.9,-1.3,-0.5,18.5353,16.17754941,4.9,5.3,2.9,4.4,-6,2.6,2.5,-0.1,-1.4,-5.4,2.5,1.8,3.4,-4.4,-3.6,26.1206,25.02993345,2.3,2.6,0.8,2.2,5.4,6.1,-10,14,0.7,-0.1,6.4,0.9,1.1,-0.8,-130.3,-94.1,-93.4,13.6228,-23.4917,-13.0189,-3.637423392,0.249712552,-0.4,-15.1,0.02,2.84E-14,0.01,-9.2,1.125793382,-2,33.3023,3.649145826,0.319,-3.015448917,-150.6,-9.622445303,-1.783,9.28,-1,-0.6970563,-1.966210714,0.8,0.8,130.3,94.1,93.4,-2.6596,11.9526,7.5483,0.325344219,0.330328265,25.4,28.1,-33.7381,-9.149644124,0.319,3.126906874,150.6,13.92546335,-8.434,-11.465,0.8
2022,Region 4,Second Round,2022 Texas,2022 Purdue,6,3,0,2,2.1,-3.649058953,-1.8809,-0.015906428,0.5,0.2,-0.3,0,-1.66,-2.96,0.9,-5.08,-2.4,-2.7,-23,-27.2,-0.8,3.1,1.3,-4.5,-5.4,1.5,4.2,-5.7,6.3,7.9,12.8316,14.03118506,0.5,1.7,-1.2,2.9,10.9,-4.1,8.3,0.2,3.4,-3.1,2.8,0.1,-0.2,-13.3,-5.8,29.8621,32.13119746,10.5,9.8,7.5,3.4,-0.5,6,-5.2,15,0.6,-0.3,11.1,5.3,6.5,3.2,-127.1,-79.3,-73.2,11.2533,-21.7075,-15.2078,-1.089302265,0.163489322,-15.3,-32.7,-0.07,-0.11,-0.08,-5.08,2.343887011,-2.7,33.8754,5.385355784,-1.95298,-2.01591977,678.44,-9.311935685,24.084,11.52,-2,-1.708055439,0.065861957,1.6,-3.2,127.1,79.3,73.2,-18.071,18.411,7.7607,2.202765925,0.074558848,8,15.9,-34.6735,-3.21427833,-1.95298,2.396575186,-678.44,8.873200792,-12.334,-13.255,7.5
2022,Region 4,Second Round,2022 Murray St.,2022 Saint Peter's,7,15,0,12.9,5.6,9.078974636,12.11352,0.23397611,2.9,1.2,-12.1,-7.2,0.43,0.63,-0.3,-14.58,0.5,0.2,-26,-29.1,1.6,4.5,-6,1.5,0.7,-12.1,1.8,10.3,8.3,3.3,17.0422,15.54730978,8.8,9.5,5.3,-3.7,-9.9,3.8,7.5,-1.4,-3.7,-3.3,8.1,5.9,5.3,9.4,6.1,3.6225,2.5928966,-0.2,-4.1,4.7,0.9,12.9,0.2,-6.1,6.1,4.1,-2.1,-11.1,-0.3,4.9,-7.2,-120.2,-79.6,-65.8,12.0006,-21.6204,-12.6594,-3.858578079,0.114695003,2,-8.5,0.06,0.06,0.06,-14.58,-2.420610374,0.2,32.171,6.9523836,0.42094,-1.691376217,733.07,-5.838654236,10.797,11.615,1,1.275626477,3.591274848,-5,7.2,120.2,79.6,65.8,-12.0875,25.1383,18.058,2.50014196,-0.67427823,4,17.4,-26.9376,-7.655422863,0.42094,2.534617567,-733.07,9.251860219,15.426,-8.405,-3.3
2022,Region 2,Second Round,2022 Arizona,2022 TCU,1,9,1,9.2,7.6,5.83621561,12.2999,0.101834887,-0.6,0.7,-3.9,-2.1,1.51,2.62,-0.13,-4.08,5.7,6.5,-29.7,-33.5,8.6,5.7,-6.6,1,-2.2,-9.4,6.4,3,8.8,7.8,26.2875,25.16745867,8.2,9.6,3.9,2.6,8.4,0.4,8.4,11.2,4.8,2,9.6,1.1,4.4,4.6,-0.3,15.83,14.94160973,4.5,8.6,-2.4,-0.2,8.4,-3.9,-9.5,7.1,4.4,6.2,5.8,5.1,-2.6,-3.1,-124.3,-73.3,-84.2,27.2837,-22.5363,-11.4432,0.350920044,0.363760003,-1.2,0.9,0.01,0.02,0.03,-4.08,0.261277138,6.5,36.2148,2.039430773,1.96338,-1.325628159,15.9,-7.872756156,10.427,13.29,1,0.970862428,0.731082937,-1,3.1,124.3,73.3,84.2,-15.7428,28.1185,13.745,-2.621385497,-0.460277854,14.2,19.2,-28.4964,-3.725147264,1.96338,2.294860246,-15.9,6.815055501,4.682,-7.495,-4.9
2022,Region 2,Second Round,2022 Houston,2022 Illinois,5,4,1,10.6,9.1,2.012843198,6.911,0.052390971,0.7,0.3,-4.2,-2,0.11,-1.01,-0.02,-2.04,-2.7,-3.1,-31.3,-14.4,5.5,5.3,-14.5,9.3,-2.6,-4.4,4.5,0.1,12.8,5.8,23.21,23.98735251,7.3,9.6,1.9,-5.2,0.3,-1.5,12,17.8,8.7,8.4,9.2,2.2,1.9,3.7,-0.5,22.8742,24.70430584,9.6,8.2,7.7,0.3,-3.4,4,-6.1,2.3,0.7,-0.2,9,2.3,7.1,-3.5,-127.9,-75.7,-76.1,20.07,-23.474,-7.0094,3.457843364,0.01837659,-21.3,-25,0.06,0.07,0.05,-2.04,3.876594511,-3.1,36.0572,4.385301458,-0.70866,-2.533711108,252.2,-12.68659947,28.632,12.75,1,0.008398837,-1.188774219,-7,3.5,127.9,75.7,76.1,-15.1476,26.3807,15.109,1.73995052,-0.166288889,1.7,21.2,-31.4408,-5.929970365,-0.70866,1.924393429,-252.2,5.332412227,8.041,-10.03,-4.2
2022,Region 2,Second Round,2022 Michigan,2022 Tennessee,11,3,1,-22.6,-13.5,-7.793499187,-9.5918,-0.069942804,-4.9,-1.3,0.1,-0.3,1.48,1.73,0.01,-10.46,-1.2,-1.1,-28.3,-25.4,1.8,-0.5,7.6,-7.1,-0.3,-3.2,8.6,-5.4,-8.7,-0.9,28.0083,26.95328168,6.1,7.2,2.8,4,-2.7,5.8,3.8,1.1,0.3,2.8,9.6,6.6,2.6,-7.5,-7.1,12.8802,13.40500956,0,-2.8,2.8,-1.7,3,-3,-9,20.7,4.8,6,-3.6,-5,3.6,-0.9,-127,-84.8,-83.3,11.9121,-19.3545,-16.0485,-0.288615669,0.263925299,-10.8,-19.5,-0.02,-0.05,-0.03,-10.46,-2.088790604,-1.1,31.0365,3.84289188,1.15002,-2.08894192,263.36,-6.895892388,-11.99,9.235,0,1.465999487,2.398692966,7.8,0.9,127,84.8,83.3,-14.3771,21.4274,9.0528,-2.510494784,0.05150443,12.8,24.7,-33.791,-3.943082863,1.15002,2.606973946,-263.36,11.16408054,-10.352,-12.22,0.4
2022,Region 2,Second Round,2022 Ohio St.,2022 Villanova,7,2,0,-10.1,-6,-5.957109284,-8.2883,-0.076701325,-1.5,1.8,6.2,4.7,-0.1,0.44,-0.56,11.87,1.2,2.6,-17.3,-18.7,0.5,-5.5,8.2,-2.7,0.7,-0.8,11.1,-10.3,8.5,9.8,22.7873,23.31092918,7.3,5.8,6.3,1.5,8.4,2.1,0.8,-1,1.6,8,9.6,7,5.7,-9.4,-9.5,17.146,17.66449532,4.1,4.1,1.9,8.9,1.3,-0.2,-2.3,1.6,-0.7,0,2,-0.3,2.1,2.2,-133.7,-83.7,-81.7,8.3468,-15.5967,-14.7849,1.036606559,-0.068432065,-13.4,-33.2,-0.01,-0.03,0.02,11.87,-2.051043814,2.6,35.7784,3.741608422,0.27412,-2.647092782,1262.92,-12.41195515,10.434,10.995,1,0.646657853,0.960585035,1.3,-2.2,133.7,83.7,81.7,-8.8321,20.3534,7.2103,0.32880841,0.245008241,-0.1,19.9,-35.9687,-4.539198531,0.27412,2.546071161,-1262.92,7.295725115,-27.732,-11.675,-0.1
2022,Region 3,Second Round,2022 Kansas,2022 Creighton,1,9,1,16.8,11.8,8.695031467,12.0235,0.149635417,1,2,-5.8,-1.7,-1.1,-1.24,0.77,1.14,1.4,2.2,-32.6,-27.6,3.4,5.4,-5.2,-0.1,-7.9,-2.4,5.8,-3.3,8.3,9.5,27.2695,27.9226489,9.2,11,3.8,0.1,12.5,-2.3,5,9.1,1.2,9.9,12.4,3.5,4.4,4.4,-4,11.6915,11.3299486,4,6,0.6,2.2,-1.8,-2.1,0.3,3.6,2.8,4.1,5.8,4.7,1,-3.2,-127.8,-80.7,-93.1,15.7699,-21.4041,-10.7265,3.146123722,0.269365323,-11.2,-14,1.42E-14,-0.01,-0.01,1.14,0.135481767,2.2,35.9297,3.62866037,-0.83734,-2.032020462,-53.03,-8.441914995,27.748,10.24,0,1.464614788,1.547344404,1.2,3.2,127.8,80.7,93.1,-19.01,23.2003,12.6948,-0.931478644,-0.175013984,6.8,13.1,-30.6951,-0.408673738,-0.83734,2.344545941,53.03,8.66324867,15.554,-7.405,-8.4
2022,Region 3,Second Round,2022 Richmond,2022 Providence,12,4,0,-4.2,-0.2,-7.511753972,-4.05469,-0.119150535,-2,1.8,-2.2,-3.8,-1.04,-0.21,-0.09,1.37,1.3,1.3,-21.9,-26.2,-2.7,-3.8,-1.8,5.6,-1.7,-3.7,5.6,-1.9,2.8,6.3,11.0969,10.78942692,4.8,5.6,2.6,1.6,4.6,1.4,-5.6,11,-3.8,11.1,9.3,-0.2,3,-2.1,-4.7,12.6085,12.13829045,-0.2,-0.4,0,0.3,15,1.6,-3.3,5.7,0.5,-2.9,-4.1,-1.3,0.1,-1,-133.6,-91.9,-80.8,6.939,-19.7572,-11.509,4.79581337,-0.319915775,0,-18.3,-0.02,-0.04,0,1.37,0.816968278,1.3,35.6626,-2.981977112,-0.13354,-2.397340398,771.63,-9.032762725,6.863,9.19,1,-0.137780376,-0.765126809,3.5,1,133.6,91.9,80.8,-15.4452,21.4388,10.6457,1.252142051,-0.086148867,3,13.8,-32.2426,-3.037192285,-0.13354,2.948705921,-771.63,14.74014789,-6.63,-11.23,-2.6
2022,Region 3,Second Round,2022 Iowa St.,2022 Wisconsin,11,3,1,-9,-3.9,-3.626677703,-1.638,-0.014060116,-8.8,-4.3,-1.8,-0.1,-1.84,-2.64,0.74,4.04,0,-0.2,-28.9,-26.5,3.2,1.1,-5.2,4.1,2.9,-1.8,-0.2,2,-8.7,-1.1,9.5678,9.34742374,0.5,1,-0.2,0.4,0.4,-3.5,4.2,14.2,0.5,-4.2,1.8,-2,-1,-0.9,-2.8,19.9618,21.42069521,-0.2,-1.8,1.7,2.3,-3.9,11.8,2.7,-8.3,-3.8,-0.3,-2.7,-2.1,1.7,-4.1,-125.5,-93.5,-75.7,14.1634,-21.0873,-10.8045,-0.947310424,-0.005696045,-13.4,-21.7,-0.03,-0.07,-0.03,4.04,1.800142858,-0.2,31.169,0.919276835,-1.78148,-3.463491179,212.32,-12.02461439,-12.049,9.605,-1,-0.968458515,1.896535622,7.6,4.1,125.5,93.5,75.7,-12.9498,24.6324,16.002,0.462868469,-0.022074025,17.4,29.1,-29.4366,-3.337413206,-1.78148,1.808644501,-212.32,9.253442706,8.223,-9.075,-1.9
2022,Region 3,Second Round,2022 Miami FL,2022 Auburn,10,2,1,2.4,-3.7,-4.83543012,-11.8323,-0.119906086,1.2,-0.1,-3.6,0.8,-0.83,-2.4,0.69,-16.85,-3.9,-2.5,-27.8,-20.7,-0.4,-1.2,1.6,-0.4,-6.7,0.9,0.3,-1.1,-3.4,-2.8,25.6069,24.69766887,10.1,12.3,4.1,1.4,-5.9,6.5,-5.9,2,-1.6,12.8,14.9,8.8,2.9,-3.1,-10.1,11.466,12.1262461,-3.1,-2,-3.2,4.2,7,3.6,-2.9,-4.6,12.3,4.5,-1.5,-2.2,-2.7,2,-128.1,-83.8,-80.1,9.5494,-19.5572,-12.7716,3.90095065,-0.030867189,-2.8,-11.4,-0.03,-0.03,-0.02,-16.85,1.162386096,-2.5,34.9323,-1.645487764,-1.71275,-2.428302474,366.77,-4.208232812,6.691,8.97,2,1.477861247,3.005101158,0.6,-2,128.1,83.8,80.1,-21.1953,19.5927,12.6921,-3.106202619,-0.113660601,-2.1,4.4,-32.4401,-2.425174599,-1.71275,2.400393372,-366.77,10.51919833,0.193,-11.24,-7
2023,Region 1,Second Round,2023 Alabama,2023 Maryland,1,8,1,12.8,8.3,9.1870861,9.1722,0.092006644,-3.3,-1.6,-3.6,-0.9,0.22,1.75,-1.41,11.63,8.3,8.1,-20.5,-31.9,7.2,1.9,-17.2,15.3,-1.4,-4.4,11.3,-6.9,8,6.3,20.3308,20.44051026,4.8,6.9,1.7,-0.1,8.9,-0.6,6.6,6.7,1.4,2,4.8,-2.7,1.2,3.7,2.1,25.5811,23.20130641,9.6,10.8,4.9,2.5,1,-0.3,-2.7,4.5,-1.5,-5,10.2,7.4,4.5,-6.8,-130.5,-81.3,-68.9,18.0549,-20.4746,-5.7843,1.484612004,-0.242097756,5,-5.3,0,0.01,0,11.63,1.451098896,8.1,33.1006,3.520264002,1.30488,-2.551908472,1269.26,-8.972552836,-6.207,11.885,0,-0.53257108,-4.066780774,-1.7,6.8,130.5,81.3,68.9,-10.2966,23.847,9.4068,4.54499097,0.075301863,14.9,19.6,-33.5203,-4.834679134,1.30488,2.495601677,-1269.26,7.730137464,-15.915,-9.545,-1.6
2023,Region 1,Second Round,2023 San Diego St.,2023 Furman,5,13,1,7.9,2.9,7.649125687,11.82983,0.220599322,-3.5,-1.6,-2.6,0.5,0.1,0.9,0.91,11.19,-2.3,-2.3,-29.9,-13.5,4,-9,9.9,-0.9,-3.7,-3.1,9.7,-6.7,3.4,4.5,6.154,7.2370849,-0.5,-1.8,1.3,2.8,2.5,0.8,4.6,8.7,3.1,-6.1,1.5,-1.1,1.3,2.1,-1.7,22.5256,21.76784515,8.1,9.2,5.2,-0.1,5.3,3.8,-3.8,11.3,0.4,16.5,9.1,0.8,5.8,3.8,-128.6,-85.8,-69.8,9.7113,-14.6106,-11.8944,-2.716353353,-0.113846657,-9.7,-16.8,0.01,0,-0.01,11.19,0.800049018,-2.3,32.1928,5.15722573,0.61868,-2.949194836,1219.65,-10.93621717,12.387,12.115,-2,-1.787247184,0.07679867,1.1,-3.8,128.6,85.8,69.8,-16.8963,22.0204,12.7553,-5.862978025,-0.001786213,-9.1,13,-36.5252,-1.375407226,0.61868,2.282926576,-1219.65,8.059308305,17.08,-12.765,-3.8
2023,Region 1,Second Round,2023 Creighton,2023 Baylor,6,3,1,4.3,4.2,-3.078571959,0.6734,0.008420803,2.8,2.7,-1.6,0.6,0.83,1.35,-0.26,-11.11,1.5,0.9,-20.2,-24.9,2.5,7.4,-11.2,3.8,-3.1,7.8,7.5,-15.4,8.4,11,12.75,14.3627432,2.9,1.2,3.8,6,-3.3,3.3,-5.6,-2.6,0.2,-1,-8,3.6,2.9,-8.7,-6.7,27.8855,28.16428007,5.8,5.2,3.1,2,17.4,-3.8,-11.4,9.3,-1.5,4.9,9.3,3.6,3.2,6.1,-131.1,-85.4,-83.5,24.6347,-22.8093,-10.8207,-2.940344819,0.147243585,-3.8,-15.1,0.02,0,0,-11.11,1.469550263,0.9,35.6148,-0.726159354,0.92916,-1.513286564,758.15,-13.23267652,11.27,10.96,-3,-1.607621874,-3.349187757,2.6,-6.1,131.1,85.4,83.5,-7.5112,15.0537,3.0648,-1.299572792,0.534834402,18.1,30.7,-35.9528,-7.388718357,0.92916,2.482443967,-758.15,9.576644009,-19.128,-12.89,2
2023,Region 1,Second Round,2023 Missouri,2023 Princeton,7,15,0,12.2,11.6,6.716681655,8.3528,0.148059014,3.2,2.8,-2,0,-1,-0.33,0.99,8.19,1.9,1.9,-24.1,-15.2,6.6,-2.4,-8,10.3,2.5,-10.9,7.4,3.4,15.4,15.8,15.762,15.9594761,7.1,8.7,3,6.9,0.2,-1.5,4,13.2,-1.4,0.2,11.1,-0.4,3.3,-1.2,-4.2,3.723,3.8563902,0.2,1.8,-1.4,-3.9,-3,7.4,8.9,-9.8,1.5,-1.3,-6.6,7.2,-1.3,7.9,-128.3,-84.7,-73.8,14.6157,-15.4841,-6.5897,-0.290620385,-0.206412594,0.4,-12,-0.04,-0.08,-0.05,8.19,-0.205019415,1.9,38.744,2.179076716,-0.23974,-2.608473695,726.15,-10.90862751,48.708,13.235,2,1.086279151,0.049928493,0.4,-7.9,128.3,84.7,73.8,-18.0332,23.1048,14.9804,2.182417409,-0.285059095,-12.2,7.6,-32.0364,2.25492616,-0.23974,2.08335741,-726.15,11.01491265,2.889,-9.95,-3
2023,Region 4,Second Round,2023 Fairleigh Dickinson,2023 Florida Atlantic,16,9,0,-30.6,-20.1,-16.91314314,-30.4797,-0.658399776,-4.6,-3.2,6.6,5.1,-2.66,-2.29,0.53,-5.52,0.6,0.6,-28.8,-16.1,-1.7,4.1,-7,3,-0.5,-3.4,7.2,-3.8,-5.6,-2.1,10.1295,9.78461623,5.6,6.6,2.4,0,1.2,2,6.9,18.1,-1.5,-13.8,5.9,4.2,1.9,-23.4,-18.2,-4.15,-4.8378747,-0.8,-1.8,0.3,-3.8,-5.3,4.7,-1.5,-5.4,-3.4,-13.6,-5.6,-0.7,1.3,8.2,-127.3,-84.8,-81.1,6.9275,-19.9551,-10.5261,-7.626950316,-0.020040016,-9,-24.6,-0.05,-0.05,-0.04,-5.52,1.534179407,0.6,33.2052,6.5038773,-1.59599,-3.332577214,777.1,-13.99514336,-4.292,9.88,-2,0.991845394,-1.542878145,3.5,-8.2,127.3,84.8,81.1,-15.2249,16.545,9.8773,6.6147328,0.004411369,-10.6,9.7,-36.3562,-2.821927346,-1.59599,2.050455169,-777.1,15.71558416,-36.969,-14.74,5.2
2023,Region 4,Second Round,2023 Duke,2023 Tennessee,5,4,0,-6.5,-0.1,1.692253847,-6.2167,-0.05737475,-6.1,-5.1,-7.3,-2.3,1.89,1.4,-1.05,-6.54,-0.5,-0.4,-23,-24.5,3.6,7.3,-0.8,-6.5,-2.5,3.2,1.2,-4.5,-10.1,-2.5,25.272,25.69312995,8.7,6.8,7.4,4.8,-4.1,4,9.3,6.3,3.5,18.7,6.7,2.9,7,5.6,2.5,17.9219,17.92398637,4,4.3,2.5,-5.1,6.8,-1.5,-10.9,18.3,2.2,4.7,7.6,0.8,2.3,-9.9,-124.9,-74.2,-79.3,15.9706,-26.7206,-18.8975,5.997614714,0.479244175,1.4,-11.7,0.02,0.03,0.02,-6.54,-0.979391915,-0.4,29.0126,6.585415745,0.91584,-2.080502886,984.43,-7.620838311,-31.358,9.015,0,0.702065507,-0.241186998,7.6,9.9,124.9,74.2,79.3,-11.2502,20.6024,11.5892,-1.800120504,0.146375367,7.2,18.9,-32.2815,-1.854102108,0.91584,2.011591277,-984.43,7.403745269,-4.627,-10.395,-3.1
2023,Region 4,Second Round,2023 Kentucky,2023 Kansas St.,6,3,0,4.7,1.9,-2.623777172,-0.5156,-0.014618483,-2.4,-0.4,-4,-0.6,1.36,-0.03,-0.6,3.8,-3.9,-4,-33.1,-28.5,3.7,-1.3,8.2,-6.9,-2.7,-7.8,8.4,-0.6,4.1,6.5,23.2079,21.57885015,3.7,1.6,5.3,1.1,-4.2,3.4,9.5,-0.3,-0.4,3.5,3.3,2.3,3.9,0.1,-4.8,12.9045,12.50271135,2.7,3.5,0.9,0.6,7.1,-3.2,-5.6,16.2,2.5,-5.2,2.1,-1.8,1.9,-1,-125.2,-75.5,-63.9,16.3754,-20.5284,-15.1248,0.16887705,0.33366764,-14.2,-16.2,-0.02,-0.04,-0.03,3.8,-0.256858768,-4,31.4749,7.609750952,-0.05281,-1.530426898,1315.55,-11.50128816,-0.654,12.26,1,1.060553057,-0.077207741,2.4,1,125.2,75.5,63.9,-20.9198,24.0567,11.6157,2.094500509,-0.271000816,-0.2,4.7,-32.5984,-0.417752576,-0.05281,2.210115024,-1315.55,9.207077758,-5.094,-12.075,-4.9
2023,Region 4,Second Round,2023 Michigan St.,2023 Marquette,7,2,1,-5.2,-5.9,-5.401564094,-5.1197,-0.057569777,-2,1,0.2,1.4,0.55,0.52,0.85,0.51,-4.2,-3.7,-29.4,-19.8,-2.2,-8.7,13.6,-4.8,-4.1,-8.2,11.3,-3.1,1,5.1,15.9211,15.57532644,0.5,-2.3,4.3,6.4,-3.2,6.4,-4.7,-1,-1.5,3.2,-0.7,4.1,5,-4.3,-11.1,22.6182,23.95876415,7.9,10.2,3.3,0,-1.5,-0.5,-1.3,6.8,-0.7,7.5,3.3,8.9,2.5,6.8,-130.9,-88.8,-89.5,5.801,-12.1044,-11.6016,-0.897028734,-0.154449944,-12.4,-19.5,0.04,0.03,0.03,0.51,-0.902532056,-3.7,31.9884,-0.107770427,0.32521,-2.048249174,-216.39,-10.3002074,12.53,8.56,-2,-0.66075111,2.254214131,4.1,-6.8,130.9,88.8,89.5,-23.5035,22.9397,11.2829,-0.749258631,-0.217850995,-4.7,8.3,-39.8587,0.169209785,0.32521,2.128040103,216.39,11.0875666,7.593,-12.78,-6.8
2023,Region 2,Second Round,2023 Houston,2023 Auburn,1,9,1,15.3,6,6.99236574,11.3712,0.082540767,1.6,1.1,-10.5,-3.4,-0.15,-1.63,-0.64,-7.55,-3.9,-4.4,-28,-20.9,2,-11.1,7.7,3.4,-4.7,-6.4,-1.8,8.3,8.2,8.4,23.1462,23.91196495,7.1,6.3,5.7,1.4,-10.6,4,5.1,5.1,7.8,5.1,11.2,8,5.2,6.5,-2.5,23.1212,22.91382021,7.1,7.9,3.6,1.2,-0.3,3.9,-5.9,1.4,7.1,9.9,5.6,8.1,3.6,-9.6,-125.3,-70.2,-61.1,10.4936,-15.5711,-11.678,-0.210805743,-0.366465961,-7.1,-11.9,0.07,0.09,0.06,-7.55,1.692706392,-4.4,34.1377,4.476996924,-1.08984,-2.144362817,754.5,-6.495458924,3.972,11.83,1,-0.03661601,2.008173598,0.2,9.6,125.3,70.2,61.1,-18.07,28.4865,20.2755,-1.83160083,-0.522929692,0.6,12.3,-27.9724,-4.653245746,-1.08984,2.350953427,-754.5,5.544885758,1.49,-8.69,-9
2023,Region 2,Second Round,2023 Miami FL,2023 Indiana,5,4,1,-0.4,-4.4,0.233435761,-2.4438,-0.021302882,1,2.5,0.7,1.3,-1.8,-1.07,0.1,-5.14,0.5,0.6,-27.2,-36,2.1,3.3,0.3,-3.6,-4.9,-4.8,-7,11.9,11.1,6.3,20.9409,21.44334323,7.7,9.2,3.6,7.1,-0.6,-0.1,4.1,3.5,1.5,7.8,10.9,4.1,3.4,-5.6,-10.7,11.332,11.1476798,2.5,1.4,3.4,-3.3,6,1.2,1,1,5.1,-0.1,2.8,0.2,3.3,7.4,-132.3,-83.1,-85.2,14.5348,-18.8838,-12.5892,2.196055429,0.273728837,-4.9,-11.4,0.05,0.07,0.05,-5.14,3.350212479,0.6,37.3899,3.849130494,-0.74155,-2.440795274,488.37,-6.770089242,18.741,12.655,1,1.066346958,-0.111600679,-4.8,-7.4,132.3,83.1,85.2,-19.6118,17.4237,15.8137,0.907107863,-0.830578682,10.2,10.1,-35.8931,-1.312434883,-0.74155,2.205941504,-488.37,10.2622787,-7.516,-11.22,-5.1
2023,Region 2,Second Round,2023 Pittsburgh,2023 Xavier,11,3,0,-9.4,-7.8,-5.610506955,-8.4267,-0.130753311,-1.6,-2.8,5.1,6.4,-1,-0.3,-0.23,1.24,-3.8,-3.1,-21.7,-28.9,1.5,-4.7,-5.2,9.9,1.5,-4.8,-3.5,8.3,4.5,3.3,15.499,14.07653141,2.8,4,0.1,3.7,5.3,0.1,5,0.2,2.1,-8.3,1.5,3.8,0.2,-12.2,-11.4,15.46,17.0771602,6.4,5.4,6.1,0.4,0.2,-0.8,-3.6,10.9,-2.3,0.7,4.6,6.8,6.4,8.4,-132.9,-84.2,-79.1,9.1161,-14.6386,-5.883,-4.556991637,-0.367875996,-3.6,-16.8,-0.03,-0.06,-0.06,1.24,-0.534678273,-3.1,36.2912,3.685679345,-0.25173,-1.957025505,640.12,-11.48597717,8.308,13.14,-2,0.086921656,1.10335321,-1.2,-8.4,132.9,84.2,79.1,-13.3271,17.6731,14.455,2.7553608,-0.389285765,4.7,12.5,-37.3864,-1.256745457,-0.25173,2.107713405,-640.12,7.730619825,-32.096,-13.3,0.8
2023,Region 2,Second Round,2023 Penn St.,2023 Texas,10,2,0,-7.7,-0.8,-6.208213829,-9.534,-0.089860865,0.6,4,-1.3,-0.3,0.16,-0.58,0.21,-8.1,-5.8,-4.2,-17.2,-27.5,-1,-8.8,-3.6,12.3,-3.2,-4.7,1.6,3.1,2.6,9.3,24.8154,23.83595942,7.7,6.3,5.8,1.4,-13.1,9.1,-10.6,4.4,-2.3,-4.1,2.6,9.9,6.3,-5.1,-10,14.791,14.66934431,3.5,5,0.6,4.8,5.6,-3.4,-3.2,1,0.5,-0.2,5,2.5,2,5.2,-133.9,-98.4,-86.7,4.7571,-13.2677,-5.2971,-5.674602116,-0.508216912,-6.8,-29.8,0.01,0.04,0.01,-8.1,-1.302424391,-4.2,35.9949,-4.393821554,-0.34682,-2.526706236,-53.04,-9.011938131,9.236,8.46,3,1.099912228,4.071372555,6.7,-5.2,133.9,98.4,86.7,-17.0055,20.357,13.3333,0.819800325,-0.305208059,17.8,28.3,-37.3497,-1.988381405,-0.34682,2.464517958,53.04,14.95401541,-9.573,-12.61,-4.9
2023,Region 3,Second Round,2023 Kansas,2023 Arkansas,1,8,0,6.4,0.8,9.69706771,4.5069,0.024589794,-1.3,0.2,-9.1,-4.2,-1.26,-0.15,0.05,-7.92,0,-0.5,-35.8,-36.7,2.2,-1.1,-2.2,3.3,-5.8,-3.9,-3.7,7.6,4.6,2.7,20.6423,20.90976255,5.9,6,3.8,0.3,-9.1,2.9,0.2,15.3,3.2,-6,7,2.6,3.6,4.1,-2.1,21.1219,19.24469495,4.9,6.6,0.5,-3.3,7.6,1.9,-2.2,3.4,6.1,9.5,7.1,3.2,0.3,-2,-123.6,-84.6,-61.3,15.3779,-18.3525,-9.2859,-3.870070059,-0.121739327,-4,-2.5,0.02,0.05,0.03,-7.92,-2.296081836,-0.5,32.316,-0.246749779,-0.10625,-2.303409023,1160.64,-6.846831171,7.404,10.43,0,-0.058412793,1.973312119,-1.9,2,123.6,84.6,61.3,-21.5227,23.6435,15.6869,-3.915965262,-0.67659062,10.9,6.3,-31.7982,-2.084682639,-0.10625,2.451002301,-1160.64,9.125297811,6.619,-10.955,-6.2
2023,Region 3,Second Round,2023 Saint Mary's,2023 Connecticut,5,4,0,-7.7,-3.9,-1.629501373,-3.4726,-0.01691584,-1.8,-0.9,-4.2,-1.3,-0.19,0.11,0.2,-10.39,-5,-4.9,-32.7,-26.2,-1.6,5.6,-12,6.4,-8.8,-0.1,9.7,-9.7,-1.7,2.8,19.4014,19.2356755,7,5.2,6.7,-4.5,-7.5,3,6.9,7.3,1.6,4.9,3.5,3.7,6.4,-11.4,-6.8,27.8634,29.77999377,6.8,7.8,2.9,0.2,1.1,0.1,-17.4,26,2.8,-1.1,10.8,-2,3,-1.8,-126.3,-79.7,-68.4,9.2339,-21.7871,-8.0864,-0.152338453,-0.134427709,-1.4,-11,-0.02,-0.02,-0.03,-10.39,0.618710404,-4.9,33.317,8.43007235,0.02057,-2.525239027,1176.6,-6.997854993,-0.358,12.115,-1,-0.809764926,-1.179321197,4.5,1.8,126.3,79.7,68.4,-16.3124,18.5142,6.2069,-0.027676402,0.082415337,0.7,9.7,-33.2615,-7.173488694,0.02057,3.088952648,-1176.6,8.939216336,-17.556,-13.34,4.6
2023,Region 3,Second Round,2023 TCU,2023 Gonzaga,6,3,0,0.4,-3.3,-4.403072168,-6.2468,-0.05279183,-1.7,-2.7,1.4,4.2,-0.53,-0.88,0.08,13.32,-0.6,-0.1,-31.2,-32.2,1,10.7,-1.6,-9.1,1.1,-1,-1.4,2.4,8.9,6.3,12.6723,11.82419316,-1.5,0.7,-4.4,-3.4,7.2,1.7,6.4,13.3,6.9,0.9,0.8,-4.1,-4.2,-9.6,-9.4,29.7013,29.22142625,10.7,9.9,8,-0.9,4.5,7.3,-0.4,-5.2,-1.1,2.9,10.3,7.5,6.7,8.2,-127.6,-79.8,-75.5,19.3868,-24.2632,-16.003,2.663457863,0.711227764,-0.8,-6.3,-0.03,-0.01,-0.05,13.32,2.479810221,-0.1,32.5354,0.867050191,-0.62221,-2.99600825,803.11,-10.34868175,20.552,12.155,-2,-1.731586544,-3.640233305,-2.6,-8.2,127.6,79.8,75.5,-14.8492,16.0215,11.995,1.609837091,-0.092632461,4,9.1,-38.5272,-2.914478879,-0.62221,1.954420015,-803.11,7.096086713,-19.784,-13.06,0.2
2023,Region 3,Second Round,2023 Northwestern,2023 UCLA,7,2,0,-10,-8.8,-6.799229488,-12.8002,-0.10154325,-8.7,-5.3,-4.2,-0.4,0.72,0.91,0.46,-2.32,-1.9,-1.4,-19.5,-28.5,1.8,-0.9,-1.4,2.2,-1.3,-3,-9.9,12.9,-14.7,-2.5,21.2687,19.24516514,0.4,-0.3,1,5.4,2.1,8.8,0.7,3.7,7.2,10.3,2.3,-3.5,1,1.4,-6.5,21.1963,21.46641547,2.5,3.8,0.8,4.5,-4.5,6.4,-6.4,-10.1,1.8,-3.8,5,5.5,1.1,-6.7,-124.6,-83.1,-84,8.6712,-21.3232,-13.5722,5.238727544,-0.033226332,-3.4,-19.3,0.06,0.07,0.06,-2.32,0.429001863,-1.4,27.6592,1.875052968,0.59416,-2.480380916,-215.95,-7.723122777,-25.833,6.735,0,0.01817125,-2.491787767,12.2,6.7,124.6,83.1,84,-15.1132,21.1657,17.6168,3.054858422,-0.563348167,10.7,17.5,-31.9151,-7.702875556,0.59416,1.968735451,215.95,6.531766305,8.368,-10.555,-7.9
2024,Region 1,Second Round,2024 Connecticut,2024 Northwestern,1,9,1,32.4,17.5,10.12808313,16.3039,0.113278153,8.1,4,-4.4,0.1,0.83,1.1,-0.08306,3.48,1.6,0.9,-22.2,-30,5.8,4,-6.9,2.9,-1.6,5.2,-1.7,-3.5,26.8,18.4,25.879,27.11550051,5.5,8.2,0.8,2.2,-6.1,3.9,8.3,5,3.9,4.1,7.2,2.1,1.3,8.4,-0.9,22.2431,22.22376584,8.1,6,7.5,2.6,-2.6,2.9,1.1,13.6,1.6,3.6,7.4,6.1,7.8,7,-136.8,-82.8,-64.9,24.4848,-18.2164,-10.0399,1.574158199,0.155974625,6.3,0.6,0.02,-0.01,-1.42E-14,3.48,2.006191472,0.9,39.4929,1.923111458,0.72547,-2.34489557,1134.08,-8.904839848,64.786944,17.62,1,0.239355376,-2.838490866,-8.4,-7,136.8,82.8,64.9,-3.674,14.2278,8.4392,1.626930127,0.222809846,11.1,18.8,-37.2306,-0.399331286,0.72547,2.889936749,-1134.08,6.346925077,19.498938,-11.085,-9.3
2024,Region 1,Second Round,2024 San Diego St.,2024 Yale,5,13,1,5.3,5.3,4.885102288,10.22643,0.139591203,-3,-1.2,-3.5,-2.5,-0.64,0.2,0.93216,6.47,1.4,1.5,-20.8,-24.2,2.5,0,3.5,-3.5,1.5,-5.2,0.4,4.9,1.6,3.1,12.195,11.3419771,0.1,2.8,-2.7,-0.9,8.5,0,8.7,-6.5,3.3,-3.7,1.5,4.2,-3,-1.4,2.4,16.9771,15.33595933,5.1,4.2,4.1,0.6,-6.4,3.9,-0.4,4.7,1.1,0.1,1.8,5.5,4,-1,-135.9,-86.9,-73.3,11.6759,-19.0704,-15.2125,-1.509352207,0.147679619,-5.7,-23.7,0.05,0.04,0.02,6.47,-0.102533517,1.5,33.784,6.047307664,0.1402,-2.408649391,781.05,-9.008461839,10.91336,13.515,-1,-0.537763631,0.00423454,1.5,1,135.9,86.9,73.3,-10.6546,21.523,15.417,2.177580698,-0.234684733,2.4,20.5,-35.4217,-2.148759774,0.1402,2.577782976,-781.05,7.545410929,6.845174,-10.885,3.8
2024,Region 1,Second Round,2024 Duquesne,2024 Illinois,11,3,0,-15.7,-11.1,-7.658206755,-14.61645,-0.168476674,-6,-1.9,5,3,-2.3,-0.54,-0.577,5.99,-3.7,-3.6,-32.4,-24.4,2.6,0.3,-11.2,10.8,-2.3,-2.4,3.6,-1.2,-4.9,1,5.355,6.2515966,2.1,3,-0.4,-0.3,6,-5.2,3.8,11.2,4.4,-6.2,-5.2,8.3,-0.2,-13.7,-12,28.0038,27.14568094,5.8,6.3,3.2,3.8,2.5,4.4,-6.2,-7.9,-3.2,3.2,11,-5.7,3.1,-0.1,-135.6,-77.8,-66.7,10.262,-17.8135,-5.3948,-4.644068275,-0.325002661,-12.6,-15.3,1.42E-14,0,-0.01,5.99,-0.308913593,-3.6,34.9365,3.197930878,-0.38052,-3.132758097,1220.66,-11.03822398,-18.251552,11.58,-1,-1.80865749,4.555092586,5.9,0.1,135.6,77.8,66.7,-14.6073,19.071,12.0354,-2.440818561,-0.087097947,-0.8,11.9,-35.5362,-5.938280263,-0.38052,2.219292933,-1220.66,6.886407622,-48.757176,-14.275,1.7
2024,Region 1,Second Round,2024 Washington St.,2024 Iowa St.,7,2,0,-9.3,-7.3,-4.442160126,-10.5021,-0.103134903,-6.2,-3.4,-4.1,-0.9,1.73,1.11,-0.92047,-0.27,-1.5,-2.6,-23,-36.5,2.9,13.8,-0.6,-13,-1.5,5.6,-5,-0.6,-4.9,-4.2,26.2837,25.16354664,5,5.7,2.5,-1.1,-3.5,9.6,3.5,-13.2,3.5,-5.3,-2.2,6.6,2.4,0.1,-3,16.6497,16.47499661,4.6,4.8,2.9,-3.8,3.4,0.2,-6.7,13.7,4.2,10,12.5,-0.2,3.3,-1.6,-126.6,-81.2,-64.3,21.0193,-27.032,-20.0462,-4.584994313,0.779418164,-10.6,-24.9,0.04,0.05,0.07,-0.27,-2.462227758,-2.6,30.1166,6.562880946,0.72265,-2.074273412,1088.65,-8.322301439,-21.917224,9.965,-1,0.946067493,-0.055789571,0.7,1.6,126.6,81.2,64.3,-8.9868,15.1219,9.6439,-4.400556944,0.155744996,17,17.3,-35.3724,-3.718404418,0.72265,2.678803853,-1088.65,7.536820185,-9.914572,-13.44,-3.1
2024,Region 2,Second Round,2024 Houston,2024 Texas A&M,1,9,1,21.9,12.6,10.01136722,15.611,0.137891616,3.3,2,-6.5,-2.3,-1.26,-0.97,-0.28968,-1.6,-3.2,-2.3,-18.5,-21,0.2,-6.2,14.3,-8.1,0.2,-9.2,6.8,2.4,14,12,18.9753,18.88221855,-0.4,-1.1,0.8,-1.3,-1.3,3.2,8.9,-10.8,2.5,5,7.7,-1.1,1,7.7,0.6,28.8517,29.80648772,1.4,3.6,-1.6,3.9,-0.8,10.5,-11.7,-15.7,1.5,-4.9,-1.4,3.5,-0.8,-10.8,-130.5,-63,-61.7,9.5563,-17.1338,-16.9174,2.840313179,0.026666639,-11.5,-28.6,-0.02,-0.02,-0.02,-1.6,3.539930836,-2.3,34.458,9.880262122,-0.61244,-2.171695033,754.6,-9.532910307,29.526668,13.215,1,-1.054468793,0.955957727,-2,10.8,130.5,63,61.7,-11.696,29.8468,16.9838,2.902887756,-0.296980291,1.2,17.6,-25.1212,-8.656096699,-0.61244,2.369404498,-754.6,5.648187511,13.182095,-9.955,-7.1
2024,Region 2,Second Round,2024 James Madison,2024 Duke,12,4,0,-15.2,-9.4,-2.144176395,-11.9766,-0.154383006,-5.8,-2.9,5.8,4.4,-0.95,-2.39,1.31257,7.55,3.3,2.9,-26.4,-27.5,0.6,8.1,-11.2,3.1,-2.9,-0.6,2.6,-2,-1.3,2.4,16.9084,15.12358162,5.4,5.1,3.9,1.5,6.6,2.2,6.1,3.6,-4.2,5.6,4.4,-3.2,4.2,-15,-11.8,20.868,20.0334916,8.5,5.6,9.1,-0.9,-1.3,5.5,-4.2,11.8,0.9,4,6.1,1.2,8,5.3,-134.3,-82.7,-69.3,16.5357,-21.3806,-10.0574,2.310548694,0.131839914,0.4,-8.1,-0.01,0.01,0.01,7.55,-1.863085234,2.9,37.7842,4.78604455,-1.6318,-2.770262462,861.25,-8.915657834,13.597594,13.95,-2,-0.326042028,0.389033686,3.7,-5.3,134.3,82.7,69.3,-14.2357,17.7026,10.819,0.414009688,-0.026329824,-2,7.3,-36.753,-5.1508742,-1.6318,3.297904878,-861.25,11.87415525,-16.252861,-13.41,3.2
2024,Region 2,Second Round,2024 NC St.,2024 Oakland,11,14,1,10.9,9.2,3.828885646,10.23832,0.215782482,0.7,1.1,-3.1,-2.2,0.54,1.67,0.87345,-1.42,0.7,1.2,-25.8,-23.9,-2.9,5.6,2,-7.6,0.1,7.4,-2.9,-4.6,11.5,11,8.608,8.5256918,0.1,-0.4,0.7,-0.1,5.7,2.6,0,-16.3,1.3,4,2.3,-4,0.5,-1.4,-1.9,7.265,7.571456,1.6,2.3,0.2,2.6,-1,1.7,-1.3,4.9,0.2,1.6,3.5,4,2,3.9,-135.9,-82.9,-77.9,10.7824,-19.6381,-15.5797,2.514761503,0.280837215,-11.2,-25.7,0.03,0.05,0.01,-1.42,-2.751952852,1.2,35.7019,5.789684122,1.13863,-1.759340878,962.84,-11.54333838,36.938915,11.915,1,0.067348941,-1.381908947,-0.5,-3.9,135.9,82.9,77.9,-7.4787,14.7383,9.775,0.540915327,0.306752462,8.3,24.3,-34.7993,-1.718648412,1.13863,3.129357976,-962.84,9.83779549,3.936818,-12.195,-0.5
2024,Region 3,Second Round,2024 Purdue,2024 Utah St.,1,8,1,14.1,11.2,7.534270657,14.0043,0.150742873,3.9,4.1,-2.5,-1.2,0.8,2.57,0.06833,3.98,-0.1,-0.9,-28.3,-29.4,5.4,-6,7.8,-1.8,-4.2,-15.1,11.9,3.2,14.1,14.2,24.488,25.764243,6.4,0.1,11.8,0.1,12.4,-0.1,12,15.5,3.7,-1.2,6.8,-2.5,10.7,-1.6,-3.1,19.7444,19.87909816,6.4,9,0.7,-1.2,17,-1.7,-3.8,1.3,5.1,-5.2,0.5,8,1,7.4,-137.4,-84,-63.8,16.1332,-12.6303,-11.6407,-2.743103431,0.047511758,-5.4,-9.4,0.01,0,0.01,3.98,-4.947207182,-0.9,38.4944,7.041446123,1.75762,-2.498209472,1859.88,-8.374587236,35.102127,17.395,2,0.383519038,-0.22278043,0.1,-7.4,137.4,84,63.8,-25.4121,27.083,14.288,4.195090463,-0.662374376,7.9,12.7,-38.2843,-1.491595827,1.75762,2.046414131,-1859.88,9.672688444,-2.924832,-13.505,-1.5
2024,Region 3,Second Round,2024 Gonzaga,2024 Kansas,5,4,1,8.8,4.8,-1.381932776,2.3385,0.005354781,0.8,-0.5,-4.2,0.6,-1.19,-1.36,-0.7915,-2.73,0.2,0.2,-27.5,-33.4,-0.5,8.1,1.5,-9.7,-4.5,-3.8,-3,6.8,9.4,8.2,26.8412,27.23107856,9.1,13,1.7,2.7,3,2.8,6.9,1,3.1,3.5,11.9,10.6,1.6,0.6,-3.3,13.9491,15.62214153,6.1,9.7,-0.7,0.2,7,0.1,1.9,18.3,4.7,0,9.7,9.4,-0.5,5,-136.3,-87.8,-81.4,18.0023,-20.8181,-15.4834,-0.475234611,0.502050418,-12.9,-23.8,-0.01,-0.03,-0.01,-2.73,1.062596638,0.2,39.9588,3.580075366,-0.94852,-2.357580893,500.21,-8.269718807,9.166998,14.4,2,1.319361321,0.696422729,-1.2,-5,136.3,87.8,81.4,-18.4706,20.64,14.1066,1.373468311,-0.521650403,12.4,13.7,-35.9469,4.698453466,-0.94852,2.900466494,-500.21,9.147055711,-7.073898,-10.465,-3.9
2024,Region 3,Second Round,2024 Oregon,2024 Creighton,11,3,0,-7.1,-2.5,-3.051180285,-9.9701,-0.11538965,-4.6,-3.3,5,4.9,-1.67,-2.3,-1.27638,11.3,0.6,0.2,-36.1,-14.9,4,4.8,-13.2,8.4,-5.8,3,8.6,-11.6,2.5,4.2,17.3443,17.34216548,5.4,7,1.4,-7.2,16.1,-3.6,4.1,9.8,0.7,11.4,7.7,1.8,1.5,-12.5,-6.4,19.485,20.40127526,6,9,1.8,5.9,-8.3,2.6,1.2,8.5,-0.7,-2.3,7.8,6,1.9,7.2,-140.8,-93.7,-94.2,13.6015,-19.5317,-6.6189,4.638124603,-0.059467976,-15.2,-18.4,-0.02,-0.02,0.01,11.3,1.650187034,0.2,38.1304,3.855916995,-1.56144,-3.244960583,569.8,-10.46049122,-10.855436,10.875,-1,-0.15139485,-4.028786488,1.7,-7.2,140.8,93.7,94.2,-16.9825,13.5479,6.1739,2.251206485,0.195692168,1.2,19,-40.021,2.26225086,-1.56144,2.711491346,-569.8,9.159549319,-50.003066,-13.655,6.1
2024,Region 3,Second Round,2024 Texas,2024 Tennessee,7,2,0,-7.9,-3.4,-4.941162036,-7.5673,-0.048457927,-5.3,-1.5,0,1.6,0.09,0.29,0.48295,4.49,-2.4,-2,-23.7,-26.3,8,-1.9,8.1,-6.3,-2.8,3.4,4.9,-8.4,0.8,3.5,27.4701,26.94790906,8.3,9.1,4.7,5,-5.4,2.3,1.9,7,3.7,2.7,14.6,5.9,4.3,-7.3,-6.9,16.905,16.99806881,2.5,4.2,-0.6,3,-0.7,4,-2.4,14.1,4.6,-1.2,3.7,2.9,0.8,-0.4,-131.3,-78.5,-64.5,15.4657,-19.6566,-15.9228,-0.314309565,0.3466173,-6.3,-16.1,-0.03,0.02,-0.01,4.49,-1.649992116,-2,34.4664,2.073542506,0.19518,-2.764572547,1162.79,-6.635638498,9.641902,11.075,0,1.125155213,-0.976600273,2.7,0.4,131.3,78.5,64.5,-10.3507,16.5143,7.6064,1.229720524,0.30172439,1.3,8.2,-34.495,0.974248576,0.19518,2.43194041,-1162.79,7.629288587,-16.059027,-12.775,0.4
2024,Region 4,Second Round,2024 North Carolina,2024 Michigan St.,1,9,1,4,5.8,7.178730701,4.611,0.033044447,-0.6,1.7,-6.5,-2.5,-0.08,0.25,0.73615,-8.46,5,5.1,-22.8,-33.7,1,7.7,-2.2,-5.5,-4.9,-2.7,-2.6,5.3,1.8,8,24.0698,24.28711146,3.3,3.2,2.6,4,4.2,4.3,4.1,-3.4,2.5,2.1,-1.2,4.6,3.3,1.3,-2.3,20.6102,20.35827209,5.1,4.5,4.5,-3.8,1.6,0.2,-6.4,19.4,2.4,-3,12.1,-2.7,4.1,-2.8,-137.3,-85.1,-72.4,13.0273,-22.2241,-15.0785,-1.058055757,0.370265508,-5,-20.7,0.01,0.04,0.05,-8.46,-0.026849786,5.1,34.1888,5.679828733,0.21522,-2.462655239,1122.5,-7.578195138,16.99718,12.675,0,0.319990913,1.563813759,6.2,2.8,137.3,85.1,72.4,-14.1183,19.8338,13.2672,1.313734372,-0.418563833,19,22.6,-35.9431,-3.57044883,0.21522,3.386715259,-1122.5,8.731866861,13.396325,-11.77,-3.6
2024,Region 4,Second Round,2024 Grand Canyon,2024 Alabama,12,4,0,-11.3,-6.6,-1.859974897,-8.5685,-0.141076126,-0.8,-1,2.2,2.9,-0.11,-2.04,0.00711,-7.16,-4.9,-4.5,-27.2,-19.6,0.6,4.8,-3.6,-1.1,-4.7,2.4,9.9,-12.3,2.1,2.9,10.359,10.1584489,2.1,1.2,2.5,1,5.7,-2.2,4.7,0.1,1,-1.4,-3.1,5.5,1.8,-13.8,-9.5,26.0377,25.66503149,10.4,13.2,3.9,7.6,0.4,3.9,-5.3,3.5,3.1,0.1,14,-0.2,5.2,4.1,-130.7,-71,-45.1,15.3717,-19.7638,-13.3141,-2.410157688,0.187093562,3.8,-3,0.06,0.08,0.07,-7.16,-1.386535658,-4.5,34.9284,6.053740691,-1.5093,-2.866747973,2714.65,-8.432274451,5.291781,16.085,-2,-0.736211211,-0.741975592,0.8,-4.1,130.7,71,45.1,-10.0088,15.1011,5.8773,0.724953011,0.330277964,-17.3,-0.5,-36.5261,-3.435674188,-1.5093,2.311001859,-2714.65,6.764401684,-34.297683,-13.465,4.3
2024,Region 4,Second Round,2024 Clemson,2024 Baylor,6,3,1,1.3,2.7,-3.431336368,-5.3683,-0.032359211,1.1,3.9,3.2,1,0.21,-0.3,0.49015,4.31,0.8,0.5,-24.3,-21.1,-0.7,4.4,-8.8,4.5,-6.2,-1,-1.2,2.2,7.9,11.2,17.241,16.7524057,2.6,2.5,1.9,6,-0.3,2.2,0.6,0.5,1.4,5.5,-1.5,1.7,1.7,-8.8,-8.4,22.001,22.99741624,6.9,6.3,5.4,-0.4,9.3,-4.1,-9.9,9.8,1.7,5.6,14,-3.3,6.4,9.5,-136.7,-84.9,-66.8,17.4024,-19.3138,-9.5715,1.429108089,-0.025462231,-10.2,-22.1,0.04,0.03,0.06,4.31,-3.469362816,0.5,37.5412,1.581971272,-0.19315,-2.042818215,1787.42,-10.49034603,28.184281,13.425,-2,-0.47139886,-2.2106489,3.3,-9.5,136.7,84.9,66.8,-16.1642,17.0151,12.1304,-2.170626279,-0.23902331,1.8,14.4,-38.782,-7.709405046,-0.19315,3.101252981,-1787.42,8.226451665,-14.244862,-16.63,0.4
2024,Region 4,Second Round,2024 Dayton,2024 Arizona,7,2,0,-12.2,-2.3,-2.531636679,-9.3261,-0.095589827,-1.5,1.7,0.7,0.7,-1.1,-0.88,0.05594,-5.01,-8.8,-8.1,-17.3,-27,5.8,2,-8.5,6.4,-7.9,-17.2,10.5,6.7,2.7,8.9,24.1008,24.47395133,7.9,5.9,6.8,2.3,11.5,2.3,3.8,5.7,2.7,5.5,8.1,-2.3,7,-14,-11.3,19.82,20.9628067,7.1,6.4,5.4,-1.4,14.9,-0.4,-7.3,8.4,-1,1,3.2,-1.9,4.6,8.2,-134.3,-84.7,-78.6,18.9157,-18.9953,-7.7552,1.730878102,0.035417481,-3.9,-18.4,0.01,0.03,0.01,-5.01,-3.197385346,-8.1,38.3719,3.353748875,-0.68621,-2.252347032,1134,-10.02887313,7.308007,13.84,1,0.535874894,-0.425761017,6.2,-8.2,134.3,84.7,78.6,-27.638,26.6446,15.0436,0.19622874,-0.909043472,4.9,11.9,-37.9653,-4.049441966,-0.68621,2.398452782,-1134,7.865429806,-32.62983,-13.445,2.7
2025,Region 1,Second Round,2025 Auburn,2025 Creighton,1,9,1,18.8,11.3,9.65461086,16.3398,0.10030424,3,3.1,-2.2,0.6,-0.46,-2.04,0.14717,5.51,1.3,0.7,-24.2,-16.2,6.8,3,-8.4,5.5,-10.4,4.6,9,-13.6,16.2,12.6,30.2123,31.2569804,8.7,10.3,4.1,2.6,16.6,-1.7,7.1,12.2,5.6,4,8.3,7,3.3,1.7,-1.4,23.542,23.3371707,9.8,13.3,4.7,-0.2,-10.7,-0.7,3.4,23.2,3.2,4.3,14,7.7,4.7,4.5,-139.4,-81.3,-81.9,17.3822,-18.644,-9.145,-0.109511661,0.092410131,-5,-12.8,-0.04,-0.05,-0.04,5.51,4.328592521,0.7,42.0352,4.150775408,-1.37886,-2.460518925,580.19,-8.147948193,47.08498,13.785,3,0.55818485,2.806466938,-3.6,-4.5,139.4,81.3,81.9,-21.7161,17.8966,7.9101,0.017762771,0.258765018,-10,-1.6,-36.3042,4.026996942,-1.37886,3.744354892,-580.19,5.485632426,6.919817,-11.32,-3.1
2025,Region 1,Second Round,2025 Michigan,2025 Texas A&M,5,4,1,0.1,1.4,1.38067599,-1.8076,0.0019384,-4.1,0.3,-5.7,-2.3,1.67,3.69,-0.69987,-10.2,3.1,3.4,-10.5,-23.5,-1.3,9.7,-5.5,-4.2,-1.6,-11.2,9.8,1.4,-2.4,2.6,23.8678,22.9190673,6.3,11.2,0,-4,-0.3,-0.1,5.4,-6.3,-5.5,14.3,6.6,8.2,-0.1,3.6,-1,22.4918,21.1682037,1.2,2.1,-0.2,-3.5,13.2,-2.2,-12.2,2.8,6.4,1.3,0.4,-3.7,-0.1,-3.5,-126.3,-67.2,-59.5,17.5513,-24.5701,-16.8714,4.890160721,0.293064601,13.1,-5.6,-0.06,-0.08,-0.06,-10.2,1.11486249,3.4,33.5044,3.622776071,2.57843,-1.237539392,2014.61,-6.02851601,-16.09632,12.83,-1,0.141039719,4.161464656,5,3.5,126.3,67.2,59.5,-16.811,28.9011,15.4833,-1.492407635,-0.372278256,4.2,18.2,-30.263,-7.306908119,2.57843,2.188672725,-2014.61,9.782023561,0.068952,-11.94,-4.6
2025,Region 1,Second Round,2025 Mississippi,2025 Iowa St.,6,3,1,-2.9,-2.7,-0.49958271,-4.907,-0.04663056,-3.1,-1.9,-3.5,-0.5,-1.83,-1.9,0.68281,-0.02,-0.2,-0.5,-19.1,-19.1,-0.7,2.1,-1.2,-0.9,3.6,-2.9,-3.8,6.6,-2.6,0.8,25.4061,24.3780584,2.7,3.5,0.9,-1.2,6.7,9,-3,-1.8,3.1,-7.1,0.7,4.4,1.2,-2.9,-3.5,23.6785,22.7087672,4.1,3.5,3.1,5.2,-1,3.6,-1.4,-4.4,-1,3.9,6.5,0.6,3.3,4.6,-128,-83.2,-57.5,12.4411,-21.816,-13.2376,-4.438571204,0.055242623,-6,-25,-0.01,0,-0.01,-0.02,-0.634532301,-0.5,33.3104,0.176963314,-1.3133,-1.971866406,1979.48,-8.751647101,2.480595,10.225,1,0.20083047,0.57515547,3.4,-4.6,128,83.2,57.5,-15.0287,19.6524,16.1206,-1.244101179,-0.161144044,-1.4,13.5,-35.2251,-3.064350793,-1.3133,2.568308505,-1979.48,7.048255431,-0.47653,-14.67,-0.6
2025,Region 1,Second Round,2025 New Mexico,2025 Michigan St.,10,2,0,-10.5,-5.7,-5.73183078,-10.2546,-0.07851479,-2.8,0.4,-6.5,-4,0.63,-0.2,0.87739,-13.27,3.7,5.2,-26.4,-29,0.3,12.4,-3.4,-9,-4.3,2.6,-8,5.4,-9.2,-2,21.9189,19.8080775,4.7,1.5,6.2,-3.8,4.7,0.8,6.9,-1.9,6.5,7.8,1.7,-4,6,-5.5,-3.6,22.9729,21.6316782,2,5.4,-3,11.4,2.8,3.9,-9.7,2.1,3.8,4.9,10.7,1.1,-2.7,-2.7,-130.9,-83,-56.3,16.3538,-26.308,-18.526,2.587461313,0.669865835,0.8,-10.1,0.05,0.05,0.05,-13.27,-1.845741511,5.2,34.0356,7.822243564,-0.0644,-2.159269222,1513.38,-6.773800335,-6.826647,12.775,0,-0.065616339,0.607242617,7.2,2.7,130.9,83,56.3,-15.8726,18.1963,15.1227,-3.564841921,-0.259075491,-0.4,1.5,-32.2868,-2.574057348,-0.0644,1.859154145,-1513.38,6.183978733,-1.221047,-13.745,1.9
2025,Region 2,Second Round,2025 Duke,2025 Baylor,1,9,1,19.8,10.7,7.4127373,17.0079,0.0763764,4.6,3.1,-2.6,-0.5,2.92,2.96,-0.78002,3.14,1.2,1.1,-13.8,-21.9,5.8,14.1,-17.2,3.2,-1.1,1,0.7,-1.8,18.7,11.4,28.2887,27.8793149,6.2,8.2,2.3,8.5,-1.4,4.4,4,-1.8,-0.4,0.3,-4.9,6.7,2.7,3.6,-0.9,31.0125,29.6514758,7,7.8,3.8,3.1,5.6,1.6,-9.1,2.1,-1.4,14.2,8.7,7.2,3.2,4.6,-133,-71.5,-78,29.7347,-23.1663,-9.3218,-2.789863417,0.386217091,0.6,-10.9,0.05,0.07,0.05,3.14,-1.195301795,1.1,39.96,2.405980698,1.95905,-1.784583289,701.49,-10.60421462,29.390731,15.78,2,-0.429866367,4.210796427,-7.3,-4.6,133,71.5,78,-10.1916,21.4921,12.6344,-4.311098267,0.042626175,8.5,22.9,-33.385,-7.106932396,1.95905,2.71590676,-701.49,8.424806954,-6.766734,-10.23,-4.5
2025,Region 2,Second Round,2025 Oregon,2025 Arizona,5,4,0,-8.4,-3.6,0.36013756,-5.5767,-0.06109268,-2.4,1.5,-1.8,-2.8,-0.4,1.35,-0.04321,-0.84,-1.6,-2.1,-19.5,-28,-1,5.7,-2.6,-3,-1.1,-2.8,-0.3,3.1,-0.9,0.7,19.8182,19.2199019,3.6,5.8,0.4,4.9,4.2,0.4,2.1,1.2,3.4,5.5,4.2,4.8,0.4,-6.1,-4.4,26.0572,26.1890037,3.8,5.1,0.7,6.3,8.9,1.4,-6.7,6.4,3.2,12.2,8.7,-1.4,2.1,2.8,-133.4,-75.8,-73.1,12.6737,-20.3956,-14.0828,1.587889439,0.193451281,-4.4,-20.7,0.04,0.05,0.08,-0.84,-1.231182187,-2.1,35.2112,1.835287194,0.91635,-2.228524411,1375.81,-7.663607738,-3.031416,11.93,-1,-0.608699443,2.302831825,1.6,-2.8,133.4,75.8,73.1,-17.2802,19.266,14.0888,-5.639385283,-0.21944558,1.7,5.5,-35.3718,-2.337347702,0.91635,2.387863906,-1375.81,8.900193044,-17.106748,-13.335,1.7
2025,Region 2,Second Round,2025 BYU,2025 Wisconsin,6,3,1,-0.3,-2.8,-1.74598554,-3.5818,-0.00887958,-1.7,0.9,3.7,3.7,0.32,-1.02,-0.67455,10.29,-0.8,-0.4,-12.6,-7.5,3.3,4.4,-12.9,8.5,2.3,-9.9,11.9,-2,7.2,9.9,26.9614,27.371711,9.3,11.8,4.1,-1.8,2.1,-3.1,6.7,10.6,-1,-6,5.8,10.3,3.5,-11.7,-12.7,21.407,23.6053344,3,5.4,0.1,12.2,4.3,3.1,-1.9,2.7,-2.4,2.8,0.6,2.6,-0.9,9.3,-136.6,-86,-78.4,18.4732,-20.9654,-8.5629,-5.540656096,0.006945721,-2.1,-24.5,-0.06,-0.05,-0.04,10.29,0.05769417,-0.4,39.5783,2.342206111,-0.69818,-2.872068467,863.41,-14.51345135,4.210344,14.1,0,0.638665996,0.53519632,2.7,-9.3,136.6,86,78.4,-15.641,23.1227,12.933,-0.985128298,-0.12848497,-2.5,27.4,-37.5456,-1.08999799,-0.69818,2.073657033,-863.41,9.267397179,-37.398924,-13.73,-1
2025,Region 2,Second Round,2025 BYU,2025 Alabama,7,2,0,-1.3,1.5,-5.29705018,-7.5381,-0.03079675,-0.9,1.3,3.2,0.8,0.26,-1.97,-1.0531,2.9,-8.5,-7.5,-16.6,-9.4,0.9,-2.2,-10.8,13,-6.2,-17.6,17.9,-0.4,9.7,7,26.4222,27.7707143,9.3,9.8,6.3,0.1,-3.7,-4.1,4.1,16.1,-2.4,0,8.8,6.1,6.4,-10.7,-5.5,25.902,28.1831254,5.7,10.4,0.2,1,10.6,0.5,-8.6,1.9,1.6,5,1.5,9.4,-0.4,12,-135,-76.7,-66.3,14.2726,-16.3192,-6.5648,-2.573482776,-0.365917339,0,-15.5,0,-0.01,-0.01,2.9,-0.692333522,-7.5,40.0993,1.494347977,-1.51388,-2.641646745,971,-8.585106038,6.226649,14.7,-1,0.142844346,-0.649118671,-2.7,-12,135,76.7,66.3,-28.4911,25.2061,13.2568,-0.681157879,-0.504680604,-8.5,11.2,-38.4011,-3.129494366,-1.51388,2.090328491,-971,9.220749205,-42.702199,-16.445,5.2
2025,Region 3,Second Round,2025 Houston,2025 Gonzaga,1,8,1,6.9,2.9,8.72190746,8.1536,0.04052932,2,3.8,-3.5,-0.9,-0.51,-1.3,-0.31954,-2.56,-8.1,-8.8,-24.9,-23.4,1.3,-7.8,13.2,-5.5,1.5,-5.9,-3.9,9.8,6.9,10.5,26.9531,27.4888555,5.2,-0.1,9.6,1.3,-0.4,3.6,9.7,-4.1,7.7,-1.7,3.2,2.4,9.2,-4.2,-7.7,35.7825,35.7293935,10.8,13.9,3.5,9.2,-3.2,8.5,-3.4,6.9,1.7,4.7,11.9,14.3,5.2,0.8,-132.3,-75.5,-78.2,7.5485,-15.9814,-14.3878,-3.641121019,-0.042226431,-19.6,-32.9,-0.03,-0.02,-0.02,-2.56,2.062935898,-8.8,35.4508,13.42598045,-0.86978,-3.334177038,704.94,-10.90179224,13.312092,12.34,1,-0.931496613,-0.603086037,3.6,-0.8,132.3,75.5,78.2,-14.3351,22.0906,18.3988,1.662204558,-0.393703426,3.1,17.4,-36.3909,-0.580212386,-0.86978,2.325266221,-704.94,5.820703712,-19.184104,-11.945,-3.5
2025,Region 3,Second Round,2025 McNeese,2025 Purdue,12,4,0,-9.7,-7.2,-5.32025889,-10.1515,-0.11192853,-2.3,-1.6,4.3,6.6,-0.12,-1.27,1.02701,5.13,-0.8,0.2,-20.6,-15.3,-0.3,12.6,-6.6,-6,-0.2,9,-17.5,8.5,-2.2,6.1,13.859,14.4093509,1.3,-3.2,4.9,-1.9,4.7,1.6,4.8,-7.9,3,-1.2,-12.3,4.7,4,-12.2,-13.3,23.665,25.2386707,8.8,8.6,6.3,2.1,3.2,6,0.3,2.7,-3.5,0,16.4,8.1,5.8,9.1,-128.8,-73.1,-67.3,22.7891,-24.5205,-16.4256,-3.770159786,0.489977612,5.6,-7.7,0.03,0.03,0.02,5.13,-2.764249511,0.2,36.1214,7.598936797,-0.83726,-2.053112658,1162.93,-17.07491653,7.157069,14.585,-2,-0.98188051,-5.321277232,8.3,-9.1,128.8,73.1,67.3,-4.615,12.285,17.0356,1.981027979,0.026222994,-0.7,22.8,-36.1772,-1.356799168,-0.83726,2.075668388,-1162.93,7.670045233,-12.109449,-12.06,-1.1
2025,Region 3,Second Round,2025 Illinois,2025 Kentucky,6,3,0,-3.8,-1.4,-1.64676323,-0.6935,0.00329927,2.3,1.6,1.2,0.6,0.3,0.43,-1.97614,-8.55,-0.4,0.5,-9.6,-27.9,0.3,2.7,-6.2,3.5,-7.1,-1.4,12,-10.7,4.7,4.7,22.1007,23.2199855,1.9,3.6,0.3,3.9,3.6,-1.8,10.1,5.6,1.1,4.5,3.8,-2.1,0.8,-9.7,-6,25.7211,27.1178008,8.7,9.8,4.1,2.6,9.1,-2.5,-2.4,10.9,2.5,7.6,10,2.5,3.9,6,-142.3,-83.1,-71.7,17.6258,-22.7498,-15.5979,2.438736183,0.000946803,4,-23.2,-0.01,0.01,-0.01,-8.55,-0.966979559,0.5,37.0926,4.474378482,0.31708,-2.938167416,1235.4,-8.041092881,-24.355138,15.49,-1,-0.38845391,-2.366341905,0,-6,142.3,83.1,71.7,-19.6723,18.2558,4.802,-2.425982614,0.140236706,6.4,10.1,-40.7951,-1.499761879,0.31708,2.770867989,-1235.4,9.898052075,-55.164312,-14.23,3.7
2025,Region 3,Second Round,2025 UCLA,2025 Tennessee,7,2,0,-6.4,-2.2,-5.45331642,-9.3897,-0.03611852,-8.7,-4,-0.9,1.3,1,0.01,-0.70573,10.6,1.1,1.2,-18.9,-12.2,3.4,-3.6,11.7,-8.1,-8.5,-5,3.4,1.7,-4.1,2.4,27.728,26.7256474,8.6,6.4,7.4,-3.7,3.5,1.9,2.7,14,1.4,7.1,13.7,3.5,6.5,-0.5,-4.6,25.1879,24.1404473,2.3,2.9,0.8,-0.6,0.8,6.8,-6.2,2.4,9.1,6.3,-0.4,4,1,0.7,-127.5,-72.5,-67.7,11.0421,-18.7361,-18.9518,1.291392727,0.182096586,-8.1,-24.8,0.06,0.07,0.06,10.6,0.522841076,1.2,34.6762,1.684326088,0.02122,-2.559872423,1465.95,-5.532710062,-22.129949,10.42,-2,0.290294106,0.09165049,6.5,-0.7,127.5,72.5,67.7,-22.5653,23.3732,15.6046,-1.268860765,-0.344225355,-6.2,12.1,-33.066,-2.532989147,0.02122,1.921569949,-1465.95,8.679183637,-11.34827,-13.36,-4.1
2025,Region 4,Second Round,2025 Florida,2025 Connecticut,1,8,1,15.5,9.4,8.89309025,16.8238,0.09351391,3.8,3.9,-1.5,-0.7,-0.21,1.11,0.68378,-1.08,6.3,5.7,-22.2,-20.1,5.6,-3.6,-5.8,9.4,-3.2,-4.9,10.2,-5.3,13,13.1,26.01,24.572294,6.7,10.4,0.4,-1.2,-7.4,0.5,10.7,8.2,3.4,3.6,14.5,0.6,0.2,0.2,-3.7,29.4905,26.8562193,10.2,11.4,5.8,8.4,-2.4,-0.1,-6.8,17.6,9.3,12.8,8.7,5.6,4.9,4.1,-135.4,-70.1,-63.8,14.906,-15.3596,-6.8828,2.245867381,-0.264899801,8.2,0.6,0.03,0.09,0.05,-1.08,-0.618149957,5.7,38.7365,5.245194256,0.81795,-2.631649383,1178.04,-4.954529336,39.660428,16.725,1,-0.527409978,1.219711111,0.1,-4.1,135.4,70.1,63.8,-18.8534,22.3402,11.3578,-3.600776213,-0.044004668,-7.6,4.1,-36.7105,-1.297230653,0.81795,2.81570764,-1178.04,7.233805001,13.479952,-12.695,-3.9
2025,Region 4,Second Round,2025 Colorado St.,2025 Maryland,12,4,0,-13.6,-7,-4.39111451,-9.0575,-0.09903685,-7.6,-4,2.6,1.6,-0.31,-1.2,0.23104,6.78,-4.4,-3.8,-21.4,-26.6,-1.4,-3.7,-2.9,6.6,-4.1,-5.9,3.2,2.6,-1.5,0.2,24.4375,22.7912057,8.8,8.9,5.9,3.6,5.9,2.8,-0.8,13.4,1.6,1.9,10.4,5.9,5.7,-10.8,-7.3,19.2038,19.4536651,5.3,5,4.1,7.4,-0.7,2.2,-5.7,3.2,3.9,-6.4,1,4.9,4.1,5.1,-131.2,-90.1,-75.8,9.155,-16.6955,-9.5864,-1.283983676,-0.30104128,-0.9,-19.7,-0.04,-0.07,-0.06,6.78,-1.496331699,-3.8,35.3848,-1.281945845,-0.82934,-2.735522013,896.28,-7.712299859,-0.114315,10.215,-1,0.582656946,-1.050562251,1.7,-5.1,131.2,90.1,75.8,-17.4233,21.7714,12.1798,5.019912341,-0.351088485,8.4,19,-37.3985,-5.970033324,-0.82934,2.40273734,-896.28,11.35786048,-21.270108,-14.235,3.5
2025,Region 4,Second Round,2025 Drake,2025 Texas Tech,11,3,0,-8.8,-7.3,-3.1242029,-13.9118,-0.12349459,-1.7,-2.1,-0.4,3.3,0.77,-1.06,-2.305641,-5.01,-6.9,-6.9,-29.1,-16.3,2.1,8.5,-10.2,1.6,-1.2,10.9,-5,-5.9,-0.6,-0.3,15.3615,15.8500551,5.8,6.4,3.3,1.2,9.5,-1.2,7.5,9.2,0.5,-14.2,5,-1.3,3.2,-8.5,-6.9,26.8304,27.2501924,3.8,0,6.1,4.3,-6.1,7.3,-8.5,10.5,0.4,3.2,1.3,6,5.5,9,-127.1,-75.4,-58,18.9642,-23.3425,-10.5024,-6.251211995,0.243759255,-4.4,-12.6,-0.01,-0.01,0,-5.01,0.908821469,-6.9,34.7452,4.593197075,-0.60963,-3.020210269,1489.75,-11.26453263,-24.4033419,14.695,-3,-1.103092903,-0.038370489,0.3,-9,127.1,75.4,58,-9.7118,12.2153,10.2253,1.476015337,0.376997363,-3.6,17.1,-36.6117,-5.792205875,-0.60963,2.087324755,-1489.75,10.76950365,-43.3291931,-15.18,1.6
2025,Region 4,Second Round,2025 Arkansas,2025 St. John's,10,2,1,-15.9,-11.8,-6.47726959,-8.6635,-0.08021436,-14.4,-9.5,-1.3,2,0.43,1.82,-0.75052,11.34,0,-0.9,-22.5,-30.2,5.4,-1.4,5.6,-4.2,1.2,-1,-6.8,7.9,-19.7,-9.4,25.415,21.6419655,6.1,8.6,1.5,6.4,5.1,5.4,-1.3,-2.7,7.1,2.3,9.8,9.5,2.1,0.8,-2.4,18.6771,16.8116247,1.4,3,-1.5,-3.6,0.8,1.9,-9,5.1,8,2.1,5.1,3.2,-1.3,-2.7,-128.5,-77.9,-74.5,18.1688,-20.4498,-16.347,-1.238745462,0.239784528,3.6,-3.2,0.01,0,0.03,11.34,1.432814941,-0.9,32.3099,0.742697088,1.27076,-2.181901207,448.18,-5.906677673,-47.162321,9.745,-2,0.652194022,0.383456376,10.3,2.7,128.5,77.9,74.5,-13.6669,20.7828,17.3544,-0.884365056,-0.321740866,-0.8,0,-32.8993,-3.780083826,1.27076,2.427391508,-448.18,5.867410241,-6.158012,-11.665,-3.2
2015,Region 1,Second Round,2015 Cincinnati,2015 Kentucky,8,1,0,-20.7,-12.2,-14.12142705,-23.1845,-0.149872236,-9.5,-5.3,-3.5,-2,-2.04,-5.55,0.71,-6.33,-4.5,-3.3,-38.4,-38.5,1.5,0.9,-0.1,-0.7,-7.5,4,-10.5,6.3,-11.3,-7.2,24.5163,22.89924693,10.7,11.4,5.9,2.4,6.2,0.5,5.7,13,9.8,5.4,13.2,7.4,5.9,-7.5,-5.1,27.1655,26.56525849,7.3,9.5,2.1,7.3,18.4,3.9,-8.7,2.3,10.4,9.2,20.3,2.9,3,-13.6,-120.2,-59,-61.4,10.8746,-25.0281,-12.4608,-0.226386529,0.110645536,-21.1,-19.4,-0.01,-0.01,-0.01,-6.33,0.688342154,-3.3,26.5194,4.940895321,-3.56847,-2.985976256,697.62,-4.949723621,-0.297,6.815,0,-0.207552235,-0.437789862,4.1,13.6,120.2,59,61.4,-16.6966,19.4958,13.2543,-4.201091324,-0.438613114,17.5,8.3,-32.0383,-5.047281217,-3.56847,1.42166327,-697.62,5.701730867,4.252,-11.465,2.4
2015,Region 1,Second Round,2015 Maryland,2015 West Virginia,4,5,0,3.9,5.4,2.879316398,-2.5607,-0.020829875,-1.3,2.5,-7.1,-5.5,2.08,2.91,0.18,-7.94,-4.3,-4.5,-30,-28.8,-1.8,-8.1,1.4,6.7,1.1,-6.7,2.8,3.9,4.2,7.4,16.6257,17.0053156,-1.7,-3.8,0.7,7,-11.4,9.8,-1.9,-5.1,1.7,0.9,1,-4.4,0.9,1.7,-2.2,18.3192,16.59689284,1.2,1.3,0.7,0,12.5,-1.4,-10.5,9.3,-0.8,14.5,-3.5,3.1,-0.4,-4.5,-117.4,-68.4,-31.3,10.5988,-14.7223,-5.8723,1.506698953,-0.51388498,-8.4,-13.7,0.02,0,-0.01,-7.94,-2.345334215,-4.5,28.1676,3.058612813,1.83396,-1.888144275,2203.32,-9.881397211,7.818,14.43,0,-0.158150087,2.138749937,3.2,4.5,117.4,68.4,31.3,-9.5016,26.7207,14.846,-5.723287056,-0.273298925,13.8,26.2,-28.44,-3.855200666,1.83396,2.034721574,-2203.32,7.67530389,4.832,-10.145,-3.9
2015,Region 1,Second Round,2015 Notre Dame,2015 Butler,3,6,1,1.5,2.5,5.082441679,4.4436,0.026201106,-1.2,0.9,-3.8,-2.7,0.2,-0.5,-0.22,-1.61,-0.5,0,-27.5,-38.4,6,7.8,-11.2,3.6,0.4,-2.3,-0.5,2.8,9,7.5,33.6961,34.70081683,11.7,11.1,8.6,6.1,3.8,4.9,3.2,3.8,-1.9,-0.7,7,7.8,8.1,-2.7,-4.9,10.002,8.67246165,1,-0.2,2.9,-2.2,17.2,0,-3.9,-3.7,1.8,4.2,0.1,-2.9,2.9,2.7,-131.5,-79.9,-65.8,22.1579,-21.2867,-8.9319,-3.88149527,0.263832274,-4,-13.2,-0.01,0.01,-1.42E-14,-1.61,3.198368331,0,39.9133,3.253958346,-0.3205,-2.180329635,1072.67,-10.37182276,12.388,14.975,3,2.332973868,5.759553558,-1.5,-2.7,131.5,79.9,65.8,-11.8551,22.1642,11.0425,-1.90347318,-0.181716675,21.7,23.5,-31.526,-7.843179083,-0.3205,2.808244211,-1072.67,10.15611616,-7.595,-10.53,-2.2
2015,Region 1,Second Round,2015 Kansas,2015 Wichita St.,2,7,0,-9.1,-6.8,4.318519711,2.0866,0.000141936,-6.6,-3.3,-1.6,0.1,1.4,2.88,-0.77,3.98,5.9,5.1,-42,-32.8,4.9,7.2,-5.2,-1.9,-1.2,1.3,1.4,-2.7,-4,1.8,20.9645,21.56856904,4.1,4,3.1,3.9,6.2,2.5,7.9,10.2,2.8,-3.9,3.8,0.3,2.6,-7.8,-8.8,24.4327,23.08982802,6.3,5.4,5,2.3,1.8,2.3,-3,7.8,-1.9,5.2,7.2,4,3.8,-10.4,-126.6,-71.5,-51.2,14.2552,-23.2675,-8.8673,-2.218621043,0.499102842,-24.4,-19.9,0,-0.01,-0.01,3.98,-0.334359437,5.1,28.0469,6.73968971,1.84899,-2.972472079,1331.76,-7.970410578,-17.355,11.175,1,-0.336470389,1.982591396,5.8,10.4,126.6,71.5,51.2,-9.6898,20.8769,9.6709,-0.838419258,0.098679321,17.6,21.3,-33.2636,-3.352881502,1.84899,1.965069187,-1331.76,6.726659261,-24.583,-10.815,-1
2015,Region 4,Second Round,2015 Oregon,2015 Wisconsin,8,1,0,-28.5,-19.9,-8.303667258,-20.3407,-0.168118944,-8.9,-4.7,9.8,7,-2.8,-7.42,-0.69,9.07,8.5,7.6,-39.4,-30.5,3.8,1.2,-9.5,8.3,-2.7,1.1,2.9,-4,-8.1,0,21.1666,20.54020457,5.4,6.6,0.7,8.6,8.4,-0.3,6.9,10.7,4.7,-2.3,7.8,1.7,-0.8,-24.6,-19.9,25.542,26.84088479,6.8,8.3,2.4,6.7,0.3,4.4,-0.2,2.4,2.3,-1.9,8.8,5.4,3.3,1.2,-137.1,-82.1,-78.5,15.0883,-18.8193,-3.5248,-0.878843739,-0.19487682,-26.1,-23,-0.01,-0.01,0,9.07,3.249041447,7.6,34.3419,6.381685724,-4.58018,-4.164091393,495.14,-10.11329438,-23.886,10.065,-1,-0.290846463,-1.919767228,8.1,-1.2,137.1,82.1,78.5,-13.4755,17.7965,8.6299,2.245166089,0.078829098,12.1,22.8,-39.06,-1.41203108,-4.58018,2.467773801,-495.14,8.684423067,-56.757,-14.335,4.7
2015,Region 4,Second Round,2015 North Carolina,2015 Arkansas,4,5,1,11.2,5.2,2.578309232,6.8192,0.092675987,1.8,1.8,-4,-1,0.14,0.1,-0.38,-5.13,-0.8,0.1,-46.1,-31.8,2.7,-1.4,10.3,-8.9,-1.3,-0.8,-5,5.8,17.5,12.9,19.957,21.37211557,2.8,4.7,-0.8,-1.2,-3.8,4.4,5.7,9.2,4.9,7.6,9,5,0.5,-3.4,-7.6,20.8161,21.62264369,4.9,3.4,5.2,3.7,-0.3,1.2,-5.1,6.7,3.8,-0.2,8.1,0.6,4.9,-4.5,-124.8,-59.8,-51.9,15.7309,-18.1485,-12.2565,2.592877184,0.60829705,-22.9,-12.7,0,0,0,-5.13,2.164015529,0.1,30.4288,-0.043337194,0.07216,-2.168596386,1414.82,-7.430307723,20.417,11.92,0,-0.126998225,-1.923178002,-4.6,4.5,124.8,59.8,51.9,-13.1215,23.0875,14.9761,0.741455559,-0.249457678,21.8,25.9,-32.1302,-3.653854239,0.07216,1.865257248,-1414.82,7.556172901,-11.75,-11.855,-4.2
2015,Region 4,Second Round,2015 Georgia St.,2015 Xavier,14,6,0,-9.3,-5.1,-3.877640047,-8.87633,-0.121922249,-5.5,-1.1,-2.9,-1.6,-0.57,-3.77,0.66,-2.16,-1.7,-2.5,-35.4,-25.2,2.3,9.7,0,-9.5,0.2,-7.3,-1.6,8.8,-0.5,2.7,13.8317,12.95794114,1.7,4.5,-3.1,6.3,4,2.7,3.4,-2.3,3.7,4.2,3.3,2.7,-2.2,-6.7,-7.7,14.596,16.43185328,8,11.2,2.3,1.7,-1.3,4.8,3.2,-0.6,1.9,2.5,11.1,7.8,1.9,0.1,-123.5,-76.6,-49.7,20.0486,-23.0674,-15.3857,2.111335743,0.770598599,-12.2,-15.6,-0.01,0,-0.01,-2.16,-1.449416388,-2.5,33.7749,1.908399128,-2.4617,-1.865181443,1653.05,-10.69570126,2.322,13.515,1,-0.029893353,-3.511183639,3.2,-0.1,123.5,76.6,49.7,-12.9533,22.6087,16.3711,0.544457115,-0.467652103,0,13.1,-30.92,0.02646063,-2.4617,1.43353144,-1653.05,6.739396933,-5.898,-9.985,-1
2015,Region 4,Second Round,2015 Arizona,2015 Ohio St.,2,10,1,7.5,7.1,6.547429164,11.3077,0.05014743,-4.2,-1.9,-8.6,-5,0.31,2.65,-0.12,-0.6,0.7,0.3,-36.3,-36.5,1.7,0,11.8,-11.8,-6.2,-10.4,10.9,-0.5,4.7,4.6,23.9212,22.65256126,7,7.6,4.2,0.2,19.7,5.4,2.7,-4.1,2.9,4.5,10.2,10.1,3.8,4.4,2.6,29.3997,27.68993276,10.2,11.9,4.4,-1.4,-1.5,4.1,-11.8,6.6,8.4,8.6,10.3,3.4,3.4,-1,-123.1,-78.1,-54.4,14.5672,-18.7057,-16.2366,-0.707119349,0.57799836,-15.2,-13.5,-0.01,0.01,0.01,-0.6,1.568237014,0.3,32.8474,4.582882079,1.77501,-1.83735428,1489.99,-6.196836594,5.468,12.095,-2,-0.547135019,1.460667953,-0.1,1,123.1,78.1,54.4,-22.1843,25.7363,9.076,-2.931090744,-0.503952975,23.5,23.8,-33.4823,-7.714392708,1.77501,2.339982962,-1489.99,9.026799642,4.7,-13.02,-1.8
2015,Region 2,Second Round,2015 NC St.,2015 Villanova,8,1,1,-15.5,-9.2,-10.19368981,-15.5933,-0.108807382,-7.9,-2.4,2,0.6,0.3,0.9,-0.58,0.64,-0.6,0.1,-35.1,-25.7,3.9,-2.2,2.2,0,-3.3,2.9,8.5,-11.4,-0.2,2.1,22.4847,21.93672361,4.1,2.2,5.3,1,5.8,5.5,3,-7,4.9,-3.2,6,-0.7,5.2,-14.8,-11.5,23.8353,23.37061232,9.8,9.5,5.7,2.4,8.3,-1.2,-2.2,11.3,0.8,1.5,11.5,5,6,-4.1,-130.1,-71.6,-57.1,9.3693,-18.7018,-10.8836,-2.507715053,0.052793392,-21,-23.3,0,0.01,0,0.64,-2.128757506,0.1,29.7383,8.72969791,0.58423,-2.236985684,1332.85,-8.224100889,-7.918,9.125,-2,-0.042653319,-0.40761336,2.3,4.1,130.1,71.6,57.1,-11.5345,17.0969,4.4202,1.494814997,0.320611205,11.3,21.8,-37.7272,-0.684521949,0.58423,2.191609188,-1332.85,6.490422773,-30.35,-14.235,3.3
2015,Region 2,Second Round,2015 Louisville,2015 Northern Iowa,4,5,1,-3.3,0.2,0.09844535,-0.5258,0.005130814,-4.7,0.9,-8.8,-7.2,-0.04,3.41,-0.7,-7.47,8.8,7.5,-29.3,-28.6,7,5.7,0.5,-6.1,3.2,-4.3,12.6,-8.3,-4.4,2.4,14.3818,15.71081063,2.7,5.1,-1.2,-5.5,12.1,1.5,8.2,0.1,6.5,8.9,6.5,0.9,-1.3,2.9,-2.2,26.994,27.43382119,12.8,10.6,10.4,7.4,5.5,3.8,4,-1.9,1.1,9.5,6.1,6.9,9.5,-7.5,-123.1,-80.2,-59.6,18.1568,-26.9697,-15.9397,4.591458926,0.543597692,-23.5,-30.3,0,0.01,0.01,-7.47,-1.097831363,7.5,28.6959,6.412665913,2.20185,-2.294148764,1117.83,-11.1604521,-15.104,9.35,0,-1.175813792,-3.141176942,6.8,7.5,123.1,80.2,59.6,-12.0797,22.1212,6.145,-0.439047819,0.227834309,11,21.3,-33.7452,-2.05833739,2.20185,1.835679437,-1117.83,6.19502868,-5.986,-10.325,-5.1
2015,Region 2,Second Round,2015 Oklahoma,2015 Dayton,3,11,1,14.1,8.5,3.346498357,10.2145,0.142485183,-5.7,-2.3,-11.4,-5.9,0.86,3.45,0.28,0.92,3.8,4.1,-33.6,-28.9,2.6,1.3,-1.8,0.5,-1.9,-0.8,4.7,-3.8,7.3,6.4,16.6878,15.17469638,2.1,1.3,2.5,5.5,1.6,3.4,2.9,-5.8,1.2,10.2,1.5,0.2,1.6,8.6,2,21.2976,19.26410331,9.1,10.5,4.2,2.9,19.7,2.4,7.3,11.8,-3,-0.1,12.4,6.1,3.8,-6.8,-123.2,-85.4,-58.7,14.2979,-23.1621,-10.9851,3.984545353,0.099100234,-19.6,-23.9,-1.42E-14,0.02,0.01,0.92,-0.843093603,4.1,29.5365,6.294651082,2.22932,-1.932026578,1057.97,-12.11853485,15.498,9.13,1,-0.436093379,-2.20702569,-0.9,6.8,123.2,85.4,58.7,-12.3456,22.1831,9.789,1.606986515,0.032262083,14.5,26.1,-32.029,4.299043075,2.22932,2.110607229,-1057.97,6.87916144,17.64,-9.265,-6.6
2015,Region 2,Second Round,2015 Virginia,2015 Michigan St.,2,7,0,-3.4,0.1,6.948056319,9.9672,0.049111887,-6.2,-2.7,-4.7,-1.9,2.08,2.87,-0.2,1.81,-4.7,-5.8,-37.4,-28.8,3.7,3.7,2.6,-6.4,-4.5,0.5,-2.2,1.6,-1.3,4.5,20.266,20.65613911,5.5,6,3.8,0.6,-3.5,0.9,8,3.8,6.2,10.8,9.4,2.5,3.8,0.1,-4.3,31.5438,31.44036398,12.1,12.1,8.3,-1.4,4,0.2,-10.3,14.7,6.1,2.2,15.2,7.6,7.8,-7.6,-130.9,-81.1,-68.3,16.178,-24.3881,-13.5754,3.899572675,0.52032765,-19.6,-19.4,-0.01,0.01,-1.42E-14,1.81,-1.093836771,-5.8,33.7258,6.712084206,1.72425,-2.10221308,183.71,-6.876879307,-4.725,12.87,-2,-1.072375338,-2.683937829,5.8,7.6,130.9,81.1,68.3,-13.4401,22.682,11.8172,1.758059286,-0.159369703,16.2,23.8,-33.6175,-5.0075355,1.72425,2.333304099,-183.71,6.738578494,-4.395,-10.23,-4.4
2015,Region 3,Second Round,2015 San Diego St.,2015 Duke,8,1,0,-15.9,-8.9,-9.045474124,-13.0888,-0.096596742,-11.5,-6.9,1,2.8,1.09,-0.73,0.76,11.23,-6.3,-5.6,-41.8,-33.2,0.1,-5.7,2.9,2.8,-4.2,-9.7,11.1,-1.4,-7,-1.5,9.4557,9.4120131,-0.7,-1,0.1,-6.6,11.3,0.1,5.8,-0.5,5.9,-12.3,3.6,-0.7,0.6,-8.9,-7.1,36.0701,37.71817741,14.2,15.1,8,-0.5,13.5,4.7,-7.2,7.6,-1.7,7.7,12,4.6,8,-6.3,-124.4,-66.4,-72,8.2483,-19.9999,-9.2788,-5.120593118,-0.318929532,-25.3,-23,-0.01,-0.01,0.02,11.23,-1.259599098,-5.6,28.1776,7.20570618,-0.61588,-2.518869616,547.06,-10.13102507,-3.164,8.64,-2,-2.490663294,0.367901406,5.5,6.3,124.4,66.4,72,-22.997,26.4158,9.3156,-1.19911343,-0.369526322,13.1,14.9,-35.0213,-5.635795847,-0.61588,2.20415493,-547.06,6.154150586,3.714,-11.74,1.8
2015,Region 3,Second Round,2015 Georgetown,2015 Utah,4,5,0,-16.1,-8.6,-0.05293895,-7.3341,-0.064368277,-6.5,-2.4,0.3,1.4,0.5,-1.05,0.09,-1.27,2,3.2,-40.1,-27.1,2.9,7.8,-11.2,3.4,0.5,0.2,1.7,-1.9,-2.7,1,23.6361,22.61776974,8.2,9.5,3.1,2.9,9.6,-0.9,6.2,10.6,4.1,2.9,9.4,3.7,4.1,-13.4,-9.4,22.836,21.93795991,9,10.1,4.3,-0.5,-1.1,2.8,0,4.2,3.2,6.2,10.9,5.9,3.8,-4.2,-124.1,-75,-34.7,14.5046,-24.6033,-8.6153,-0.191118961,0.200173559,-17.2,-17.7,-0.01,-0.01,0.01,-1.27,-0.863867479,3.2,30.6413,4.861794718,-0.56479,-2.471996094,2314.8,-6.474897299,-2.826,11.095,0,0.095822816,-1.18701378,3.7,4.2,124.1,75,34.7,-10.4518,17.6583,7.689,-0.922501425,0.076813362,8.7,19.5,-34.7028,-1.329649778,-0.56479,1.715515161,-2314.8,6.03511233,-19.888,-14.285,4
2015,Region 3,Second Round,2015 UAB,2015 UCLA,14,11,0,-13.6,-8,-7.18775725,-11.30681,-0.271794025,-11.6,-6.3,2.2,2.7,-1.56,-2.49,-0.35,16.37,-2,-1.5,-31,-38.5,0.1,6.5,1.9,-8.4,-0.6,5.2,-8.1,2.9,-6.4,1.5,6.4535,4.90680466,-0.9,1.2,-2.3,3.9,4.5,-1.9,5.9,1.3,5.5,-1.1,-2.7,4.5,-2.1,-14.5,-9.4,10.508,9.7249457,2.2,0.2,4.5,-0.8,2.2,2.3,-0.7,4.9,0.8,3.9,4.1,0,4.7,-6.9,-123.8,-71,-59.7,11.2719,-22.7911,-14.7105,-1.178023828,0.491791744,-11.1,-18.2,-0.01,-0.02,0.01,16.37,-0.259959296,-1.5,28.5583,2.494330633,-1.68396,-1.632627282,1101.52,-8.367731506,-8.141,10.54,1,-0.37502826,2.156391862,7.9,6.9,123.8,71,59.7,-9.3713,16.9373,10.957,-0.801773111,0.011179214,12.3,10.8,-30.3006,-3.440831865,-1.68396,1.82627848,-1101.52,6.548782848,-17.185,-10.015,5.1
2015,Region 3,Second Round,2015 Gonzaga,2015 Iowa,2,7,1,8.8,1.9,5.89920745,10.6729,0.043280334,0.3,0.9,-6,-1.5,-0.7,0.95,0.02,-7.21,0.6,0.5,-31.4,-38.8,-1.1,6.5,-2.4,-4.2,-6.5,-0.2,0.1,0.2,7.7,10.7,26.8115,27.74645777,13.3,14,8.4,-1.4,9.9,3,3.4,3.9,-1,5.4,8.8,13.7,7.6,3.8,-8.9,20.3632,20.22947822,4.2,5.5,0.9,8.4,8,0.2,-7.2,15.8,7.1,-12.4,10,2.8,0.6,-5.1,-129.4,-71.2,-60.5,15.4164,-21.558,-11.6852,-2.34373061,0.280101895,-21.2,-31.2,-0.01,-0.01,0,-7.21,0.357487554,0.5,38.2851,3.550672147,0.6423,-1.968706353,1222.67,-6.782300649,16.723,13.425,0,0.586679093,3.474457868,3,5.1,129.4,71.2,60.5,-12.6651,23.2809,10.4026,5.808130727,-0.228643303,31.7,30.9,-29.5564,-1.963703067,0.6423,2.628001521,-1222.67,11.16635701,8.394,-9.93,-12.7
2016,Region 1,Second Round,2016 Connecticut,2016 Kansas,9,1,0,-9.1,-3.4,-10.21335535,-11.052,-0.087585573,-4.7,-3.5,-0.1,1.5,0.71,0.48,0.11,0.78,-2.8,-3.2,-34.1,-29.9,4.7,1.9,-3,1.1,-3,-4.5,1.1,3.4,-5.2,0.4,21.076,19.10211306,6.7,7.6,3.2,6.8,-7.5,2.6,0.3,3.6,5.2,5,8.1,3.5,4,-8,-3.8,27.48,27.19848363,11.7,10.9,9.5,4.8,4.5,0.3,-3,2.3,1,0.1,10.4,8.9,8.7,-2.6,-128.5,-80.7,-59.6,14.5319,-20.8391,-9.7045,0.747490115,0.158895765,-18.2,-19.6,0,1.42E-14,-0.01,0.78,-1.493969146,-3.2,32.9723,2.631290155,0.26864,-2.243284728,1086.01,-8.786116647,-8.187,10.115,-2,-0.576215115,-3.923005104,5.6,2.6,128.5,80.7,59.6,-15.1343,21.0758,10.8524,3.740121082,-0.335453741,12.7,17.9,-35.85,-5.474578091,0.26864,2.193945992,-1086.01,6.373410175,-13.285,-12.69,4.2
2016,Region 1,Second Round,2016 Hawaii,2016 Maryland,13,5,0,-9.1,-0.4,-3.063197009,-8.9776,-0.099621383,-6.4,-1.6,0,-0.8,-1.71,-2.99,0.38,6.35,4.3,3.4,-24.8,-28.6,0.7,-1,-2.6,3.6,-7.4,-5.4,10.1,-4.7,-1.5,5.1,12.6624,10.86465295,5.8,8.9,0.5,-1.4,19.4,-1.9,1.4,12.9,2,4.7,6.4,9.8,0.1,-10.5,-5.4,19.7869,19.24517995,10.7,11.4,6.3,5.2,-3.6,0.8,-3.5,3.9,6.4,3.9,8.6,6.8,6.2,-0.3,-126.1,-82.7,-51.8,13.0551,-21.4265,-11.2977,0.258058218,-0.108190195,-12.6,-24.5,-0.01,1.42E-14,-0.01,6.35,-2.433700413,3.4,34.0455,-1.307371594,-1.97472,-2.000982934,1914.3,-6.429836935,1.031,12.215,-2,-0.67821853,-1.613264972,6.6,0.3,126.1,82.7,51.8,-21.8169,23.9775,9.6892,0.828893494,-0.220014942,17.9,24.8,-34.0155,-3.954703086,-1.97472,2.138063154,-1914.3,8.730924417,-15.241,-12.4,5.1
2016,Region 1,Second Round,2016 Miami FL,2016 Wichita St.,3,11,1,-6.6,-5.8,6.585456922,1.6972,0.006922312,-1.4,0.5,-6.8,-1.9,0.79,2.88,0.35,-13.26,0,0.4,-28.8,-31.7,4.9,6,-3,-3.1,-0.7,1.4,6.3,-7.7,-2,1.4,28.2562,28.46773602,9.4,11.6,3.9,3.2,-5.4,7.2,6.9,0,0.6,0.1,10.2,8.6,4.8,-4.9,-7.1,15.7435,16.11332755,1.6,2.9,-0.7,0.9,9,2.7,-2.7,11.1,4.4,-4.5,2.3,0.6,-2.1,-4,-128.5,-84.8,-48,16.9654,-23.3003,-12.1885,-2.726735558,0.404809215,-12.8,-21.7,0,-0.02,-1.42E-14,-13.26,-2.603652345,0.4,32.4,6.725915299,1.93692,-2.851780933,2090.06,-7.731304405,1.475,13.75,-1,1.214218186,2.581806552,3.4,4,128.5,84.8,48,-10.0864,19.5125,7.6361,1.500204192,0.27829434,14.5,22.5,-33.1592,-0.752519652,1.93692,2.616205822,-2090.06,10.17112782,-6.503,-11.495,-2.2
2016,Region 1,Second Round,2016 Villanova,2016 Iowa,2,7,1,12,5,6.940931281,5.3908,0.047969802,-0.6,0.1,-4.6,-1.4,-1.13,-4.12,-0.42,2.57,-1.6,-2.7,-17.5,-27.4,2.6,-0.8,-3.6,4.5,-1,1.6,-3.6,2,9.3,9.3,23.3569,24.12568108,6.9,8.4,3.4,9.6,9.1,2.5,-2.8,7.5,2.2,5.6,7,8.9,4.8,2,-4.4,24.746,25.66195709,5.5,4.8,4.7,5.6,2,5.4,-3.6,0.7,6,-6.7,8.7,2.8,3.7,-0.2,-129.3,-79,-75.7,18.2892,-19.7622,-10.8613,-0.415302182,-0.063354397,-6.2,-21.4,2.84E-14,1.42E-14,-0.01,2.57,1.015446165,-2.7,35.4534,-2.177153207,-2.89075,-2.35723878,368.63,-7.121921832,9.981,10.22,-3,-0.161529349,-1.687254463,1.78E-15,0.2,129.3,79,75.7,-8.9795,20.5457,11.5125,3.798563197,-0.034326305,17.6,32.4,-33.0752,-4.463584324,-2.89075,1.888342144,-368.63,9.468880101,-3.09,-10.83,-6.4
2016,Region 4,Second Round,2016 Saint Joseph's,2016 Oregon,8,1,0,-5.5,-0.5,-3.150639003,-8.1489,-0.049239559,-3.8,-0.3,2.4,1.3,-1.15,-2.45,0.17,2.56,1,2.1,-30.5,-24.8,-1.9,-2.4,0.7,1.7,-6.8,-5.2,-1.8,7.1,1.1,7.2,16.5895,16.10749192,2.3,6.3,-3.7,1,5.4,6.3,-3,2.2,1,3.9,8.3,5,-3.5,-5.3,-7.6,20.8312,20.86155144,4.4,3.3,4.1,2.4,15.7,-0.1,-8.8,0.2,8.4,-0.1,7.1,-2.3,3.3,0.5,-132.6,-80,-65.3,10.5091,-18.3208,-10.0181,1.974934695,-0.184726828,-6.3,-12.5,-0.01,0.01,0.01,2.56,0.595490022,2.1,33.4581,-2.551840895,-1.71773,-2.202571651,1218.67,-5.893180833,3.941,11.295,-1,-0.388306505,-0.459418973,6.1,-0.5,132.6,80,65.3,-18.8673,22.4855,16.7599,-0.063260451,-0.531340481,1.4,14.6,-35.3349,-7.916050561,-1.71773,2.888780996,-1218.67,9.84282978,-6.189,-13.42,-2.3
2016,Region 4,Second Round,2016 Duke,2016 Yale,4,12,1,10,4.5,4.114276203,8.2267,0.10642649,4.2,3.2,-7.4,-4.3,1.83,5.64,-1.21,-9.43,1.4,2,-25.5,-40.2,6,-1.2,-4.3,5.5,0.9,2,-0.5,-1.5,10.3,8.1,26.1023,26.24478064,7.4,5.2,6.9,2.8,6.4,3.9,10,-0.4,0.2,1.7,10.6,-1.8,5.8,1.8,-3.8,9.7772,9.73480055,3.1,2.2,3.2,-1.7,16.7,-2.4,-4.7,5.1,3,-6.8,-2.4,9,2,1.9,-129.7,-68.3,-58.5,11.9309,-16.8202,-7.7609,-0.179362584,-0.029669486,-7.9,-20.6,0.01,-0.01,1.42E-14,-9.43,-0.498958788,2,36.2475,10.53287606,3.86052,-1.909532327,1327.43,-7.092754108,-5.417,14.975,2,1.648244991,-3.217701514,-2.2,-1.9,129.7,68.3,58.5,-12.2265,15.6716,8.34,5.822961654,0.169171625,13.9,9.7,-32.9913,-2.983512397,3.86052,2.617298182,-1327.43,9.375869934,-8.74,-12.375,-5.6
2016,Region 4,Second Round,2016 Texas A&M,2016 Northern Iowa,3,11,1,9.9,2.7,7.125167454,11.7112,0.141311761,-3.7,-3.1,-4.6,-0.9,1.38,2.61,-0.39,10.91,4.6,4.7,-24.1,-18.2,6.4,10.5,-8.7,-1.7,2.6,1.4,1.2,-2.5,3.7,3.5,15.9551,16.03581826,2.8,2.2,2.4,-5,13.9,1.5,7.8,11.1,1.9,-5.5,3.1,-8,1.7,5.6,-0.9,15.9452,16.61077981,6.2,5.9,4.3,9.7,0.4,5.7,12.2,-5.5,-1.5,4.6,4.9,6.3,3.9,0.4,-128,-90,-73.7,21.2028,-26.1648,-13.6782,-0.564724796,0.489290773,-3.7,-18.7,0.01,0.02,0.01,10.91,-3.347243779,4.7,32.9474,2.266769874,1.73323,-2.336444516,561.91,-11.53107466,2.912,11.75,0,-0.033791474,-2.613684846,-0.2,-0.4,128,90,73.7,-9.2198,21.1145,10.929,0.245954897,0.143772986,11.4,35.2,-34.1423,3.939245898,1.73323,1.922755018,-561.91,8.15889739,6.76,-8.475,-6.5
2016,Region 4,Second Round,2016 Oklahoma,2016 VCU,2,10,1,12.3,5.6,7.846055317,8.6338,0.060936212,2.3,1.5,-8.9,-2.4,0.41,2.4,0.07,-10.46,1.4,0.8,-29.4,-32.2,2,-7,-3.5,10.4,-1.2,-2,-0.3,2.2,13.5,7.4,22.516,23.74698296,5.5,-0.3,9,5.2,-3.4,3.9,2.7,-0.6,2.9,-3.8,3.7,-4.4,8.5,-3.2,-1.8,18.5483,18.57416491,4.5,5.6,1.6,1.2,5,1.4,-3.5,9.4,0.8,12,6.2,2.7,1.4,0.8,-126.3,-78.6,-69.8,9.5424,-13.6585,-2.9135,-2.070913319,-0.50738234,-6.7,-13.8,1.42E-14,1.42E-14,0.01,-10.46,-3.645630932,0.8,33.521,6.271499525,1.69616,-2.250368806,292.64,-8.879231789,29.65,12.555,1,0.357007455,3.283151776,-6.1,-0.8,126.3,78.6,69.8,-11.1552,20.2344,11.8794,-4.714607103,-0.170550555,7.3,16,-33.2206,-4.676162073,1.69616,2.577592325,-292.64,7.038179866,-6.044,-10.11,1.4
2016,Region 2,Second Round,2016 Providence,2016 North Carolina,9,1,0,-19.6,-8.7,-5.184556122,-14.4447,-0.115211475,-5.7,-0.8,-0.6,-1.9,0.04,-2.4,-0.72,-6.66,-0.9,-2.8,-27.5,-39.7,2.6,4.7,-6.2,1.5,-1.6,-1.8,-4.4,6.2,-8.8,0,16.2201,14.67121601,0.7,4.4,-3.9,2.8,8,2.3,1,17.3,2.7,-0.5,4.2,-1.8,-4.2,-16.9,-8.9,25.4115,25.01328267,3.3,4.7,-0.7,2.1,4.4,5.3,-9.6,7.3,2.5,1.7,6.8,2.6,0.2,-3.6,-129,-69.2,-72.6,13.6928,-24.8064,-10.8726,1.711941695,0.159750952,-16.4,-28.1,0.02,1.42E-14,0.01,-6.66,-3.294036461,-2.8,30.4761,-3.186074976,-1.76376,-2.731303649,957.86,-8.172728019,-22.976,9.785,-2,-0.847918371,-0.294821578,8.8,3.6,129,69.2,72.6,-17.8979,19.0826,13.6662,-0.702447087,-0.403507664,20.4,17,-33.4782,-2.162217439,-1.76376,2.275016979,-957.86,9.791111768,-37.961,-12.255,8
2016,Region 2,Second Round,2016 Kentucky,2016 Indiana,4,5,0,9.7,10.5,1.722234438,2.4039,0.031342397,4.9,5.5,-1.1,1.5,-0.64,2.19,-0.79,-7.89,-0.7,-1.3,-37.2,-29.3,7.5,-5.3,5.7,-0.3,-4.1,-4.4,15.7,-11.3,18.5,19.4,24.4491,24.24869394,4.2,4.1,2.7,1.7,9,2.8,9.1,3.5,5.1,0.7,9.1,2.1,2.4,-5.2,-8.9,23.5468,24.28532063,13.7,13.1,8.5,2.4,-8.1,-1.9,-6,14.9,2.5,10.5,12,5.3,8.9,6.7,-127.3,-64.1,-57.7,16.9886,-14.4445,-9.2494,-0.125139134,0.08422854,-15.1,-12,-0.01,0,1.42E-14,-7.89,-0.050692243,-1.3,35.5098,7.27217794,1.48062,-2.061536453,898.24,-8.968819445,11.914,14.49,-1,0.074301772,-0.783997316,0.9,-6.7,127.3,64.1,57.7,-17.4581,19.5218,2.9769,-1.892775402,0.182315673,2.9,7.9,-37.1343,-5.379839654,1.48062,3.064430566,-898.24,6.544549619,-20.318,-14.38,-3.7
2016,Region 2,Second Round,2016 Stephen F. Austin,2016 Notre Dame,14,6,0,9.9,8.4,-3.386334847,-1.5763,-0.053512159,-3.1,-1.2,-0.4,1.5,-2.61,-4.83,0.45,12.4,3.7,2.5,-29.4,-34.9,0.9,-0.8,-1.6,2.5,-0.4,4.7,-1,-3.6,6.4,11.9,7.63,4.9851622,6.3,9.6,-0.1,2.4,7,-3.4,2.2,12.3,1.1,2.9,8.5,7.4,-0.1,-2.4,-3.7,22.7564,20.85441954,3.9,3,3.7,6.4,-6.9,11.1,-3.1,-2.7,3,4.9,4.9,2.8,4.6,7.8,-126.3,-72.7,-65.9,11.7536,-16.6094,-8.1272,0.156918184,-0.070748137,-13,-25.3,-0.01,0,0.01,12.4,-3.377158796,2.5,37.8806,-2.045023449,-3.25972,-2.367183732,944.85,-9.171899213,15.238,13.19,0,-1.627357917,1.162275704,5.5,-7.8,126.3,72.7,65.9,-9.8051,13.3372,7.8022,-0.562459589,0.291844645,2.6,6.9,-32.5284,-5.101133005,-3.25972,2.038582333,-944.85,9.901834416,0.867,-12.68,-1.3
2016,Region 2,Second Round,2016 Xavier,2016 Wisconsin,2,7,0,2.4,4.1,7.240932119,5.3449,0.085612104,-5.8,-1.4,-1,-1.4,-0.09,0.48,0.18,12.33,8.7,8.4,-36,-25.8,4.1,2.8,-8,5.2,-0.5,-1.3,-4.9,6.3,0.9,5.2,21.6922,21.50944681,3,4.9,-1.8,2.4,8.6,1.3,7.5,13,-0.5,-1.5,3.3,3.2,-0.9,3.4,-1.1,16.3832,15.63231162,1.1,-1.8,4.3,0.3,5.3,2.4,-7.3,-5.9,-0.3,-5.2,-1.5,-1,3.9,-3.1,-127.3,-76.2,-48.7,13.7649,-18.9601,-5.7079,-1.161471689,0.002371156,-16.6,-17.3,-0.01,0,0.01,12.33,0.119551922,8.4,32.8055,2.313192409,0.44088,-2.387301414,2076.01,-10.58570265,3.735,14.005,1,0.507360863,0.057153806,4.3,3.1,127.3,76.2,48.7,-10.1912,22.5372,16.0092,3.244027881,-0.209541655,13.5,29.2,-30.5626,-9.977626652,0.44088,1.945772871,-2076.01,10.38794254,7.056,-12.235,-4.5
2016,Region 3,Second Round,2016 Butler,2016 Virginia,9,1,0,-11.9,-10.6,-6.575530231,-13.2455,-0.075522364,-1.2,-0.6,0.9,1.9,-0.55,-2.7,0.15,-6.03,8.9,7.6,-32.2,-35,-1.9,4.3,1.8,-6.2,-4.8,-3.5,-4.4,7.9,6.5,2.5,26.1892,26.00999073,3.8,3.5,3.8,3.5,6.1,5.2,6.9,3.1,3.5,3,3.8,2.2,4.6,-11.5,-13.1,18.756,20.12291111,5,3.4,6.6,4.4,-3.8,3.3,-2.8,4.8,-1.2,-1.2,7.3,0.3,6.3,5,-131.9,-82.9,-57.9,14.0721,-22.148,-12.0458,-0.097769035,0.283060149,-16.8,-23.8,0.01,0.01,0.01,-6.03,-0.903643824,7.6,34.7814,7.384012274,-1.75896,-2.755186259,1486.62,-9.810603645,15.69,14.335,0,0.863795834,-0.363412112,-4,-5,131.9,82.9,57.9,-21.0693,19.5119,12.5775,1.683961568,-0.578057365,16,17.1,-36.6652,-3.856859455,-1.75896,2.692333202,-1486.62,9.500269973,-21.18,-13.895,-1.6
2016,Region 3,Second Round,2016 Iowa St.,2016 Little Rock,4,12,1,9.7,2.7,1.318929146,7.7489,0.122282995,6.5,5,-9.8,-4.6,1.31,-0.3,0.08,-17.91,7.6,8.4,-25,-29.6,7.4,1.3,3.8,-5.1,2.3,-0.3,-0.2,0.4,10.3,6.7,25.4086,24.81143926,11.7,11.6,7.9,1.6,-12.8,5.4,-2.8,1.2,2.4,7.7,14.3,7.8,7.8,4.2,-4.3,8.9934,8.04933675,2.9,0.4,5.1,4.7,7.2,1.2,3.8,1.4,2.9,-2.2,-4.7,3.6,4.7,3.8,-129.6,-85,-80.6,17.5426,-18.4713,-14.1945,0.483976385,0.381943516,-5,-17.1,0,0.01,-0.01,-17.91,0.077382123,8.4,35.9634,0.721560026,-0.1917,-2.39193912,-201.62,-9.213689695,25.733,10.42,1,1.659790297,0.306895026,-3.6,-3.8,129.6,85,80.6,-10.3551,19.2973,10.1993,3.595664433,0.044941075,14.8,27,-35.4329,-1.330805614,-0.1917,2.463347141,201.62,9.099751431,10.75,-10.09,-8.5
2016,Region 3,Second Round,2016 Utah,2016 Gonzaga,3,11,0,-4.6,-0.9,3.473848472,-1.1627,-0.028540278,-2.2,-0.5,1.1,2.3,-1.06,-1.89,0.22,5.52,-1,-1.2,-29.3,-32.2,3,8.6,-13.2,4.6,0.6,0.6,3.2,-3.7,1.6,8.6,18.5086,18.89791596,10.1,10.9,5.7,1,10.1,-2.9,3.1,13.1,2.4,-2.1,10.6,0.9,6,-12,-9.6,18.8799,19.64427761,7.9,10.8,0.8,4,12.5,-1.3,-3.9,7.6,-3.1,-0.5,11.6,7.6,0.7,3,-135.6,-85.2,-74,17.2641,-24.1454,-9.2854,-1.900520935,0.169541296,-2.4,-13.4,0,-0.01,0,5.52,1.611268282,-1.2,37.1943,2.077575639,-1.33002,-2.734871537,1236.07,-12.37306876,6.868,12.57,-1,-0.031135624,-3.559384132,7,-3,135.6,85.2,74,-7.9461,15.3277,6.6083,1.542778624,0.156203248,15.4,26,-38.1803,-3.796613017,-1.33002,2.675407054,-1236.07,8.869019376,-19.94,-12.83,2.4
2016,Region 3,Second Round,2016 Middle Tennessee,2016 Syracuse,15,10,0,-6,-1.7,-2.692154466,-11.91602,-0.25656488,-10.7,-4.8,-1.1,-0.5,-1.88,-1.86,0.04,16.64,4,2.9,-24,-23,-2.2,-2.7,7.3,-4.7,-5.8,1.5,7.1,-8.5,-0.7,2.2,7.637,7.61547055,4.3,-0.5,8.5,-6,6.3,3.4,-7.1,-15.4,1.2,2.8,1.2,1.8,9.2,-3.3,-3.9,12.147,12.26085929,1.9,0.4,2,1.5,-7.3,1.1,-7.5,9.4,4.4,-1.1,0,-3.9,0.6,-1.8,-124.5,-78,-56.6,10.5224,-20.2567,-13.5471,-1.38109364,0.003076553,-8.9,-20.3,0.01,-1.42E-14,0.01,16.64,1.879249196,2.9,32.0754,5.737603325,-1.25711,-1.250152788,341.62,-7.583565813,-0.853,8.615,0,-0.423330738,1.079611364,2.9,1.8,124.5,78,56.6,-14.4606,20.5124,6.5496,-0.495067259,0.125591133,7.5,19.9,-31.1858,-4.277526785,-1.25711,2.208217653,-341.62,9.405046251,-5.287,-13.38,-0.6
2017,Region 1,Second Round,2017 Wisconsin,2017 Villanova,8,1,1,1.8,0.7,-5.918919304,-8.4846,-0.039771735,-4,-2.4,-0.5,2.7,-0.11,1.31,0.32,5.67,-1.2,-1.3,-23.1,-22.5,2,5.7,-2.6,-3.2,-6.9,-4.6,14.3,-9.6,5,6.2,21.6134,21.27397852,3.6,1.9,4.2,-6.8,10.2,3.4,7.9,-6.2,3.8,2.3,5.3,-5.6,4.9,-2.4,-5.4,31.4567,30.69260541,10.6,17.1,-0.7,5.6,8.9,2.8,-4.2,6.9,0.8,7.7,15.6,7.8,-0.7,5,-126,-81.9,-84.5,14.8362,-22.3309,-14.3449,1.29909468,0.285002774,-5.4,-21.7,-0.03,-0.05,-0.04,5.67,1.87294331,-1.3,32.5306,8.559796473,0.85041,-1.823505234,683.14,-10.09733503,14.158,10.32,0,-0.914027829,-0.892711309,1.2,-5,126,81.9,84.5,-20.991,20.61,5.1281,-2.997953594,-0.050464028,11.7,23.1,-37.5118,-1.193304673,0.85041,2.529580007,-683.14,9.153615221,1.24,-12.925,-3
2017,Region 1,Second Round,2017 Florida,2017 Virginia,4,5,1,5.6,5.3,1.360018303,-0.278,-0.007458627,-5.3,-2.7,-6.9,-2.6,-0.15,0.88,0.45,-1.43,10.4,10.1,-24.1,-35.3,3.5,1.2,1.8,-3,-1.6,4.4,-2.9,-1.5,-1.8,2.3,28.8316,28.93471673,5.8,4.9,5.1,2.2,6.4,4.4,7.7,-3,4.5,-9.9,10.1,0.2,4,9.4,3,24.2242,24.84618416,7.3,4.5,8.6,0.1,-8.2,5.5,0.5,16.6,6.2,-0.4,3.5,6.6,8.2,-4.3,-125.7,-86,-66,14.0422,-22,-13.9368,-4.930094167,0.208154343,-5,-17.5,0,-0.01,-1.42E-14,-1.43,0.069241788,10.1,31.548,9.284189887,0.62457,-2.570853281,862.27,-6.460066652,3.537,12.18,-2,0.418188977,-0.785509133,4.1,4.3,125.7,86,66,-8.8521,16.2827,9.0907,3.728007016,0.145067539,16.7,20.2,-33.1692,-2.013315428,0.62457,2.854056237,-862.27,7.40507998,22.629,-9.065,-6.4
2017,Region 1,Second Round,2017 Baylor,2017 USC,3,11,1,8.6,5.7,6.47135177,12.6671,0.150912068,-1.8,1.2,-3,-2.7,-0.29,0.08,0.84,2.62,-6.1,-5.7,-29.6,-29.5,2.9,-0.4,4.2,-3.8,-6.9,-8.8,10.5,-1.6,4,8.5,17.121,16.41335706,3,5.7,-1.2,-0.1,10.3,-2.7,8.8,6.6,4.5,4.7,10.3,0.6,-1.4,1.2,-2.9,20.227,18.67687388,6.7,6.3,4.9,1.6,6.8,1.2,-1.1,-1.9,3.7,1.9,4.1,0.7,4.1,-0.5,-128.7,-68.3,-74.3,15.2858,-17.6072,-11.4922,2.991703526,0.206659293,-11.4,-15.7,-0.02,-0.04,-0.04,2.62,-3.686070139,-5.7,32.7371,2.115001116,-0.07071,-2.238378476,1072.13,-6.566239452,17.636,11.76,-1,-0.381298691,-2.058541696,4.5,0.5,128.7,68.3,74.3,-19.8745,23.9415,10.4841,0.16241502,-0.385915253,10.3,13.9,-34.4905,-3.803461205,-0.07071,1.332649131,-1072.13,6.676282669,15.9,-11.05,-4.1
2017,Region 1,Second Round,2017 Duke,2017 South Carolina,2,7,0,2.4,-1.6,6.862752112,8.0585,0.060509468,-0.8,1.1,-8.1,-3.7,1.32,0.08,-0.11,-7.82,0.2,0,-28.4,-38,0.8,0.3,-3.6,3.3,2.5,7.3,-2.6,-4.7,6.8,5.1,32.4717,32.79245152,9.8,8.5,8,4.7,-7.8,8.3,-0.1,2.5,1.2,9.1,10.3,3.9,7.6,1.3,-6.8,9.6469,10.27866064,-0.8,-3.8,3.9,-0.7,9,-1.8,-4.4,4.8,3.8,-2,-2.3,0.6,4.2,-6,-123.1,-73.7,-43.6,11.8312,-19.0617,-9.597,1.754944787,-0.067693883,-11,-21.3,0.03,0.06,0.03,-7.82,4.05000696,0,32.4474,3.927487315,0.05568,-2.333861118,2100.32,-8.45364291,8.254,12.565,1,2.154766071,2.369910528,-1.7,6,123.1,73.7,43.6,-7.6812,19.8575,9.2637,2.420029768,0.514166425,18.4,18.8,-28.797,-6.514077651,0.05568,2.622804093,-2100.32,8.843938056,0.609,-10.13,-8.1
2017,Region 4,Second Round,2017 Northwestern,2017 Gonzaga,8,1,0,-17.5,-11.6,-5.841236654,-17.5428,-0.109416243,-6.1,-3.8,-4.5,-1.5,-0.67,-3.26,-0.13,-4.58,-4.6,-5.1,-32.4,-33,3,-2.6,-0.9,3.5,-1.9,-4.4,2.9,1.6,-7.7,-4.8,23.5319,23.12318706,8.1,8.9,4.1,9.3,4.8,1.8,5.5,17.4,6.9,2.8,13.5,5.6,5.3,-11.6,-6.8,25.0332,25.07534151,12,14.5,4.7,7.1,2.7,2.1,0.8,-0.3,0.7,6.2,9.7,11.8,4.7,-4.7,-132.5,-83.1,-69.5,6.9218,-21.6435,-10.6848,-1.033597076,-0.092004935,-22.3,-31.8,-1.42E-14,0.01,0.01,-4.58,0.579414906,-5.1,31.4609,2.582505971,-2.3366,-2.855612236,453.59,-8.567701894,-15.469,7.74,-1,-0.086647822,-3.903487799,2.9,4.7,132.5,83.1,69.5,-15.2277,19.4873,10.4421,0.637549117,-0.241663373,15.7,22.5,-39.058,-0.612542016,-2.3366,2.307952541,-453.59,6.502477916,-22.164,-14.02,4.8
2017,Region 4,Second Round,2017 West Virginia,2017 Notre Dame,4,5,1,5.1,6,0.423266041,5.7052,0.028397156,-4.9,-2.7,-0.4,-0.2,0.22,1.09,-0.07,15.18,3.6,4,-32.5,-22.9,1,4.1,-1.5,-2.5,1.8,8.5,-4.2,-4.3,4,7.5,18.6747,19.68402177,2.8,2.5,2.4,-5.2,11.6,1.9,6.7,7.1,2.6,5.9,0.9,-0.2,2.5,-1.2,-1.6,29.2179,29.74578154,5.3,4.7,3.7,12.4,-14,14.2,5,4.1,0.5,6.8,10.1,0.5,3.2,3.5,-122.3,-71.5,-64.8,14.8093,-21.2173,-11.44,1.982937296,0.241968147,-12.7,-17.5,0.06,0.06,0.06,15.18,1.644321181,4,33.4578,3.67167217,0.78065,-2.751208857,982.84,-8.990305265,7.261,12.455,-1,-1.075854614,-1.441481723,3.5,-3.5,122.3,71.5,64.8,-3.7371,11.8143,7.8813,-2.556263542,0.391797454,1,14.7,-32.0787,1.780852462,0.78065,2.006224012,-982.84,6.422548028,-3.768,-10.14,-0.4
2017,Region 4,Second Round,2017 Florida St.,2017 Xavier,3,11,0,11.2,3.6,4.33628692,7.4237,0.049594968,-1.6,-0.1,-4.3,-0.4,0.68,2.21,-0.45,7.92,4.1,3.9,-29.5,-27.5,9.2,10.1,-1.8,-8.3,-1.7,-5.4,5.9,-0.4,9.9,8.2,17.3125,18.66997615,2.1,1.6,1.8,-0.7,4,1.5,9,-6.1,3,-9.8,0.5,-0.7,1.6,4.7,-4.7,20.7489,20.15632858,4.2,6.9,-0.4,-2.6,3.9,1.2,-4.8,9.1,0.7,11.1,4.2,5.7,-0.3,4.7,-127.5,-75.4,-50.1,27.7373,-22.1537,-15.6635,-4.539294892,0.862301649,-4.6,-6.3,1.42E-14,-0.02,0.01,7.92,1.713722803,3.9,36.5347,7.51359008,1.61889,-1.776392078,1654.55,-11.16847327,9.9,16.265,0,-0.396336773,1.086754358,-1.7,-4.7,127.5,75.4,50.1,-13.8387,20.5544,10.7692,-3.959382588,-0.182229782,0.7,8.9,-31.5876,-1.455490584,1.61889,2.4659451,-1654.55,6.734661817,1.51,-12.735,-9.4
2017,Region 4,Second Round,2017 Arizona,2017 Saint Mary's,2,7,1,0,0,3.936536527,-1.895,-0.0143858,-1.3,1.6,-1.2,-1.1,1.16,2,-0.84,8.52,6.5,6.2,-41,-21.8,6.6,2.3,-5.2,2.9,2.7,-4.4,9.6,-5.2,12,7,23.3282,22.02784911,8.5,5.9,9.5,7.2,15.5,-1.6,11.9,10.7,1.5,-4.1,12.9,-1.8,9,-1.9,-6.9,24.0522,23.94945039,10.8,8.6,9.3,5.8,-2.6,0.4,-7.2,10.5,0.6,2.7,7,3.6,8.3,3.9,-132.6,-85.7,-77.7,13.3128,-16.7052,-7.456,-3.90727825,0.16802235,-22,-19.3,-0.02,0.03,0,8.52,2.481429955,6.2,36.1318,10.73687042,1.43796,-2.719070002,563.38,-10.79620309,5.364,13.815,-1,-0.061930144,-0.320667383,-5,-3.9,132.6,85.7,77.7,-13.6631,19.0294,8.6302,1.452645399,0.105352793,-2.4,13.9,-38.52,-3.903321151,1.43796,1.999833066,-563.38,10.25536034,-17.202,-13.06,-5
2017,Region 2,Second Round,2017 Michigan St.,2017 Kansas,9,1,0,-9.1,-4.8,-10.5550872,-10.9997,-0.096452,-9.4,-5,5,4.9,-1.22,-2.36,-0.69,20.93,-3.2,-3.4,-28.7,-31.8,3.3,2.8,-6.5,3.7,-6.7,-2.6,6,-3.3,0,5.1,15.7105,15.29537865,6,7.4,1.9,-4.7,3,-2.1,-1.1,16,2.7,4.1,9.1,1.6,1.6,-8.3,-9.9,25.2394,25.7980688,9.6,9.7,5.8,-5.6,1.7,-2,-7,0.3,2.5,2.8,9.9,5,5.7,4,-126.5,-78.7,-63.5,15.5196,-20.045,-7.9532,1.681057362,0.058049642,-11.9,-21.7,-0.02,-0.01,-0.03,20.93,-4.205985402,-3.4,33.0521,-3.370866068,-1.64658,-1.982353366,891.1,-7.725022721,-8.901,10.365,-3,-0.902158318,-1.302767008,5.1,-4,126.5,78.7,63.5,-19.3783,19.2006,6.7842,0.777907403,-0.145418715,9.4,10.1,-37.1364,-6.67565716,-1.64658,1.506573536,-891.1,7.270561557,-24.752,-14.515,-1.6
2017,Region 2,Second Round,2017 Purdue,2017 Iowa St.,4,5,1,4.7,0.3,-0.819548937,1.1106,0.014672162,-1.4,0.2,-1.2,1.2,0.19,3.42,-0.97,0.06,-0.5,0.9,-26.4,-27.3,0.6,-2,-0.4,2.4,0.5,0.6,4.9,-5.5,10.8,9.5,20.4837,20.42046221,6.7,5.4,5.8,6.2,8.6,1.6,-1.1,14.2,-3.2,-1.3,3.8,7.4,5.7,-1.5,-8.9,26.8521,25.84032502,8.1,5.4,7.9,-1.6,4.9,2.9,-1.6,4.7,0,2.4,2,6.4,6.6,6.2,-130.5,-86.5,-89.7,14.9873,-19.3111,-8.0437,-3.59857491,-0.100783233,-15.4,-27.8,0,0.01,0.02,0.06,-3.583315303,0.9,35.2512,-2.028041955,2.39823,-2.714287653,101.1,-10.12290766,8.7,11.06,-2,-0.647170378,0.16879788,-1.3,-6.2,130.5,86.5,89.7,-13.3015,20.2834,6.8907,2.272473088,0.17162191,18.7,31.3,-38.0122,-3.768715135,2.39823,2.09366242,-101.1,14.83385376,-20.285,-10.69,-7.4
2017,Region 2,Second Round,2017 Oregon,2017 Rhode Island,3,11,1,11.5,6.9,5.513960217,8.212,0.072879822,-0.6,-0.6,-7.3,-3.6,0.37,1.18,-0.02,-7.1,1.5,0.7,-31.1,-30.8,6.5,-3,-6,9,1.4,-0.7,-4.6,5.4,9.8,7.4,22.6753,21.0662169,10.9,9.5,8.9,-0.4,-11,2.5,2.7,11.8,9.9,1.5,10.2,5,8.4,4.9,-0.5,16.7678,16.46335904,4.6,4.7,2.9,-5.8,13,3.5,-3.3,2.9,6.5,5.8,9.3,0.9,2.1,-2.9,-126.8,-75.8,-54,14.7876,-16.4648,-6.3,-2.248063598,-0.267929925,0.6,-3.5,-0.03,-0.03,-0.03,-7.1,-2.14647792,0.7,35.3645,2.701282751,0.80816,-2.4857692,1355.06,-5.425162228,17.256,13.505,2,0.550861874,0.760400008,-2.4,2.9,126.8,75.8,54,-8.9154,19.9559,15.0764,-2.337504283,-0.169145214,5.6,15.1,-31.4499,-4.34405322,0.80816,2.383607962,-1355.06,4.912235646,8.484,-10.135,-5.4
2017,Region 2,Second Round,2017 Louisville,2017 Michigan,2,7,0,1.1,-1.5,3.087701501,4.1006,0.027965039,-2.2,0.4,0.2,0.4,0.15,0.24,-0.4,13.32,5.2,5.7,-38.9,-19.3,3.9,6.5,-9.9,3.4,0.3,8.8,0.7,-9.5,7.9,8,18.2048,18.25195334,-0.3,0.5,-1.9,0.4,7.3,4,6.9,3.2,7.3,-5.3,-0.2,-4.8,-2.3,-8.8,-9.7,31.1318,31.94913027,11.8,12.3,7.2,8.4,-9.3,5.2,3.4,4.3,-0.7,3.8,17.6,9.5,7,5.1,-129.4,-80.3,-67.4,18.5745,-19.8465,-6.4826,-0.43989167,0.195025129,-21.5,-19.8,0.01,0.01,-0.01,13.32,0.325288531,5.7,33.4163,6.296253731,0.279,-3.125396705,574.62,-12.60988136,8.441,12.915,-2,-1.338325573,-0.553340986,0.1,-5.1,129.4,80.3,67.4,-9.3293,15.8858,6.9418,0.651579163,0.441984997,10.5,27.9,-37.7224,0.232822261,0.279,2.560128363,-574.62,5.940954412,-22.832,-12.065,-0.9
2017,Region 3,Second Round,2017 Arkansas,2017 North Carolina,8,1,0,-21.9,-11.2,-4.423192135,-12.4104,-0.133668105,-5.6,-2.7,6.2,5.2,-1,-0.79,0.42,0.74,-0.6,-1.8,-30.8,-32.6,-2.3,6.1,3.6,-9.8,1.3,-2.2,-4.2,6.4,-2.1,4.4,22.5736,22.26973517,3,3.5,2.2,4.2,7.4,2.3,7.3,3.3,2.6,5.4,8.6,-1.7,2.6,-22.4,-15.6,21.035,19.8296045,4.1,3.9,3.5,0.2,-6.2,1.9,-8.5,8.7,1.3,2.7,3.8,5.8,2.3,0.5,-130.2,-67,-57.4,14.4715,-24.6568,-15.141,2.987483546,0.402670545,-21.2,-31.4,0.01,1.42E-14,0.01,0.74,0.068993058,-1.8,33.4235,7.159835787,-0.58819,-2.601208406,1585.28,-9.850185827,1.113,13.215,0,0.262849773,-1.151941911,6.5,-0.5,130.2,67,57.4,-15.1045,21.9337,13.7591,0.60981769,-0.261052876,15.8,18.7,-34.2434,-3.606554189,-0.58819,2.304604699,-1585.28,7.167034198,-42.196,-14.085,6.8
2017,Region 3,Second Round,2017 Butler,2017 Middle Tennessee,4,12,1,1.6,-2.8,3.326078896,6.2515,0.073539467,-4.1,-3.1,-2,1.8,-0.4,-0.51,-0.06,4.44,0.8,1.3,-27.1,-32.1,1.2,3.7,-6.4,2.6,-0.8,5.7,-13.4,7.7,1.2,5.3,20.9887,21.2075699,7.2,7.8,3.8,3.2,-1.7,5.1,3.8,-0.9,2.6,-4.3,6.9,4.2,3.5,-0.6,-8.2,14.5787,13.46136017,3.6,2.8,3.6,0,-7.8,4.5,-2.4,10.7,0.7,-9.4,5.2,6.4,3.6,7,-129,-89.6,-58.7,13.6384,-19.4492,-9.6534,-3.325731314,0.073024011,-22.6,-37.1,0.02,0.04,-0.01,4.44,2.052990786,1.3,35.7302,4.328689386,-0.33676,-2.58275091,1078.7,-10.98994399,1.674,13.85,1,0.623336891,-1.806682139,4.1,-7,129,89.6,58.7,-10.0901,13.0841,14.0759,6.001168173,-0.086515688,22.2,31.5,-35.9199,-3.039528355,-0.33676,3.101660566,-1078.7,10.88465135,-2.028,-13.635,-7.6
2017,Region 3,Second Round,2017 UCLA,2017 Cincinnati,3,6,1,-0.9,0.1,0.983744002,0.635,-0.012900941,1,1,-1.8,0,0.77,1.88,-0.29,-4.55,9.4,9.7,-25.6,-27.6,7,-0.2,-0.4,0.5,-1.5,6.5,-6.1,-0.4,8.7,7.8,30.8588,30.53434073,14.8,17.8,6.4,0.9,-2.7,5.4,-0.2,11.3,4.6,8.7,22,13,6.2,-7.4,-7.8,14.4093,14.36036127,3.3,6.8,-1.9,1.2,6.7,1,-7.5,11.7,10.4,5.7,14,5.1,-1.9,4.3,-132.4,-76.9,-85.2,16.3574,-15.1448,-9.072,0.294320837,0.167943349,-12.2,-21.2,0.02,0.05,0.03,-4.55,2.041309987,9.7,38.8346,-0.959778744,1.4796,-2.371238809,-75.94,-6.110723257,7.772,11.065,1,1.686366027,2.747046806,-0.9,-4.3,132.4,76.9,85.2,-7.9268,14.8909,10.2078,-2.877438089,0.14978411,18.3,29.4,-35.4824,-2.130787987,1.4796,2.70018272,75.94,7.315849465,-15.512,-12.435,-0.4
2017,Region 3,Second Round,2017 Kentucky,2017 Wichita St.,2,10,1,0.5,-2,4.812311143,0.8543,0.02047133,1.9,0.6,-5.2,-0.9,-0.29,1.14,-0.5,-12.77,5.2,4.1,-29.6,-30.9,7.3,6.3,1.1,-7.4,-0.2,1.3,2.1,-3.3,5.2,6.1,25.9154,26.39468955,9.3,11.1,4.3,0.5,6.5,3.8,9.8,2.3,4.2,14.1,15.7,3.2,4.1,-6.5,-8.3,27.7632,25.38262134,7.3,3,10,5.6,6.2,3.5,-6.7,16,4.1,-1.2,-2.2,5.7,10.2,-0.8,-128.9,-80.7,-47.5,18.9683,-23.6506,-15.5029,5.448091243,0.640672866,-12.7,-17.2,-0.04,-0.04,-0.06,-12.77,-0.844668771,4.1,33.5802,7.600206432,0.87832,-2.555817736,1810.2,-8.012200448,-2.758,13.385,-2,-0.185933847,-2.259766249,0.9,0.8,128.9,80.7,47.5,-11.4572,16.4815,8.0094,4.595504271,0.145321811,10.1,16.5,-35.7983,-5.745094651,0.87832,2.826625682,-1810.2,7.078321007,-16.64,-14.695,-1.8
2018,Region 1,Second Round,2018 Kansas St.,2018 UMBC,9,16,1,9.6,1.8,7.3508381,16.6629,0.442735985,-3.3,-1.6,-6.7,-2.1,1.23,0.43,-0.48,1.73,-2.5,-2.8,-22.3,-16.2,3.5,-2.9,6.6,-3.7,3.4,2.3,1.9,-4.2,2,0.6,6.881,6.8664346,1.4,3.8,-1.5,6,2.5,3.5,-2.9,1.8,0.6,-6.7,3.2,6.4,-0.9,8.3,1.2,5.9654,6.66261193,2.7,-1,5,-9.1,-6.6,4.5,5.8,3.2,0.5,2.2,-0.7,-1.4,5.3,7.3,-123.8,-86.3,-68.7,13.2912,-16.733,-13.7762,-3.951735521,0.120069323,1,-15.8,-0.06,-0.08,-0.05,1.73,0.84837406,-2.8,34.3827,-2.084701087,0.28399,-2.040574042,629.63,-11.92570344,1.904,11.89,0,0.018869239,1.127470806,-1.4,-7.3,123.8,86.3,68.7,-4.7487,16.8206,9.8714,0.031285852,0.226587455,-1.9,23.5,-32.5712,1.275223892,0.28399,1.889289042,-629.63,10.01357854,11.276,-9.935,-7.1
2018,Region 1,Second Round,2018 Buffalo,2018 Kentucky,13,5,0,-4.3,0.2,-5.592587027,-9.9138,-0.130566033,-0.2,1.7,1.1,-0.5,-2.27,-1.34,1.6,-0.03,4.1,4,-17.8,-39.7,-2.2,7.8,-5.6,-2.3,-6,1,-8.9,7.8,6.2,7.1,18.265,17.92212914,7.9,5.8,7.3,0.6,-1.9,0.5,0.7,2,2,-1,3.8,4,7.1,-8.1,-7,12.635,12.4704767,3.2,3.2,2.8,-4.3,2.4,-0.4,-7,5.3,4.1,-7.6,7.7,0,2.7,1.9,-129.5,-72.5,-54.3,14.4056,-22.8702,-14.9016,-3.114249526,0.195671702,11.4,-8.8,1.42E-14,-0.01,-0.01,-0.03,0.093143061,4,36.6231,3.15605432,-0.928,-1.880776591,1440.64,-6.432644128,30.236,11.77,0,0.681853308,1.268230963,0.9,-1.9,129.5,72.5,54.3,-16.1019,16.4795,13.242,3.89047525,-0.591465793,11.5,6.6,-32.7108,-7.142041092,-0.928,2.764145556,-1440.64,8.121892324,8.622,-14.76,1.1
2018,Region 1,Second Round,2018 Tennessee,2018 Loyola Chicago,3,11,0,4.8,2.2,4.407192717,7.0084,0.123988941,-3.6,-2.3,-4.1,-1.1,0.34,1.42,-0.43,1.2,1.4,0.8,-28,-28,2.9,-4,5.2,-1.1,3.9,-6.1,5.1,1,3.4,4.6,18.6479,17.51522098,3.4,0.7,5.8,5.6,10.8,2,7.7,11.7,3.6,-4,-0.4,4.6,6,2.2,-2.5,18.6409,16.78156733,11,10.4,8.1,1.3,-5.1,1.8,9.4,11.4,-2.1,-17.5,8.9,8.1,7.9,2.6,-122.6,-86.9,-66.3,9.7731,-18.8784,-11.458,-4.493583945,-0.000335735,-15,-28.3,0.03,0,0.02,1.2,0.23132486,0.8,31.034,3.786950092,0.94478,-1.81658175,1160.44,-13.2104744,-0.133,10.57,0,-0.022984609,-6.993978204,1.2,-2.6,122.6,86.9,66.3,-11.9113,19.5685,10.6709,10.96509443,-0.096110722,-3.3,11.2,-35.9744,4.824217225,0.94478,2.146237685,-1160.44,7.04174247,-2.016,-10.835,-4.7
2018,Region 1,Second Round,2018 Cincinnati,2018 Nevada,2,7,0,14.7,10,3.481930185,8.8152,0.096791311,-0.8,0.9,-1.7,-1.5,-0.85,1.62,-0.41,9.48,-4.4,-4.4,-25.3,-21.9,2.7,-3.3,6.6,-3.2,-1.2,0.9,1.6,-2.6,9.7,11.6,11.435,9.6241957,2.4,-0.2,4.5,-2.3,6.1,0.9,9,11.2,8.3,13.2,1.9,0.5,3.6,1.3,-1.6,33.743,31.52705313,12.1,10.9,8.9,6.1,9.7,8.4,1.3,7.9,3.2,15,15.6,4.3,8.2,-1.5,-128.3,-76.7,-68,10.5872,-16.7704,-13.7608,4.786568353,0.074591733,-9.4,-22.8,0,0.03,-0.01,9.48,3.653909073,-4.4,33.4276,4.235969064,1.11514,-2.843151731,1010.19,-8.120656005,14.187,13.37,-2,-2.260248923,-0.328692199,1.9,1.5,128.3,76.7,68,-7.1808,19.2303,10.2452,-4.33905928,0.056927581,3.8,24.1,-34.5133,-1.48282888,1.11514,2.175188558,-1010.19,5.564314405,-5.761,-9.445,-2.9
2018,Region 4,Second Round,2018 Florida St.,2018 Xavier,9,1,1,-6.9,-5.6,-7.851767987,-5.867,-0.075178994,-2.9,-0.2,3.1,2.3,0.02,0.47,-0.27,2.44,0.4,1.4,-21.9,-26.4,10.6,10.5,-6.1,-4.4,-0.6,-5.5,3.7,1.8,7.6,6.4,16.7728,17.2074004,3.9,4.6,1.7,-6.5,11.3,-1.9,10.3,-0.7,3.6,7.2,5,-5.5,1.6,-11.7,-12.2,20.7416,22.99660861,6.8,10.4,0.5,6.5,9.5,2.1,0.1,8.4,0.4,1.3,11.8,5.4,1.7,8.5,-130.6,-83.8,-68.2,25.9248,-23.3174,-14.5276,4.374769847,0.681383273,3.3,-5.9,-0.03,-0.05,-0.03,2.44,3.704683339,1.4,36.5636,6.943310656,0.35528,-2.125192206,1862.9,-11.1421514,9.973,14.43,0,-0.378264296,-4.830696203,-1.2,-8.5,130.6,83.8,68.2,-13.0187,17.1073,10.861,0.755569462,-0.228418321,-3.3,7.1,-36.4709,1.125895809,0.35528,2.202933732,-1862.9,6.858253506,-24.687,-13.43,-0.5
2018,Region 4,Second Round,2018 Gonzaga,2018 Ohio St.,4,5,1,-2.8,-1.4,0.349791713,3.6258,0.001053822,-1.6,-0.4,-0.5,1.2,1.72,1.66,-0.29,-4.98,1.9,2.5,-20.8,-31.1,3,5.2,-4.7,-0.5,-2.4,-0.6,-0.7,1.5,1.9,6.4,24.7832,24.75674766,9.4,12.8,2.8,1.9,1.9,2,8.1,0.5,3.1,0.8,12.9,7,1.9,-6.6,-7.8,21.0609,20.86188704,7.5,11.8,-0.2,0.8,2.1,0.1,-7.6,6.5,4.5,1.9,15.4,5.1,0.3,7.3,-131.3,-89.1,-79.2,18.8086,-19.0209,-11.3964,-1.225461826,0.2202974,-1.1,-15.2,-0.04,-0.05,-0.04,-4.98,1.496044883,2.5,39.162,4.69812481,1.15973,-2.243680355,418.26,-7.927225137,-1.646,14.505,2,0.355293276,-0.548281354,4.5,-7.3,131.3,89.1,79.2,-11.7998,18.6277,11.1324,-0.716439836,-0.135013647,8.9,20,-35.7494,-4.497084169,1.15973,2.712145661,-418.26,9.258428433,-16.246,-12.5,-1.2
2018,Region 4,Second Round,2018 Michigan,2018 Houston,3,6,1,9.1,-0.8,4.409543018,2.6513,0.024155837,-0.8,-0.4,-7.1,-0.6,2.21,3,-0.49,-5.57,-3,-3.7,-19.2,-32.1,2.7,5.8,-11.1,5.2,2.4,4.6,2.2,-6.9,3.3,4.8,20.6527,19.21716168,8.6,10.5,3.7,-5.1,-10.8,5.5,0.2,3.2,1.5,9.2,10.9,1.8,2.9,6.8,-5.7,23.0775,22.10721738,5.5,4.4,4.4,0.4,2,1.6,-10.3,9,-0.6,3.5,2.8,5.3,5.6,2.5,-129.5,-89.1,-66.2,16.9608,-24.4152,-10.4871,3.599270037,0.081660669,-1.1,-18.9,0.02,1.42E-14,1.42E-14,-5.57,0.846410473,-3.7,36.3236,1.327555941,2.01984,-2.045914406,576.31,-9.940170464,0.447,12.505,-1,-0.250914248,-3.067959716,1.5,-2.5,129.5,89.1,66.2,-7.357,15.9896,5.8743,1.034279808,0.436688246,17.6,25.8,-34.2954,-8.086320106,2.01984,3.278148608,-576.31,10.88678768,7.104,-13.04,-12.5
2018,Region 4,Second Round,2018 North Carolina,2018 Texas A&M,2,7,0,8.1,-0.2,5.187171415,8.1262,0.060641989,1.8,-0.2,-5,-2.3,-1.34,-1.35,0.44,-8.28,0.8,2.5,-27.5,-25.9,-0.3,5.5,-3,-2.5,-3.9,-12.2,4.2,7.9,12.2,3.7,27.6641,27.67652352,5.9,6,4,6,-0.4,-0.9,10.1,3.8,1.1,4.5,3.1,4.8,3.3,1.6,-3.8,14.2799,13.48148218,1,7.1,-5.6,-1.6,6.2,-3,-8.3,0.2,3.9,-4.7,6.3,2.2,-5.1,-0.1,-131.9,-73,-84.6,13.2217,-22.2655,-12.7415,0.153617594,0.222206345,-6.8,-16.6,-0.06,-0.05,-0.06,-8.28,-1.095138775,2.5,34.9912,5.523456553,-0.92875,-1.507536994,-363.38,-5.803878849,29.24,11.965,0,1.311734037,1.616970846,-8.5,0.1,131.9,73,84.6,-21.244,23.9792,14.501,1.175214934,-0.707930491,2,8.7,-33.205,-3.280232238,-0.92875,1.97921189,363.38,7.552542828,8.612,-11.96,-5.4
2018,Region 2,Second Round,2018 Alabama,2018 Villanova,9,1,0,-20,-10.5,-11.76178592,-17.5839,-0.165625506,-7.9,-2.5,6.2,5.8,0.77,1.47,-0.59,10.69,0.1,0.5,-28.9,-16.3,8.4,5.1,-4.9,-0.2,-5.1,2.2,7.6,-9.7,-5.1,4.2,12.4841,11.66777509,2.4,3.9,-0.3,-8.1,16,-1.6,2.4,-4,6.8,12.5,5.4,-1.4,0.8,-18,-14.4,32.7506,32.85413454,12.5,12.9,7.9,9,-8.2,4.1,1.8,5.6,-0.4,-2.8,12.2,9.1,7.2,7.7,-128.1,-84.8,-67.6,21.3956,-21.1554,-12.7744,5.952471057,0.38696173,0.7,-1.7,0.05,0.04,0.06,10.69,-1.607233849,0.5,31.8304,2.937803127,1.02685,-2.575864776,1137.63,-8.842255892,-11.385,11.2,-2,-1.95199652,-6.187764425,9.3,-7.7,128.1,84.8,67.6,-17.2014,14.6871,6.4288,4.559023446,0.171882222,-3,10.5,-41.1102,0.15315941,1.02685,1.923073475,-1137.63,5.888608343,-30.253,-13.885,3.6
2018,Region 2,Second Round,2018 Marshall,2018 West Virginia,13,5,0,-17.3,-11.7,-7.08415435,-16.39078,-0.310728986,-4.7,-2.6,1.4,3.6,-0.67,-0.3,-0.23,-10.37,5.5,4.9,-16.3,-30.9,0.5,-3.1,-4.1,7.2,1.7,9.6,-1.2,-8.3,-5.3,-1.7,11.9514,12.48400417,5.3,10.6,-1.9,6.2,-11.2,6.1,-7.7,4.1,2.4,13.2,11.2,5,-2.6,-14.1,-10.1,15.207,15.6601781,0.6,0,0.5,8.8,2.2,1.7,-5,4.3,8.1,1.3,0.6,2.8,0.1,4.5,-124.8,-79.5,-62.8,9.3419,-14.7354,-7.7454,5.993296026,-0.256867175,12.5,-3.8,-0.03,-0.06,-0.04,-10.37,-1.090466958,4.9,33.714,-5.73987287,-0.20282,-2.048318699,969.22,-5.482678282,-10.914,11.685,0,-0.228821225,0.982537384,3.6,-4.5,124.8,79.5,62.8,-4.5965,12.2286,5.8518,0.0563819,0.654026657,6.4,11.9,-32.8459,-3.891136603,-0.20282,2.19174653,-969.22,7.189437058,-24.211,-11.355,4
2018,Region 2,Second Round,2018 Texas Tech,2018 Florida,3,6,1,7.5,7.8,3.264316909,3.2287,0.01511461,-2.2,1.7,-3.1,-3.2,0.72,-0.5,-0.09,9.42,0.1,-0.7,-32.3,-20.9,4.8,0.7,-0.9,0.1,-1.1,1.7,0.3,-2.1,2.6,6.6,17.6038,17.78225083,3.8,4.9,0.9,-3.6,8.6,2,2.5,5.3,4,0.9,5.3,2.9,0.7,1.1,1.1,23.0527,24.91618698,4.4,2.4,4.7,2.4,-5,7.7,-0.4,3.2,2.4,-8,3,2.2,4.6,-0.6,-125.5,-78.7,-56.8,16.9099,-18.602,-9.7127,-0.264574337,0.159643557,-3.5,-3.5,0.01,-0.01,0.01,9.42,0.308259998,-0.7,32.8902,3.166329539,-0.33926,-3.076903083,1530.18,-7.318165013,3.329,12.39,-3,-0.549826682,-3.122184055,4,0.6,125.5,78.7,56.8,-7.5907,19.24,11.0215,5.22973301,0.070764309,1.7,18.2,-32.0667,-4.852675714,-0.33926,2.367498588,-1530.18,7.190476176,0.632,-10.805,0
2018,Region 2,Second Round,2018 Purdue,2018 Butler,2,10,1,14.3,6.9,5.909402976,8.7996,0.059512383,4.8,3,-4.3,-1.1,1.03,3.12,0.43,-0.46,-1.6,-0.5,-22.3,-28.4,0.4,-0.8,-1.6,2.4,1.7,-3.9,7.1,-3.1,12.4,13.9,25.3564,28.0452585,6.1,5.3,4.6,0.1,1,4.2,3,8.8,4.1,-8.9,7,1.9,4.7,1.3,-6.9,19.1762,20.92950407,7,9.2,1.9,9.2,2.5,2,0.9,-1.1,1.4,-4.4,7.7,5.6,2.3,10.7,-131.2,-92.1,-78.7,11.9879,-13.1959,-6.7752,-5.216380568,-0.068720125,-10.6,-26.8,-0.05,-0.04,-0.05,-0.46,1.567095935,-0.5,39.5324,1.600321,2.15003,-2.432139561,589.52,-10.73012091,32.528,16.47,2,0.580658494,3.974028535,1.5,-10.7,131.2,92.1,78.7,-13.2809,20.9334,9.5637,3.460570574,0.037593041,7.3,18,-35.937,-1.441737873,2.15003,2.671771806,-589.52,7.173054044,8.333,-9.225,-8.2
2018,Region 3,Second Round,2018 Seton Hall,2018 Kansas,8,1,0,-14.2,-7.3,-5.668389584,-5.9036,-0.054118771,-5.9,0.3,6.7,2.9,0.33,0.02,0.32,7.22,0.9,0.9,-28.8,-21,-1.7,5.1,1,-6.1,-12.6,-5.1,8.6,-3.4,0.4,6,18.6412,20.74384727,4.3,3.9,3.7,-2.7,9.8,0.6,2.5,6.9,-0.9,-1.1,2.7,2.6,3.2,-17.8,-13.3,21.9336,24.30420222,8.2,6.7,6.9,-3.1,-2.7,1.3,-0.6,8,2.8,8.2,4.5,0.6,6.4,9.3,-129.1,-76.5,-85.5,13.2837,-20.4343,-14.0347,-1.758689416,0.294010851,-6.2,-15.8,0.01,0.03,0.03,7.22,-1.637662299,0.9,33.8213,2.647360402,0.02386,-2.420202386,223.32,-8.071767592,4.716,10.83,-2,-0.302441312,1.148576066,5.6,-9.3,129.1,76.5,85.5,-25.3656,17.654,8.4352,-2.051114619,-0.345073159,-3.4,4.3,-39.4875,-1.374735296,0.02386,2.190504481,-223.32,9.854819579,-30.102,-12.96,4.5
2018,Region 3,Second Round,2018 Auburn,2018 Clemson,4,5,0,-1.9,-2.5,0.316200157,0.3655,0.013475131,-4.5,-4.4,-1.5,0.8,-1.52,-1.31,-0.85,4.33,6.4,6.7,-19.9,-20,5.7,2.3,-7.9,5.7,0.2,0,0.1,-0.1,2.6,-1.1,24.6908,23.32028431,4.2,5.1,1.1,8.3,12.9,1,6.3,5.5,4.4,-12.3,9.3,-6.9,0.6,0.2,-1.2,16.2126,14.51796507,3.2,4.1,1.2,3,-4.3,2.9,0.9,0,4,7.2,5.7,1.1,1.6,1.6,-126.9,-84.6,-60.6,14.1022,-21.4758,-8.8054,-3.598462472,0.048416258,-0.1,-14.4,0.02,0.02,0.03,4.33,0.054639326,6.7,33.8746,5.563724285,-0.93733,-2.243066909,1867.73,-6.521437577,-6.466,12.455,0,0.854690106,-0.28750726,-3.7,-1.6,126.9,84.6,60.6,-12.7275,18.2202,11.1587,-2.867137544,0.007765264,-0.1,13.6,-32.7627,-1.436028217,-0.93733,2.227846888,-1867.73,5.739791449,-8.847,-11.9,-1.4
2018,Region 3,Second Round,2018 Michigan St.,2018 Syracuse,3,11,0,17.1,15.6,8.391833418,12.7532,0.119148358,-4.2,-1.4,-4.5,-2.4,-2.76,-1.88,0.37,20.44,3.8,3.7,-20.4,-30.7,-1.6,2,6.1,-8.2,-4.3,-0.9,-1.8,2.7,9.1,9.1,25.8708,26.3991071,11,10.7,8.5,0.7,5,0.4,6.8,-6.7,9.9,8.4,13.2,8.5,8.3,11.1,6.3,14.0686,12.58582803,4.6,8.3,-1.2,1.6,11,-4.6,-8.3,-6.6,11.2,0.2,12.6,3.6,-1.8,-5.6,-127.6,-72.7,-63,15.9396,-19.2802,-15.7646,0.29014352,0.240618315,-1.9,-9.6,-1.42E-14,-0.01,0,20.44,2.608355182,3.7,36.2752,8.437961679,-1.18041,-0.574059981,1977.63,-4.894260871,17.081,13.64,2,1.108831237,1.745613161,-1.78E-15,5.6,127.6,72.7,63,-7.025,21.5992,13.1416,0.394194055,-0.249191154,12.6,16.6,-29.8618,-8.989707923,-1.18041,1.754549029,-1977.63,4.792768242,16.28,-9.59,-4.8
2018,Region 3,Second Round,2018 Duke,2018 Rhode Island,2,7,1,18.6,12.8,5.011403356,14.753,0.135928228,5.6,4.1,-8.5,-4.8,3.43,4.1,-1.52,-9.71,1.9,1.5,-34.1,-31.4,10.3,-5.7,-0.1,5.8,4.7,-7.4,2.8,4.7,15.3,11.6,25.274,26.66287597,5.9,5.3,4.7,-2.6,-5.8,5.2,11.6,8.8,5.8,6.1,8.1,2.4,3.8,8.7,1.2,18.243,16.29696814,5.5,6.3,2.9,-3.2,8.5,1.4,-1.8,-1.3,2.8,2,3.6,2.9,3.1,3.6,-127,-73.2,-71.9,21.8404,-12.4328,-7.0026,1.619341403,-0.138455308,1.1,6.8,0.02,0.01,0.02,-9.71,-0.066152581,1.5,34.6609,6.325921969,2.90445,-2.632843911,1014.09,-9.604864907,-2.821,15.95,2,0.628077911,-1.002042106,-3.7,-3.6,127,73.2,71.9,-11.0722,23.6969,13.6553,0.394682343,-0.252448362,6.4,13.3,-34.3915,-3.469290259,2.90445,1.797115443,-1014.09,6.965055706,-9.067,-9.135,-7.5
2019,Region 1,Second Round,2019 UCF,2019 Duke,9,1,0,-20,-15.9,-9.044667744,-17.4164,-0.095244349,-8.5,-2.5,0.9,2.5,0.11,2.93,1.65,-1.49,-6.6,-7.6,-29.2,-24.1,5,1,-1.6,0.6,-10.4,-7.1,6,1.1,-3.1,-1.2,22.2189,22.79545837,8.1,7.6,6.1,-4.6,22.4,2.3,-0.1,5,4.4,13.6,8.2,3.8,6.6,-14.9,-14.6,24.3505,25.41632313,7.9,13.7,-1.1,4.4,5,0.6,-6.6,-2.1,8.3,10.3,16,2.7,-0.5,-3.8,-126.7,-75.1,-65.4,19.242,-22.0002,-11.541,3.919766045,0.146384964,-4.4,-2,0.05,0.05,0.05,-1.49,4.45288773,-7.6,32.5083,2.346224793,1.8718,-2.240866651,539.64,-5.474486257,15.805,10.135,-1,-0.150898927,0.833450454,1.9,3.8,126.7,75.1,65.4,-25.0353,25.5256,14.8924,-5.570222964,-0.498261409,-0.8,6.7,-33.9747,-1.719821122,1.8718,1.960414653,-539.64,7.232433754,2.525,-11.51,0.3
2019,Region 1,Second Round,2019 Virginia Tech,2019 Liberty,4,12,1,10.9,8.9,5.436881572,13.6481,0.199934004,1.9,3.4,-7.7,-3.8,1.21,0.85,0.09,-7.93,-0.6,1.8,-17.9,-7.9,2.9,-2.8,-3.9,6.7,0.1,-13.2,6,7.2,9,11.2,18.6895,18.33612149,7.7,5.8,6.5,9.1,-1,3.3,3.3,13.6,-0.1,4.6,3.9,4,6.1,3,-2.2,16.6016,14.43666534,7.2,8.9,3.4,5.7,-0.4,4.5,1.7,-2.9,-2.2,4.2,-0.2,11.8,4.1,10.1,-122.8,-90.6,-83.8,10.9377,-15.865,-7.4612,-0.278132642,-0.173397184,5.1,-15.1,-0.06,-0.09,-0.06,-7.93,-1.071898268,1.8,35.8596,2.259073988,0.5255,-2.378187116,108.36,-12.06203443,18.036,12.695,1,0.140860072,-0.737104824,2.2,-10.1,122.8,90.6,83.8,-18.7043,24.9653,17.8691,1.893204566,-0.424710673,-12.2,17.1,-35.3621,-0.384492186,0.5255,1.815789691,-108.36,10.29588152,6.873,-9.795,-5.2
2019,Region 1,Second Round,2019 LSU,2019 Maryland,3,6,1,0.7,2.6,3.164663165,0.988,0.017210939,-3.1,-1.2,-0.1,1.5,-0.61,-0.59,0.44,4.66,4.3,3.6,-26.3,-23.9,8.2,7.8,-2.5,-5.2,-2.2,-9,6,3,3.4,5.7,24.6421,24.42606956,5.7,8.7,0.3,3.5,11.1,-3.9,12.6,-6.1,2.2,-0.3,5.9,6.2,0.1,-2.5,-3.1,16.3004,15.39500404,1.7,1.6,1.2,6,-1.3,0.9,-3.5,8.8,6.2,3,-3.4,0.4,1.2,-0.2,-127,-73.7,-68.6,24.5106,-26.9346,-15.8874,-1.249491968,0.616002213,-3.7,-7.2,0.01,0.04,0.03,4.66,1.307506167,3.6,34.5686,8.261668038,-0.37364,-1.832690129,1188,-6.601532031,9.382,13.12,2,0.839865938,-0.960050325,2.3,0.2,127,73.7,68.6,-21.0326,24.2894,13.607,-0.604978272,-0.380325618,4.4,12.2,-31.3152,-3.718005856,-0.37364,2.487302734,-1188,7.584131831,3.303,-11.48,-0.6
2019,Region 1,Second Round,2019 Michigan St.,2019 Minnesota,2,10,1,18,13.9,7.955932751,16.9032,0.145643692,0.3,2,-4.6,-2.1,-0.94,-1.18,0.09,5.06,0.4,0.3,-28.5,-34.2,2,-3.9,-0.1,4,-3.7,-5.9,-1.8,7.6,11,13,25.5154,23.43253162,6.7,6.5,4.5,6.4,6.7,-2.1,6,18,2.9,-2.4,8.7,2.7,3.8,4.3,0.8,20.3031,17.56942977,4.6,7.1,0.3,0,14.3,-2.7,-5.1,7.1,2,-3.3,7.9,3.7,0.1,-3.1,-132.2,-79.1,-67,12.4912,-15.0767,-8.0478,-2.027548698,-0.186796871,-4.3,-14.1,0.02,0.04,0.01,5.06,-1.730758369,0.3,36.916,-0.01115645,-0.81329,-2.027984005,904.59,-8.466761688,20.617,13.83,2,0.440066872,3.799550206,2,3.1,132.2,79.1,67,-14.8105,26.1204,16.0616,2.060136102,-0.600379154,7.4,10.4,-31.4105,-1.926693066,-0.81329,1.786073392,-904.59,6.387095203,8.786,-10.15,-3.5
2019,Region 4,Second Round,2019 Baylor,2019 Gonzaga,9,1,0,-30.3,-22.2,-6.203135575,-17.4952,-0.148781023,-8.7,-7.3,5.2,5.7,-1.3,-0.59,-0.46,11.46,-4.9,-5.3,-25,-26.9,4.8,-11.2,5.2,6,-4.1,-17.3,14.4,2.9,-9,-5.1,21.181,20.43354997,6.7,7.8,3.1,-2.1,7.5,-1,11,13.2,9,5.8,16.9,4,3.7,-25.2,-17,26.9012,26.02696898,11,15.2,2.4,8.7,-0.5,4,-1.8,0.6,1.1,8.7,8.4,6.4,1.8,3.3,-128.2,-75.4,-69.8,6.9596,-16.5315,-10.3435,1.886452753,-0.338894019,-7,-19.6,-0.05,-0.08,-0.06,11.46,3.991615865,-5.3,30.2247,6.73038255,-0.42633,-3.395539348,641.99,-6.99152581,-21.698,9.195,-1,-0.468216583,-2.049490655,3.9,-3.3,128.2,75.4,69.8,-29.9106,25.3775,12.2071,-2.578450658,-0.678471391,6.8,11.4,-41.449,0.232848462,-0.42633,1.556854281,-641.99,6.176241051,-49.604,-16.265,8.2
2019,Region 4,Second Round,2019 Florida St.,2019 Murray St.,4,12,1,1.9,2.4,6.32097993,9.2257,0.10895695,-7,-3.7,0.1,0.7,1.44,2.1,0.45,11.47,-1.8,-0.1,-26.3,-24.3,10.3,-1,-1,1.9,-7.9,-11.2,9,2.2,0,4,14.281,12.80576649,4.3,2.6,5.1,2.2,7.9,0.3,3.1,4.4,3.3,2.9,6,-3.1,4.3,-3.8,-1.6,21.6087,18.43417239,7.9,11,1.8,1.6,-2.9,3.1,-5.5,14.2,3,13,10.3,0.5,1.4,-0.4,-123.8,-77.6,-66,21.5476,-21.8446,-12.9374,1.337550055,0.183895043,0.6,-1.5,-0.05,-0.08,-0.07,11.47,1.129721477,-0.1,30.5136,5.19603145,1.46802,-2.549398734,1380.74,-7.898374615,3.06,9.49,-2,-0.748870228,-2.18298627,4,0.4,123.8,77.6,66,-24.963,24.9536,13.0286,-6.115165885,-0.583963628,-5,0.7,-35.0075,-1.400303755,1.46802,2.180641814,-1380.74,7.210965198,-0.532,-13.12,2.2
2019,Region 4,Second Round,2019 Texas Tech,2019 Buffalo,3,6,1,8.4,6.4,1.260449136,6.4106,0.072454591,-1.1,1.6,-8.9,-3.1,0.6,-0.11,-0.42,-3.52,-7,-7.7,-28.4,-16.4,5,-4.7,4.7,0.1,-3.9,-12.6,16.6,-3.9,3.2,8.7,18.1409,16.87884352,6.5,4.1,7.1,3.2,2,2.2,1.9,11.2,6.8,8.1,9.7,-0.1,7.2,7.4,-2.2,28.9432,26.90673068,10.6,14.5,3.5,-0.4,-5.4,7.4,-3,6.3,3.6,10,7.9,4,3.9,-2.9,-122.8,-84.5,-65.2,13.8323,-17.3874,-12.2413,2.405212585,0.005013881,-4.5,-13.9,0.01,0.04,0.03,-3.52,-2.335720509,-7.7,33.1554,4.344145763,-0.06897,-3.173272354,649.84,-8.549118207,1.188,10.84,-1,-1.014687068,2.036487909,5.5,2.9,122.8,84.5,65.2,-20.2278,30.2467,13.3587,-2.977481308,-0.297588821,-7,13.9,-31.9136,-1.859795545,-0.06897,2.127580361,-649.84,5.969816792,7.278,-9.9,-9.6
2019,Region 4,Second Round,2019 Michigan,2019 Florida,2,10,1,9.7,5.3,8.540452364,11.1113,0.073364962,-1.4,-0.1,-12,-6.7,0.45,1.64,0.09,-13.4,0.5,1.6,-21.8,-27.5,0.2,-2.1,0.4,1.8,-1.9,4.9,8.2,-13.1,1.5,0.2,23.621,23.88032163,3.7,3.2,3,0.8,-6.6,9.1,-7.2,5.4,1.7,6,8.6,-3,2.6,10.7,5,24.138,23.56969368,5.8,5.3,4.6,6.2,5.5,0.3,-5.6,5.8,1.5,1.5,4.3,4.4,4.3,-5.5,-127.6,-87.2,-84.1,15.2376,-20.6202,-12.4146,3.438573514,-0.101963535,-0.6,-10.1,0.01,0,0.01,-13.4,-1.516049795,1.6,33.4049,-2.553001347,1.074,-2.180891856,-574.52,-7.943718192,3.462,8.825,0,-0.055357997,-3.080747882,-1.3,5.5,127.6,87.2,84.1,-8.7543,21.4677,6.9121,1.223044049,0.4764274,10.8,22.2,-30.6883,-6.099092865,1.074,3.391353548,574.52,8.384593106,16.745,-7.94,-5.7
2019,Region 2,Second Round,2019 Oklahoma,2019 Virginia,9,1,0,-13,-13.5,-8.559560056,-20.1207,-0.113123087,-9.1,-5.2,1.5,3.9,0.21,-0.48,0.54,8.22,8.7,9.4,-25.9,-20.3,-0.1,6.2,3.2,-9.4,-3.7,2.3,-3.9,1.8,-7.5,1.6,21.4847,20.12262973,6.7,4.1,7,4,3.5,0.4,0.3,5,0.1,-0.3,-0.5,8.4,5.7,-10.4,-15,29.7047,29.80024241,8.6,7.2,7.6,7.2,6.2,2.8,-2.1,6.6,2.9,-3.6,10.7,4.6,6.2,-3.5,-132.6,-90,-86.3,13.8552,-25.9895,-18.7649,-3.712561614,0.424157834,-7.8,-22.1,0.07,0.03,0.07,8.22,1.44552263,9.4,31.4082,4.352289882,-0.227,-3.223346846,-560.51,-7.352731112,-5.142,7.635,-3,-0.71703707,-1.956385943,9.1,3.5,132.6,90,86.3,-13.7126,17.4239,11.9446,3.738705404,-0.081009504,1.5,16,-38.2546,-3.279830855,-0.227,2.18484198,560.51,10.52329169,-10.322,-11.65,-4.6
2019,Region 2,Second Round,2019 UC Irvine,2019 Oregon,13,12,0,-0.7,3.1,1.905656677,-5.68993,-0.103446953,-7.8,-3.7,-2.5,-0.1,-1.81,-0.52,0.91,9.13,0.2,1.2,-22.8,-28,-5.1,2.8,10.2,-13,-5.4,-3.2,9.3,-6.1,-4.1,5.9,14.0579,12.612542,4.6,1.3,6.6,-0.3,-6.7,3.9,5.5,-6.8,2.8,2.9,1,5.4,6.9,1,-2.6,10.556,9.37836825,8,11.2,1,1,-3.5,-1.1,-3.3,9.7,7.7,-5.3,11.5,6.1,1.2,-6.4,-127.4,-82.2,-72,8.2008,-21.127,-20.6024,-1.723433737,0.307250908,0,-16.7,-0.02,-1.42E-14,-0.02,9.13,-2.962767891,1.2,31.4386,8.886575065,-0.32624,-1.908414596,332.56,-6.220542431,2.924,10.44,0,0.341490495,-2.093314896,10,6.4,127.4,82.2,72,-10.7991,20.8265,8.2129,3.91366198,-0.049886275,7.1,18.8,-33.0953,-3.154256525,-0.32624,2.673171667,-332.56,8.391895863,6.791,-9.81,-3.6
2019,Region 2,Second Round,2019 Purdue,2019 Villanova,3,6,1,13.2,9.7,2.37540857,7.2767,0.083007055,3.6,2.2,0.3,2.2,0.39,1.29,-0.1,3.13,0.7,1.9,-16.2,-3.5,1.2,-2.8,-3.1,5.8,-5.7,3.7,6.7,-10.5,16,14.1,22.8943,22.33837687,2.8,1.5,2.9,3.3,0.8,2.2,7.7,-2.3,4.2,-3.1,2.8,-0.4,3.1,-2.7,-4.4,21.9308,19.52166382,3.9,6,0.9,-0.6,2.6,2.5,-4.2,2.5,-2.5,-0.9,4.4,6.7,0.8,5.5,-129.5,-80.3,-74,11.7195,-17.3232,-9.0659,-1.839576988,-0.170015287,3.7,-17.6,-0.06,-0.05,-0.05,3.13,-3.274522524,1.9,35.2526,6.880270336,0.87228,-1.90676214,772.34,-10.09931456,24.37,12.78,1,0.046981731,0.444020403,-1.9,-5.5,129.5,80.3,74,-16.0283,19.8183,9.5031,1.935577654,0.134031859,-4.3,22.6,-34.4745,-2.29075805,0.87228,2.112923763,-772.34,6.717273746,-5.839,-13.075,-1.7
2019,Region 2,Second Round,2019 Tennessee,2019 Iowa,2,10,1,15,10.2,6.638193422,11.0245,0.106469977,7.3,6.1,-3.2,-1.6,-0.55,-0.85,0.63,-6.76,-0.9,-2.1,-26.8,-21.2,1.3,-5.7,14.5,-8.9,0.4,-0.9,-0.3,1.2,21.5,17.3,21.272,22.3681342,3.7,2.3,3.6,8.3,4.6,2.6,2.6,1.9,7,-3.2,3.3,9,4.3,-4.8,-7,21.6643,21.35952564,5.2,6.9,1.7,8.3,7.9,1,0.4,7.8,3,3,8.9,3.2,1,6.9,-130.2,-79.2,-61.1,14.8478,-12.9364,-15.9971,-4.342101627,0.171408069,-6.3,-12.4,-0.01,0.01,0.01,-6.76,-0.071024647,-2.1,37.5533,1.942872567,-0.61168,-1.639092674,1191.98,-9.754963369,47.8,14.01,2,-0.139102929,2.457099114,-4.2,-6.9,130.2,79.2,61.1,-11.3095,19.6052,11.7732,-0.805647705,-0.046037029,-1.3,12.7,-33.9796,0.686423305,-0.61168,2.262397068,-1191.98,6.229786749,0.075,-12.575,-2.2
2019,Region 3,Second Round,2019 Washington,2019 North Carolina,9,1,0,-17.4,-7.8,-6.688820747,-15.8041,-0.145876502,-8.9,-3.8,-1,-0.1,-1.24,-0.95,0.38,-0.18,-8.9,-9.1,-17.7,-28.8,3.3,4.8,-0.8,-3.9,0.1,-0.6,1.1,-0.5,-9.6,-0.8,16.279,14.72875748,3.8,4.8,1.7,1.1,6.2,-1.3,6.4,-7.2,5.1,-1.6,0.9,3.7,1.5,-16,-7.2,26.2586,25.81859634,5.6,5.9,3.4,3.6,-3.6,6.9,-0.2,2.8,2.2,5.8,6.6,4.7,2.8,0.6,-120.6,-78.2,-70.6,20.5015,-25.7045,-15.162,-1.967267841,0.280881765,-5.8,-22.1,-1.42E-14,0.03,0.01,-0.18,0.695303266,-9.1,32.2197,6.819069635,-0.72394,-2.02397612,549.15,-8.895180232,-16.176,11.465,0,-0.91156293,0.551168046,8.8,-0.6,120.6,78.2,70.6,-16.0929,22.33,10.5502,-1.186625998,0.001305179,16.1,22.3,-31.2061,-0.770553583,-0.72394,1.343715734,-549.15,5.593116664,-26.466,-9.655,8.8
2019,Region 3,Second Round,2019 Kansas,2019 Auburn,4,5,0,-3.3,0.4,2.210654685,-2.6266,-0.01746856,-1.6,1.2,-2.8,0.1,0.96,0.45,-1.16,0.61,1.7,2.1,-20.9,-9,-2.2,6.6,1.8,-8.5,-5.6,-4.4,12.2,-7.9,6.1,7.9,16.5063,16.62070366,0.5,1.8,-0.6,-1.5,-3.7,6.6,-3.2,-3,-1.1,6.1,1.3,-0.5,0.2,-2.9,-7.4,27.5304,27.16395634,6.4,5.4,4.5,3.5,3.3,1,-4.4,0.2,7,0.9,5,-5.1,4.5,6.1,-120,-76.4,-71.8,17.2814,-21.621,-16.0818,2.857054265,0.361755162,1.8,-11.6,-0.01,-0.01,-0.01,0.61,-2.239642669,2.1,30.3253,0.19971365,0.3234,-2.155362676,380.44,-5.37252887,-0.213,10.425,-2,-1.080386911,-0.750306974,1.8,-6.1,120,76.4,71.8,-18.6476,22.9188,8.8195,-1.305954629,-0.060128473,-5.2,15.8,-35.058,-5.522926526,0.3234,1.814434014,-380.44,8.089952317,-23.055,-11.485,-4.5
2019,Region 3,Second Round,2019 Houston,2019 Ohio St.,3,11,1,6.7,5.9,7.080062501,7.3468,0.096532373,-2.3,1.4,-7.2,-5.5,-0.5,-0.55,0.34,2.27,0.6,0.2,-19.7,-19.2,3.3,-5.8,0.5,5.4,1.3,-3.3,2.3,1,2.1,6.4,19.9284,20.00756303,3.9,3.4,2.9,-4.2,0.1,1.6,8.6,5,4.4,0,4.4,5.3,2.8,2.3,-0.6,17.5746,17.40819328,8.1,6.8,6.7,4.2,-3.6,-0.5,-1.5,8.9,0.6,13.1,8.1,2.6,6.2,-6.8,-127.9,-85.3,-64.7,11.8889,-18.4004,-9.9762,-1.696884747,-0.185583747,-9.3,-27.1,0,0.04,0,2.27,1.295100708,0.2,33.816,5.975345436,-0.37152,-1.948732104,1067.14,-12.26135062,7.227,12.595,1,0.209796473,3.630289697,4.3,6.8,127.9,85.3,64.7,-12.0249,27.9446,15.959,-4.091632374,-0.070563415,9.7,29.8,-30.5733,-2.01571437,-0.37152,2.247030951,-1067.14,6.679806621,6.361,-8.975,-2.9
2019,Region 3,Second Round,2019 Kentucky,2019 Wofford,2,7,1,3.5,0.3,4.584245244,6.6987,0.068633986,2.6,2.9,-2.1,0.2,1.25,0.01,-1.22,-0.68,-0.2,0.1,-30,-18.2,5.1,-2.1,12.4,-10.3,-0.1,0.8,4.5,-5.3,12.3,10.3,20.5808,19.00824244,3.1,1.8,3.7,3.3,10.7,0.8,12,3.6,6.6,5.1,7.3,3.3,2.8,-5.9,-10,27.5476,24.12709438,10.8,10.7,6.6,-0.1,0.6,2.2,-6.5,2,1.2,2.5,8.1,11.3,7.1,8.3,-127.6,-80.7,-70.9,16.4132,-17.5898,-16.4142,1.333343772,0.451044547,-10.4,-16.8,0.01,0.04,-1.42E-14,-0.68,1.609556742,0.1,33.8281,8.91754493,0.0076,-2.540343555,956.33,-10.2270116,-1.283,15.495,-1,-0.735838157,-2.001787395,-2,-8.3,127.6,80.7,70.9,-10.7244,17.0856,7.1856,3.157221636,0.139170051,1.9,21.9,-38.6844,-6.776994917,0.0076,2.177799364,-956.33,6.403222982,-31.419,-12.79,-4.1
2021,Region 1,Second Round,2021 Oklahoma,2021 Gonzaga,8,1,0,-23.2,-14.5,-8.215308712,-19.9802,-0.116746171,-6.3,-1.3,8.7,7,-1.25,-0.74,0.59,7.5,-6.1,-6.9,-26.5,-29.6,4.1,-1.6,-2.9,4.5,-0.8,-16,10.9,5.3,-8,5.7,21.9398,21.45417359,3.3,4,1.3,4.1,3.2,4.5,3.9,5.2,2.3,-4.4,7.1,-0.5,1.4,-23.7,-20.2,31.3274,30.66608333,12.1,17.7,1.1,-0.9,13.9,2.6,-2.9,6.7,-1.2,8.3,15.3,7.2,1.2,8.2,-129.1,-91.4,-85.5,12.8722,-19.906,-9.6539,-1.642361388,-0.064585002,-12.7,-23.1,0,0.01,0.03,7.5,-0.061781368,-6.9,32.1161,4.431945869,-0.55175,-2.813359902,582.89,-13.0105034,-5.004,9.325,0,-0.821166509,-1.486260368,13.7,-8.2,129.1,91.4,85.5,-25.9121,24.2147,12.5764,-3.056656097,-0.661492232,-2.1,8.2,-41.6233,0.970111965,-0.55175,2.688033282,-582.89,9.890046745,-32.191,-14.765,3.5
2021,Region 1,Second Round,2021 Ohio,2021 Creighton,13,5,0,-8.6,-4,-5.237855814,-10.1909,-0.139642094,-3.3,-0.4,2.1,1.5,-0.05,0.85,-0.81,1.17,2.2,0.3,-22.3,-15.7,-2,9.6,-9.6,0.1,-4,3.3,0.1,-3.3,3.8,4.4,19.4368,17.72527196,8.9,10.3,4.5,0,3.9,0.8,0.5,8.4,-3,-6.9,4.1,6.6,3.9,-13.1,-8.3,12.982,13.2896749,4.6,4.7,3,-12.4,-3.3,4.2,2.6,3.1,3,2.7,5.7,4.4,2.5,9.5,-129.4,-90.9,-87.6,14.5291,-24.0496,-12.7828,-5.344167415,0.191036119,0.8,-20.2,-0.02,-0.05,-0.02,1.17,0.08133562,0.3,36.8622,-0.063054053,0.59485,-2.33584274,-1,-9.548552873,-3.481,10.775,-1,0.725114556,2.433785971,0.6,-9.5,129.4,90.9,87.6,-16.5818,17.4353,11.0196,0.063729666,0.065076058,-5.5,12.9,-37.1194,0.973895119,0.59485,2.103365424,1,16.29658003,-31.631,-11.815,4.8
2021,Region 1,Second Round,2021 Kansas,2021 USC,3,6,0,-15.8,-6.1,-1.223800303,-1.1932,-0.037166535,-6.4,-2.8,0,1.5,-1.22,-2.25,-0.23,-3.16,1.9,1.1,-28.7,-31.3,1.9,4.4,-5.7,1.3,-4.2,1,-7.6,6.6,-9,1.2,18.9567,18.42328186,4.3,7.1,-0.5,-1.4,5.7,-0.3,3.9,-0.7,4,-14,7.5,3.3,0.3,-8.1,-7.3,24.2991,23.0890597,5.1,6.2,2.3,-8.4,11,1.9,-8.8,3.3,5.8,3.3,3.4,10.5,2.5,-5.8,-126.8,-78.9,-80.7,9.3716,-22.8841,-11.1813,-6.96333863,0.13847907,-13.7,-25.7,0.01,0.01,0,-3.16,-0.629333869,1.1,31.4027,4.38440386,-1.52785,-1.94957434,581.36,-6.812189914,-16.887,8.34,-1,-0.485523763,1.612740853,10.2,5.8,126.8,78.9,80.7,-15.253,17.4186,13.844,1.436802485,-0.328569543,15.6,17.2,-32.0699,-6.96846497,-1.52785,2.385229654,-581.36,8.179334886,-16.185,-11.475,0.8
2021,Region 1,Second Round,2021 Iowa,2021 Oregon,2,7,0,3.8,2.3,0.737282201,11.2232,0.067922963,0.7,3.7,6,4.5,0.4,2.98,-0.62,2.27,3.1,2.8,-21,-22.4,-1.2,-2.1,1.1,1.1,-0.8,-5.6,3.9,1.8,16.5,16.3,26.7232,27.65310506,4.5,2.5,5,-5,4.9,7,3.5,9.6,4.1,9.5,4.8,0.6,4.3,-9.4,-14.3,19.8605,17.57486766,6.1,7.1,3.1,2.9,4.2,-0.5,0.3,-11.4,2.8,8.3,5.3,4.3,2.9,7.4,-133.3,-85.2,-91.5,9.4332,-14.9347,-10.0631,3.197171997,-0.113620026,-0.7,-17.3,-0.03,-0.03,-0.04,2.27,-0.777964178,2.8,37.2085,1.242817311,2.08034,-1.963791202,-74.91,-8.518103271,23.028,13.045,2,0.628565925,1.649080542,-0.2,-7.4,133.3,85.2,91.5,-15.3417,20.0633,11.5411,-2.222963238,-0.217499653,1.7,14.6,-36.8337,-4.190586954,2.08034,2.415059478,74.91,7.823296353,-28.504,-10.155,-4.9
2021,Region 4,Second Round,2021 LSU,2021 Michigan,8,1,0,-7.3,-6.7,-4.820172738,-11.2016,-0.069382143,2.9,2.5,2.3,2.7,-0.28,-2.27,-1.09,1.32,5.3,3.6,-30.2,-21.8,1.5,1.5,-6.6,5.1,-1.5,-2.2,-8,10.1,9,5.2,31.1285,28.11527453,7.9,10.7,1.5,-0.2,9.4,-1,6.7,-0.2,0.8,19.1,9.9,6.6,2.6,-9.6,-11.8,19.253,17.84657213,6.4,2,8.7,7.2,-0.2,2.1,3.4,4.8,1.5,0.4,3.9,3.9,8.1,1.1,-134.1,-81.5,-83.6,11.9412,-22.6906,-8.7192,6.792008792,-0.060381493,-21.6,-31.8,1.42E-14,0.05,0.04,1.32,-0.931920736,3.6,35.9791,6.654876227,-1.53582,-3.009014957,801.24,-8.68694965,-6.753,11.38,-1,1.27351727,-1.546109731,-3.8,-1.1,134.1,81.5,83.6,-18.6923,21.6098,17.8841,2.636950052,-0.376591823,3.8,17.3,-36.4753,-1.318490053,-1.53582,2.408219072,-801.24,11.53837499,-26.238,-10.705,-2.2
2021,Region 4,Second Round,2021 Florida St.,2021 Colorado,4,5,1,7.3,3.4,-2.472483419,0.3882,-0.003609009,-0.8,0.1,-0.8,-0.5,2.17,1.85,-0.32,8.79,4.2,4,-29.7,-24.2,7.9,3.2,-3,-0.2,4.4,2.3,-5.5,3.1,6.3,2.9,23.7062,25.48258415,6.7,5.6,5.7,1.2,4.7,-0.4,10.1,4.3,6.7,0,7.7,1,4.3,0.7,0.4,20.0444,21.72285612,5.5,6.1,3.4,8.1,-6.4,2.8,0.5,1.9,0.3,9.6,7.3,6.7,4.8,0.6,-123.6,-76.4,-73.1,20.4044,-19.5227,-10.2893,-0.978923499,0.324474801,-7.6,-10.1,0.03,-0.01,0.01,8.79,3.62566966,4,33.0558,8.913309401,1.3324,-2.473347613,1248.41,-11.64834256,8.284,11.965,3,0.356999822,-3.013350047,-3.4,-0.6,123.6,76.4,73.1,-3.7944,17.2102,13.0853,-1.859559544,0.093295047,8.1,22.5,-32.778,-2.862577407,1.3324,1.865183597,-1248.41,6.250492888,-2.564,-10.13,-0.3
2021,Region 4,Second Round,2021 Abilene Christian,2021 UCLA,14,11,0,-10,-6,-3.694560655,-5.7902,-0.149502499,-10.1,-5.2,1.5,1.9,-2.19,0.22,0.92,9.07,6.3,5.3,-24.5,-34.3,-0.4,10.4,-8.7,-1.7,-0.8,6.7,-9.5,2.8,-7.1,0.3,5.5611,4.77680791,2.2,1.4,2.6,-4.8,6,-1.8,6.4,17.5,1.8,3.8,-3,-5.8,2.7,-4.7,-6.2,20.4834,21.62947648,6.6,4.3,7.6,3,-9.9,10,-2.9,3.3,-2.3,-2.3,5.1,6.4,7.4,1,-119.6,-86.5,-62.9,15.06,-22.4785,-11.8911,2.273771563,0.324739218,-1.1,-15,-0.07,-0.09,-0.08,9.07,-2.828690926,5.3,33.9606,0.688172438,0.13986,-2.117083563,1012.11,-11.80973186,-7.958,12.77,1,-1.438837794,-3.894487995,7.4,-1,119.6,86.5,62.9,-5.1797,14.8126,12.3936,4.296124887,0.088313283,20.5,29.5,-28.7378,-5.681686724,0.13986,2.0386051,-1012.11,10.01602842,3.358,-9.955,-1.5
2021,Region 4,Second Round,2021 Alabama,2021 Maryland,2,10,1,8.8,4.8,6.806103327,6.2701,0.070807391,-4.8,-4.9,-0.5,3,-0.4,0.78,-0.03,10.53,9.5,8.5,-11.1,-23.4,1.3,9.4,-14,4.6,-0.4,1.6,7.3,-8.9,2.7,3.4,19.5236,16.52509368,2.8,3.7,0.8,0.3,3,-1.7,6.7,-1.5,1.7,-7.6,-0.3,-3.1,0.4,2.2,1.6,24.182,21.43186574,7.3,6.4,6.1,1.7,0.7,4.3,8.9,9.9,-3.8,5.5,6.7,3.3,6.1,-2.3,-126.6,-93,-81.3,16.2,-25.1213,-10.9508,-2.733272705,0.142042314,10.6,-14.7,0,-0.01,-1.42E-14,10.53,-1.653927838,8.5,33.0547,6.498368964,0.53924,-2.195271901,107.12,-8.731275634,4.713,10.515,0,-0.425209016,-2.168792014,0.7,2.3,126.6,93,81.3,-12.6606,20.872,8.9993,-0.465036645,0.265722758,8.5,22.4,-32.2215,3.15811894,0.53924,2.375141328,-107.12,8.067235959,3.668,-7.58,-0.6
2021,Region 2,Second Round,2021 Wisconsin,2021 Baylor,9,1,0,-6.4,-8,-4.619238648,-6.8424,-0.041847327,-2.9,-1,1.8,4.8,1.31,2.28,0.37,0.2,-4.4,-3.7,-24.9,-26.6,-2,-5.9,-0.6,6.5,-4.3,-3,7.9,-4.9,4.6,6,18.7541,17.92077147,0.3,-1.8,2,8.1,-4.8,11.1,-7.2,2.6,0.4,-0.1,-2.8,0.7,3.6,-10.4,-14.1,33.3978,32.99259748,9.6,7,8.8,-1.5,-1.5,0.2,-12.4,1.8,-0.7,-8.2,5.7,3.1,7.8,3.9,-126.5,-82.8,-85.9,6.8249,-17.9591,-8.1233,-1.348441274,-0.376150211,-14.2,-29.3,1.42E-14,0.01,0.01,0.2,-0.54158789,-3.7,30.2096,-2.008382195,1.52324,-2.083586358,-258.69,-8.620163204,15.092,7.225,-3,-1.386412037,-5.312331477,1.4,-3.9,126.5,82.8,85.9,-16.3044,18.1879,6.4183,5.935244626,-0.046124054,9.9,17.1,-38.1062,-10.07254966,1.52324,2.754442801,258.69,8.442426359,-16.464,-14.115,-3.7
2021,Region 2,Second Round,2021 North Texas,2021 Villanova,13,5,0,-9.6,-10.6,-5.500969319,-10.9209,-0.152444177,-2.4,-2.4,1.3,1.6,-0.96,-0.65,0.64,0.29,-1.1,-1.7,-22.2,-21.2,-0.8,-0.6,3.5,-2.9,-2.5,-1,10.3,-9.4,-0.1,-1.2,9.378,6.57031305,2.2,1.9,1.9,5.3,1.4,-1.4,3.1,3.1,-0.3,-0.5,6.3,-1.3,2.9,-12.6,-9.4,24.9374,24.45484205,7.1,8,3.6,3.9,-1.7,7.9,-1,14.8,-4.5,5.7,6.4,4.8,2.7,4.3,-125.7,-92.5,-85.3,11.5656,-16.4814,-12.6213,-0.373134433,0.035510787,-7.9,-25,0.06,0.1,0.08,0.29,-1.751602625,-1.7,33.826,3.527521117,-0.42495,-3.140693845,63.22,-20.60544023,5.065,11.04,0,-1.493808365,0.422813126,-1.1,-4.3,125.7,92.5,85.3,-13.9805,22.3674,8.0452,-1.146540581,0.125760703,9.5,27.7,-34.0518,-0.710691772,-0.42495,2.08040925,-63.22,10.54349361,-19.346,-10.13,3.2
2021,Region 2,Second Round,2021 Arkansas,2021 Texas Tech,3,6,1,-7.1,-3.5,3.645182252,0.5827,-0.011915022,-4.8,-2,-2.3,-1.9,0.88,2.37,0.14,-2.45,8.3,7.4,-25.6,-31,2.3,13.2,-9,-4.3,0.2,1.1,-7.5,6.4,0,0.7,20.0865,18.66754635,3.7,7.1,-1.1,5.4,-3.8,6.4,1.7,5.9,6.2,-0.7,-1.7,4.7,-1,-1.9,-4.1,22.3896,20.18924403,2.1,1.8,2,2.5,10,4,-7.6,4.4,3.8,1.1,4.2,1.8,1.8,-3.4,-122.2,-78.3,-62.2,20.3657,-27.4558,-13.8808,-1.28178724,0.561804038,-12.2,-21.5,-0.02,-0.08,-0.04,-2.45,0.757743941,7.4,30.1154,2.052972172,1.66278,-2.750167793,971.29,-7.217566668,1.554,10.14,-1,-0.213879813,0.265315818,0.7,3.4,122.2,78.3,62.2,-8.8886,19.1462,13.9526,0.26384687,-0.178114092,11.3,20.3,-30.9617,-7.233868198,1.66278,2.40656571,-971.29,6.66968788,-0.668,-11.58,-2.2
2021,Region 2,Second Round,2021 Oral Roberts,2021 Florida,15,7,1,-11.6,-7.6,-6.110396645,-16.33598,-0.350827261,-2.8,2.3,2.3,2.8,-0.59,-1.22,-0.04,-7.46,2.1,2.8,-18.8,-34.2,-4,-9.6,-0.6,10.2,-5.8,8.1,-6,-2.1,3.1,7.1,15.2333,14.08214918,6.1,1.3,8.2,12.3,-7,4.9,-8.4,-9,0.2,15,-4.1,9.2,7,-15.9,-14.8,3.535,3.721407,2.1,2.9,0.1,5.5,0.7,-2.5,2.2,0.7,4.9,3.3,8.7,3.3,1.3,4,-124.8,-81.4,-70.5,1.3161,-12.972,-7.6254,2.544962544,-0.577070303,2.2,-19.4,-0.06,-0.08,-0.03,-7.46,-1.422348261,2.8,34.3698,0.976407976,-0.85742,-1.817275272,924.88,-6.229262218,4.477,9.075,2,1.326320914,-0.035887007,4,-4,124.8,81.4,70.5,-12.1415,11.7534,8.6389,-1.023138839,0.162678717,7.8,8.1,-32.6053,-1.682145289,-0.85742,2.98080125,-924.88,9.278682127,-24.505,-11.03,1.1
2021,Region 3,Second Round,2021 Loyola Chicago,2021 Illinois,8,1,1,-3.4,-3.3,-6.972303601,-6.8583,-0.031763893,-4.7,-1.5,-2,0.7,-0.86,-0.98,0.64,1.33,-8.1,-6.8,-30,-34.9,-0.8,12.4,-16.9,4.5,-7.8,-10.7,7.1,3.6,-1,2.4,22.0715,18.14088588,9.7,12.6,3,4.8,0.2,-2.4,3.8,15.6,-2.6,17.3,9.1,4.3,2.5,-4.7,-5.5,32.2945,29.16057297,8.9,9.8,5.1,-1,16.8,3.4,-12,10.3,-1.5,11.8,12.7,-0.7,4.8,5.2,-125.6,-97.8,-77.2,16.4418,-24.6192,-8.7412,6.553710497,0.19509368,-11.7,-25.2,-0.05,-0.06,-0.04,1.33,-0.877725959,-6.8,37.2871,0.759057443,-0.67992,-2.296250547,449.54,-12.85131574,6.232,12.45,-1,-0.91169154,0.632438161,3.4,-5.2,125.6,97.8,77.2,-22.622,22.1134,11.4598,-4.85847431,-0.733351974,15.7,17.7,-33.968,-7.52071446,-0.67992,2.30050815,-449.54,13.18160077,1.508,-12.61,-0.8
2021,Region 3,Second Round,2021 Oklahoma St.,2021 Oregon St.,4,12,0,-2.2,-0.7,4.445274529,8.5943,0.105261119,-2.3,-2.1,-3.9,-1.1,-0.63,-1,-1.03,4.56,7.2,6.6,-30.4,-27.1,0.5,10.3,-3.8,-6.5,2,5.1,-7.4,2.2,-0.1,3,10.9057,10.66297685,1.8,0.4,2.4,-1.9,-1.8,-2.9,2.5,-4.6,3.3,-8.4,0.3,-3.1,2.5,-2.6,-3.8,18.0337,16.81633096,1.5,0,2.9,5.2,3.5,2.1,0.4,11.1,-0.8,4,1.9,2.8,3.2,-1.5,-123.6,-78.7,-60.9,20.0451,-25.3662,-16.1996,-3.635504673,0.552892612,1,-5.8,-0.03,-0.05,-0.03,4.56,-2.01102269,6.6,31.8532,4.62673687,-0.63988,-2.189076602,1493.68,-9.580497219,-7.728,12.755,1,-0.716490668,-0.421736375,3.1,1.5,123.6,78.7,60.9,-4.7216,17.5132,13.1472,-0.426027733,0.129833917,9.2,21.3,-30.1332,0.145776546,-0.63988,1.686949551,-1493.68,7.977317363,-16.352,-8.83,-1.2
2021,Region 3,Second Round,2021 West Virginia,2021 Syracuse,3,11,0,4.5,3.6,2.460008625,4.0938,0.062661774,-1.1,0.7,3.2,3.3,-0.97,-0.48,0.25,10.7,1,0.4,-23,-23.5,-4.7,1.5,9.6,-11.1,0.2,13.7,-11.2,-2.5,11,10.7,18.5343,17.76571723,0.2,-2.8,4,-3.2,14.3,3.8,1.8,-16.3,-1.3,8,-1.6,0.4,4.6,-5.6,-7,18.0127,17.25143892,0.5,-0.5,1.5,9,-0.1,4.7,1,4.5,8,0.9,3.9,5.5,1.3,-1.9,-125.5,-69,-78.6,9.8959,-22.6708,-18.096,2.205663269,0.20375733,-11,-24,0,1.42E-14,0.02,10.7,-0.173096528,0.4,29.709,9.957219354,-0.33568,-1.302864861,983.65,-6.244753873,21.87,9.465,1,0.03095351,-1.517376481,-0.3,1.9,125.5,69,78.6,-6.9666,12.8807,11.176,0.989862497,0.417271698,6.6,22.7,-32.2794,-0.336020095,-0.33568,2.1099885,-983.65,12.15610287,-6.717,-9.52,-1.4
2021,Region 3,Second Round,2021 Houston,2021 Rutgers,2,10,1,14.1,7.2,2.291944907,10.6774,0.118020003,0.8,1.3,-4.8,-2.9,-0.81,-1.29,-0.15,3.37,-2.5,-2.8,-22.1,-29.7,-2.4,-7.9,1.3,6.7,-4.8,-3.7,-0.6,4.3,8.3,8.5,28.4136,27.07774886,3.6,2.5,3.4,3.9,-2.5,2.6,10.1,-4.7,6.3,3.8,7,1.8,2.5,2.2,-1.1,18.5493,17.19654454,7.3,8.9,2.6,-2,-14.7,5.2,0.6,0,6.8,3.5,4.4,11.8,1.4,-7.9,-126.8,-75.9,-66,6.5381,-17.9658,-9.3479,1.10994687,-0.429662182,-12.7,-27.3,-0.01,0.02,-0.01,3.37,-0.499690327,-2.8,33.0534,9.104999353,-0.86943,-2.021062174,49.89,-6.353759716,13.354,12.405,1,0.897860682,-2.377666791,0.2,7.9,126.8,75.9,66,-14.591,24.1253,15.9347,1.169293506,-0.38711668,8.8,14.7,-29.6336,-1.657953531,-0.86943,2.332899301,-49.89,6.239069477,2.606,-8.135,-3.3
2022,Region 1,Second Round,2022 Memphis,2022 Gonzaga,9,1,0,-11.6,-6.2,-5.354140249,-16.749,-0.097704683,-7.9,-2.6,3.6,2.4,-0.95,-0.74,0.16,16.31,-2.4,-2.3,-35.3,-21.8,8.8,5.6,-2.8,-2.9,-1.2,-6.3,-1.2,7.5,-7,4.2,21.532,21.91560466,9.4,10.4,5.2,-0.3,16.2,-5.9,14.5,19,10.2,0.7,13.3,3.6,5,-13.3,-7,27.6571,27.69744752,12.9,15.6,5.8,3.1,-3.2,5,2,-2,4.3,17.5,18.1,7.8,5,1.7,-123.3,-79.5,-76.8,18.5625,-22.8571,-12.3515,-1.33410078,0.583379997,-11.6,-9,0.04,0.04,0.06,16.31,1.185778599,-2.3,30.8986,7.381130199,-0.57832,-2.982147026,442.45,-6.784812683,-9.054,10.335,0,-0.530610728,-0.326337554,11.2,-1.7,123.3,79.5,76.8,-19.3759,20.4782,16.043,-5.846538521,-0.423423016,-3.8,7.5,-38.7739,0.120197291,-0.57832,1.215004646,-442.45,5.266924824,-18.849,-12.15,6.3
2022,Region 1,Second Round,2022 Arkansas,2022 New Mexico St.,4,12,1,5.8,4.4,3.761166888,8.9188,0.154645628,-1.1,-0.9,-7.4,-4.8,-1.3,-0.72,0.29,-8.33,4.1,4.4,-23.1,-19.7,3.5,6,2.1,-8.2,-1.6,-1.9,4.2,-2.3,4.7,1.7,13.3699,11.90549388,3.7,5.1,0.7,1.1,10.1,-0.5,4.7,4.7,5.6,2.1,9.7,-2.5,0.6,7.2,5.5,15.7539,14.08409113,4.7,7.7,0.2,-3.9,3.1,-0.1,-7.5,-0.4,4.2,2.6,2.9,7.7,0.9,-5.6,-124.4,-83.8,-66.6,14.722,-26.1695,-19.368,1.936465505,0.475679316,-6.5,-20.5,-0.02,-0.02,0,-8.33,0.97090855,4.4,31.4287,3.335287667,-0.49732,-1.836056115,1629.97,-7.132664756,12.383,10.1,0,-0.249018983,-0.359456879,-3,5.6,124.4,83.8,66.6,-15.5482,22.887,12.4626,0.77103555,-0.031216925,4.6,21.7,-30.5796,-4.44156968,-0.49732,1.970727375,-1629.97,7.533952277,18.618,-11.21,-1.7
2022,Region 1,Second Round,2022 Texas Tech,2022 Notre Dame,3,11,1,12,6.9,4.715592217,11.0074,0.107406737,-2.1,-0.9,-2.8,0.1,0.23,-0.34,0.63,13.47,1.6,0.8,-30.3,-11.3,4.3,8.5,-7.3,-1.1,-0.8,-10.2,7,3,6.2,7,11.3378,11.94552942,3.3,5.2,-0.3,0.6,13.2,-5.3,9.3,8.2,2.8,0.9,5.9,-2,0.1,5.7,-2.1,26.9375,26.37082499,8.5,7.7,6.5,7.6,-4.4,8.1,4,1.6,-2.4,5.9,5.5,3.4,6.4,1,-125.6,-94.5,-81.2,22.4068,-23.3271,-12.9899,1.282373226,0.409169592,-9.3,-13.4,-0.04,-0.06,-0.06,13.47,-1.062316843,0.8,34.1278,4.608605388,-0.22548,-2.92167294,106.42,-18.80532413,21.172,12.485,-2,-1.475154679,-3.16504098,0.8,-1,125.6,94.5,81.2,-13.6758,24.823,15.0294,-0.416100207,-0.307426652,0.2,27.4,-32.768,-0.066595557,-0.22548,1.623992925,-106.42,7.744859362,21.822,-8.195,-7.8
2022,Region 1,Second Round,2022 Duke,2022 Michigan St.,2,7,1,11.9,12,4.306608411,8.8407,0.094474433,5.1,4.8,-5.7,-3.3,-0.23,0.55,-0.83,-11.89,0.2,0,-25.6,-32.8,7.5,5.2,-3.3,-1.9,0.7,6.2,-6.1,-0.1,16.8,15.2,22.9598,24.97842848,8.1,7.9,5.6,2,0.3,0.4,4.9,4.9,4.4,-1.4,8.1,3.1,5,-0.1,-3.2,15.6242,16.49354468,5,2.8,6.4,7.5,11.5,-3.1,-2.2,8.9,5.3,-1.3,6.6,3.3,5.8,2.1,-134.5,-81.9,-93.8,23.4386,-20.7571,-12.6522,-2.101368596,0.411498403,-4.5,-8.5,-0.04,-0.07,-0.06,-11.89,0.096704142,0,39.2831,3.640345283,0.37785,-1.840889391,-390.73,-6.670379714,8.907,13.205,1,0.697635729,-1.577723603,-1.6,-2.1,134.5,81.9,93.8,-7.2452,15.1633,10.1094,2.518286817,0.208627295,15.9,18.9,-33.483,-2.019033689,0.37785,2.518043708,390.73,6.867964414,-10.969,-8.61,-3.1
2022,Region 4,Second Round,2022 North Carolina,2022 Baylor,8,1,1,-5.2,-4,-4.647580162,-10.2745,-0.085167007,0.3,-0.8,-1.6,0.1,0.65,0.42,-0.04,-13.81,1.7,2.6,-26.7,-25.4,1.1,3.9,-5.7,1.8,-5.6,-0.1,2.2,-2.2,4.9,1.2,21.5032,22.11024644,4.3,1.2,6.3,7.1,2.7,6.4,2,-1.9,2.4,-2.2,-2.7,0.2,5.6,-1.7,-5.4,20.8632,21.5921764,3.1,5.2,-0.3,-3.9,7,-4.1,-15.5,8.1,1.1,3.6,9.2,1.6,0.6,2.6,-128.3,-84.1,-93.5,17.1852,-23.5868,-11.6636,-2.809811112,0.080284271,-8.5,-16.6,0,0.01,0.01,-13.81,-4.089144644,2.6,31.5497,5.070598722,0.32764,-1.820946499,24.18,-9.549234475,8.12,8.985,-1,0.108199721,0.90699447,-3.7,-2.6,128.3,84.1,93.5,-17.9572,20.128,10.8294,-1.861685218,-0.089404229,10.6,19.7,-36.194,-7.819980697,0.32764,2.42370714,-24.18,9.328458564,-3.664,-13.605,-3.7
2022,Region 4,Second Round,2022 UCLA,2022 Saint Mary's,4,5,1,3.9,4.2,1.11627336,5.039,0.045263276,-2.7,-0.6,-2.6,-2.4,0.06,-0.5,-0.1,9.2,1.6,2,-39.7,-26.1,0.3,-6.6,3.6,2.9,2.7,-9.8,8,1.9,4.4,3.6,26.1206,25.02993345,2.3,2.6,0.8,2.2,5.4,6.1,10,14,0.7,-0.1,6.4,0.9,1.1,1.3,0.5,18.5353,16.17754941,4.9,5.3,2.9,4.4,-6,2.6,-2.5,-0.1,-1.4,-5.4,2.5,1.8,3.4,-0.8,-130.3,-94.1,-93.4,2.6596,-11.9526,-7.5483,-0.325344219,-0.330328265,-25.4,-28.1,-0.02,-2.84E-14,-0.01,9.2,-1.125793382,2,33.7381,9.149644124,-0.319,-3.126906874,-150.6,-13.92546335,8.434,11.465,1,0.6970563,1.966210714,-0.8,0.8,130.3,94.1,93.4,-13.6228,23.4917,13.0189,3.637423392,-0.249712552,0.4,15.1,-33.3023,-3.649145826,-0.319,3.015448917,150.6,9.622445303,1.783,-9.28,-0.8
2022,Region 4,Second Round,2022 Purdue,2022 Texas,3,6,1,-2,-2.1,3.649058953,1.8809,0.015906428,-0.3,0,0.5,0.2,1.66,2.96,-0.9,5.08,2.4,2.7,-27.2,-23,5.4,-1.5,-4.2,5.7,0.8,-3.1,-1.3,4.5,13.3,5.8,29.8621,32.13119746,10.5,9.8,7.5,3.4,-0.5,6,5.2,15,0.6,-0.3,11.1,5.3,6.5,-6.3,-7.9,12.8316,14.03118506,0.5,1.7,-1.2,2.9,10.9,-4.1,-8.3,0.2,3.4,-3.1,2.8,0.1,-0.2,3.2,-127.1,-79.3,-73.2,18.071,-18.411,-7.7607,-2.202765925,-0.074558848,-8,-15.9,0.07,0.11,0.08,5.08,-2.343887011,2.7,34.6735,3.21427833,1.95298,-2.396575186,678.44,-8.873200792,12.334,13.255,2,1.708055439,-0.065861957,-7.5,-3.2,127.1,79.3,73.2,-11.2533,21.7075,15.2078,1.089302265,-0.163489322,15.3,32.7,-33.8754,-5.385355784,1.95298,2.01591977,-678.44,9.311935685,-24.084,-11.52,-1.6
2022,Region 4,Second Round,2022 Saint Peter's,2022 Murray St.,15,7,1,-12.9,-5.6,-9.078974636,-12.11352,-0.23397611,-12.1,-7.2,2.9,1.2,-0.43,-0.63,0.3,14.58,-0.5,-0.2,-29.1,-26,-0.7,12.1,-1.8,-10.3,-1.6,-4.5,6,-1.5,-9.4,-6.1,3.6225,2.5928966,-0.2,-4.1,4.7,0.9,12.9,0.2,6.1,6.1,4.1,-2.1,-11.1,-0.3,4.9,-8.3,-3.3,17.0422,15.54730978,8.8,9.5,5.3,-3.7,-9.9,3.8,-7.5,-1.4,-3.7,-3.3,8.1,5.9,5.3,-7.2,-120.2,-79.6,-65.8,12.0875,-25.1383,-18.058,-2.50014196,0.67427823,-4,-17.4,-0.06,-0.06,-0.06,14.58,2.420610374,-0.2,26.9376,7.655422863,-0.42094,-2.534617567,733.07,-9.251860219,-15.426,8.405,-1,-1.275626477,-3.591274848,3.3,7.2,120.2,79.6,65.8,-12.0006,21.6204,12.6594,3.858578079,-0.114695003,-2,8.5,-32.171,-6.9523836,-0.42094,1.691376217,-733.07,5.838654236,-10.797,-11.615,5
2022,Region 2,Second Round,2022 TCU,2022 Arizona,9,1,0,-9.2,-7.6,-5.83621561,-12.2999,-0.101834887,-3.9,-2.1,-0.6,0.7,-1.51,-2.62,0.13,4.08,-5.7,-6.5,-33.5,-29.7,2.2,9.4,-6.4,-3,-8.6,-5.7,6.6,-1,-4.6,0.3,15.83,14.94160973,4.5,8.6,-2.4,-0.2,8.4,-3.9,9.5,7.1,4.4,6.2,5.8,5.1,-2.6,-8.8,-7.8,26.2875,25.16745867,8.2,9.6,3.9,2.6,8.4,0.4,-8.4,11.2,4.8,2,9.6,1.1,4.4,-3.1,-124.3,-73.3,-84.2,15.7428,-28.1185,-13.745,2.621385497,0.460277854,-14.2,-19.2,-0.01,-0.02,-0.03,4.08,-0.261277138,-6.5,28.4964,3.725147264,-1.96338,-2.294860246,15.9,-6.815055501,-4.682,7.495,-1,-0.970862428,-0.731082937,4.9,3.1,124.3,73.3,84.2,-27.2837,22.5363,11.4432,-0.350920044,-0.363760003,1.2,-0.9,-36.2148,-2.039430773,-1.96338,1.325628159,-15.9,7.872756156,-10.427,-13.29,1
2022,Region 2,Second Round,2022 Illinois,2022 Houston,4,5,0,-10.6,-9.1,-2.012843198,-6.911,-0.052390971,-4.2,-2,0.7,0.3,-0.11,1.01,0.02,2.04,2.7,3.1,-14.4,-31.3,2.6,4.4,-4.5,-0.1,-5.5,-5.3,14.5,-9.3,-3.7,0.5,22.8742,24.70430584,9.6,8.2,7.7,0.3,-3.4,4,6.1,2.3,0.7,-0.2,9,2.3,7.1,-12.8,-5.8,23.21,23.98735251,7.3,9.6,1.9,-5.2,0.3,-1.5,-12,17.8,8.7,8.4,9.2,2.2,1.9,-3.5,-127.9,-75.7,-76.1,15.1476,-26.3807,-15.109,-1.73995052,0.166288889,-1.7,-21.2,-0.06,-0.07,-0.05,2.04,-3.876594511,3.1,31.4408,5.929970365,0.70866,-1.924393429,252.2,-5.332412227,-8.041,10.03,-1,-0.008398837,1.188774219,4.2,3.5,127.9,75.7,76.1,-20.07,23.474,7.0094,-3.457843364,-0.01837659,21.3,25,-36.0572,-4.385301458,0.70866,2.533711108,-252.2,12.68659947,-28.632,-12.75,7
2022,Region 2,Second Round,2022 Tennessee,2022 Michigan,3,11,0,22.6,13.5,7.793499187,9.5918,0.069942804,0.1,-0.3,-4.9,-1.3,-1.48,-1.73,-0.01,10.46,1.2,1.1,-25.4,-28.3,0.3,3.2,-8.6,5.4,-1.8,0.5,-7.6,7.1,7.5,7.1,12.8802,13.40500956,0,-2.8,2.8,-1.7,3,-3,9,20.7,4.8,6,-3.6,-5,3.6,8.7,0.9,28.0083,26.95328168,6.1,7.2,2.8,4,-2.7,5.8,-3.8,1.1,0.3,2.8,9.6,6.6,2.6,-0.9,-127,-84.8,-83.3,14.3771,-21.4274,-9.0528,2.510494784,-0.05150443,-12.8,-24.7,0.02,0.05,0.03,10.46,2.088790604,1.1,33.791,3.943082863,-1.15002,-2.606973946,263.36,-11.16408054,10.352,12.22,0,-1.465999487,-2.398692966,-0.4,0.9,127,84.8,83.3,-11.9121,19.3545,16.0485,0.288615669,-0.263925299,10.8,19.5,-31.0365,-3.84289188,-1.15002,2.08894192,-263.36,6.895892388,11.99,-9.235,-7.8
2022,Region 2,Second Round,2022 Villanova,2022 Ohio St.,2,7,1,10.1,6,5.957109284,8.2883,0.076701325,6.2,4.7,-1.5,1.8,0.1,-0.44,0.56,-11.87,-1.2,-2.6,-18.7,-17.3,-0.7,0.8,-11.1,10.3,-0.5,5.5,-8.2,2.7,9.4,9.5,17.146,17.66449532,4.1,4.1,1.9,8.9,1.3,-0.2,2.3,1.6,-0.7,0,2,-0.3,2.1,-8.5,-9.8,22.7873,23.31092918,7.3,5.8,6.3,1.5,8.4,2.1,-0.8,-1,1.6,8,9.6,7,5.7,2.2,-133.7,-83.7,-81.7,8.8321,-20.3534,-7.2103,-0.32880841,-0.245008241,0.1,-19.9,0.01,0.03,-0.02,-11.87,2.051043814,-2.6,35.9687,4.539198531,-0.27412,-2.546071161,1262.92,-7.295725115,27.732,11.675,-1,-0.646657853,-0.960585035,0.1,-2.2,133.7,83.7,81.7,-8.3468,15.5967,14.7849,-1.036606559,0.068432065,13.4,33.2,-35.7784,-3.741608422,-0.27412,2.647092782,-1262.92,12.41195515,-10.434,-10.995,-1.3
2022,Region 3,Second Round,2022 Creighton,2022 Kansas,9,1,0,-16.8,-11.8,-8.695031467,-12.0235,-0.149635417,-5.8,-1.7,1,2,1.1,1.24,-0.77,-1.14,-1.4,-2.2,-27.6,-32.6,7.9,2.4,-5.8,3.3,-3.4,-5.4,5.2,0.1,-4.4,4,11.6915,11.3299486,4,6,0.6,2.2,-1.8,-2.1,-0.3,3.6,2.8,4.1,5.8,4.7,1,-8.3,-9.5,27.2695,27.9226489,9.2,11,3.8,0.1,12.5,-2.3,-5,9.1,1.2,9.9,12.4,3.5,4.4,-3.2,-127.8,-80.7,-93.1,19.01,-23.2003,-12.6948,0.931478644,0.175013984,-6.8,-13.1,-1.42E-14,0.01,0.01,-1.14,-0.135481767,-2.2,30.6951,0.408673738,0.83734,-2.344545941,-53.03,-8.66324867,-15.554,7.405,0,-1.464614788,-1.547344404,8.4,3.2,127.8,80.7,93.1,-15.7699,21.4041,10.7265,-3.146123722,-0.269365323,11.2,14,-35.9297,-3.62866037,0.83734,2.032020462,53.03,8.441914995,-27.748,-10.24,-1.2
2022,Region 3,Second Round,2022 Providence,2022 Richmond,4,12,1,4.2,0.2,7.511753972,4.05469,0.119150535,-2.2,-3.8,-2,1.8,1.04,0.21,0.09,-1.37,-1.3,-1.3,-26.2,-21.9,1.7,3.7,-5.6,1.9,2.7,3.8,1.8,-5.6,2.1,4.7,12.6085,12.13829045,-0.2,-0.4,0,0.3,15,1.6,3.3,5.7,0.5,-2.9,-4.1,-1.3,0.1,-2.8,-6.3,11.0969,10.78942692,4.8,5.6,2.6,1.6,4.6,1.4,5.6,11,-3.8,11.1,9.3,-0.2,3,-1,-133.6,-91.9,-80.8,15.4452,-21.4388,-10.6457,-1.252142051,0.086148867,-3,-13.8,0.02,0.04,0,-1.37,-0.816968278,-1.3,32.2426,3.037192285,0.13354,-2.948705921,771.63,-14.74014789,6.63,11.23,-1,0.137780376,0.765126809,2.6,1,133.6,91.9,80.8,-6.939,19.7572,11.509,-4.79581337,0.319915775,0,18.3,-35.6626,2.981977112,0.13354,2.397340398,-771.63,9.032762725,-6.863,-9.19,-3.5
2022,Region 3,Second Round,2022 Wisconsin,2022 Iowa St.,3,11,0,9,3.9,3.626677703,1.638,0.014060116,-1.8,-0.1,-8.8,-4.3,1.84,2.64,-0.74,-4.04,0,0.2,-26.5,-28.9,-2.9,1.8,0.2,-2,-3.2,-1.1,5.2,-4.1,0.9,2.8,19.9618,21.42069521,-0.2,-1.8,1.7,2.3,-3.9,11.8,-2.7,-8.3,-3.8,-0.3,-2.7,-2.1,1.7,8.7,1.1,9.5678,9.34742374,0.5,1,-0.2,0.4,0.4,-3.5,-4.2,14.2,0.5,-4.2,1.8,-2,-1,-4.1,-125.5,-93.5,-75.7,12.9498,-24.6324,-16.002,-0.462868469,0.022074025,-17.4,-29.1,0.03,0.07,0.03,-4.04,-1.800142858,0.2,29.4366,3.337413206,1.78148,-1.808644501,212.32,-9.253442706,-8.223,9.075,1,0.968458515,-1.896535622,1.9,4.1,125.5,93.5,75.7,-14.1634,21.0873,10.8045,0.947310424,0.005696045,13.4,21.7,-31.169,-0.919276835,1.78148,3.463491179,-212.32,12.02461439,12.049,-9.605,-7.6
2022,Region 3,Second Round,2022 Auburn,2022 Miami FL,2,10,0,-2.4,3.7,4.83543012,11.8323,0.119906086,-3.6,0.8,1.2,-0.1,0.83,2.4,-0.69,16.85,3.9,2.5,-20.7,-27.8,6.7,-0.9,-0.3,1.1,0.4,1.2,-1.6,0.4,3.1,10.1,11.466,12.1262461,-3.1,-2,-3.2,4.2,7,3.6,2.9,-4.6,12.3,4.5,-1.5,-2.2,-2.7,3.4,2.8,25.6069,24.69766887,10.1,12.3,4.1,1.4,-5.9,6.5,5.9,2,-1.6,12.8,14.9,8.8,2.9,2,-128.1,-83.8,-80.1,21.1953,-19.5927,-12.6921,3.106202619,0.113660601,2.1,-4.4,0.03,0.03,0.02,16.85,-1.162386096,2.5,32.4401,2.425174599,1.71275,-2.400393372,366.77,-10.51919833,-0.193,11.24,-2,-1.477861247,-3.005101158,7,-2,128.1,83.8,80.1,-9.5494,19.5572,12.7716,-3.90095065,0.030867189,2.8,11.4,-34.9323,1.645487764,1.71275,2.428302474,-366.77,4.208232812,-6.691,-8.97,-0.6
2023,Region 1,Second Round,2023 Maryland,2023 Alabama,8,1,0,-12.8,-8.3,-9.1870861,-9.1722,-0.092006644,-3.6,-0.9,-3.3,-1.6,-0.22,-1.75,1.41,-11.63,-8.3,-8.1,-31.9,-20.5,1.4,4.4,-11.3,6.9,-7.2,-1.9,17.2,-15.3,-3.7,-2.1,25.5811,23.20130641,9.6,10.8,4.9,2.5,1,-0.3,2.7,4.5,-1.5,-5,10.2,7.4,4.5,-8,-6.3,20.3308,20.44051026,4.8,6.9,1.7,-0.1,8.9,-0.6,-6.6,6.7,1.4,2,4.8,-2.7,1.2,-6.8,-130.5,-81.3,-68.9,10.2966,-23.847,-9.4068,-4.54499097,-0.075301863,-14.9,-19.6,0,-0.01,0,-11.63,-1.451098896,-8.1,33.5203,4.834679134,-1.30488,-2.495601677,1269.26,-7.730137464,15.915,9.545,0,0.53257108,4.066780774,1.6,6.8,130.5,81.3,68.9,-18.0549,20.4746,5.7843,-1.484612004,0.242097756,-5,5.3,-33.1006,-3.520264002,-1.30488,2.551908472,-1269.26,8.972552836,6.207,-11.885,1.7
2023,Region 1,Second Round,2023 Furman,2023 San Diego St.,13,5,0,-7.9,-2.9,-7.649125687,-11.82983,-0.220599322,-2.6,0.5,-3.5,-1.6,-0.1,-0.9,-0.91,-11.19,2.3,2.3,-13.5,-29.9,3.7,3.1,-9.7,6.7,-4,9,-9.9,0.9,-2.1,1.7,22.5256,21.76784515,8.1,9.2,5.2,-0.1,5.3,3.8,3.8,11.3,0.4,16.5,9.1,0.8,5.8,-3.4,-4.5,6.154,7.2370849,-0.5,-1.8,1.3,2.8,2.5,0.8,-4.6,8.7,3.1,-6.1,1.5,-1.1,1.3,3.8,-128.6,-85.8,-69.8,16.8963,-22.0204,-12.7553,5.862978025,0.001786213,9.1,-13,-0.01,0,0.01,-11.19,-0.800049018,2.3,36.5252,1.375407226,-0.61868,-2.282926576,1219.65,-8.059308305,-17.08,12.765,2,1.787247184,-0.07679867,3.8,-3.8,128.6,85.8,69.8,-9.7113,14.6106,11.8944,2.716353353,0.113846657,9.7,16.8,-32.1928,-5.15722573,-0.61868,2.949194836,-1219.65,10.93621717,-12.387,-12.115,-1.1
2023,Region 1,Second Round,2023 Baylor,2023 Creighton,3,6,0,-4.3,-4.2,3.078571959,-0.6734,-0.008420803,-1.6,0.6,2.8,2.7,-0.83,-1.35,0.26,11.11,-1.5,-0.9,-24.9,-20.2,3.1,-7.8,-7.5,15.4,-2.5,-7.4,11.2,-3.8,8.7,6.7,27.8855,28.16428007,5.8,5.2,3.1,2,17.4,-3.8,11.4,9.3,-1.5,4.9,9.3,3.6,3.2,-8.4,-11,12.75,14.3627432,2.9,1.2,3.8,6,-3.3,3.3,5.6,-2.6,0.2,-1,-8,3.6,2.9,6.1,-131.1,-85.4,-83.5,7.5112,-15.0537,-3.0648,1.299572792,-0.534834402,-18.1,-30.7,-0.02,0,0,11.11,-1.469550263,-0.9,35.9528,7.388718357,-0.92916,-2.482443967,758.15,-9.576644009,19.128,12.89,3,1.607621874,3.349187757,-2,-6.1,131.1,85.4,83.5,-24.6347,22.8093,10.8207,2.940344819,-0.147243585,3.8,15.1,-35.6148,0.726159354,-0.92916,1.513286564,-758.15,13.23267652,-11.27,-10.96,-2.6
2023,Region 1,Second Round,2023 Princeton,2023 Missouri,15,7,1,-12.2,-11.6,-6.716681655,-8.3528,-0.148059014,-2,0,3.2,2.8,1,0.33,-0.99,-8.19,-1.9,-1.9,-15.2,-24.1,-2.5,10.9,-7.4,-3.4,-6.6,2.4,8,-10.3,1.2,4.2,3.723,3.8563902,0.2,1.8,-1.4,-3.9,-3,7.4,-8.9,-9.8,1.5,-1.3,-6.6,7.2,-1.3,-15.4,-15.8,15.762,15.9594761,7.1,8.7,3,6.9,0.2,-1.5,-4,13.2,-1.4,0.2,11.1,-0.4,3.3,7.9,-128.3,-84.7,-73.8,18.0332,-23.1048,-14.9804,-2.182417409,0.285059095,12.2,-7.6,0.04,0.08,0.05,-8.19,0.205019415,-1.9,32.0364,-2.25492616,0.23974,-2.08335741,726.15,-11.01491265,-2.889,9.95,-2,-1.086279151,-0.049928493,3,-7.9,128.3,84.7,73.8,-14.6157,15.4841,6.5897,0.290620385,0.206412594,-0.4,12,-38.744,-2.179076716,0.23974,2.608473695,-726.15,10.90862751,-48.708,-13.235,-0.4
2023,Region 4,Second Round,2023 Florida Atlantic,2023 Fairleigh Dickinson,9,16,1,30.6,20.1,16.91314314,30.4797,0.658399776,6.6,5.1,-4.6,-3.2,2.66,2.29,-0.53,5.52,-0.6,-0.6,-16.1,-28.8,0.5,3.4,-7.2,3.8,1.7,-4.1,7,-3,23.4,18.2,-4.15,-4.8378747,-0.8,-1.8,0.3,-3.8,-5.3,4.7,1.5,-5.4,-3.4,-13.6,-5.6,-0.7,1.3,5.6,2.1,10.1295,9.78461623,5.6,6.6,2.4,0,1.2,2,-6.9,18.1,-1.5,-13.8,5.9,4.2,1.9,8.2,-127.3,-84.8,-81.1,15.2249,-16.545,-9.8773,-6.6147328,-0.004411369,10.6,-9.7,0.05,0.05,0.04,5.52,-1.534179407,-0.6,36.3562,2.821927346,1.59599,-2.050455169,777.1,-15.71558416,36.969,14.74,2,-0.991845394,1.542878145,-5.2,-8.2,127.3,84.8,81.1,-6.9275,19.9551,10.5261,7.626950316,0.020040016,9,24.6,-33.2052,-6.5038773,1.59599,3.332577214,-777.1,13.99514336,4.292,-9.88,-3.5
2023,Region 4,Second Round,2023 Tennessee,2023 Duke,4,5,1,6.5,0.1,-1.692253847,6.2167,0.05737475,-7.3,-2.3,-6.1,-5.1,-1.89,-1.4,1.05,6.54,0.5,0.4,-24.5,-23,2.5,-3.2,-1.2,4.5,-3.6,-7.3,0.8,6.5,-5.6,-2.5,17.9219,17.92398637,4,4.3,2.5,-5.1,6.8,-1.5,10.9,18.3,2.2,4.7,7.6,0.8,2.3,10.1,2.5,25.272,25.69312995,8.7,6.8,7.4,4.8,-4.1,4,-9.3,6.3,3.5,18.7,6.7,2.9,7,-9.9,-124.9,-74.2,-79.3,11.2502,-20.6024,-11.5892,1.800120504,-0.146375367,-7.2,-18.9,-0.02,-0.03,-0.02,6.54,0.979391915,0.4,32.2815,1.854102108,-0.91584,-2.011591277,984.43,-7.403745269,4.627,10.395,0,-0.702065507,0.241186998,3.1,9.9,124.9,74.2,79.3,-15.9706,26.7206,18.8975,-5.997614714,-0.479244175,-1.4,11.7,-29.0126,-6.585415745,-0.91584,2.080502886,-984.43,7.620838311,31.358,-9.015,-7.6
2023,Region 4,Second Round,2023 Kansas St.,2023 Kentucky,3,6,1,-4.7,-1.9,2.623777172,0.5156,0.014618483,-4,-0.6,-2.4,-0.4,-1.36,0.03,0.6,-3.8,3.9,4,-28.5,-33.1,2.7,7.8,-8.4,0.6,-3.7,1.3,-8.2,6.9,-0.1,4.8,12.9045,12.50271135,2.7,3.5,0.9,0.6,7.1,-3.2,5.6,16.2,2.5,-5.2,2.1,-1.8,1.9,-4.1,-6.5,23.2079,21.57885015,3.7,1.6,5.3,1.1,-4.2,3.4,-9.5,-0.3,-0.4,3.5,3.3,2.3,3.9,-1,-125.2,-75.5,-63.9,20.9198,-24.0567,-11.6157,-2.094500509,0.271000816,0.2,-4.7,0.02,0.04,0.03,-3.8,0.256858768,4,32.5984,0.417752576,0.05281,-2.210115024,1315.55,-9.207077758,5.094,12.075,-1,-1.060553057,0.077207741,4.9,1,125.2,75.5,63.9,-16.3754,20.5284,15.1248,-0.16887705,-0.33366764,14.2,16.2,-31.4749,-7.609750952,0.05281,1.530426898,-1315.55,11.50128816,0.654,-12.26,-2.4
2023,Region 4,Second Round,2023 Marquette,2023 Michigan St.,2,7,0,5.2,5.9,5.401564094,5.1197,0.057569777,0.2,1.4,-2,1,-0.55,-0.52,-0.85,-0.51,4.2,3.7,-19.8,-29.4,4.1,8.2,-11.3,3.1,2.2,8.7,-13.6,4.8,4.3,11.1,22.6182,23.95876415,7.9,10.2,3.3,0,-1.5,-0.5,1.3,6.8,-0.7,7.5,3.3,8.9,2.5,-1,-5.1,15.9211,15.57532644,0.5,-2.3,4.3,6.4,-3.2,6.4,4.7,-1,-1.5,3.2,-0.7,4.1,5,6.8,-130.9,-88.8,-89.5,23.5035,-22.9397,-11.2829,0.749258631,0.217850995,4.7,-8.3,-0.04,-0.03,-0.03,-0.51,0.902532056,3.7,39.8587,-0.169209785,-0.32521,-2.128040103,-216.39,-11.0875666,-7.593,12.78,2,0.66075111,-2.254214131,6.8,-6.8,130.9,88.8,89.5,-5.801,12.1044,11.6016,0.897028734,0.154449944,12.4,19.5,-31.9884,0.107770427,-0.32521,2.048249174,216.39,10.3002074,-12.53,-8.56,-4.1
2023,Region 2,Second Round,2023 Auburn,2023 Houston,9,1,0,-15.3,-6,-6.99236574,-11.3712,-0.082540767,-10.5,-3.4,1.6,1.1,0.15,1.63,0.64,7.55,3.9,4.4,-20.9,-28,4.7,6.4,1.8,-8.3,-2,11.1,-7.7,-3.4,-6.5,2.5,23.1212,22.91382021,7.1,7.9,3.6,1.2,-0.3,3.9,5.9,1.4,7.1,9.9,5.6,8.1,3.6,-8.2,-8.4,23.1462,23.91196495,7.1,6.3,5.7,1.4,-10.6,4,-5.1,5.1,7.8,5.1,11.2,8,5.2,-9.6,-125.3,-70.2,-61.1,18.07,-28.4865,-20.2755,1.83160083,0.522929692,-0.6,-12.3,-0.07,-0.09,-0.06,7.55,-1.692706392,4.4,27.9724,4.653245746,1.08984,-2.350953427,754.5,-5.544885758,-1.49,8.69,-1,0.03661601,-2.008173598,9,9.6,125.3,70.2,61.1,-10.4936,15.5711,11.678,0.210805743,0.366465961,7.1,11.9,-34.1377,-4.476996924,1.08984,2.144362817,-754.5,6.495458924,-3.972,-11.83,-0.2
2023,Region 2,Second Round,2023 Indiana,2023 Miami FL,4,5,0,0.4,4.4,-0.233435761,2.4438,0.021302882,0.7,1.3,1,2.5,1.8,1.07,-0.1,5.14,-0.5,-0.6,-36,-27.2,4.9,4.8,7,-11.9,-2.1,-3.3,-0.3,3.6,5.6,10.7,11.332,11.1476798,2.5,1.4,3.4,-3.3,6,1.2,-1,1,5.1,-0.1,2.8,0.2,3.3,-11.1,-6.3,20.9409,21.44334323,7.7,9.2,3.6,7.1,-0.6,-0.1,-4.1,3.5,1.5,7.8,10.9,4.1,3.4,7.4,-132.3,-83.1,-85.2,19.6118,-17.4237,-15.8137,-0.907107863,0.830578682,-10.2,-10.1,-0.05,-0.07,-0.05,5.14,-3.350212479,-0.6,35.8931,1.312434883,0.74155,-2.205941504,488.37,-10.2622787,7.516,11.22,-1,-1.066346958,0.111600679,5.1,-7.4,132.3,83.1,85.2,-14.5348,18.8838,12.5892,-2.196055429,-0.273728837,4.9,11.4,-37.3899,-3.849130494,0.74155,2.440795274,-488.37,6.770089242,-18.741,-12.655,4.8
2023,Region 2,Second Round,2023 Xavier,2023 Pittsburgh,3,11,1,9.4,7.8,5.610506955,8.4267,0.130753311,5.1,6.4,-1.6,-2.8,1,0.3,0.23,-1.24,3.8,3.1,-28.9,-21.7,-1.5,4.8,3.5,-8.3,-1.5,4.7,5.2,-9.9,12.2,11.4,15.46,17.0771602,6.4,5.4,6.1,0.4,0.2,-0.8,3.6,10.9,-2.3,0.7,4.6,6.8,6.4,-4.5,-3.3,15.499,14.07653141,2.8,4,0.1,3.7,5.3,0.1,-5,0.2,2.1,-8.3,1.5,3.8,0.2,8.4,-132.9,-84.2,-79.1,13.3271,-17.6731,-14.455,-2.7553608,0.389285765,-4.7,-12.5,0.03,0.06,0.06,-1.24,0.534678273,3.1,37.3864,1.256745457,0.25173,-2.107713405,640.12,-7.730619825,32.096,13.3,2,-0.086921656,-1.10335321,-0.8,-8.4,132.9,84.2,79.1,-9.1161,14.6386,5.883,4.556991637,0.367875996,3.6,16.8,-36.2912,-3.685679345,0.25173,1.957025505,-640.12,11.48597717,-8.308,-13.14,1.2
2023,Region 2,Second Round,2023 Texas,2023 Penn St.,2,10,1,7.7,0.8,6.208213829,9.534,0.089860865,-1.3,-0.3,0.6,4,-0.16,0.58,-0.21,8.1,5.8,4.2,-27.5,-17.2,3.2,4.7,-1.6,-3.1,1,8.8,3.6,-12.3,5.1,10,14.791,14.66934431,3.5,5,0.6,4.8,5.6,-3.4,3.2,1,0.5,-0.2,5,2.5,2,-2.6,-9.3,24.8154,23.83595942,7.7,6.3,5.8,1.4,-13.1,9.1,10.6,4.4,-2.3,-4.1,2.6,9.9,6.3,5.2,-133.9,-98.4,-86.7,17.0055,-20.357,-13.3333,-0.819800325,0.305208059,-17.8,-28.3,-0.01,-0.04,-0.01,8.1,1.302424391,4.2,37.3497,1.988381405,0.34682,-2.464517958,-53.04,-14.95401541,9.573,12.61,-3,-1.099912228,-4.071372555,4.9,-5.2,133.9,98.4,86.7,-4.7571,13.2677,5.2971,5.674602116,0.508216912,6.8,29.8,-35.9949,4.393821554,0.34682,2.526706236,53.04,9.011938131,-9.236,-8.46,-6.7
2023,Region 3,Second Round,2023 Arkansas,2023 Kansas,8,1,1,-6.4,-0.8,-9.69706771,-4.5069,-0.024589794,-9.1,-4.2,-1.3,0.2,1.26,0.15,-0.05,7.92,0,0.5,-36.7,-35.8,5.8,3.9,3.7,-7.6,-2.2,1.1,2.2,-3.3,-4.1,2.1,21.1219,19.24469495,4.9,6.6,0.5,-3.3,7.6,1.9,2.2,3.4,6.1,9.5,7.1,3.2,0.3,-4.6,-2.7,20.6423,20.90976255,5.9,6,3.8,0.3,-9.1,2.9,-0.2,15.3,3.2,-6,7,2.6,3.6,-2,-123.6,-84.6,-61.3,21.5227,-23.6435,-15.6869,3.915965262,0.67659062,-10.9,-6.3,-0.02,-0.05,-0.03,7.92,2.296081836,0.5,31.7982,2.084682639,0.10625,-2.451002301,1160.64,-9.125297811,-6.619,10.955,0,0.058412793,-1.973312119,6.2,2,123.6,84.6,61.3,-15.3779,18.3525,9.2859,3.870070059,0.121739327,4,2.5,-32.316,0.246749779,0.10625,2.303409023,-1160.64,6.846831171,-7.404,-10.43,1.9
2023,Region 3,Second Round,2023 Connecticut,2023 Saint Mary's,4,5,1,7.7,3.9,1.629501373,3.4726,0.01691584,-4.2,-1.3,-1.8,-0.9,0.19,-0.11,-0.2,10.39,5,4.9,-26.2,-32.7,8.8,0.1,-9.7,9.7,1.6,-5.6,12,-6.4,11.4,6.8,27.8634,29.77999377,6.8,7.8,2.9,0.2,1.1,0.1,17.4,26,2.8,-1.1,10.8,-2,3,1.7,-2.8,19.4014,19.2356755,7,5.2,6.7,-4.5,-7.5,3,-6.9,7.3,1.6,4.9,3.5,3.7,6.4,-1.8,-126.3,-79.7,-68.4,16.3124,-18.5142,-6.2069,0.027676402,-0.082415337,-0.7,-9.7,0.02,0.02,0.03,10.39,-0.618710404,4.9,33.2615,7.173488694,-0.02057,-3.088952648,1176.6,-8.939216336,17.556,13.34,1,0.809764926,1.179321197,-4.6,1.8,126.3,79.7,68.4,-9.2339,21.7871,8.0864,0.152338453,0.134427709,1.4,11,-33.317,-8.43007235,-0.02057,2.525239027,-1176.6,6.997854993,0.358,-12.115,-4.5
2023,Region 3,Second Round,2023 Gonzaga,2023 TCU,3,6,1,-0.4,3.3,4.403072168,6.2468,0.05279183,1.4,4.2,-1.7,-2.7,0.53,0.88,-0.08,-13.32,0.6,0.1,-32.2,-31.2,-1.1,1,1.4,-2.4,-1,-10.7,1.6,9.1,9.6,9.4,29.7013,29.22142625,10.7,9.9,8,-0.9,4.5,7.3,0.4,-5.2,-1.1,2.9,10.3,7.5,6.7,-8.9,-6.3,12.6723,11.82419316,-1.5,0.7,-4.4,-3.4,7.2,1.7,-6.4,13.3,6.9,0.9,0.8,-4.1,-4.2,8.2,-127.6,-79.8,-75.5,14.8492,-16.0215,-11.995,-1.609837091,0.092632461,-4,-9.1,0.03,0.01,0.05,-13.32,-2.479810221,0.1,38.5272,2.914478879,0.62221,-1.954420015,803.11,-7.096086713,19.784,13.06,2,1.731586544,3.640233305,-0.2,-8.2,127.6,79.8,75.5,-19.3868,24.2632,16.003,-2.663457863,-0.711227764,0.8,6.3,-32.5354,-0.867050191,0.62221,2.99600825,-803.11,10.34868175,-20.552,-12.155,2.6
2023,Region 3,Second Round,2023 UCLA,2023 Northwestern,2,7,1,10,8.8,6.799229488,12.8002,0.10154325,-4.2,-0.4,-8.7,-5.3,-0.72,-0.91,-0.46,2.32,1.9,1.4,-28.5,-19.5,1.3,3,9.9,-12.9,-1.8,0.9,1.4,-2.2,-1.4,6.5,21.1963,21.46641547,2.5,3.8,0.8,4.5,-4.5,6.4,6.4,-10.1,1.8,-3.8,5,5.5,1.1,14.7,2.5,21.2687,19.24516514,0.4,-0.3,1,5.4,2.1,8.8,-0.7,3.7,7.2,10.3,2.3,-3.5,1,-6.7,-124.6,-83.1,-84,15.1132,-21.1657,-17.6168,-3.054858422,0.563348167,-10.7,-17.5,-0.06,-0.07,-0.06,2.32,-0.429001863,1.4,31.9151,7.702875556,-0.59416,-1.968735451,-215.95,-6.531766305,-8.368,10.555,0,-0.01817125,2.491787767,7.9,6.7,124.6,83.1,84,-8.6712,21.3232,13.5722,-5.238727544,0.033226332,3.4,19.3,-27.6592,-1.875052968,-0.59416,2.480380916,215.95,7.723122777,25.833,-6.735,-12.2
2024,Region 1,Second Round,2024 Northwestern,2024 Connecticut,9,1,0,-32.4,-17.5,-10.12808313,-16.3039,-0.113278153,-4.4,0.1,8.1,4,-0.83,-1.1,0.08306,-3.48,-1.6,-0.9,-30,-22.2,1.6,-5.2,1.7,3.5,-5.8,-4,6.9,-2.9,-8.4,0.9,22.2431,22.22376584,8.1,6,7.5,2.6,-2.6,2.9,-1.1,13.6,1.6,3.6,7.4,6.1,7.8,-26.8,-18.4,25.879,27.11550051,5.5,8.2,0.8,2.2,-6.1,3.9,-8.3,5,3.9,4.1,7.2,2.1,1.3,7,-136.8,-82.8,-64.9,3.674,-14.2278,-8.4392,-1.626930127,-0.222809846,-11.1,-18.8,-0.02,0.01,1.42E-14,-3.48,-2.006191472,-0.9,37.2306,0.399331286,-0.72547,-2.889936749,1134.08,-6.346925077,-19.498938,11.085,-1,-0.239355376,2.838490866,9.3,-7,136.8,82.8,64.9,-24.4848,18.2164,10.0399,-1.574158199,-0.155974625,-6.3,-0.6,-39.4929,-1.923111458,-0.72547,2.34489557,-1134.08,8.904839848,-64.786944,-17.62,8.4
2024,Region 1,Second Round,2024 Yale,2024 San Diego St.,13,5,0,-5.3,-5.3,-4.885102288,-10.22643,-0.139591203,-3.5,-2.5,-3,-1.2,0.64,-0.2,-0.93216,-6.47,-1.4,-1.5,-24.2,-20.8,-1.5,5.2,-0.4,-4.9,-2.5,0,-3.5,3.5,1.4,-2.4,16.9771,15.33595933,5.1,4.2,4.1,0.6,-6.4,3.9,0.4,4.7,1.1,0.1,1.8,5.5,4,-1.6,-3.1,12.195,11.3419771,0.1,2.8,-2.7,-0.9,8.5,0,-8.7,-6.5,3.3,-3.7,1.5,4.2,-3,-1,-135.9,-86.9,-73.3,10.6546,-21.523,-15.417,-2.177580698,0.234684733,-2.4,-20.5,-0.05,-0.04,-0.02,-6.47,0.102533517,-1.5,35.4217,2.148759774,-0.1402,-2.577782976,781.05,-7.545410929,-6.845174,10.885,1,0.537763631,-0.00423454,-3.8,1,135.9,86.9,73.3,-11.6759,19.0704,15.2125,1.509352207,-0.147679619,5.7,23.7,-33.784,-6.047307664,-0.1402,2.408649391,-781.05,9.008461839,-10.91336,-13.515,-1.5
2024,Region 1,Second Round,2024 Illinois,2024 Duquesne,3,11,1,15.7,11.1,7.658206755,14.61645,0.168476674,5,3,-6,-1.9,2.3,0.54,0.577,-5.99,3.7,3.6,-24.4,-32.4,2.3,2.4,-3.6,1.2,-2.6,-0.3,11.2,-10.8,13.7,12,28.0038,27.14568094,5.8,6.3,3.2,3.8,2.5,4.4,6.2,-7.9,-3.2,3.2,11,-5.7,3.1,4.9,-1,5.355,6.2515966,2.1,3,-0.4,-0.3,6,-5.2,-3.8,11.2,4.4,-6.2,-5.2,8.3,-0.2,-0.1,-135.6,-77.8,-66.7,14.6073,-19.071,-12.0354,2.440818561,0.087097947,0.8,-11.9,-1.42E-14,0,0.01,-5.99,0.308913593,3.6,35.5362,5.938280263,0.38052,-2.219292933,1220.66,-6.886407622,48.757176,14.275,1,1.80865749,-4.555092586,-1.7,0.1,135.6,77.8,66.7,-10.262,17.8135,5.3948,4.644068275,0.325002661,12.6,15.3,-34.9365,-3.197930878,0.38052,3.132758097,-1220.66,11.03822398,18.251552,-11.58,-5.9
2024,Region 1,Second Round,2024 Iowa St.,2024 Washington St.,2,7,1,9.3,7.3,4.442160126,10.5021,0.103134903,-4.1,-0.9,-6.2,-3.4,-1.73,-1.11,0.92047,0.27,1.5,2.6,-36.5,-23,1.5,-5.6,5,0.6,-2.9,-13.8,0.6,13,-0.1,3,16.6497,16.47499661,4.6,4.8,2.9,-3.8,3.4,0.2,6.7,13.7,4.2,10,12.5,-0.2,3.3,4.9,4.2,26.2837,25.16354664,5,5.7,2.5,-1.1,-3.5,9.6,-3.5,-13.2,3.5,-5.3,-2.2,6.6,2.4,-1.6,-126.6,-81.2,-64.3,8.9868,-15.1219,-9.6439,4.400556944,-0.155744996,-17,-17.3,-0.04,-0.05,-0.07,0.27,2.462227758,2.6,35.3724,3.718404418,-0.72265,-2.678803853,1088.65,-7.536820185,9.914572,13.44,1,-0.946067493,0.055789571,3.1,1.6,126.6,81.2,64.3,-21.0193,27.032,20.0462,4.584994313,-0.779418164,10.6,24.9,-30.1166,-6.562880946,-0.72265,2.074273412,-1088.65,8.322301439,21.917224,-9.965,-0.7
2024,Region 2,Second Round,2024 Texas A&M,2024 Houston,9,1,0,-21.9,-12.6,-10.01136722,-15.611,-0.137891616,-6.5,-2.3,3.3,2,1.26,0.97,0.28968,1.6,3.2,2.3,-21,-18.5,-0.2,9.2,-6.8,-2.4,-0.2,6.2,-14.3,8.1,-7.7,-0.6,28.8517,29.80648772,1.4,3.6,-1.6,3.9,-0.8,10.5,11.7,-15.7,1.5,-4.9,-1.4,3.5,-0.8,-14,-12,18.9753,18.88221855,-0.4,-1.1,0.8,-1.3,-1.3,3.2,-8.9,-10.8,2.5,5,7.7,-1.1,1,-10.8,-130.5,-63,-61.7,11.696,-29.8468,-16.9838,-2.902887756,0.296980291,-1.2,-17.6,0.02,0.02,0.02,1.6,-3.539930836,2.3,25.1212,8.656096699,0.61244,-2.369404498,754.6,-5.648187511,-13.182095,9.955,-1,1.054468793,-0.955957727,7.1,10.8,130.5,63,61.7,-9.5563,17.1338,16.9174,-2.840313179,-0.026666639,11.5,28.6,-34.458,-9.880262122,0.61244,2.171695033,-754.6,9.532910307,-29.526668,-13.215,2
2024,Region 2,Second Round,2024 Duke,2024 James Madison,4,12,1,15.2,9.4,2.144176395,11.9766,0.154383006,5.8,4.4,-5.8,-2.9,0.95,2.39,-1.31257,-7.55,-3.3,-2.9,-27.5,-26.4,2.9,0.6,-2.6,2,-0.6,-8.1,11.2,-3.1,15,11.8,20.868,20.0334916,8.5,5.6,9.1,-0.9,-1.3,5.5,4.2,11.8,0.9,4,6.1,1.2,8,1.3,-2.4,16.9084,15.12358162,5.4,5.1,3.9,1.5,6.6,2.2,-6.1,3.6,-4.2,5.6,4.4,-3.2,4.2,5.3,-134.3,-82.7,-69.3,14.2357,-17.7026,-10.819,-0.414009688,0.026329824,2,-7.3,0.01,-0.01,-0.01,-7.55,1.863085234,-2.9,36.753,5.1508742,1.6318,-3.297904878,861.25,-11.87415525,16.252861,13.41,2,0.326042028,-0.389033686,-3.2,-5.3,134.3,82.7,69.3,-16.5357,21.3806,10.0574,-2.310548694,-0.131839914,-0.4,8.1,-37.7842,-4.78604455,1.6318,2.770262462,-861.25,8.915657834,-13.597594,-13.95,-3.7
2024,Region 2,Second Round,2024 Oakland,2024 NC St.,14,11,0,-10.9,-9.2,-3.828885646,-10.23832,-0.215782482,-3.1,-2.2,0.7,1.1,-0.54,-1.67,-0.87345,1.42,-0.7,-1.2,-23.9,-25.8,-0.1,-7.4,2.9,4.6,2.9,-5.6,-2,7.6,1.4,1.9,7.265,7.571456,1.6,2.3,0.2,2.6,-1,1.7,1.3,4.9,0.2,1.6,3.5,4,2,-11.5,-11,8.608,8.5256918,0.1,-0.4,0.7,-0.1,5.7,2.6,0,-16.3,1.3,4,2.3,-4,0.5,3.9,-135.9,-82.9,-77.9,7.4787,-14.7383,-9.775,-0.540915327,-0.306752462,-8.3,-24.3,-0.03,-0.05,-0.01,1.42,2.751952852,-1.2,34.7993,1.718648412,-1.13863,-3.129357976,962.84,-9.83779549,-3.936818,12.195,-1,-0.067348941,1.381908947,0.5,-3.9,135.9,82.9,77.9,-10.7824,19.6381,15.5797,-2.514761503,-0.280837215,11.2,25.7,-35.7019,-5.789684122,-1.13863,1.759340878,-962.84,11.54333838,-36.938915,-11.915,0.5
2024,Region 3,Second Round,2024 Utah St.,2024 Purdue,8,1,0,-14.1,-11.2,-7.534270657,-14.0043,-0.150742873,-2.5,-1.2,3.9,4.1,-0.8,-2.57,-0.06833,-3.98,0.1,0.9,-29.4,-28.3,4.2,15.1,-11.9,-3.2,-5.4,6,-7.8,1.8,1.6,3.1,19.7444,19.87909816,6.4,9,0.7,-1.2,17,-1.7,3.8,1.3,5.1,-5.2,0.5,8,1,-14.1,-14.2,24.488,25.764243,6.4,0.1,11.8,0.1,12.4,-0.1,-12,15.5,3.7,-1.2,6.8,-2.5,10.7,7.4,-137.4,-84,-63.8,25.4121,-27.083,-14.288,-4.195090463,0.662374376,-7.9,-12.7,-0.01,0,-0.01,-3.98,4.947207182,0.9,38.2843,1.491595827,-1.75762,-2.046414131,1859.88,-9.672688444,2.924832,13.505,-2,-0.383519038,0.22278043,1.5,-7.4,137.4,84,63.8,-16.1332,12.6303,11.6407,2.743103431,-0.047511758,5.4,9.4,-38.4944,-7.041446123,-1.75762,2.498209472,-1859.88,8.374587236,-35.102127,-17.395,-0.1
2024,Region 3,Second Round,2024 Kansas,2024 Gonzaga,4,5,0,-8.8,-4.8,1.381932776,-2.3385,-0.005354781,-4.2,0.6,0.8,-0.5,1.19,1.36,0.7915,2.73,-0.2,-0.2,-33.4,-27.5,4.5,3.8,3,-6.8,0.5,-8.1,-1.5,9.7,-0.6,3.3,13.9491,15.62214153,6.1,9.7,-0.7,0.2,7,0.1,-1.9,18.3,4.7,0,9.7,9.4,-0.5,-9.4,-8.2,26.8412,27.23107856,9.1,13,1.7,2.7,3,2.8,-6.9,1,3.1,3.5,11.9,10.6,1.6,5,-136.3,-87.8,-81.4,18.4706,-20.64,-14.1066,-1.373468311,0.521650403,-12.4,-13.7,0.01,0.03,0.01,2.73,-1.062596638,-0.2,35.9469,-4.698453466,0.94852,-2.900466494,500.21,-9.147055711,7.073898,10.465,-2,-1.319361321,-0.696422729,3.9,-5,136.3,87.8,81.4,-18.0023,20.8181,15.4834,0.475234611,-0.502050418,12.9,23.8,-39.9588,-3.580075366,0.94852,2.357580893,-500.21,8.269718807,-9.166998,-14.4,1.2
2024,Region 3,Second Round,2024 Creighton,2024 Oregon,3,11,1,7.1,2.5,3.051180285,9.9701,0.11538965,5,4.9,-4.6,-3.3,1.67,2.3,1.27638,-11.3,-0.6,-0.2,-14.9,-36.1,5.8,-3,-8.6,11.6,-4,-4.8,13.2,-8.4,12.5,6.4,19.485,20.40127526,6,9,1.8,5.9,-8.3,2.6,-1.2,8.5,-0.7,-2.3,7.8,6,1.9,-2.5,-4.2,17.3443,17.34216548,5.4,7,1.4,-7.2,16.1,-3.6,-4.1,9.8,0.7,11.4,7.7,1.8,1.5,7.2,-140.8,-93.7,-94.2,16.9825,-13.5479,-6.1739,-2.251206485,-0.195692168,-1.2,-19,0.02,0.02,-0.01,-11.3,-1.650187034,-0.2,40.021,-2.26225086,1.56144,-2.711491346,569.8,-9.159549319,50.003066,13.655,1,0.15139485,4.028786488,-6.1,-7.2,140.8,93.7,94.2,-13.6015,19.5317,6.6189,-4.638124603,0.059467976,15.2,18.4,-38.1304,-3.855916995,1.56144,3.244960583,-569.8,10.46049122,10.855436,-10.875,-1.7
2024,Region 3,Second Round,2024 Tennessee,2024 Texas,2,7,1,7.9,3.4,4.941162036,7.5673,0.048457927,0,1.6,-5.3,-1.5,-0.09,-0.29,-0.48295,-4.49,2.4,2,-26.3,-23.7,2.8,-3.4,-4.9,8.4,-8,1.9,-8.1,6.3,7.3,6.9,16.905,16.99806881,2.5,4.2,-0.6,3,-0.7,4,2.4,14.1,4.6,-1.2,3.7,2.9,0.8,-0.8,-3.5,27.4701,26.94790906,8.3,9.1,4.7,5,-5.4,2.3,-1.9,7,3.7,2.7,14.6,5.9,4.3,-0.4,-131.3,-78.5,-64.5,10.3507,-16.5143,-7.6064,-1.229720524,-0.30172439,-1.3,-8.2,0.03,-0.02,0.01,-4.49,1.649992116,2,34.495,-0.974248576,-0.19518,-2.43194041,1162.79,-7.629288587,16.059027,12.775,0,-1.125155213,0.976600273,-0.4,0.4,131.3,78.5,64.5,-15.4657,19.6566,15.9228,0.314309565,-0.3466173,6.3,16.1,-34.4664,-2.073542506,-0.19518,2.764572547,-1162.79,6.635638498,-9.641902,-11.075,-2.7
2024,Region 4,Second Round,2024 Michigan St.,2024 North Carolina,9,1,0,-4,-5.8,-7.178730701,-4.611,-0.033044447,-6.5,-2.5,-0.6,1.7,0.08,-0.25,-0.73615,8.46,-5,-5.1,-33.7,-22.8,4.9,2.7,2.6,-5.3,-1,-7.7,2.2,5.5,-1.3,2.3,20.6102,20.35827209,5.1,4.5,4.5,-3.8,1.6,0.2,6.4,19.4,2.4,-3,12.1,-2.7,4.1,-1.8,-8,24.0698,24.28711146,3.3,3.2,2.6,4,4.2,4.3,-4.1,-3.4,2.5,2.1,-1.2,4.6,3.3,-2.8,-137.3,-85.1,-72.4,14.1183,-19.8338,-13.2672,-1.313734372,0.418563833,-19,-22.6,-0.01,-0.04,-0.05,8.46,0.026849786,-5.1,35.9431,3.57044883,-0.21522,-3.386715259,1122.5,-8.731866861,-13.396325,11.77,0,-0.319990913,-1.563813759,3.6,2.8,137.3,85.1,72.4,-13.0273,22.2241,15.0785,1.058055757,-0.370265508,5,20.7,-34.1888,-5.679828733,-0.21522,2.462655239,-1122.5,7.578195138,-16.99718,-12.675,-6.2
2024,Region 4,Second Round,2024 Alabama,2024 Grand Canyon,4,12,1,11.3,6.6,1.859974897,8.5685,0.141076126,2.2,2.9,-0.8,-1,0.11,2.04,-0.00711,7.16,4.9,4.5,-19.6,-27.2,4.7,-2.4,-9.9,12.3,-0.6,-4.8,3.6,1.1,13.8,9.5,26.0377,25.66503149,10.4,13.2,3.9,7.6,0.4,3.9,5.3,3.5,3.1,0.1,14,-0.2,5.2,-2.1,-2.9,10.359,10.1584489,2.1,1.2,2.5,1,5.7,-2.2,-4.7,0.1,1,-1.4,-3.1,5.5,1.8,4.1,-130.7,-71,-45.1,10.0088,-15.1011,-5.8773,-0.724953011,-0.330277964,17.3,0.5,-0.06,-0.08,-0.07,7.16,1.386535658,4.5,36.5261,3.435674188,1.5093,-2.311001859,2714.65,-6.764401684,34.297683,13.465,2,0.736211211,0.741975592,-4.3,-4.1,130.7,71,45.1,-15.3717,19.7638,13.3141,2.410157688,-0.187093562,-3.8,3,-34.9284,-6.053740691,1.5093,2.866747973,-2714.65,8.432274451,-5.291781,-16.085,-0.8
2024,Region 4,Second Round,2024 Baylor,2024 Clemson,3,6,0,-1.3,-2.7,3.431336368,5.3683,0.032359211,3.2,1,1.1,3.9,-0.21,0.3,-0.49015,-4.31,-0.8,-0.5,-21.1,-24.3,6.2,1,1.2,-2.2,0.7,-4.4,8.8,-4.5,8.8,8.4,22.001,22.99741624,6.9,6.3,5.4,-0.4,9.3,-4.1,9.9,9.8,1.7,5.6,14,-3.3,6.4,-7.9,-11.2,17.241,16.7524057,2.6,2.5,1.9,6,-0.3,2.2,-0.6,0.5,1.4,5.5,-1.5,1.7,1.7,9.5,-136.7,-84.9,-66.8,16.1642,-17.0151,-12.1304,2.170626279,0.23902331,-1.8,-14.4,-0.04,-0.03,-0.06,-4.31,3.469362816,-0.5,38.782,7.709405046,0.19315,-3.101252981,1787.42,-8.226451665,14.244862,16.63,2,0.47139886,2.2106489,-0.4,-9.5,136.7,84.9,66.8,-17.4024,19.3138,9.5715,-1.429108089,0.025462231,10.2,22.1,-37.5412,-1.581971272,0.19315,2.042818215,-1787.42,10.49034603,-28.184281,-13.425,-3.3
2024,Region 4,Second Round,2024 Arizona,2024 Dayton,2,7,1,12.2,2.3,2.531636679,9.3261,0.095589827,0.7,0.7,-1.5,1.7,1.1,0.88,-0.05594,5.01,8.8,8.1,-27,-17.3,7.9,17.2,-10.5,-6.7,-5.8,-2,8.5,-6.4,14,11.3,19.82,20.9628067,7.1,6.4,5.4,-1.4,14.9,-0.4,7.3,8.4,-1,1,3.2,-1.9,4.6,-2.7,-8.9,24.1008,24.47395133,7.9,5.9,6.8,2.3,11.5,2.3,-3.8,5.7,2.7,5.5,8.1,-2.3,7,8.2,-134.3,-84.7,-78.6,27.638,-26.6446,-15.0436,-0.19622874,0.909043472,-4.9,-11.9,-0.01,-0.03,-0.01,5.01,3.197385346,8.1,37.9653,4.049441966,0.68621,-2.398452782,1134,-7.865429806,32.62983,13.445,-1,-0.535874894,0.425761017,-2.7,-8.2,134.3,84.7,78.6,-18.9157,18.9953,7.7552,-1.730878102,-0.035417481,3.9,18.4,-38.3719,-3.353748875,0.68621,2.252347032,-1134,10.02887313,-7.308007,-13.84,-6.2
2025,Region 1,Second Round,2025 Creighton,2025 Auburn,9,1,0,-18.8,-11.3,-9.65461086,-16.3398,-0.10030424,-2.2,0.6,3,3.1,0.46,2.04,-0.14717,-5.51,-1.3,-0.7,-16.2,-24.2,10.4,-4.6,-9,13.6,-6.8,-3,8.4,-5.5,-1.7,1.4,23.542,23.3371707,9.8,13.3,4.7,-0.2,-10.7,-0.7,-3.4,23.2,3.2,4.3,14,7.7,4.7,-16.2,-12.6,30.2123,31.2569804,8.7,10.3,4.1,2.6,16.6,-1.7,-7.1,12.2,5.6,4,8.3,7,3.3,4.5,-139.4,-81.3,-81.9,21.7161,-17.8966,-7.9101,-0.017762771,-0.258765018,10,1.6,0.04,0.05,0.04,-5.51,-4.328592521,-0.7,36.3042,-4.026996942,1.37886,-3.744354892,580.19,-5.485632426,-6.919817,11.32,-3,-0.55818485,-2.806466938,3.1,-4.5,139.4,81.3,81.9,-17.3822,18.644,9.145,0.109511661,-0.092410131,5,12.8,-42.0352,-4.150775408,1.37886,2.460518925,-580.19,8.147948193,-47.08498,-13.785,3.6
2025,Region 1,Second Round,2025 Texas A&M,2025 Michigan,4,5,0,-0.1,-1.4,-1.38067599,1.8076,-0.0019384,-5.7,-2.3,-4.1,0.3,-1.67,-3.69,0.69987,10.2,-3.1,-3.4,-23.5,-10.5,1.6,11.2,-9.8,-1.4,1.3,-9.7,5.5,4.2,-3.6,1,22.4918,21.1682037,1.2,2.1,-0.2,-3.5,13.2,-2.2,12.2,2.8,6.4,1.3,0.4,-3.7,-0.1,2.4,-2.6,23.8678,22.9190673,6.3,11.2,0,-4,-0.3,-0.1,-5.4,-6.3,-5.5,14.3,6.6,8.2,-0.1,-3.5,-126.3,-67.2,-59.5,16.811,-28.9011,-15.4833,1.492407635,0.372278256,-4.2,-18.2,0.06,0.08,0.06,10.2,-1.11486249,-3.4,30.263,7.306908119,-2.57843,-2.188672725,2014.61,-9.782023561,-0.068952,11.94,1,-0.141039719,-4.161464656,4.6,3.5,126.3,67.2,59.5,-17.5513,24.5701,16.8714,-4.890160721,-0.293064601,-13.1,5.6,-33.5044,-3.622776071,-2.57843,1.237539392,-2014.61,6.02851601,16.09632,-12.83,-5
2025,Region 1,Second Round,2025 Iowa St.,2025 Mississippi,3,6,0,2.9,2.7,0.49958271,4.907,0.04663056,-3.5,-0.5,-3.1,-1.9,1.83,1.9,-0.68281,0.02,0.2,0.5,-19.1,-19.1,-3.6,2.9,3.8,-6.6,0.7,-2.1,1.2,0.9,2.9,3.5,23.6785,22.7087672,4.1,3.5,3.1,5.2,-1,3.6,1.4,-4.4,-1,3.9,6.5,0.6,3.3,2.6,-0.8,25.4061,24.3780584,2.7,3.5,0.9,-1.2,6.7,9,3,-1.8,3.1,-7.1,0.7,4.4,1.2,4.6,-128,-83.2,-57.5,15.0287,-19.6524,-16.1206,1.244101179,0.161144044,1.4,-13.5,0.01,0,0.01,0.02,0.634532301,0.5,35.2251,3.064350793,1.3133,-2.568308505,1979.48,-7.048255431,0.47653,14.67,-1,-0.20083047,-0.57515547,0.6,-4.6,128,83.2,57.5,-12.4411,21.816,13.2376,4.438571204,-0.055242623,6,25,-33.3104,-0.176963314,1.3133,1.971866406,-1979.48,8.751647101,-2.480595,-10.225,-3.4
2025,Region 1,Second Round,2025 Michigan St.,2025 New Mexico,2,10,1,10.5,5.7,5.73183078,10.2546,0.07851479,-6.5,-4,-2.8,0.4,-0.63,0.2,-0.87739,13.27,-3.7,-5.2,-29,-26.4,4.3,-2.6,8,-5.4,-0.3,-12.4,3.4,9,5.5,3.6,22.9729,21.6316782,2,5.4,-3,11.4,2.8,3.9,9.7,2.1,3.8,4.9,10.7,1.1,-2.7,9.2,2,21.9189,19.8080775,4.7,1.5,6.2,-3.8,4.7,0.8,-6.9,-1.9,6.5,7.8,1.7,-4,6,-2.7,-130.9,-83,-56.3,15.8726,-18.1963,-15.1227,3.564841921,0.259075491,0.4,-1.5,-0.05,-0.05,-0.05,13.27,1.845741511,-5.2,32.2868,2.574057348,0.0644,-1.859154145,1513.38,-6.183978733,1.221047,13.745,0,0.065616339,-0.607242617,-1.9,2.7,130.9,83,56.3,-16.3538,26.308,18.526,-2.587461313,-0.669865835,-0.8,10.1,-34.0356,-7.822243564,0.0644,2.159269222,-1513.38,6.773800335,6.826647,-12.775,-7.2
2025,Region 2,Second Round,2025 Baylor,2025 Duke,9,1,0,-19.8,-10.7,-7.4127373,-17.0079,-0.0763764,-2.6,-0.5,4.6,3.1,-2.92,-2.96,0.78002,-3.14,-1.2,-1.1,-21.9,-13.8,1.1,-1,-0.7,1.8,-5.8,-14.1,17.2,-3.2,-3.6,0.9,31.0125,29.6514758,7,7.8,3.8,3.1,5.6,1.6,9.1,2.1,-1.4,14.2,8.7,7.2,3.2,-18.7,-11.4,28.2887,27.8793149,6.2,8.2,2.3,8.5,-1.4,4.4,-4,-1.8,-0.4,0.3,-4.9,6.7,2.7,4.6,-133,-71.5,-78,10.1916,-21.4921,-12.6344,4.311098267,-0.042626175,-8.5,-22.9,-0.05,-0.07,-0.05,-3.14,1.195301795,-1.1,33.385,7.106932396,-1.95905,-2.71590676,701.49,-8.424806954,6.766734,10.23,-2,0.429866367,-4.210796427,4.5,-4.6,133,71.5,78,-29.7347,23.1663,9.3218,2.789863417,-0.386217091,-0.6,10.9,-39.96,-2.405980698,-1.95905,1.784583289,-701.49,10.60421462,-29.390731,-15.78,7.3
2025,Region 2,Second Round,2025 Arizona,2025 Oregon,4,5,1,8.4,3.6,-0.36013756,5.5767,0.06109268,-1.8,-2.8,-2.4,1.5,0.4,-1.35,0.04321,0.84,1.6,2.1,-28,-19.5,1.1,2.8,0.3,-3.1,1,-5.7,2.6,3,6.1,4.4,26.0572,26.1890037,3.8,5.1,0.7,6.3,8.9,1.4,6.7,6.4,3.2,12.2,8.7,-1.4,2.1,0.9,-0.7,19.8182,19.2199019,3.6,5.8,0.4,4.9,4.2,0.4,-2.1,1.2,3.4,5.5,4.2,4.8,0.4,2.8,-133.4,-75.8,-73.1,17.2802,-19.266,-14.0888,5.639385283,0.21944558,-1.7,-5.5,-0.04,-0.05,-0.08,0.84,1.231182187,2.1,35.3718,2.337347702,-0.91635,-2.387863906,1375.81,-8.900193044,17.106748,13.335,1,0.608699443,-2.302831825,-1.7,-2.8,133.4,75.8,73.1,-12.6737,20.3956,14.0828,-1.587889439,-0.193451281,4.4,20.7,-35.2112,-1.835287194,-0.91635,2.228524411,-1375.81,7.663607738,3.031416,-11.93,-1.6
2025,Region 2,Second Round,2025 Wisconsin,2025 BYU,3,6,0,0.3,2.8,1.74598554,3.5818,0.00887958,3.7,3.7,-1.7,0.9,-0.32,1.02,0.67455,-10.29,0.8,0.4,-7.5,-12.6,-2.3,9.9,-11.9,2,-3.3,-4.4,12.9,-8.5,11.7,12.7,21.407,23.6053344,3,5.4,0.1,12.2,4.3,3.1,1.9,2.7,-2.4,2.8,0.6,2.6,-0.9,-7.2,-9.9,26.9614,27.371711,9.3,11.8,4.1,-1.8,2.1,-3.1,-6.7,10.6,-1,-6,5.8,10.3,3.5,9.3,-136.6,-86,-78.4,15.641,-23.1227,-12.933,0.985128298,0.12848497,2.5,-27.4,0.06,0.05,0.04,-10.29,-0.05769417,0.4,37.5456,1.08999799,0.69818,-2.073657033,863.41,-9.267397179,37.398924,13.73,0,-0.638665996,-0.53519632,1,-9.3,136.6,86,78.4,-18.4732,20.9654,8.5629,5.540656096,-0.006945721,2.1,24.5,-39.5783,-2.342206111,0.69818,2.872068467,-863.41,14.51345135,-4.210344,-14.1,-2.7
2025,Region 2,Second Round,2025 Alabama,2025 BYU,2,7,1,1.3,-1.5,5.29705018,7.5381,0.03079675,3.2,0.8,-0.9,1.3,-0.26,1.97,1.0531,-2.9,8.5,7.5,-9.4,-16.6,6.2,17.6,-17.9,0.4,-0.9,2.2,10.8,-13,10.7,5.5,25.902,28.1831254,5.7,10.4,0.2,1,10.6,0.5,8.6,1.9,1.6,5,1.5,9.4,-0.4,-9.7,-7,26.4222,27.7707143,9.3,9.8,6.3,0.1,-3.7,-4.1,-4.1,16.1,-2.4,0,8.8,6.1,6.4,12,-135,-76.7,-66.3,28.4911,-25.2061,-13.2568,0.681157879,0.504680604,8.5,-11.2,0,0.01,0.01,-2.9,0.692333522,7.5,38.4011,3.129494366,1.51388,-2.090328491,971,-9.220749205,42.702199,16.445,1,-0.142844346,0.649118671,-5.2,-12,135,76.7,66.3,-14.2726,16.3192,6.5648,2.573482776,0.365917339,0,15.5,-40.0993,-1.494347977,1.51388,2.641646745,-971,8.585106038,-6.226649,-14.7,2.7
2025,Region 3,Second Round,2025 Gonzaga,2025 Houston,8,1,0,-6.9,-2.9,-8.72190746,-8.1536,-0.04052932,-3.5,-0.9,2,3.8,0.51,1.3,0.31954,2.56,8.1,8.8,-23.4,-24.9,-1.5,5.9,3.9,-9.8,-1.3,7.8,-13.2,5.5,4.2,7.7,35.7825,35.7293935,10.8,13.9,3.5,9.2,-3.2,8.5,3.4,6.9,1.7,4.7,11.9,14.3,5.2,-6.9,-10.5,26.9531,27.4888555,5.2,-0.1,9.6,1.3,-0.4,3.6,-9.7,-4.1,7.7,-1.7,3.2,2.4,9.2,0.8,-132.3,-75.5,-78.2,14.3351,-22.0906,-18.3988,-1.662204558,0.393703426,-3.1,-17.4,0.03,0.02,0.02,2.56,-2.062935898,8.8,36.3909,0.580212386,0.86978,-2.325266221,704.94,-5.820703712,19.184104,11.945,-1,0.931496613,0.603086037,3.5,-0.8,132.3,75.5,78.2,-7.5485,15.9814,14.3878,3.641121019,0.042226431,19.6,32.9,-35.4508,-13.42598045,0.86978,3.334177038,-704.94,10.90179224,-13.312092,-12.34,-3.6
2025,Region 3,Second Round,2025 Purdue,2025 McNeese,4,12,1,9.7,7.2,5.32025889,10.1515,0.11192853,4.3,6.6,-2.3,-1.6,0.12,1.27,-1.02701,-5.13,0.8,-0.2,-15.3,-20.6,0.2,-9,17.5,-8.5,0.3,-12.6,6.6,6,12.2,13.3,23.665,25.2386707,8.8,8.6,6.3,2.1,3.2,6,-0.3,2.7,-3.5,0,16.4,8.1,5.8,2.2,-6.1,13.859,14.4093509,1.3,-3.2,4.9,-1.9,4.7,1.6,-4.8,-7.9,3,-1.2,-12.3,4.7,4,9.1,-128.8,-73.1,-67.3,4.615,-12.285,-17.0356,-1.981027979,-0.026222994,0.7,-22.8,-0.03,-0.03,-0.02,-5.13,2.764249511,-0.2,36.1772,1.356799168,0.83726,-2.075668388,1162.93,-7.670045233,12.109449,12.06,2,0.98188051,5.321277232,1.1,-9.1,128.8,73.1,67.3,-22.7891,24.5205,16.4256,3.770159786,-0.489977612,-5.6,7.7,-36.1214,-7.598936797,0.83726,2.053112658,-1162.93,17.07491653,-7.157069,-14.585,-8.3
2025,Region 3,Second Round,2025 Kentucky,2025 Illinois,3,6,1,3.8,1.4,1.64676323,0.6935,-0.00329927,1.2,0.6,2.3,1.6,-0.3,-0.43,1.97614,8.55,0.4,-0.5,-27.9,-9.6,7.1,1.4,-12,10.7,-0.3,-2.7,6.2,-3.5,9.7,6,25.7211,27.1178008,8.7,9.8,4.1,2.6,9.1,-2.5,2.4,10.9,2.5,7.6,10,2.5,3.9,-4.7,-4.7,22.1007,23.2199855,1.9,3.6,0.3,3.9,3.6,-1.8,-10.1,5.6,1.1,4.5,3.8,-2.1,0.8,6,-142.3,-83.1,-71.7,19.6723,-18.2558,-4.802,2.425982614,-0.140236706,-6.4,-10.1,0.01,-0.01,0.01,8.55,0.966979559,-0.5,40.7951,1.499761879,-0.31708,-2.770867989,1235.4,-9.898052075,55.164312,14.23,1,0.38845391,2.366341905,-3.7,-6,142.3,83.1,71.7,-17.6258,22.7498,15.5979,-2.438736183,-0.000946803,-4,23.2,-37.0926,-4.474378482,-0.31708,2.938167416,-1235.4,8.041092881,24.355138,-15.49,0
2025,Region 3,Second Round,2025 Tennessee,2025 UCLA,2,7,1,6.4,2.2,5.45331642,9.3897,0.03611852,-0.9,1.3,-8.7,-4,-1,-0.01,0.70573,-10.6,-1.1,-1.2,-12.2,-18.9,8.5,5,-3.4,-1.7,-3.4,3.6,-11.7,8.1,0.5,4.6,25.1879,24.1404473,2.3,2.9,0.8,-0.6,0.8,6.8,6.2,2.4,9.1,6.3,-0.4,4,1,4.1,-2.4,27.728,26.7256474,8.6,6.4,7.4,-3.7,3.5,1.9,-2.7,14,1.4,7.1,13.7,3.5,6.5,0.7,-127.5,-72.5,-67.7,22.5653,-23.3732,-15.6046,1.268860765,0.344225355,6.2,-12.1,-0.06,-0.07,-0.06,-10.6,-0.522841076,-1.2,33.066,2.532989147,-0.02122,-1.921569949,1465.95,-8.679183637,11.34827,13.36,2,-0.290294106,-0.09165049,4.1,-0.7,127.5,72.5,67.7,-11.0421,18.7361,18.9518,-1.291392727,-0.182096586,8.1,24.8,-34.6762,-1.684326088,-0.02122,2.559872423,-1465.95,5.532710062,22.129949,-10.42,-6.5
2025,Region 4,Second Round,2025 Connecticut,2025 Florida,8,1,0,-15.5,-9.4,-8.89309025,-16.8238,-0.09351391,-1.5,-0.7,3.8,3.9,0.21,-1.11,-0.68378,1.08,-6.3,-5.7,-20.1,-22.2,3.2,4.9,-10.2,5.3,-5.6,3.6,5.8,-9.4,-0.2,3.7,29.4905,26.8562193,10.2,11.4,5.8,8.4,-2.4,-0.1,6.8,17.6,9.3,12.8,8.7,5.6,4.9,-13,-13.1,26.01,24.572294,6.7,10.4,0.4,-1.2,-7.4,0.5,-10.7,8.2,3.4,3.6,14.5,0.6,0.2,4.1,-135.4,-70.1,-63.8,18.8534,-22.3402,-11.3578,3.600776213,0.044004668,7.6,-4.1,-0.03,-0.09,-0.05,1.08,0.618149957,-5.7,36.7105,1.297230653,-0.81795,-2.81570764,1178.04,-7.233805001,-13.479952,12.695,-1,0.527409978,-1.219711111,3.9,-4.1,135.4,70.1,63.8,-14.906,15.3596,6.8828,-2.245867381,0.264899801,-8.2,-0.6,-38.7365,-5.245194256,-0.81795,2.631649383,-1178.04,4.954529336,-39.660428,-16.725,-0.1
2025,Region 4,Second Round,2025 Maryland,2025 Colorado St.,4,12,1,13.6,7,4.39111451,9.0575,0.09903685,2.6,1.6,-7.6,-4,0.31,1.2,-0.23104,-6.78,4.4,3.8,-26.6,-21.4,4.1,5.9,-3.2,-2.6,1.4,3.7,2.9,-6.6,10.8,7.3,19.2038,19.4536651,5.3,5,4.1,7.4,-0.7,2.2,5.7,3.2,3.9,-6.4,1,4.9,4.1,1.5,-0.2,24.4375,22.7912057,8.8,8.9,5.9,3.6,5.9,2.8,0.8,13.4,1.6,1.9,10.4,5.9,5.7,5.1,-131.2,-90.1,-75.8,17.4233,-21.7714,-12.1798,-5.019912341,0.351088485,-8.4,-19,0.04,0.07,0.06,-6.78,1.496331699,3.8,37.3985,5.970033324,0.82934,-2.40273734,896.28,-11.35786048,21.270108,14.235,1,-0.582656946,1.050562251,-3.5,-5.1,131.2,90.1,75.8,-9.155,16.6955,9.5864,1.283983676,0.30104128,0.9,19.7,-35.3848,1.281945845,0.82934,2.735522013,-896.28,7.712299859,0.114315,-10.215,-1.7
2025,Region 4,Second Round,2025 Texas Tech,2025 Drake,3,11,1,8.8,7.3,3.1242029,13.9118,0.12349459,-0.4,3.3,-1.7,-2.1,-0.77,1.06,2.305641,5.01,6.9,6.9,-16.3,-29.1,1.2,-10.9,5,5.9,-2.1,-8.5,10.2,-1.6,8.5,6.9,26.8304,27.2501924,3.8,0,6.1,4.3,-6.1,7.3,8.5,10.5,0.4,3.2,1.3,6,5.5,0.6,0.3,15.3615,15.8500551,5.8,6.4,3.3,1.2,9.5,-1.2,-7.5,9.2,0.5,-14.2,5,-1.3,3.2,9,-127.1,-75.4,-58,9.7118,-12.2153,-10.2253,-1.476015337,-0.376997363,3.6,-17.1,0.01,0.01,0,5.01,-0.908821469,6.9,36.6117,5.792205875,0.60963,-2.087324755,1489.75,-10.76950365,43.3291931,15.18,3,1.103092903,0.038370489,-1.6,-9,127.1,75.4,58,-18.9642,23.3425,10.5024,6.251211995,-0.243759255,4.4,12.6,-34.7452,-4.593197075,0.60963,3.020210269,-1489.75,11.26453263,24.4033419,-14.695,-0.3
2025,Region 4,Second Round,2025 St. John's,2025 Arkansas,2,10,0,15.9,11.8,6.47726959,8.6635,0.08021436,-1.3,2,-14.4,-9.5,-0.43,-1.82,0.75052,-11.34,0,0.9,-30.2,-22.5,-1.2,1,6.8,-7.9,-5.4,1.4,-5.6,4.2,-0.8,2.4,18.6771,16.8116247,1.4,3,-1.5,-3.6,0.8,1.9,9,5.1,8,2.1,5.1,3.2,-1.3,19.7,9.4,25.415,21.6419655,6.1,8.6,1.5,6.4,5.1,5.4,1.3,-2.7,7.1,2.3,9.8,9.5,2.1,-2.7,-128.5,-77.9,-74.5,13.6669,-20.7828,-17.3544,0.884365056,0.321740866,0.8,0,-0.01,0,-0.03,-11.34,-1.432814941,0.9,32.8993,3.780083826,-1.27076,-2.427391508,448.18,-5.867410241,6.158012,11.665,2,-0.652194022,-0.383456376,3.2,2.7,128.5,77.9,74.5,-18.1688,20.4498,16.347,1.238745462,-0.239784528,-3.6,3.2,-32.3099,-0.742697088,-1.27076,2.181901207,-448.18,5.906677673,47.162321,-9.745,-10.3
2026,Region 1,Second Round,Duke,TCU,1,9,1,24,20,11.29772856,21.3131,0.14438604,-1.9,2.5,-9.1,-5.7,2.91,2.14,-0.907096,7.11,-2.6,-1.7,-17.5,-17.4,8,6.4,-12.7,6.3,0.7,-8.1,-0.8,8.9,7.3,11.2,30.1636,27.9576181,7.4,8.8,1.4,0.5,8.7,3.5,12,-1.8,0.5,1.3,6.2,1.3,1.4,16.6,8.7,26.3228,23.2096028,6.6,5,2.7,-0.9,15.2,3.3,-10.3,6.2,3.3,5.8,4.5,3.5,2.8,5,-129.4,-75.3,-64.5,26.0901,-19.5899,-9.6759,0.289185558,0.15561914,15.7,5,-0.06,-0.07,-0.04,7.11,-2.069379781,-1.7,39.0792,4.976689878,1.44924,-1.753063047,1639.64,-7.03556371,-6.516302,17.72,1,0.244722635,-0.084154552,3.9,-5,129.4,75.3,64.5,-13.9803,24.9821,19.5896,-1.290705413,-0.407991473,-2.6,14.4,-32.7389,-5.618378339,1.44924,2.282513672,-1639.64,8.580472289,7.2158424,-11.415,-7.9
2026,Region 1,Second Round,Connecticut,UCLA,2,7,1,7.7,7.1,5.22533122,6.2024,0.04973644,0.4,1.9,-1.8,-0.8,0.64,0.42,-0.11632,-1.44,0.3,-0.1,-15,-27.9,3.2,7.4,-3.1,-4.4,0.9,8.3,-8.7,0.3,11.7,8.8,19.925,21.137883,6.8,4.4,3.4,-3.7,-2.1,1.8,4.8,1.7,7.1,1.8,2,3.5,3.4,-3.8,-1.6,29.6117,29.5329892,8.4,6.2,7.9,4.8,-4.9,4.9,-4.6,10.9,-0.3,-3.4,12.3,3.5,7.9,5.8,-131.5,-73.4,-55.8,21.6214,-21.6575,-16.2998,-0.823164115,0.356809539,6.1,-12.6,-0.01,-0.01,-0.01,-1.44,0.662693916,-0.1,37.23,2.330767228,0.27422,-1.859729431,1820.04,-9.60722986,27.372034,14.515,-1,-0.846314737,-1.898995576,-2.9,-5.8,131.5,73.4,55.8,-4.237,12.4869,11.5176,4.303234178,0.245595879,6.7,16.8,-36.4801,-3.704948686,0.27422,2.279099725,-1820.04,5.838114678,-11.50766,-14.19,2.2
2026,Region 1,Second Round,Michigan St.,Louisville,3,6,1,6.6,5.5,3.44473187,2.8858,0.00701908,0.1,2.4,-2.3,-0.7,0.35,0.46,-1.08532,-2.86,-4.2,-3.8,-24.5,-1.2,5.1,0.9,1.8,-2.7,-7.1,-9.2,16,-6.8,9.2,8.8,24.4201,23.7727669,6,4.8,3.2,5.1,6.2,-0.5,13.1,18.7,0.9,-2.2,5.8,4.2,3.2,-2.5,-3.4,29.3144,29.2410541,10.7,11.7,2.8,1.8,2.9,-0.3,-11.1,3.1,1.1,-4.2,5.6,5.6,2.8,5.7,-132.4,-80.6,-60.1,20.1594,-19.6497,-13.2467,-2.380193747,0.240709807,-9.2,-14,-0.01,-0.02,0,-2.86,1.211901125,-3.8,35.1995,3.060272425,0.261,-2.333630314,2095.33,-9.375983322,0.574668,15.525,0,-0.547651595,-1.126054143,-0.4,-5.7,132.4,80.6,60.1,-23.0613,24.4904,12.0164,3.511416183,-0.216318728,-13.4,17.7,-39.3941,-4.896566206,0.261,1.744547321,-2095.33,6.804233311,-25.412264,-15.68,-0.9
2026,Region 1,Second Round,Kansas,St. John's,4,5,0,-1.5,0.3,-0.99573695,-1.468,-0.0053696,-2,0.7,-6.6,-2.5,0.48,0.91,-0.49327,-4.51,-2.8,-2,-30.6,-24.2,7.6,-7.3,5.3,2,-3.4,-11.4,3.2,8.2,-1.7,4.8,24.1703,23.4427501,5.9,3.6,3.7,5,1.7,5,1.2,6.1,6.1,4.3,9.9,-0.9,3.7,0.2,-4.5,26.1774,26.1479892,8.1,6.9,2.5,3.3,15.7,0.1,-7.6,10.2,4.1,-1.5,6.4,2.4,2.5,-4.4,-135.7,-77.8,-60.6,14.9478,-15.0632,-10.6569,1.658068288,-0.075043839,-1.9,0.7,0.01,0,0.02,-4.51,-1.971298579,-2,34.1541,2.773009761,0.61986,-3.017013726,1739.01,-7.127680463,-12.50917,11.445,-1,-0.192560878,1.08548088,6.5,4.4,135.7,77.8,60.6,-18.9575,26.2536,17.8844,1.773261912,-0.661964372,-2.6,7.6,-36.2694,-3.446324568,0.61986,2.715079167,-1739.01,5.740813284,-7.836628,-13.39,-4.7
2026,Region 2,Second Round,Arizona,Utah St.,1,9,1,20.3,7.5,9.6727153,16.8982,0.08001086,3.6,0.1,-8.8,-2.3,1.33,0.91,-0.85413,-7.17,3.1,2.5,-32.3,-22.1,3.6,3.7,10.3,-14.1,-5.3,-16.5,20,-3.5,11,5.8,26.302,24.86331,6.7,6.7,2.1,0.1,8.6,5.9,5.8,5.8,0.9,8.7,7.7,8.9,2.1,9.3,1.7,32.1119,31.3530242,12.8,15.5,3.7,-0.9,7.4,2.5,-8.8,10.9,0.5,-6,12.5,4.7,3.7,5.5,-132.4,-70.2,-56.4,17.7825,-17.3485,-17.3869,1.759839217,0.83319426,-2.3,-5.5,-0.03,-0.01,-0.01,-7.17,1.43308547,2.5,37.0061,2.733217951,0.66135,-2.711629275,1991.56,-10.11969894,9.351838,16.095,-1,-0.774296811,-1.183633279,-5.2,-5.5,132.4,70.2,56.4,-24.9585,27.126,11.2335,4.072013512,-0.455170499,-1.8,8.6,-38.5928,-2.905256562,0.66135,2.722814888,-1991.56,8.392286461,3.676281,-13.665,-7.6
2026,Region 2,Second Round,Purdue,Miami FL,2,7,1,13.8,7.6,5.33929142,10.5193,0.08123685,5,3.7,-0.7,1.3,-0.66,0.76,0.72834,2.24,-4,-3.5,-18.2,-23.3,-0.2,-5.9,5.9,0,-5.1,-18.5,5.2,13.4,20.6,14.5,30.958,31.351224,6.9,7.3,2.5,4.6,1.4,5.3,10.7,12.5,-1.3,12.6,12.5,6.6,2.5,-6.8,-6.9,20.921,20.7769543,5.5,4.1,0.5,-3.5,11.6,0.3,-10.9,-3.8,3.4,-5,1.1,-0.9,0.5,15.8,-134.2,-75.4,-74.6,12.5885,-12.2476,-10.9203,4.40397976,-0.149140608,-5.9,-21.9,0.01,-0.01,1.42E-14,2.24,1.545235383,-3.5,41.1858,2.296413415,0.45889,-1.966654154,731.68,-8.883814031,58.495412,16.985,2,-0.439307078,-0.265532247,-6.1,-15.8,134.2,75.4,74.6,-30.1412,25.3596,18.6448,1.978084374,-1.084149475,-1.6,4.8,-38.2434,-5.974024056,0.45889,2.462632903,-731.68,10.38184568,-4.523156,-16.015,-0.1
2026,Region 2,Second Round,Gonzaga,Texas,3,11,0,13.4,9.5,7.57436094,9.0673,0.09749556,-0.4,0.5,0.9,1.4,-0.09,-0.87,-0.01984,11.32,1.8,1.8,-35.7,-20.1,0.2,1.3,0.9,-2.3,-5.6,-10.9,3.3,7.5,15.6,11.9,16.053,14.565794,6.1,8.9,-2,-4.1,-7,0.2,9,10.9,0.9,0.6,8.1,10,-2,-2.2,-2.5,31.0805,29.989871,9,9.1,4.1,4,14.2,4.3,-9.1,-9.8,1.4,9.2,5.8,7.9,4.1,7.3,-136.1,-80.7,-49.2,17.4534,-14.781,-10.772,-0.558780098,0.153987793,-6.3,-3.7,-0.02,0.01,0.02,11.32,-1.841621262,1.8,41.4466,2.364318325,-0.58977,-2.743268285,2253.97,-11.97168511,42.417052,18.35,-1,-0.217967031,0.61607834,-3.7,-7.3,136.1,80.7,49.2,-21.0946,25.3121,17.6066,-1.508992714,-0.617923011,1.3,15.1,-35.3564,-7.603261949,-0.58977,2.861720278,-2253.97,8.162210159,-6.402678,-14.835,-0.3
2026,Region 2,Second Round,Arkansas,High Point,4,12,1,15,12.5,8.96983803,17.64842,0.2261762,7,6.8,-5.1,-4.1,2.19,1.84,-0.64234,-8.5,1.5,1.1,-25.2,-18.9,8,1.4,6.6,-8,2.4,-4.9,9.6,-4.7,18,15.2,19.014,19.553193,5.5,4,7,4.2,-0.1,8,0.7,1.1,2.5,7.6,9.5,-2.4,7,-3.3,-2.9,15.443,14.943581,4.2,3.4,2.7,2.2,10.7,3.3,-3.5,2.9,4.3,-4.6,0.9,-2.5,2.7,12.7,-135.9,-75.8,-59,24.1788,-17.72,-15.2008,2.901773974,0.563747311,9,7,0.04,0.03,0.03,-8.5,0.047792768,1.1,39.94,3.135607409,1.31482,-2.898726543,1771.11,-8.006451933,26.557132,16.045,1,-0.161746863,-1.592989755,-2.8,-12.7,135.9,75.8,59,-17.7733,20.2709,11.333,2.054174613,0.084258208,-15.8,-1.9,-38.0689,-2.662716386,1.31482,3.256172989,-1771.11,7.109231033,-13.467599,-15,0.4
2026,Region 3,Second Round,Michigan,Saint Louis,1,9,1,25.1,19.1,12.12545647,19.271,0.10829489,3.3,4.3,-7.4,-4,1.12,2.6,-0.17928,-1.47,-0.6,0.2,-16.6,-13.1,11.1,5.7,-5.9,0.2,-1.1,-18.7,22,-3.3,15.2,14.1,25.472,26.004716,13.1,16.4,6,1.5,5.3,-0.8,9.3,9.1,5.2,2.2,19.5,3.1,6,10.1,5.3,30.4407,29.5170397,16.4,14.6,10.3,-0.7,7.9,0.2,-5.1,13.5,0.1,3.8,8.2,1.8,10.3,6.1,-134.2,-79,-61.8,23.4563,-21.1163,-14.072,-0.52907295,0.397131302,14.1,-0.2,-1.42E-14,0.01,0.01,-1.47,-1.004532667,0.2,39.9638,3.290929853,1.87672,-2.18592848,2099.34,-9.223515879,30.080568,16.785,0,-0.675690414,0.049585364,-1.1,-6.1,134.2,79,61.8,-21.2045,27.5233,10.9109,0.928487575,-0.381250952,-12.4,14.2,-40.0638,-3.081214246,1.87672,2.495694081,-2099.34,5.591373071,18.788457,-12.815,-4.8
2026,Region 3,Second Round,Iowa St.,Kentucky,2,7,1,15.3,13.2,4.09824557,10.9398,0.07771777,3.2,3.9,-7.3,-4.8,-0.73,-0.47,1.07074,-5.82,-1.6,-1.4,-21.7,-18,0.5,4,-3.2,-0.7,-4.9,-8.3,4.7,3.6,9.8,9.5,24.7936,24.1577406,9.8,5.9,7.1,-5.8,1.6,1.8,8.2,3.2,-0.1,-0.2,8.4,-1.1,7.1,5.5,3.7,29.1129,26.4437095,5,3.9,2,1.3,8.7,7.1,-6.7,2.5,2.7,2.1,0.3,1.9,2,7.4,-129.7,-76.7,-62.1,18.9007,-19.0098,-12.0024,-1.310534497,0.13570656,0,-9.1,0.02,0.01,-0.01,-5.82,0.285933812,-1.4,39.5716,5.915544629,-0.33985,-2.116122508,1406.74,-7.327029109,37.51074,16.08,3,-0.533741752,1.324455119,-0.3,-7.4,129.7,76.7,62.1,-25.3373,24.5022,15.694,0.103239408,-0.419761336,0.7,9.4,-33.999,-3.798851797,-0.33985,2.32713317,-1406.74,10.37568654,29.714014,-12.97,-1.8
2026,Region 3,Second Round,Virginia,Tennessee,3,6,0,-4,-4.5,3.64326812,0.6849,0.00012727,-5.8,-4.4,-1.7,0.7,-0.23,-0.07,0.40245,-0.17,-0.8,0.3,-9.1,-30.8,2.8,4.7,-6.8,2.1,-4.8,-9,3.3,5.8,-1,-1.2,27.4863,27.2604145,8,6,5.3,2.3,-1.3,1.9,12,13.7,8.1,-2,3.9,4.5,5.3,-3,-3.4,25.2486,25.2942162,7.6,7.5,2.5,-6.4,5.2,-1.6,-14.9,9.5,1.7,1.3,9,1,2.5,-2.4,-132.3,-64.7,-60.3,15.9302,-21.2781,-14.1201,-3.185689825,0.122331871,8.8,-15.9,-0.05,-0.06,-0.03,-0.17,1.431345407,0.3,36.4195,5.867075757,-0.04097,-2.344024178,1536.44,-7.823407718,3.70127,14.73,1,0.226183118,3.438841815,-0.2,2.4,132.3,64.7,60.3,-18.7434,24.053,15.3247,-0.021390814,-0.632908519,2.7,5.2,-33.7276,-5.204220537,-0.04097,2.418769411,-1536.44,5.040696434,-0.285525,-13.72,-0.4
2026,Region 3,Second Round,Alabama,Texas Tech,4,5,1,3,2.4,1.4949971,0.4953,-0.00259019,-1.2,1.8,4.6,3.9,1.1,2.02,-0.06967,14.37,6.6,6.6,-11.3,-16.9,3.7,3.4,-22,18.7,1.4,12.3,0.7,-12.9,9.2,8.2,29.1781,31.0337088,8.4,6.7,4.3,7.1,5,2.2,4.5,12,4,-1.6,-1.9,6.1,4.3,-6.3,-5.9,21.766,23.296641,9.1,5,5.8,1.8,-2,-2,-5.3,8.8,-2.6,-7,7.1,6.1,5.8,9.5,-141.2,-77.8,-71.6,17.7193,-20.0889,-4.7504,-3.438517484,-0.243858084,5,-17.3,-0.04,-0.08,-0.07,14.37,-1.74974967,6.6,40.622,3.260689737,1.4486,-3.081654871,702.49,-9.628313984,17.811707,15.74,-1,-0.821438285,-1.176653215,-1,-9.5,141.2,77.8,71.6,-4.3827,9.6192,4.4775,5.798655949,0.634538799,3.3,22.5,-40.9022,-4.638144834,1.4486,3.289500535,-702.49,7.675592721,-13.757528,-14.58,0.4
2026,Region 4,Second Round,Florida,Iowa,1,9,0,12.6,6.3,6.58291086,11.3487,0.05568157,0.9,1.4,-6.8,-2.2,0.41,2.04,0.48786,-7.61,9.1,7.4,-23.8,-24.7,7.5,7.8,-5.9,-2,-3.6,-1,8.9,-7.9,7,6.7,26.2376,26.0057784,2.4,3.9,-2.9,-2.1,-1.1,5.2,14.8,3,4.1,5.2,-2.1,7.4,-2.9,5.4,-0.5,29.9996,29.7227903,11.9,13.5,3.3,4.3,4.3,1,-7.7,13.5,-0.5,6.7,14.1,7.3,3.3,7.3,-128.6,-76.3,-50.2,29.2956,-22.3396,-14.4965,1.167706944,0.475254607,9.7,6.5,0.01,0.07,0.03,-7.61,3.500690709,7.4,34.4932,3.951341272,1.48542,-2.472568808,2217.07,-13.55090545,19.204596,17.765,-1,-0.493295302,-2.374808019,-0.3,-7.3,128.6,76.3,50.2,-15.9005,17.9094,7.93,-1.309766927,0.141302471,-2.9,6,-38.3777,-3.018937472,1.48542,2.539294629,-2217.07,7.410203935,17.718438,-14.275,-5.9
2026,Region 4,Second Round,Houston,Texas A&M,2,10,1,15.3,10.3,7.40090462,14.7586,0.0967917,4.7,3.6,-9.6,-4.7,0.64,0.12,-0.80301,-12.81,-7.7,-7.7,-17.7,-12.8,-0.7,-11.8,12.5,-0.7,0.3,-8.7,14.1,-5.4,10.9,8.4,23.842,23.621698,3,-1.2,3.2,2.4,-4.5,5.7,4.9,-3.4,1,8.2,6.2,1.5,3.2,4.5,1.9,28.2528,27.6310056,8.1,8.6,4.1,3.9,-3.5,6.2,-2.6,7.8,2.5,-6.6,1.6,7.7,4.1,2.7,-130.3,-73.5,-61,9.9253,-13.5679,-14.1053,2.804029831,-0.287266039,-6.1,-20.1,-0.06,-0.04,-0.05,-12.81,-1.100584276,-7.7,36.2423,5.790522918,0.05483,-2.143574944,1440.6,-9.809157485,11.711576,13.44,0,-0.591024352,-2.537081719,-2.5,-2.7,130.3,73.5,61,-15.4714,24.3206,11.0105,5.843825936,-0.067362595,-11.5,11.6,-33.8903,-1.026685509,0.05483,2.712174086,-1440.6,7.386837172,-4.343571,-12.565,-2.6
2026,Region 4,Second Round,Illinois,VCU,3,11,1,20.5,12.7,4.84800355,14.8947,0.13206676,8,7,-6.3,-3.8,2.14,2.07,0.0141,-4.59,-3.2,-2.9,-14.6,-14,2.9,-12.1,-4,16,-3.6,-11.4,13,-1.6,18.2,12.2,28.51,28.047458,6.8,9.8,1.6,7.7,1.8,3.7,9.3,0.9,3.7,-5.1,14.6,1.3,1.6,2.2,0.5,20.7964,20.8824461,8.4,5.3,5.3,0.5,21.8,-2.2,-6.5,1.3,2.8,-2.4,-2.2,6.1,5.3,5.2,-142.5,-72.2,-68.4,7.7722,-12.0184,-5.6214,-1.933496191,-0.635253397,12.8,-9.4,-0.02,-0.03,-0.02,-4.59,0.268595614,-2.9,39.2876,4.052290815,1.35662,-2.843548057,1874.76,-7.923530106,29.828986,15.995,1,-0.312728333,-1.916091738,-6,-5.2,142.5,72.2,68.4,-19.2234,24.5781,12.8746,4.042976003,-0.312595012,-4,16,-40.0656,-6.185155098,1.35662,2.96326761,-1874.76,7.137290311,3.727256,-14.61,-1.7
2026,Region 4,Second Round,Nebraska,Vanderbilt,4,5,1,-7.7,-5.7,0.15653788,-1.3474,-0.01628892,-2.2,-1.4,-1.3,0.4,0.59,1.25,-0.09044,-4.63,-3.5,-2.1,-11.4,-7.1,-4.8,-4.3,-8.6,12.8,-2.6,-11.2,5.5,5.7,-1.3,-1,19.2445,19.2401747,7.7,9,3.1,-0.2,-10.6,4.4,-1.7,19,1.6,10.3,12,-1.3,3.1,-6.2,-4.5,34.4185,33.5272433,9.3,6.2,5.6,6.7,11.9,6.6,-4.5,-4.3,3.3,0.2,0.6,4,5.6,5.6,-132,-86.8,-68.3,8.9887,-18.0128,-7.7991,5.176297779,-0.483227577,8.4,-17.9,-0.01,-0.02,-0.03,-4.63,-1.943608655,-2.1,37.1625,-3.604651587,0.86052,-3.045174585,1613.65,-7.2765112,-4.219808,12.6,0,-1.392218119,-2.522682561,0.3,-5.6,132,86.8,68.3,-22.3634,27.1717,19.0813,2.476684679,-0.398708878,-3.3,24.2,-37.3988,-4.839494905,0.86052,1.992215839,-1613.65,10.28846094,-16.829048,-12.955,1.7
2026,Region 1,Second Round,TCU,Duke,9,1,0,-24,-20,-11.29772856,-21.3131,-0.14438604,-9.1,-5.7,-1.9,2.5,-2.91,-2.14,0.907096,-7.11,2.6,1.7,-17.4,-17.5,-0.7,8.1,0.8,-8.9,-8,-6.4,12.7,-6.3,-16.6,-8.7,26.3228,23.2096028,6.6,5,2.7,-0.9,15.2,3.3,10.3,6.2,3.3,5.8,4.5,3.5,2.8,-7.3,-11.2,30.1636,27.9576181,7.4,8.8,1.4,0.5,8.7,3.5,-12,-1.8,0.5,1.3,6.2,1.3,1.4,5,-129.4,-75.3,-64.5,13.9803,-24.9821,-19.5896,1.290705413,0.407991473,2.6,-14.4,0.06,0.07,0.04,-7.11,2.069379781,1.7,32.7389,5.618378339,-1.44924,-2.282513672,1639.64,-8.580472289,-7.2158424,11.415,-1,-0.244722635,0.084154552,7.9,-5,129.4,75.3,64.5,-26.0901,19.5899,9.6759,-0.289185558,-0.15561914,-15.7,-5,-39.0792,-4.976689878,-1.44924,1.753063047,-1639.64,7.03556371,6.516302,-17.72,-3.9
2026,Region 1,Second Round,UCLA,Connecticut,7,2,0,-7.7,-7.1,-5.22533122,-6.2024,-0.04973644,-1.8,-0.8,0.4,1.9,-0.64,-0.42,0.11632,1.44,-0.3,0.1,-27.9,-15,-0.9,-8.3,8.7,-0.3,-3.2,-7.4,3.1,4.4,3.8,1.6,29.6117,29.5329892,8.4,6.2,7.9,4.8,-4.9,4.9,4.6,10.9,-0.3,-3.4,12.3,3.5,7.9,-11.7,-8.8,19.925,21.137883,6.8,4.4,3.4,-3.7,-2.1,1.8,-4.8,1.7,7.1,1.8,2,3.5,3.4,5.8,-131.5,-73.4,-55.8,4.237,-12.4869,-11.5176,-4.303234178,-0.245595879,-6.7,-16.8,0.01,0.01,0.01,1.44,-0.662693916,0.1,36.4801,3.704948686,-0.27422,-2.279099725,1820.04,-5.838114678,11.50766,14.19,1,0.846314737,1.898995576,-2.2,-5.8,131.5,73.4,55.8,-21.6214,21.6575,16.2998,0.823164115,-0.356809539,-6.1,12.6,-37.23,-2.330767228,-0.27422,1.859729431,-1820.04,9.60722986,-27.372034,-14.515,2.9
2026,Region 1,Second Round,Louisville,Michigan St.,6,3,0,-6.6,-5.5,-3.44473187,-2.8858,-0.00701908,-2.3,-0.7,0.1,2.4,-0.35,-0.46,1.08532,2.86,4.2,3.8,-1.2,-24.5,7.1,9.2,-16,6.8,-5.1,-0.9,-1.8,2.7,2.5,3.4,29.3144,29.2410541,10.7,11.7,2.8,1.8,2.9,-0.3,11.1,3.1,1.1,-4.2,5.6,5.6,2.8,-9.2,-8.8,24.4201,23.7727669,6,4.8,3.2,5.1,6.2,-0.5,-13.1,18.7,0.9,-2.2,5.8,4.2,3.2,5.7,-132.4,-80.6,-60.1,23.0613,-24.4904,-12.0164,-3.511416183,0.216318728,13.4,-17.7,0.01,0.02,0,2.86,-1.211901125,3.8,39.3941,4.896566206,-0.261,-1.744547321,2095.33,-6.804233311,25.412264,15.68,0,0.547651595,1.126054143,0.9,-5.7,132.4,80.6,60.1,-20.1594,19.6497,13.2467,2.380193747,-0.240709807,9.2,14,-35.1995,-3.060272425,-0.261,2.333630314,-2095.33,9.375983322,-0.574668,-15.525,0.4
2026,Region 1,Second Round,St. John's,Kansas,5,4,1,1.5,-0.3,0.99573695,1.468,0.0053696,-6.6,-2.5,-2,0.7,-0.48,-0.91,0.49327,4.51,2.8,2,-24.2,-30.6,3.4,11.4,-3.2,-8.2,-7.6,7.3,-5.3,-2,-0.2,4.5,26.1774,26.1479892,8.1,6.9,2.5,3.3,15.7,0.1,7.6,10.2,4.1,-1.5,6.4,2.4,2.5,1.7,-4.8,24.1703,23.4427501,5.9,3.6,3.7,5,1.7,5,-1.2,6.1,6.1,4.3,9.9,-0.9,3.7,-4.4,-135.7,-77.8,-60.6,18.9575,-26.2536,-17.8844,-1.773261912,0.661964372,2.6,-7.6,-0.01,0,-0.02,4.51,1.971298579,2,36.2694,3.446324568,-0.61986,-2.715079167,1739.01,-5.740813284,7.836628,13.39,1,0.192560878,-1.08548088,4.7,4.4,135.7,77.8,60.6,-14.9478,15.0632,10.6569,-1.658068288,0.075043839,1.9,-0.7,-34.1541,-2.773009761,-0.61986,3.017013726,-1739.01,7.127680463,12.50917,-11.445,-6.5
2026,Region 2,Second Round,Utah St.,Arizona,9,1,0,-20.3,-7.5,-9.6727153,-16.8982,-0.08001086,-8.8,-2.3,3.6,0.1,-1.33,-0.91,0.85413,7.17,-3.1,-2.5,-22.1,-32.3,5.3,16.5,-20,3.5,-3.6,-3.7,-10.3,14.1,-9.3,-1.7,32.1119,31.3530242,12.8,15.5,3.7,-0.9,7.4,2.5,8.8,10.9,0.5,-6,12.5,4.7,3.7,-11,-5.8,26.302,24.86331,6.7,6.7,2.1,0.1,8.6,5.9,-5.8,5.8,0.9,8.7,7.7,8.9,2.1,5.5,-132.4,-70.2,-56.4,24.9585,-27.126,-11.2335,-4.072013512,0.455170499,1.8,-8.6,0.03,0.01,0.01,7.17,-1.43308547,-2.5,38.5928,2.905256562,-0.66135,-2.722814888,1991.56,-8.392286461,-3.676281,13.665,1,0.774296811,1.183633279,7.6,-5.5,132.4,70.2,56.4,-17.7825,17.3485,17.3869,-1.759839217,-0.83319426,2.3,5.5,-37.0061,-2.733217951,-0.66135,2.711629275,-1991.56,10.11969894,-9.351838,-16.095,5.2
2026,Region 2,Second Round,Miami FL,Purdue,7,2,0,-13.8,-7.6,-5.33929142,-10.5193,-0.08123685,-0.7,1.3,5,3.7,0.66,-0.76,-0.72834,-2.24,4,3.5,-23.3,-18.2,5.1,18.5,-5.2,-13.4,0.2,5.9,-5.9,0,6.8,6.9,20.921,20.7769543,5.5,4.1,0.5,-3.5,11.6,0.3,10.9,-3.8,3.4,-5,1.1,-0.9,0.5,-20.6,-14.5,30.958,31.351224,6.9,7.3,2.5,4.6,1.4,5.3,-10.7,12.5,-1.3,12.6,12.5,6.6,2.5,15.8,-134.2,-75.4,-74.6,30.1412,-25.3596,-18.6448,-1.978084374,1.084149475,1.6,-4.8,-0.01,0.01,-1.42E-14,-2.24,-1.545235383,3.5,38.2434,5.974024056,-0.45889,-2.462632903,731.68,-10.38184568,4.523156,16.015,-2,0.439307078,0.265532247,0.1,-15.8,134.2,75.4,74.6,-12.5885,12.2476,10.9203,-4.40397976,0.149140608,5.9,21.9,-41.1858,-2.296413415,-0.45889,1.966654154,-731.68,8.883814031,-58.495412,-16.985,6.1
2026,Region 2,Second Round,Texas,Gonzaga,11,3,1,-13.4,-9.5,-7.57436094,-9.0673,-0.09749556,0.9,1.4,-0.4,0.5,0.09,0.87,0.01984,-11.32,-1.8,-1.8,-20.1,-35.7,5.6,10.9,-3.3,-7.5,-0.2,-1.3,-0.9,2.3,2.2,2.5,31.0805,29.989871,9,9.1,4.1,4,14.2,4.3,9.1,-9.8,1.4,9.2,5.8,7.9,4.1,-15.6,-11.9,16.053,14.565794,6.1,8.9,-2,-4.1,-7,0.2,-9,10.9,0.9,0.6,8.1,10,-2,7.3,-136.1,-80.7,-49.2,21.0946,-25.3121,-17.6066,1.508992714,0.617923011,-1.3,-15.1,0.02,-0.01,-0.02,-11.32,1.841621262,-1.8,35.3564,7.603261949,0.58977,-2.861720278,2253.97,-8.162210159,6.402678,14.835,1,0.217967031,-0.61607834,0.3,-7.3,136.1,80.7,49.2,-17.4534,14.781,10.772,0.558780098,-0.153987793,6.3,3.7,-41.4466,-2.364318325,0.58977,2.743268285,-2253.97,11.97168511,-42.417052,-18.35,3.7
2026,Region 2,Second Round,High Point,Arkansas,12,4,0,-15,-12.5,-8.96983803,-17.64842,-0.2261762,-5.1,-4.1,7,6.8,-2.19,-1.84,0.64234,8.5,-1.5,-1.1,-18.9,-25.2,-2.4,4.9,-9.6,4.7,-8,-1.4,-6.6,8,3.3,2.9,15.443,14.943581,4.2,3.4,2.7,2.2,10.7,3.3,3.5,2.9,4.3,-4.6,0.9,-2.5,2.7,-18,-15.2,19.014,19.553193,5.5,4,7,4.2,-0.1,8,-0.7,1.1,2.5,7.6,9.5,-2.4,7,12.7,-135.9,-75.8,-59,17.7733,-20.2709,-11.333,-2.054174613,-0.084258208,15.8,1.9,-0.04,-0.03,-0.03,8.5,-0.047792768,-1.1,38.0689,2.662716386,-1.31482,-3.256172989,1771.11,-7.109231033,13.467599,15,-1,0.161746863,1.592989755,-0.4,-12.7,135.9,75.8,59,-24.1788,17.72,15.2008,-2.901773974,-0.563747311,-9,-7,-39.94,-3.135607409,-1.31482,2.898726543,-1771.11,8.006451933,-26.557132,-16.045,2.8
2026,Region 3,Second Round,Saint Louis,Michigan,9,1,0,-25.1,-19.1,-12.12545647,-19.271,-0.10829489,-7.4,-4,3.3,4.3,-1.12,-2.6,0.17928,1.47,0.6,-0.2,-13.1,-16.6,1.1,18.7,-22,3.3,-11.1,-5.7,5.9,-0.2,-10.1,-5.3,30.4407,29.5170397,16.4,14.6,10.3,-0.7,7.9,0.2,5.1,13.5,0.1,3.8,8.2,1.8,10.3,-15.2,-14.1,25.472,26.004716,13.1,16.4,6,1.5,5.3,-0.8,-9.3,9.1,5.2,2.2,19.5,3.1,6,6.1,-134.2,-79,-61.8,21.2045,-27.5233,-10.9109,-0.928487575,0.381250952,12.4,-14.2,1.42E-14,-0.01,-0.01,1.47,1.004532667,-0.2,40.0638,3.081214246,-1.87672,-2.495694081,2099.34,-5.591373071,-18.788457,12.815,0,0.675690414,-0.049585364,4.8,-6.1,134.2,79,61.8,-23.4563,21.1163,14.072,0.52907295,-0.397131302,-14.1,0.2,-39.9638,-3.290929853,-1.87672,2.18592848,-2099.34,9.223515879,-30.080568,-16.785,1.1
2026,Region 3,Second Round,Kentucky,Iowa St.,7,2,0,-15.3,-13.2,-4.09824557,-10.9398,-0.07771777,-7.3,-4.8,3.2,3.9,0.73,0.47,-1.07074,5.82,1.6,1.4,-18,-21.7,4.9,8.3,-4.7,-3.6,-0.5,-4,3.2,0.7,-5.5,-3.7,29.1129,26.4437095,5,3.9,2,1.3,8.7,7.1,6.7,2.5,2.7,2.1,0.3,1.9,2,-9.8,-9.5,24.7936,24.1577406,9.8,5.9,7.1,-5.8,1.6,1.8,-8.2,3.2,-0.1,-0.2,8.4,-1.1,7.1,7.4,-129.7,-76.7,-62.1,25.3373,-24.5022,-15.694,-0.103239408,0.419761336,-0.7,-9.4,-0.02,-0.01,0.01,5.82,-0.285933812,1.4,33.999,3.798851797,0.33985,-2.32713317,1406.74,-10.37568654,-29.714014,12.97,-3,0.533741752,-1.324455119,1.8,-7.4,129.7,76.7,62.1,-18.9007,19.0098,12.0024,1.310534497,-0.13570656,0,9.1,-39.5716,-5.915544629,0.33985,2.116122508,-1406.74,7.327029109,-37.51074,-16.08,0.3
2026,Region 3,Second Round,Tennessee,Virginia,6,3,1,4,4.5,-3.64326812,-0.6849,-0.00012727,-1.7,0.7,-5.8,-4.4,0.23,0.07,-0.40245,0.17,0.8,-0.3,-30.8,-9.1,4.8,9,-3.3,-5.8,-2.8,-4.7,6.8,-2.1,3,3.4,25.2486,25.2942162,7.6,7.5,2.5,-6.4,5.2,-1.6,14.9,9.5,1.7,1.3,9,1,2.5,1,1.2,27.4863,27.2604145,8,6,5.3,2.3,-1.3,1.9,-12,13.7,8.1,-2,3.9,4.5,5.3,-2.4,-132.3,-64.7,-60.3,18.7434,-24.053,-15.3247,0.021390814,0.632908519,-2.7,-5.2,0.05,0.06,0.03,0.17,-1.431345407,-0.3,33.7276,5.204220537,0.04097,-2.418769411,1536.44,-5.040696434,0.285525,13.72,-1,-0.226183118,-3.438841815,0.4,2.4,132.3,64.7,60.3,-15.9302,21.2781,14.1201,3.185689825,-0.122331871,-8.8,15.9,-36.4195,-5.867075757,0.04097,2.344024178,-1536.44,7.823407718,-3.70127,-14.73,0.2
2026,Region 3,Second Round,Texas Tech,Alabama,5,4,0,-3,-2.4,-1.4949971,-0.4953,0.00259019,4.6,3.9,-1.2,1.8,-1.1,-2.02,0.06967,-14.37,-6.6,-6.6,-16.9,-11.3,-1.4,-12.3,-0.7,12.9,-3.7,-3.4,22,-18.7,6.3,5.9,21.766,23.296641,9.1,5,5.8,1.8,-2,-2,5.3,8.8,-2.6,-7,7.1,6.1,5.8,-9.2,-8.2,29.1781,31.0337088,8.4,6.7,4.3,7.1,5,2.2,-4.5,12,4,-1.6,-1.9,6.1,4.3,9.5,-141.2,-77.8,-71.6,4.3827,-9.6192,-4.4775,-5.798655949,-0.634538799,-3.3,-22.5,0.04,0.08,0.07,-14.37,1.74974967,-6.6,40.9022,4.638144834,-1.4486,-3.289500535,702.49,-7.675592721,13.757528,14.58,1,0.821438285,1.176653215,-0.4,-9.5,141.2,77.8,71.6,-17.7193,20.0889,4.7504,3.438517484,0.243858084,-5,17.3,-40.622,-3.260689737,-1.4486,3.081654871,-702.49,9.628313984,-17.811707,-15.74,1
2026,Region 4,Second Round,Iowa,Florida,9,1,1,-12.6,-6.3,-6.58291086,-11.3487,-0.05568157,-6.8,-2.2,0.9,1.4,-0.41,-2.04,-0.48786,7.61,-9.1,-7.4,-24.7,-23.8,3.6,1,-8.9,7.9,-7.5,-7.8,5.9,2,-5.4,0.5,29.9996,29.7227903,11.9,13.5,3.3,4.3,4.3,1,7.7,13.5,-0.5,6.7,14.1,7.3,3.3,-7,-6.7,26.2376,26.0057784,2.4,3.9,-2.9,-2.1,-1.1,5.2,-14.8,3,4.1,5.2,-2.1,7.4,-2.9,7.3,-128.6,-76.3,-50.2,15.9005,-17.9094,-7.93,1.309766927,-0.141302471,2.9,-6,-0.01,-0.07,-0.03,7.61,-3.500690709,-7.4,38.3777,3.018937472,-1.48542,-2.539294629,2217.07,-7.410203935,-17.718438,14.275,1,0.493295302,2.374808019,5.9,-7.3,128.6,76.3,50.2,-29.2956,22.3396,14.4965,-1.167706944,-0.475254607,-9.7,-6.5,-34.4932,-3.951341272,-1.48542,2.472568808,-2217.07,13.55090545,-19.204596,-17.765,0.3
2026,Region 4,Second Round,Texas A&M,Houston,10,2,0,-15.3,-10.3,-7.40090462,-14.7586,-0.0967917,-9.6,-4.7,4.7,3.6,-0.64,-0.12,0.80301,12.81,7.7,7.7,-12.8,-17.7,-0.3,8.7,-14.1,5.4,0.7,11.8,-12.5,0.7,-4.5,-1.9,28.2528,27.6310056,8.1,8.6,4.1,3.9,-3.5,6.2,2.6,7.8,2.5,-6.6,1.6,7.7,4.1,-10.9,-8.4,23.842,23.621698,3,-1.2,3.2,2.4,-4.5,5.7,-4.9,-3.4,1,8.2,6.2,1.5,3.2,2.7,-130.3,-73.5,-61,15.4714,-24.3206,-11.0105,-5.843825936,0.067362595,11.5,-11.6,0.06,0.04,0.05,12.81,1.100584276,7.7,33.8903,1.026685509,-0.05483,-2.712174086,1440.6,-7.386837172,4.343571,12.565,0,0.591024352,2.537081719,2.6,-2.7,130.3,73.5,61,-9.9253,13.5679,14.1053,-2.804029831,0.287266039,6.1,20.1,-36.2423,-5.790522918,-0.05483,2.143574944,-1440.6,9.809157485,-11.711576,-13.44,2.5
2026,Region 4,Second Round,VCU,Illinois,11,3,0,-20.5,-12.7,-4.84800355,-14.8947,-0.13206676,-6.3,-3.8,8,7,-2.14,-2.07,-0.0141,4.59,3.2,2.9,-14,-14.6,3.6,11.4,-13,1.6,-2.9,12.1,4,-16,-2.2,-0.5,20.7964,20.8824461,8.4,5.3,5.3,0.5,21.8,-2.2,6.5,1.3,2.8,-2.4,-2.2,6.1,5.3,-18.2,-12.2,28.51,28.047458,6.8,9.8,1.6,7.7,1.8,3.7,-9.3,0.9,3.7,-5.1,14.6,1.3,1.6,5.2,-142.5,-72.2,-68.4,19.2234,-24.5781,-12.8746,-4.042976003,0.312595012,4,-16,0.02,0.03,0.02,4.59,-0.268595614,2.9,40.0656,6.185155098,-1.35662,-2.96326761,1874.76,-7.137290311,-3.727256,14.61,-1,0.312728333,1.916091738,1.7,-5.2,142.5,72.2,68.4,-7.7722,12.0184,5.6214,1.933496191,0.635253397,-12.8,9.4,-39.2876,-4.052290815,-1.35662,2.843548057,-1874.76,7.923530106,-29.828986,-15.995,6
2026,Region 4,Second Round,Vanderbilt,Nebraska,5,4,0,7.7,5.7,-0.15653788,1.3474,0.01628892,-1.3,0.4,-2.2,-1.4,-0.59,-1.25,0.09044,4.63,3.5,2.1,-7.1,-11.4,2.6,11.2,-5.5,-5.7,4.8,4.3,8.6,-12.8,6.2,4.5,34.4185,33.5272433,9.3,6.2,5.6,6.7,11.9,6.6,4.5,-4.3,3.3,0.2,0.6,4,5.6,1.3,1,19.2445,19.2401747,7.7,9,3.1,-0.2,-10.6,4.4,1.7,19,1.6,10.3,12,-1.3,3.1,5.6,-132,-86.8,-68.3,22.3634,-27.1717,-19.0813,-2.476684679,0.398708878,3.3,-24.2,0.01,0.02,0.03,4.63,1.943608655,2.1,37.3988,4.839494905,-0.86052,-1.992215839,1613.65,-10.28846094,16.829048,12.955,0,1.392218119,2.522682561,-1.7,-5.6,132,86.8,68.3,-8.9887,18.0128,7.7991,-5.176297779,0.483227577,-8.4,17.9,-37.1625,3.604651587,-0.86052,3.045174585,-1613.65,7.2765112,4.219808,-12.6,-0.3